[1,["a4daa2EpxPiYomX2KOdGZm@6c48a"],["_textureSource"],["cc.SpriteFrame"],0,[{"name":"img_dinosaur_6","rect":{"x":69,"y":127,"width":312,"height":197},"offset":{"x":0,"y":-0.5},"originalSize":{"width":450,"height":450},"rotated":false,"capInsets":[0,0,0,0],"vertices":{"rawPosition":[-156,-98.5,0,156,-98.5,0,-156,98.5,0,156,98.5,0],"indexes":[0,1,2,2,1,3],"uv":[69,323,381,323,69,126,381,126],"nuv":[0.15333333333333332,0.28,0.8466666666666667,0.28,0.15333333333333332,0.7177777777777777,0.8466666666666667,0.7177777777777777],"minPos":{"x":-156,"y":-98.5,"z":0},"maxPos":{"x":156,"y":98.5,"z":0}},"packable":true,"pixelsToUnit":100,"pivot":{"x":0.5,"y":0.5},"meshType":0}],[0],0,[0],[0],[0]]
