[1,["14gBjOwLFLd5ECUwyh3IvH@6c48a"],["_textureSource"],["cc.SpriteFrame"],0,[{"name":"icons","rect":{"x":3,"y":3,"width":1917,"height":860},"offset":{"x":1.5,"y":15},"originalSize":{"width":1920,"height":896},"rotated":false,"capInsets":[0,0,0,0],"vertices":{"rawPosition":[-958.5,-430,0,958.5,-430,0,-958.5,430,0,958.5,430,0],"indexes":[0,1,2,2,1,3],"uv":[3,893,1920,893,3,33,1920,33],"nuv":[0.0015625,0.036830357142857144,1,0.036830357142857144,0.0015625,0.9966517857142857,1,0.9966517857142857],"minPos":{"x":-958.5,"y":-430,"z":0},"maxPos":{"x":958.5,"y":430,"z":0}},"packable":true,"pixelsToUnit":100,"pivot":{"x":0.5,"y":0.5},"meshType":0}],[0],0,[0],[0],[0]]
