[1,["b1ADgOEBBNArDnPFk+ivBl@6c48a"],["_textureSource"],["cc.SpriteFrame"],0,[{"name":"img_dinosaur_3","rect":{"x":65,"y":108,"width":321,"height":235},"offset":{"x":0.5,"y":-0.5},"originalSize":{"width":450,"height":450},"rotated":false,"capInsets":[0,0,0,0],"vertices":{"rawPosition":[-160.5,-117.5,0,160.5,-117.5,0,-160.5,117.5,0,160.5,117.5,0],"indexes":[0,1,2,2,1,3],"uv":[65,342,386,342,65,107,386,107],"nuv":[0.14444444444444443,0.23777777777777778,0.8577777777777778,0.23777777777777778,0.14444444444444443,0.76,0.8577777777777778,0.76],"minPos":{"x":-160.5,"y":-117.5,"z":0},"maxPos":{"x":160.5,"y":117.5,"z":0}},"packable":true,"pixelsToUnit":100,"pivot":{"x":0.5,"y":0.5},"meshType":0}],[0],0,[0],[0],[0]]
