[1,0,0,[["cc.JsonAsset",["_name","json"],1]],[[0,0,1,3]],[[0,"TableDinoDiskConfig",[{"level":1,"name":"1级名称","money":100,"allowCaptureBoss":false,"dinolist":[{"level":10001,"num":1},{"level":9001,"num":3},{"level":1,"num":20},{"level":2,"num":8},{"level":3,"num":6},{"level":4,"num":4},{"level":5,"num":3},{"level":6,"num":0}]},{"level":2,"name":"2级名称","money":300,"allowCaptureBoss":true,"dinolist":[{"level":10001,"num":1},{"level":9001,"num":3},{"level":1,"num":15},{"level":2,"num":15},{"level":3,"num":5},{"level":4,"num":4},{"level":5,"num":3},{"level":6,"num":2}]},{"level":3,"name":"3级名称","money":1000,"allowCaptureBoss":true,"dinolist":[{"level":10001,"num":1},{"level":9001,"num":3},{"level":1,"num":8},{"level":2,"num":10},{"level":3,"num":15},{"level":4,"num":7},{"level":5,"num":4},{"level":6,"num":3}]},{"level":4,"name":"4级名称","money":3000,"allowCaptureBoss":true,"dinolist":[{"level":10001,"num":1},{"level":9001,"num":3},{"level":1,"num":8},{"level":2,"num":8},{"level":3,"num":10},{"level":4,"num":15},{"level":5,"num":6},{"level":6,"num":4}]},{"level":5,"name":"5级名称","money":6500,"allowCaptureBoss":true,"dinolist":[{"level":10001,"num":1},{"level":9001,"num":3},{"level":1,"num":10},{"level":2,"num":8},{"level":3,"num":10},{"level":4,"num":10},{"level":5,"num":8},{"level":6,"num":7}]},{"level":6,"name":"6级名称","money":9000,"allowCaptureBoss":true,"dinolist":[{"level":10001,"num":1},{"level":9001,"num":3},{"level":1,"num":10},{"level":2,"num":8},{"level":3,"num":9},{"level":4,"num":10},{"level":5,"num":9},{"level":6,"num":8}]},{"level":7,"name":"7级名称","money":1500,"allowCaptureBoss":true,"dinolist":[{"level":10002,"num":1},{"level":9001,"num":3},{"level":7,"num":20},{"level":8,"num":8},{"level":9,"num":6},{"level":10,"num":4},{"level":11,"num":3},{"level":12,"num":0}]},{"level":8,"name":"8级名称","money":6000,"allowCaptureBoss":true,"dinolist":[{"level":10002,"num":1},{"level":9001,"num":3},{"level":7,"num":15},{"level":8,"num":15},{"level":9,"num":5},{"level":10,"num":4},{"level":11,"num":3},{"level":12,"num":2}]},{"level":9,"name":"9级名称","money":25000,"allowCaptureBoss":true,"dinolist":[{"level":10002,"num":2},{"level":9001,"num":3},{"level":7,"num":8},{"level":8,"num":10},{"level":9,"num":15},{"level":10,"num":7},{"level":11,"num":4},{"level":12,"num":3}]},{"level":10,"name":"10级名称","money":35000,"allowCaptureBoss":true,"dinolist":[{"level":10002,"num":1},{"level":9001,"num":3},{"level":7,"num":8},{"level":8,"num":8},{"level":9,"num":10},{"level":10,"num":15},{"level":11,"num":6},{"level":12,"num":4}]},{"level":11,"name":"11级名称","money":45000,"allowCaptureBoss":true,"dinolist":[{"level":10002,"num":2},{"level":9001,"num":3},{"level":7,"num":10},{"level":8,"num":8},{"level":9,"num":10},{"level":10,"num":10},{"level":11,"num":8},{"level":12,"num":7}]},{"level":12,"name":"12级名称","money":60000,"allowCaptureBoss":true,"dinolist":[{"level":10002,"num":1},{"level":9001,"num":3},{"level":7,"num":10},{"level":8,"num":8},{"level":9,"num":9},{"level":10,"num":10},{"level":11,"num":9},{"level":12,"num":8}]},{"level":13,"name":"13级名称","money":5000,"allowCaptureBoss":true,"dinolist":[{"level":10003,"num":1},{"level":9001,"num":3},{"level":13,"num":20},{"level":14,"num":8},{"level":15,"num":6},{"level":16,"num":4},{"level":17,"num":3},{"level":18,"num":0}]},{"level":14,"name":"14级名称","money":30000,"allowCaptureBoss":true,"dinolist":[{"level":10003,"num":1},{"level":9001,"num":3},{"level":13,"num":15},{"level":14,"num":15},{"level":15,"num":5},{"level":16,"num":4},{"level":17,"num":3},{"level":18,"num":2}]},{"level":15,"name":"15级名称","money":45000,"allowCaptureBoss":true,"dinolist":[{"level":10003,"num":1},{"level":9001,"num":3},{"level":13,"num":8},{"level":14,"num":10},{"level":15,"num":15},{"level":16,"num":7},{"level":17,"num":4},{"level":18,"num":3}]},{"level":16,"name":"16级名称","money":60000,"allowCaptureBoss":true,"dinolist":[{"level":10003,"num":2},{"level":9001,"num":3},{"level":13,"num":8},{"level":14,"num":8},{"level":15,"num":10},{"level":16,"num":15},{"level":17,"num":6},{"level":18,"num":4}]},{"level":17,"name":"17级名称","money":75000,"allowCaptureBoss":true,"dinolist":[{"level":10003,"num":2},{"level":9001,"num":3},{"level":13,"num":10},{"level":14,"num":8},{"level":15,"num":10},{"level":16,"num":10},{"level":17,"num":8},{"level":18,"num":7}]},{"level":18,"name":"18级名称","money":120000,"allowCaptureBoss":true,"dinolist":[{"level":10003,"num":1},{"level":9001,"num":3},{"level":13,"num":10},{"level":14,"num":8},{"level":15,"num":9},{"level":16,"num":10},{"level":17,"num":9},{"level":18,"num":8}]}]]],0,0,[],[],[]]
