[1,0,0,[["cc.JsonAsset",["_name","json"],1]],[[0,0,1,3]],[[0,"TableHunterConfig",[{"level":1,"bagSize":1,"needMoney":0},{"level":2,"bagSize":2,"needMoney":5000},{"level":3,"bagSize":3,"needMoney":10000},{"level":4,"bagSize":4,"needMoney":15000},{"level":5,"bagSize":5,"needMoney":20000},{"level":6,"bagSize":6,"needMoney":25000},{"level":7,"bagSize":7,"needMoney":30000},{"level":8,"bagSize":8,"needMoney":35000},{"level":9,"bagSize":9,"needMoney":40000},{"level":10,"bagSize":10,"needMoney":45000},{"level":11,"bagSize":11,"needMoney":50000},{"level":12,"bagSize":12,"needMoney":55000},{"level":13,"bagSize":13,"needMoney":60000},{"level":14,"bagSize":14,"needMoney":65000},{"level":15,"bagSize":15,"needMoney":70000},{"level":16,"bagSize":16,"needMoney":75000},{"level":17,"bagSize":17,"needMoney":80000},{"level":18,"bagSize":18,"needMoney":85000},{"level":19,"bagSize":19,"needMoney":90000},{"level":20,"bagSize":20,"needMoney":95000},{"level":21,"bagSize":21,"needMoney":100000},{"level":22,"bagSize":22,"needMoney":105000},{"level":23,"bagSize":23,"needMoney":110000},{"level":24,"bagSize":24,"needMoney":115000},{"level":25,"bagSize":25,"needMoney":120000},{"level":26,"bagSize":26,"needMoney":125000},{"level":27,"bagSize":27,"needMoney":130000},{"level":28,"bagSize":28,"needMoney":135000},{"level":29,"bagSize":29,"needMoney":140000},{"level":99,"bagSize":346,"needMoney":1595},{"level":100,"bagSize":347,"needMoney":1596}]]],0,0,[],[],[]]
