[1,["6883SKQK9OerYi7tYIIgoG@7d2a0","6883SKQK9OerYi7tYIIgoG@2f5dc","6883SKQK9OerYi7tYIIgoG@7b1e1","54Jpyu201BIINyxKW5LB/G@6c48a","7dj5uJT9FMn6OrOOx83tfK@f9941","6883SKQK9OerYi7tYIIgoG@6f2e9","6883SKQK9OerYi7tYIIgoG@790fe","6883SKQK9OerYi7tYIIgoG@a6a1d","6883SKQK9OerYi7tYIIgoG@223e0","54Jpyu201BIINyxKW5LB/G@f9941","6883SKQK9OerYi7tYIIgoG@0c221","6883SKQK9OerYi7tYIIgoG@4837d","6883SKQK9OerYi7tYIIgoG@d6c4c","20g1ukYUVPvKWKBRznAKo+@f9941","54TknWPwVPqJqeCR+Y/Czo@f9941","95EkngnxZFbYuFpsqVTaFr@f9941","edWFbS7exCzYI0QS6WxCDz"],["node","_spriteFrame","_target","_normalSprite","_textureSource","root","videoIcon","moneyLabel","spriteSplash","data","_hoverSprite","_pressedSprite","_disabledSprite","_font"],[["cc.Node",["_name","_layer","_objFlags","_active","_components","_prefab","_parent","_lpos","_children","_lscale"],-1,9,4,1,5,2,5],["cc.Sprite",["_sizeMode","_type","node","__prefab","_spriteFrame","_color"],1,1,4,6,5],["cc.Widget",["_alignFlags","_verticalCenter","_originalWidth","_originalHeight","_horizontalCenter","node","__prefab"],-2,1,4],["cc.Button",["_transition","node","__prefab","clickEvents","_normalColor","_target","_normalSprite","_hoverSprite","_pressedSprite","_disabledSprite"],2,1,4,9,5,1,6,6,6,6],"cc.SpriteFrame",["cc.Prefab",["_name"],2],["cc.Node",["_name","_layer","_parent","_components","_prefab","_lpos","_lscale"],1,1,12,4,5,5],["cc.UITransform",["node","__prefab","_contentSize"],3,1,4,5],["cc.CompPrefabInfo",["fileId"],2],["c0f8e5WK+9GQ4qnj9QlPvwB",["node","__prefab","spriteSplash","moneyLabel","videoIcon"],3,1,4,1,1,1],["cc.PrefabInfo",["fileId","instance","targetOverrides","nestedPrefabInstanceRoots","root","asset"],-1,1,1],["cc.BlockInputEvents",["node","__prefab"],3,1,4],["cc.ClickEvent",["_componentId","handler","target"],1,1],["cc.Label",["_string","_actualFontSize","_fontSize","_enableWrapText","_isSystemFontUsed","node","__prefab"],-2,1,4]],[[8,0,2],[7,0,1,2,1],[10,0,1,2,3,4,5,5],[0,0,1,6,4,5,7,3],[1,2,3,4,1],[0,0,1,6,8,4,5,7,3],[2,0,4,1,5,6,4],[1,1,0,2,3,4,3],[1,0,2,3,4,2],[12,0,1,2,3],[2,0,2,3,5,6,4],[3,0,1,2,3,4,5,6,2],[5,0,2],[0,0,1,8,4,5,3],[0,0,2,1,6,4,5,4],[0,0,3,1,6,4,5,7,4],[0,0,1,6,4,5,7,9,3],[0,0,1,6,4,5,3],[6,0,1,2,3,4,5,6,3],[2,0,1,5,6,3],[9,0,1,2,3,4,1],[1,1,0,2,3,5,4,3],[1,0,2,3,5,4,2],[11,0,1,1],[3,0,1,2,3,4,5,6,7,8,9,2],[13,0,1,2,3,4,5,6,6]],[[[{"name":"frame_pop_1","rect":{"x":0,"y":0,"width":586,"height":587},"offset":{"x":0,"y":0},"originalSize":{"width":586,"height":587},"rotated":false,"capInsets":[0,0,0,0],"vertices":{"rawPosition":[-293,-293.5,0,293,-293.5,0,-293,293.5,0,293,293.5,0],"indexes":[0,1,2,2,1,3],"uv":[0,587,586,587,0,0,586,0],"nuv":[0,0,1,0,0,1,1,1],"minPos":{"x":-293,"y":-293.5,"z":0},"maxPos":{"x":293,"y":293.5,"z":0}},"packable":true,"pixelsToUnit":100,"pivot":{"x":0.5,"y":0.5},"meshType":0}],[4],0,[0],[4],[3]],[[[12,"GetMoneyView"],[13,"GetMoneyView",33554432,[-8,-9,-10,-11,-12],[[1,-2,[0,"9bAdLZU11BR4tOwv9gFnb0"],[5,720,1280]],[10,45,720,1280,-3,[0,"1ayjfQrUVFHb+NrMVLsfnP"]],[20,-7,[0,"e0TkW3eSpGh4tvX5s9HLl1"],-6,-5,-4]],[2,"ee4/t4mxhKl5CkrcdihHky",null,null,null,-1,0]],[5,"SpriteBG",33554432,1,[-17,-18,-19,-20,-21],[[1,-13,[0,"76Z8lPfxxHObnQPysBhLsA"],[5,586,625]],[7,1,0,-14,[0,"7cfPVE7udAOrwJCjVo03W+"],5],[19,18,120,-15,[0,"afikIlZl1GKaKBOHs20kMS"]],[23,-16,[0,"bfQjVlRWpMOLpuz5lBRvxJ"]]],[2,"fea8Iv0B1JfaboPxLZXwdA",null,null,null,1,0],[1,0,120,0]],[5,"useBtn",33554432,1,[-27,-28],[[1,-22,[0,"29gemYlMNOSajGEbZ96xT0"],[5,299,120]],[7,1,0,-23,[0,"9bbj2K+31GnL+1FiWp4RfA"],10],[11,3,-25,[0,"64I5RKjUxDm4YIgLy0xWfb"],[[9,"c0f8e5WK+9GQ4qnj9QlPvwB","onGetEvent",1]],[4,4292269782],-24,11],[6,18,165,-300,-26,[0,"664IprfHBLG51pSAXG42aW"]]],[2,"0eL8Kjeu5L0oNxh92/Ezif",null,null,null,1,0],[1,165,-300,0]],[5,"closeBtn-001",33554432,1,[-34],[[1,-29,[0,"39zl1lZt9AJpT7P0KKEEBp"],[5,299,120]],[7,1,0,-30,[0,"caghnd2tFECKIPMi5omkzW"],13],[24,3,-32,[0,"ebHprGDL9JdrakwiWjd7rk"],[[9,"c0f8e5WK+9GQ4qnj9QlPvwB","onCloseEvent",1]],[4,4292269782],-31,14,15,16,17],[6,18,-165,-300,-33,[0,"d6AACOjnhPn5GxTSkut5ZO"]]],[2,"30UeXiLQ9PyppjZBNsIpaQ",null,null,null,1,0],[1,-165,-300,0]],[3,"closeBtn",33554432,1,[[1,-35,[0,"c7krwJ9+NCQaucKR8rgpFd"],[5,44,44]],[21,1,0,-36,[0,"24KGIzrAZAw667D3VqyEMp"],[4,4292269782],6],[11,3,-38,[0,"f2xKEgnPpNmLT1gn7NmAcS"],[[9,"c0f8e5WK+9GQ4qnj9QlPvwB","onCloseEvent",1]],[4,4292269782],-37,7],[6,18,300,478,-39,[0,"6bIO/DElRNz40MDzS9X+Ce"]]],[2,"02MxA34oVP77AUC3sFJZyc",null,null,null,1,0],[1,300,478,0]],[14,"SpriteSplash",512,33554432,1,[[1,-40,[0,"7e4I4ZLzRHz7Rvuje8gxzV"],[5,720,1280]],[22,0,-41,[0,"fawW6d5UNB8JcVkpaPMCNj"],[4,2516582400],0],[10,45,720,1280,-42,[0,"a1vnJUDalPwa23QSJxnjc7"]]],[2,"59zS7iGz9IzY8z8UITd0Rm",null,null,null,1,0]],[3,"Sprite-001",33554432,3,[[1,-43,[0,"54GGfnNt5BX5paBbXjHamh"],[5,54,46]],[8,0,-44,[0,"d3jqANfjNPV75B6WvDGr5B"],9]],[2,"84rXhL70VBx4v9UgBmHcdA",null,null,null,1,0],[1,-56.434,5.485,0]],[3,"Sprite",33554432,2,[[1,-45,[0,"e0EeGpfZxIX5Dz6kwnQhlD"],[5,479,122]],[4,-46,[0,"dd86M16TNBFYldgF5nQEXj"],1]],[2,"02C4/r1GVPcpGyBq639ppP",null,null,null,1,0],[1,0,324.022,0]],[3,"Sprite-001",33554432,2,[[1,-47,[0,"35cQp8ycBPdZS2v+6VKOzj"],[5,326,281]],[4,-48,[0,"d29cdroPNIxZQZoPWG92Eq"],2]],[2,"efq9nFOpVMf4ke1yVZMPXf",null,null,null,1,0],[1,-1.086,71.316,0]],[15,"Sprite-003",false,33554432,2,[[1,-49,[0,"bduXhaR+FPBJ1i3spm6WVt"],[5,241,99]],[8,0,-50,[0,"80+ixI4YpIoq30JxqWd2TM"],3]],[2,"4b0+DSPI1GGqayvYl6++Wc",null,null,null,1,0],[1,0,-206.872,0]],[18,"MoneyLabel",33554432,2,[[[1,-51,[0,"10kCkRyltKe5UQU5ngfVB/"],[5,65.19,40]],-52],4,1],[2,"603jtwAMhGzah0SmVIZ1cj",null,null,null,1,0],[1,34.283,-196.277,0],[1,4,4,4]],[16,"SpriteX",33554432,2,[[1,-53,[0,"59N467QMpNb7BIuu18pKRX"],[5,41,42]],[8,0,-54,[0,"77t8psKUxIBZmXdSfOCeOM"],4]],[2,"a9DaoDdA5LzYXvZvGi2R36",null,null,null,1,0],[1,-158.318,-206.209,0],[1,1.5,1.5,1]],[3,"Sprite",33554432,3,[[1,-55,[0,"0f0bcD/8tI1ZVg3QZ9I/Hg"],[5,92,42]],[4,-56,[0,"cfPDsMKbRL5obwRx1ix9TG"],8]],[2,"26vP8j/rpG877dSx7A1Md2",null,null,null,1,0],[1,28.218,1.371,0]],[17,"Sprite",33554432,4,[[1,-57,[0,"73sRcQ+iZKDLKhb0z8M7/Q"],[5,189,41]],[4,-58,[0,"e9o04JEaFAeJi9MQlW/PqP"],12]],[2,"8a1ll8wFlADInKe4LD+1CA",null,null,null,1,0]],[25,"1200",20,20,false,false,11,[0,"33XykELLlMGKmu8ajGnVUd"]]],0,[0,5,1,0,0,1,0,0,1,0,6,7,0,7,15,0,8,6,0,0,1,0,-1,6,0,-2,2,0,-3,5,0,-4,3,0,-5,4,0,0,2,0,0,2,0,0,2,0,0,2,0,-1,8,0,-2,9,0,-3,10,0,-4,11,0,-5,12,0,0,3,0,0,3,0,2,3,0,0,3,0,0,3,0,-1,13,0,-2,7,0,0,4,0,0,4,0,2,4,0,0,4,0,0,4,0,-1,14,0,0,5,0,0,5,0,2,5,0,0,5,0,0,5,0,0,6,0,0,6,0,0,6,0,0,7,0,0,7,0,0,8,0,0,8,0,0,9,0,0,9,0,0,10,0,0,10,0,0,11,0,-2,15,0,0,12,0,0,12,0,0,13,0,0,13,0,0,14,0,0,14,0,9,1,58],[0,0,0,0,0,0,0,0,0,0,0,0,0,0,0,0,0,0,15],[1,1,1,1,1,1,1,3,1,1,1,3,1,1,3,10,11,12,13],[4,5,6,7,8,9,0,0,10,11,1,1,12,2,2,13,14,15,16]]]]
