[1,["6883SKQK9OerYi7tYIIgoG@7b1e1","b39A5gxyFHq5vQazXFLas/@6c48a","7dj5uJT9FMn6OrOOx83tfK@f9941","6883SKQK9OerYi7tYIIgoG@2798f","6883SKQK9OerYi7tYIIgoG@bc6f2","6883SKQK9OerYi7tYIIgoG@c117c","6883SKQK9OerYi7tYIIgoG@8c9c6","b39A5gxyFHq5vQazXFLas/@f9941","20g1ukYUVPvKWKBRznAKo+@f9941","54TknWPwVPqJqeCR+Y/Czo@f9941","95EkngnxZFbYuFpsqVTaFr@f9941","4a9CWSThxLapaz1kv8neEf@79554"],["node","_spriteFrame","_textureSource","root","nameLabel","iconSprite","_target","data","_normalSprite","_hoverSprite","_pressedSprite","_disabledSprite"],[["cc.Sprite",["_sizeMode","_type","node","__prefab","_spriteFrame","_color"],1,1,4,6,5],["cc.Node",["_name","_layer","_components","_prefab","_parent","_children","_lpos"],1,9,4,1,2,5],["cc.Node",["_name","_layer","_parent","_components","_prefab","_lpos","_lscale"],1,1,12,4,5,5],["cc.Widget",["_alignFlags","_originalWidth","_originalHeight","_verticalCenter","node","__prefab"],-1,1,4],"cc.SpriteFrame",["cc.Prefab",["_name"],2],["cc.UITransform",["node","__prefab","_contentSize"],3,1,4,5],["cc.CompPrefabInfo",["fileId"],2],["d4af6IP3YZMkoslIGhkoiEY",["node","__prefab","iconSprite","nameLabel"],3,1,4,1,1],["cc.PrefabInfo",["fileId","instance","targetOverrides","nestedPrefabInstanceRoots","root","asset"],-1,1,1],["cc.BlockInputEvents",["node","__prefab"],3,1,4],["cc.Button",["_transition","node","__prefab","clickEvents","_normalColor","_target","_normalSprite","_hoverSprite","_pressedSprite","_disabledSprite"],2,1,4,9,5,1,6,6,6,6],["cc.ClickEvent",["_componentId","handler","target"],1,1],["cc.Label",["_string","_actualFontSize","_fontSize","_isBold","node","__prefab"],-1,1,4]],[[7,0,2],[6,0,1,2,1],[9,0,1,2,3,4,5,5],[1,0,1,4,5,2,3,6,3],[0,2,3,4,1],[1,0,1,4,2,3,3],[1,0,1,4,2,3,6,3],[3,0,1,2,4,5,4],[3,0,3,4,5,3],[13,0,1,2,3,4,5,5],[5,0,2],[1,0,1,5,2,3,3],[2,0,1,2,3,4,5,6,3],[2,0,1,2,3,4,3],[8,0,1,2,3,1],[0,0,2,3,4,2],[0,1,0,2,3,4,3],[0,0,2,3,5,4,2],[0,0,2,3,2],[10,0,1,1],[11,0,1,2,3,4,5,6,7,8,9,2],[12,0,1,2,3]],[[[{"name":"frame_pop_4","rect":{"x":0,"y":0,"width":538,"height":518},"offset":{"x":0,"y":0},"originalSize":{"width":538,"height":518},"rotated":false,"capInsets":[0,0,0,0],"vertices":{"rawPosition":[-269,-259,0,269,-259,0,-269,259,0,269,259,0],"indexes":[0,1,2,2,1,3],"uv":[0,518,538,518,0,0,538,0],"nuv":[0,0,1,0,0,1,1,1],"minPos":{"x":-269,"y":-259,"z":0},"maxPos":{"x":269,"y":259,"z":0}},"packable":true,"pixelsToUnit":100,"pivot":{"x":0.5,"y":0.5},"meshType":0}],[4],0,[0],[2],[1]],[[[10,"EggUnlockView"],[11,"EggUnlockView",33554432,[-7,-8,-9],[[1,-2,[0,"5fOONregNC4JXgFRpi7NNS"],[5,720,1280]],[7,45,720,1280,-3,[0,"28nWKHgzlJHbDRP/CaLh/L"]],[14,-6,[0,"30IBTVbn1Jer81VH8lqFVz"],-5,-4]],[2,"cbAZ5c7TxJyLOs69G7YNdr",null,null,null,-1,0]],[3,"SpriteBG",33554432,1,[-14,-15,-16,-17],[[1,-10,[0,"66wgfkaShMwb6ORIMO/bEs"],[5,538,518]],[15,0,-11,[0,"b9WLQgvStKAJibgDWz65P/"],5],[8,18,200,-12,[0,"a5WUZJxO1BUrsRbXIl5tBw"]],[19,-13,[0,"44SZ6b2xBGHrvUpEFKEGI9"]]],[2,"acKmiXlJFFe6ZCK3/K+wUe",null,null,null,1,0],[1,0,200,0]],[3,"okBtn",33554432,1,[-23],[[1,-18,[0,"aeFfWnWh9I+4mlX3kVNdv/"],[5,299,120]],[16,1,0,-19,[0,"03L8pQoZNCSolmsjypyXcF"],6],[20,3,-21,[0,"183VgbpjVMdYvo8NN3Sc3A"],[[21,"d4af6IP3YZMkoslIGhkoiEY","onCloseEvent",1]],[4,4292269782],-20,7,8,9,10],[8,18,-260,-22,[0,"3a0ooMEzdGDpUAd4HTRe4O"]]],[2,"d5exZ24yZEcoaduTgdAqIf",null,null,null,1,0],[1,0,-260,0]],[5,"SpriteSplash",33554432,1,[[1,-24,[0,"13qw1h+EdCCI5z6l80dGto"],[5,720,1280]],[17,0,-25,[0,"28U75h8otOU6YcKuPegdjg"],[4,2516582400],0],[7,45,720,1280,-26,[0,"77nlCplxpPGLHjgoU51Yfv"]]],[2,"b69Q6GpkZPIJa7O6nJKZM1",null,null,null,1,0]],[3,"Sprite",33554432,2,[-29],[[1,-27,[0,"32dusjHb5LO7oEPveXUjdk"],[5,538,97]],[4,-28,[0,"f1T+60b65Clp5nCrtRpd9/"],2]],[2,"b134czyZJAzJl/onJM4iGn",null,null,null,1,0],[1,0,212,0]],[3,"Sprite-002",33554432,2,[-32],[[1,-30,[0,"d6kbcQ7GFHvYF9/08RPq8s"],[5,190,52]],[4,-31,[0,"f874khL41KpI2TP40wNRQE"],3]],[2,"9doIryq01M8oIQin9A/GP1",null,null,null,1,0],[1,0,-174.054,0]],[5,"Sprite",33554432,5,[[1,-33,[0,"e0R5iQOY5Akpm9QKC008AB"],[5,204,46]],[4,-34,[0,"b7tYNkKSZKQ5BpRLIuVtRk"],1]],[2,"aeH9sXTu9JE4tEEhYHRghf",null,null,null,1,0]],[12,"Sprite-001",33554432,2,[[[1,-35,[0,"42fDRqPXJKgrkTnotQdAot"],[5,171,186]],-36],4,1],[2,"0cIGdWgNdC/IWX74iYU/c1",null,null,null,1,0],[1,0,13.303,0],[1,1.5,1.5,1.5]],[13,"NameLabel",33554432,6,[[[1,-37,[0,"554ERCNMVBdaoDL1E1kHDQ"],[5,106.68,50.4]],-38],4,1],[2,"fdfkX6qtVHvoOAkOet7v9d",null,null,null,1,0]],[6,"Sprite-003",33554432,2,[[1,-39,[0,"23HKwpkl5O5IVpKEM7H9st"],[5,567,34]],[4,-40,[0,"36iqPbhb5Jwqc4T+Kpdj1T"],4]],[2,"83zP4pm9ZP5Zh3terQVD6E",null,null,null,1,0],[1,0,-308.076,0]],[6,"Label",33554432,3,[[1,-41,[0,"1dMfeM4HxA1aQvypqrmRDD"],[5,100,50.4]],[9,"好的",50,50,true,-42,[0,"f34lm67qBJbqNM7lM/JEXs"]]],[2,"68gCF09m5M74P1Nqj5Xp4H",null,null,null,1,0],[1,0,6.856,0]],[18,0,8,[0,"6dJWD8Hl9C7aWmpIuqwL9C"]],[9,"1级龙蛋",30,30,true,9,[0,"e5VwJYNVlL0YouF/gEs3Rt"]]],0,[0,3,1,0,0,1,0,0,1,0,4,13,0,5,12,0,0,1,0,-1,4,0,-2,2,0,-3,3,0,0,2,0,0,2,0,0,2,0,0,2,0,-1,5,0,-2,8,0,-3,6,0,-4,10,0,0,3,0,0,3,0,6,3,0,0,3,0,0,3,0,-1,11,0,0,4,0,0,4,0,0,4,0,0,5,0,0,5,0,-1,7,0,0,6,0,0,6,0,-1,9,0,0,7,0,0,7,0,0,8,0,-2,12,0,0,9,0,-2,13,0,0,10,0,0,10,0,0,11,0,0,11,0,7,1,42],[0,0,0,0,0,0,0,0,0,0,0,12],[1,1,1,1,1,1,1,8,9,10,11,1],[2,3,4,5,6,7,0,0,8,9,10,11]]]]
