[1,["1fucb1S7hFI7AZQjhCFbwO@c4114","1fucb1S7hFI7AZQjhCFbwO@e46d2","1brw/JvvpFnIvdrxpFCgMZ"],["root","node","data","_mesh","_effectAsset"],[["cc.Prefab",[],3],["cc.Node",["_name","_components","_prefab"],2,9,4],["cc.MeshRenderer",["node","__prefab","_materials","bakeSettings","_mesh"],3,1,4,3,4,6],["cc.CompPrefabInfo",["fileId"],2],["cc.ModelBakeSettings",[],3],["cc.PrefabInfo",["fileId","instance","targetOverrides","nestedPrefabInstanceRoots","root","asset"],-1,1,1],["cc.Material",["_name","_states","_defines","_props"],0,12],["cc.Mesh",["_native","_hash","_struct"],1,11]],[[0,1],[1,0,1,2,2],[2,0,1,2,3,4,1],[3,0,2],[4,1],[5,0,1,2,3,4,5,5],[6,0,1,2,3,4],[7,0,1,2,3]],[[[[0],[1,"Park_tree",[[2,-2,[3,"d7QBhRqNpZ6614AgFBAcD9"],[0],[4],1]],[5,"32Eq1qcxpW05yoNkPFwK/H",null,null,null,-1,0]]],0,[0,0,1,0,1,1,0,2,1,2],[0,0],[-1,3],[0,1]],[[[6,"07 - Default",[{"rasterizerState":{},"blendState":{"targets":[{}]},"depthStencilState":{}}],[{}],[[[{"metallic":0.4000000059604645,"roughness":0.7071067690849304},"albedoScale",8,[1,0.5882353186607361,0.5882353186607361,0.5882353186607361]]],11]]],0,0,[0],[4],[2]],[[[7,".bin",3873940723,[{"primitives":[{"primitiveMode":7,"vertexBundelIndices":[0],"indexView":{"offset":44256,"length":8304,"count":2076,"stride":4}}],"vertexBundles":[{"view":{"offset":0,"length":44256,"count":922,"stride":48},"attributes":[{"name":"a_position","format":32,"isNormalized":false},{"name":"a_normal","format":32,"isNormalized":false},{"name":"a_texCoord","format":21,"isNormalized":false},{"name":"a_tangent","format":44,"isNormalized":false}]}]},"minPosition",8,[1,-8.195873260498047,-0.048192888498306274,-13.83575439453125],"maxPosition",8,[1,9.427978515625,0.5116726756095886,-9.42712116241455]]],-1],0,0,[],[],[]]]]
