[1,["78+HgFmnhAD4KrcU4WH8yd@6c48a","78+HgFmnhAD4KrcU4WH8yd@f9941"],["_textureSource","spriteFrame"],["cc.SpriteFrame",["cc.LabelAtlas",["_name","fontSize","fntConfig"],0]],[[1,0,1,2,4]],[[[{"name":"white","rect":{"x":18,"y":2,"width":720,"height":79},"offset":{"x":4,"y":0.5},"originalSize":{"width":748,"height":84},"rotated":false,"capInsets":[0,0,0,0],"vertices":{"rawPosition":[-360,-39.5,0,360,-39.5,0,-360,39.5,0,360,39.5,0],"indexes":[0,1,2,2,1,3],"uv":[18,82,738,82,18,3,738,3],"nuv":[0.02406417112299465,0.03571428571428571,0.9866310160427807,0.03571428571428571,0.02406417112299465,0.9761904761904762,0.9866310160427807,0.9761904761904762],"minPos":{"x":-360,"y":-39.5,"z":0},"maxPos":{"x":360,"y":39.5,"z":0}},"packable":true,"pixelsToUnit":100,"pivot":{"x":0.5,"y":0.5},"meshType":0}],[0],0,[0],[0],[0]],[[[0,"white",73.92,{"commonHeight":84,"fontSize":73,"atlasName":"white","fontDefDictionary":{"47":{"xOffset":0,"yOffset":0,"xAdvance":68,"rect":{"x":0,"y":0,"width":68,"height":84}},"48":{"xOffset":0,"yOffset":0,"xAdvance":68,"rect":{"x":68,"y":0,"width":68,"height":84}},"49":{"xOffset":0,"yOffset":0,"xAdvance":68,"rect":{"x":136,"y":0,"width":68,"height":84}},"50":{"xOffset":0,"yOffset":0,"xAdvance":68,"rect":{"x":204,"y":0,"width":68,"height":84}},"51":{"xOffset":0,"yOffset":0,"xAdvance":68,"rect":{"x":272,"y":0,"width":68,"height":84}},"52":{"xOffset":0,"yOffset":0,"xAdvance":68,"rect":{"x":340,"y":0,"width":68,"height":84}},"53":{"xOffset":0,"yOffset":0,"xAdvance":68,"rect":{"x":408,"y":0,"width":68,"height":84}},"54":{"xOffset":0,"yOffset":0,"xAdvance":68,"rect":{"x":476,"y":0,"width":68,"height":84}},"55":{"xOffset":0,"yOffset":0,"xAdvance":68,"rect":{"x":544,"y":0,"width":68,"height":84}},"56":{"xOffset":0,"yOffset":0,"xAdvance":68,"rect":{"x":612,"y":0,"width":68,"height":84}},"57":{"xOffset":0,"yOffset":0,"xAdvance":68,"rect":{"x":680,"y":0,"width":68,"height":84}}},"kerningDict":{}}]],0,0,[0],[1],[1]]]]
