[1,["b1mBg1OgZJoq6h9uuwQq7N@6c48a","b1mBg1OgZJoq6h9uuwQq7N@f9941"],["_textureSource","spriteFrame"],["cc.SpriteFrame",["cc.LabelAtlas",["_name","fontSize","fntConfig"],0]],[[1,0,1,2,4]],[[[{"name":"number","rect":{"x":4,"y":2,"width":252,"height":26},"offset":{"x":0,"y":0},"originalSize":{"width":260,"height":30},"rotated":false,"capInsets":[0,0,0,0],"vertices":{"rawPosition":[-126,-13,0,126,-13,0,-126,13,0,126,13,0],"indexes":[0,1,2,2,1,3],"uv":[4,28,256,28,4,2,256,2],"nuv":[0.015384615384615385,0.06666666666666667,0.9846153846153847,0.06666666666666667,0.015384615384615385,0.9333333333333333,0.9846153846153847,0.9333333333333333],"minPos":{"x":-126,"y":-13,"z":0},"maxPos":{"x":126,"y":13,"z":0}},"packable":true,"pixelsToUnit":100,"pivot":{"x":0.5,"y":0.5},"meshType":0}],[0],0,[0],[0],[0]],[[[0,"number",26.4,{"commonHeight":30,"fontSize":26,"atlasName":"number","fontDefDictionary":{"48":{"xOffset":0,"yOffset":0,"xAdvance":26,"rect":{"x":0,"y":0,"width":26,"height":30}},"49":{"xOffset":0,"yOffset":0,"xAdvance":26,"rect":{"x":26,"y":0,"width":26,"height":30}},"50":{"xOffset":0,"yOffset":0,"xAdvance":26,"rect":{"x":52,"y":0,"width":26,"height":30}},"51":{"xOffset":0,"yOffset":0,"xAdvance":26,"rect":{"x":78,"y":0,"width":26,"height":30}},"52":{"xOffset":0,"yOffset":0,"xAdvance":26,"rect":{"x":104,"y":0,"width":26,"height":30}},"53":{"xOffset":0,"yOffset":0,"xAdvance":26,"rect":{"x":130,"y":0,"width":26,"height":30}},"54":{"xOffset":0,"yOffset":0,"xAdvance":26,"rect":{"x":156,"y":0,"width":26,"height":30}},"55":{"xOffset":0,"yOffset":0,"xAdvance":26,"rect":{"x":182,"y":0,"width":26,"height":30}},"56":{"xOffset":0,"yOffset":0,"xAdvance":26,"rect":{"x":208,"y":0,"width":26,"height":30}},"57":{"xOffset":0,"yOffset":0,"xAdvance":26,"rect":{"x":234,"y":0,"width":26,"height":30}}},"kerningDict":{}}]],0,0,[0],[1],[1]]]]
