[{"__type__":"cc.SpriteFrame","content":{"name":"touxiangkuang","texture":"70uZhxIuNEn4cyfrG7FT01","rect":[853,87,84,84],"offset":[0,0],"originalSize":[84,84],"capInsets":[0,0,0,0]}},{"__type__":"cc.SpriteFrame","content":{"name":"ic_feiyouxiao","texture":"adkSzG4BRFe4gNTY7OXJBr","rect":[3,2,104,40],"offset":[0,0],"originalSize":[110,44],"capInsets":[0,0,0,0]}},[{"__type__":"cc.Prefab","_name":"item_jiazu","data":{"__id__":1}},{"__type__":"cc.Node","_name":"item_jiazu","_children":[{"__id__":2},{"__id__":3},{"__id__":4},{"__id__":5},{"__id__":10},{"__id__":14}],"_components":[{"__type__":"746b6fpVPZIcatRkUbUXNN4","node":{"__id__":1}}],"_prefab":{"__type__":"cc.PrefabInfo","root":{"__id__":1},"asset":{"__uuid__":"47rwt2Ln5MjI0W/ezUilP3"},"fileId":"c7E6jUe4lDUqP6pZZIkkfd"},"_contentSize":{"__type__":"cc.Size","width":150,"height":200},"_trs":{"__type__":"TypedArray","ctor":"Float64Array","array":[0,0,0,0,0,0,1,1,1,1]}},{"__type__":"cc.Node","_name":"userimg","_parent":{"__id__":1},"_components":[{"__type__":"cc.Sprite","node":{"__id__":2},"_materials":[{"__uuid__":"ecpdLyjvZBwrvm+cedCcQy"}],"_spriteFrame":{"__uuid__":"8c20Sso/ZEn7NUfNSM+EBh"},"_sizeMode":0}],"_prefab":{"__type__":"cc.PrefabInfo","root":{"__id__":1},"asset":{"__uuid__":"47rwt2Ln5MjI0W/ezUilP3"},"fileId":"4a4L638gxOVrlnHOeMGVCF"},"_contentSize":{"__type__":"cc.Size","width":67,"height":67},"_trs":{"__type__":"TypedArray","ctor":"Float64Array","array":[0,55.551,0,0,0,0,1,1,1,1]}},{"__type__":"cc.Node","_name":"touxiangkuang","_parent":{"__id__":1},"_components":[{"__type__":"cc.Sprite","node":{"__id__":3},"_materials":[{"__uuid__":"ecpdLyjvZBwrvm+cedCcQy"}],"_spriteFrame":{"__uuid__":"15pdCoZrhLV5x1lM53op2p"}}],"_prefab":{"__type__":"cc.PrefabInfo","root":{"__id__":1},"asset":{"__uuid__":"47rwt2Ln5MjI0W/ezUilP3"},"fileId":"33YukPZbhOzIy048Rhq5f8"},"_contentSize":{"__type__":"cc.Size","width":84,"height":84},"_trs":{"__type__":"TypedArray","ctor":"Float64Array","array":[0,56,0,0,0,0,1,1,1,1]}},{"__type__":"cc.Node","_name":"pic_footerbg","_parent":{"__id__":1},"_components":[{"__type__":"cc.Sprite","node":{"__id__":4},"_materials":[{"__uuid__":"ecpdLyjvZBwrvm+cedCcQy"}],"_spriteFrame":{"__uuid__":"aavZsHKTZF2LlJiPGVjGDX"}}],"_prefab":{"__type__":"cc.PrefabInfo","root":{"__id__":1},"asset":{"__uuid__":"47rwt2Ln5MjI0W/ezUilP3"},"fileId":"3dLv2+ojBHP7qA4Y48itWM"},"_contentSize":{"__type__":"cc.Size","width":120,"height":68},"_trs":{"__type__":"TypedArray","ctor":"Float64Array","array":[0,-43,0,0,0,0,1,1,1,1]}},{"__type__":"cc.Node","_name":"userinfobg","_parent":{"__id__":1},"_children":[{"__id__":6},{"__id__":7}],"_prefab":{"__type__":"cc.PrefabInfo","root":{"__id__":1},"asset":{"__uuid__":"47rwt2Ln5MjI0W/ezUilP3"},"fileId":"8c9UUefJdPUZJFUCaFpjzI"},"_trs":{"__type__":"TypedArray","ctor":"Float64Array","array":[0,-26,0,0,0,0,1,1,1,1]}},{"__type__":"cc.Node","_name":"username","_parent":{"__id__":5},"_components":[{"__type__":"cc.Label","node":{"__id__":6},"_materials":[{"__uuid__":"ecpdLyjvZBwrvm+cedCcQy"}],"_useOriginalSize":false,"_string":"name","_N$string":"name","_fontSize":23,"_lineHeight":23,"_N$file":{"__uuid__":"farb0WbWZMgrGmuICOt0MU"},"_isSystemFontUsed":false,"_N$horizontalAlign":1,"_N$verticalAlign":1}],"_prefab":{"__type__":"cc.PrefabInfo","root":{"__id__":1},"asset":{"__uuid__":"47rwt2Ln5MjI0W/ezUilP3"},"fileId":"cd6nE3wnVLb4lWW1sq0Vbx"},"_contentSize":{"__type__":"cc.Size","width":56.53,"height":28.98},"_trs":{"__type__":"TypedArray","ctor":"Float64Array","array":[0,0,0,0,0,0,1,1,1,1]}},{"__type__":"cc.Node","_name":"layout_gongxian","_parent":{"__id__":5},"_children":[{"__id__":8},{"__id__":9}],"_components":[{"__type__":"cc.Layout","node":{"__id__":7},"_layoutSize":{"__type__":"cc.Size","width":89.51,"height":29},"_resize":1,"_N$layoutType":1}],"_prefab":{"__type__":"cc.PrefabInfo","root":{"__id__":1},"asset":{"__uuid__":"47rwt2Ln5MjI0W/ezUilP3"},"fileId":"12dpur6IRBNrcFxY8eWJhe"},"_contentSize":{"__type__":"cc.Size","width":89.51,"height":29},"_trs":{"__type__":"TypedArray","ctor":"Float64Array","array":[0,-31,0,0,0,0,1,1,1,1]}},{"__type__":"cc.Node","_name":"gongxian","_parent":{"__id__":7},"_components":[{"__type__":"41ebaVoPpRA4Kp67XEdHfZn","node":{"__id__":8},"_materials":[{"__uuid__":"ecpdLyjvZBwrvm+cedCcQy"}],"_string":"总贡献","_N$string":"总贡献","_fontSize":23,"_lineHeight":23,"_N$file":{"__uuid__":"farb0WbWZMgrGmuICOt0MU"},"_isSystemFontUsed":false,"_N$verticalAlign":1,"i18n_string":"item_jiazu_1_1"}],"_prefab":{"__type__":"cc.PrefabInfo","root":{"__id__":1},"asset":{"__uuid__":"47rwt2Ln5MjI0W/ezUilP3"},"fileId":"a7Dr8uRiBDermr/lGeLbEg"},"_color":{"__type__":"cc.Color","r":253,"g":198,"b":47},"_contentSize":{"__type__":"cc.Size","width":69,"height":28.98},"_trs":{"__type__":"TypedArray","ctor":"Float64Array","array":[-10.255000000000003,0,0,0,0,0,1,1,1,1]}},{"__type__":"cc.Node","_name":"gongxian_data","_parent":{"__id__":7},"_components":[{"__type__":"cc.Label","node":{"__id__":9},"_materials":[{"__uuid__":"ecpdLyjvZBwrvm+cedCcQy"}],"_useOriginalSize":false,"_string":":0","_N$string":":0","_fontSize":23,"_lineHeight":23,"_N$file":{"__uuid__":"farb0WbWZMgrGmuICOt0MU"},"_isSystemFontUsed":false,"_N$horizontalAlign":1,"_N$verticalAlign":1}],"_prefab":{"__type__":"cc.PrefabInfo","root":{"__id__":1},"asset":{"__uuid__":"47rwt2Ln5MjI0W/ezUilP3"},"fileId":"29MivdVC1MX7y5/JwiCu6N"},"_color":{"__type__":"cc.Color","r":253,"g":198,"b":47},"_contentSize":{"__type__":"cc.Size","width":20.51,"height":28.98},"_trs":{"__type__":"TypedArray","ctor":"Float64Array","array":[34.5,-0.737,0,0,0,0,1,1,1,1]}},{"__type__":"cc.Node","_name":"pic_gongxian","_parent":{"__id__":1},"_children":[{"__id__":11}],"_components":[{"__type__":"cc.Sprite","node":{"__id__":10},"_materials":[{"__uuid__":"ecpdLyjvZBwrvm+cedCcQy"}],"_spriteFrame":{"__uuid__":"b9YTuqhz9AYqs/NQxDnot6"}},{"__type__":"cc.BlockInputEvents","node":{"__id__":10}}],"_prefab":{"__type__":"cc.PrefabInfo","root":{"__id__":1},"asset":{"__uuid__":"47rwt2Ln5MjI0W/ezUilP3"},"fileId":"0e/MdzhlhCuICe/qGZi18Q"},"_contentSize":{"__type__":"cc.Size","width":98,"height":98},"_trs":{"__type__":"TypedArray","ctor":"Float64Array","array":[0,52,0,0,0,0,1,1,1,1]}},{"__type__":"cc.Node","_name":"layout_pic_gongxian","_parent":{"__id__":10},"_children":[{"__id__":12},{"__id__":13}],"_components":[{"__type__":"cc.Layout","node":{"__id__":11},"_layoutSize":{"__type__":"cc.Size","width":60.510000000000005,"height":26},"_resize":1,"_N$layoutType":1}],"_prefab":{"__type__":"cc.PrefabInfo","root":{"__id__":1},"asset":{"__uuid__":"47rwt2Ln5MjI0W/ezUilP3"},"fileId":"6eX78l0AdOrpBXOK57wGnY"},"_contentSize":{"__type__":"cc.Size","width":60.510000000000005,"height":26},"_trs":{"__type__":"TypedArray","ctor":"Float64Array","array":[0,-28.792,0,0,0,0,1,1,1,1]}},{"__type__":"cc.Node","_name":"pic_gongxian_data","_parent":{"__id__":11},"_components":[{"__type__":"41ebaVoPpRA4Kp67XEdHfZn","node":{"__id__":12},"_materials":[{"__uuid__":"ecpdLyjvZBwrvm+cedCcQy"}],"_string":"贡献","_N$string":"贡献","_fontSize":20,"_lineHeight":20,"_N$file":{"__uuid__":"farb0WbWZMgrGmuICOt0MU"},"_isSystemFontUsed":false,"_N$verticalAlign":1,"i18n_string":"item_jiazu_1_2"}],"_prefab":{"__type__":"cc.PrefabInfo","root":{"__id__":1},"asset":{"__uuid__":"47rwt2Ln5MjI0W/ezUilP3"},"fileId":"87LiFA+H1MTIk+pfML0OGB"},"_color":{"__type__":"cc.Color","r":38,"g":38,"b":38},"_contentSize":{"__type__":"cc.Size","width":40,"height":25.2},"_trs":{"__type__":"TypedArray","ctor":"Float64Array","array":[-10.255000000000003,0,0,0,0,0,1,1,1,1]}},{"__type__":"cc.Node","_name":"pic_gongxian_data_date","_parent":{"__id__":11},"_components":[{"__type__":"cc.Label","node":{"__id__":13},"_materials":[{"__uuid__":"ecpdLyjvZBwrvm+cedCcQy"}],"_useOriginalSize":false,"_string":":0","_N$string":":0","_fontSize":23,"_lineHeight":23,"_N$file":{"__uuid__":"farb0WbWZMgrGmuICOt0MU"},"_isSystemFontUsed":false,"_N$horizontalAlign":1,"_N$verticalAlign":1}],"_prefab":{"__type__":"cc.PrefabInfo","root":{"__id__":1},"asset":{"__uuid__":"47rwt2Ln5MjI0W/ezUilP3"},"fileId":"0buqNg4QFBbpdZ8P2Ys6ga"},"_color":{"__type__":"cc.Color","r":38,"g":38,"b":38},"_contentSize":{"__type__":"cc.Size","width":20.51,"height":28.98},"_trs":{"__type__":"TypedArray","ctor":"Float64Array","array":[20,0.308,0,0,0,0,1,1,1,1]}},{"__type__":"cc.Node","_name":"ic_feiyouxiao","_parent":{"__id__":1},"_components":[{"__type__":"cc.Sprite","node":{"__id__":14},"_materials":[{"__uuid__":"ecpdLyjvZBwrvm+cedCcQy"}],"_spriteFrame":{"__uuid__":"2d1lRW13hCF5N6Icv8MUS1"}},{"__type__":"cc.BlockInputEvents","node":{"__id__":14}}],"_prefab":{"__type__":"cc.PrefabInfo","root":{"__id__":1},"asset":{"__uuid__":"47rwt2Ln5MjI0W/ezUilP3"},"fileId":"3abOPjlXxHw7Tr5+BSNb5X"},"_contentSize":{"__type__":"cc.Size","width":104,"height":40},"_trs":{"__type__":"TypedArray","ctor":"Float64Array","array":[0,118,0,0,0,0,1,1,1,1]}}],{"__type__":"cc.SpriteFrame","content":{"name":"default_sprite","texture":"6eBWFz0oVHPLIGQKf/9Thu","rect":[0,2,40,36],"offset":[0,0],"originalSize":[40,40],"capInsets":[0,0,0,0]}},{"__type__":"cc.SpriteFrame","content":{"name":"name","texture":"70uZhxIuNEn4cyfrG7FT01","rect":[729,938,120,68],"offset":[0,0],"originalSize":[120,68],"capInsets":[0,0,0,0]}},{"__type__":"cc.SpriteFrame","content":{"name":"pic_gongxian","texture":"70uZhxIuNEn4cyfrG7FT01","rect":[649,756,98,98],"offset":[0,0],"originalSize":[98,98],"capInsets":[0,0,0,0]}}]