[{"__type__":"cc.SpriteFrame","content":{"name":"baifang","texture":"b9HrI0nBFNFYOegxbs3y7w","rect":[0,0,10,10],"offset":[0,0],"originalSize":[10,10],"capInsets":[0,0,0,0]}},[{"__type__":"cc.Prefab","_name":"item_lunbo","data":{"__id__":1}},{"__type__":"cc.Node","_name":"item_lunbo","_children":[{"__id__":2},{"__id__":3},{"__id__":4},{"__id__":5}],"_components":[{"__type__":"cc.Widget","node":{"__id__":1},"_alignFlags":40},{"__type__":"d7ae5G6zupJtIFpnC0sPRug","node":{"__id__":1}}],"_prefab":{"__type__":"cc.PrefabInfo","root":{"__id__":1},"asset":{"__uuid__":"a5lzQq+RROuKjjpVE6+hMU"},"fileId":"08Vcbc0OJGD5l1FTouhRtg"},"_contentSize":{"__type__":"cc.Size","width":750,"height":75},"_trs":{"__type__":"TypedArray","ctor":"Float64Array","array":[375,63,0,0,0,0,1,1,1,1]}},{"__type__":"cc.Node","_name":"lab_name","_parent":{"__id__":1},"_components":[{"__type__":"41ebaVoPpRA4Kp67XEdHfZn","node":{"__id__":2},"_materials":[{"__uuid__":"ecpdLyjvZBwrvm+cedCcQy"}],"_string":"蝴蝶飞","_N$string":"蝴蝶飞","_fontSize":24,"_lineHeight":24,"_N$file":{"__uuid__":"farb0WbWZMgrGmuICOt0MU"},"_isSystemFontUsed":false,"_N$horizontalAlign":1,"_N$verticalAlign":1,"i18n_string":"item_lunbo_1_1"}],"_prefab":{"__type__":"cc.PrefabInfo","root":{"__id__":1},"asset":{"__uuid__":"a5lzQq+RROuKjjpVE6+hMU"},"fileId":"d2v+wPs4pEr7mqMFIFSbI/"},"_color":{"__type__":"cc.Color","r":101,"g":59,"b":30},"_contentSize":{"__type__":"cc.Size","width":72,"height":30.24},"_anchorPoint":{"__type__":"cc.Vec2","y":0.5},"_trs":{"__type__":"TypedArray","ctor":"Float64Array","array":[-331,1,0,0,0,0,1,1,1,1]}},{"__type__":"cc.Node","_name":"lab_time","_parent":{"__id__":1},"_components":[{"__type__":"41ebaVoPpRA4Kp67XEdHfZn","node":{"__id__":3},"_materials":[{"__uuid__":"ecpdLyjvZBwrvm+cedCcQy"}],"_string":"time","_N$string":"time","_fontSize":24,"_lineHeight":24,"_N$file":{"__uuid__":"farb0WbWZMgrGmuICOt0MU"},"_isSystemFontUsed":false,"_N$horizontalAlign":1,"_N$verticalAlign":1,"i18n_string":"time"}],"_prefab":{"__type__":"cc.PrefabInfo","root":{"__id__":1},"asset":{"__uuid__":"a5lzQq+RROuKjjpVE6+hMU"},"fileId":"6bh/8fIlRK4qTJ1mrP1hEH"},"_color":{"__type__":"cc.Color","r":101,"g":59,"b":30},"_contentSize":{"__type__":"cc.Size","width":48.26,"height":30.24},"_trs":{"__type__":"TypedArray","ctor":"Float64Array","array":[-30,1,0,0,0,0,1,1,1,1]}},{"__type__":"cc.Node","_name":"lab_msg","_parent":{"__id__":1},"_components":[{"__type__":"41ebaVoPpRA4Kp67XEdHfZn","node":{"__id__":4},"_materials":[{"__uuid__":"ecpdLyjvZBwrvm+cedCcQy"}],"_string":"成功获得分红炮","_N$string":"成功获得分红炮","_fontSize":24,"_lineHeight":24,"_N$file":{"__uuid__":"farb0WbWZMgrGmuICOt0MU"},"_isSystemFontUsed":false,"_N$horizontalAlign":1,"_N$verticalAlign":1,"i18n_string":"item_lunbo_1_2"}],"_prefab":{"__type__":"cc.PrefabInfo","root":{"__id__":1},"asset":{"__uuid__":"a5lzQq+RROuKjjpVE6+hMU"},"fileId":"a0zjaLcXtMfa9Ka8TU8Hdc"},"_color":{"__type__":"cc.Color","r":101,"g":59,"b":30},"_contentSize":{"__type__":"cc.Size","width":168,"height":30.24},"_anchorPoint":{"__type__":"cc.Vec2","x":1,"y":0.5},"_trs":{"__type__":"TypedArray","ctor":"Float64Array","array":[340,1,0,0,0,0,1,1,1,1]}},{"__type__":"cc.Node","_name":"pic_hengxian","_parent":{"__id__":1},"_components":[{"__type__":"cc.Sprite","node":{"__id__":5},"_materials":[{"__uuid__":"ecpdLyjvZBwrvm+cedCcQy"}],"_spriteFrame":{"__uuid__":"25ZUzywtNEiatG5Yhm8Kqm"},"_sizeMode":0}],"_prefab":{"__type__":"cc.PrefabInfo","root":{"__id__":1},"asset":{"__uuid__":"a5lzQq+RROuKjjpVE6+hMU"},"fileId":"59Ts6CEr1Df4NAwk86JV5l"},"_color":{"__type__":"cc.Color","r":173,"g":146,"b":107},"_contentSize":{"__type__":"cc.Size","width":670,"height":1},"_trs":{"__type__":"TypedArray","ctor":"Float64Array","array":[4,-36,0,0,0,0,1,1,1,1]}}]]