[{"__type__":"cc.SpriteFrame","content":{"name":"bg_xiao","texture":"c6ZGjV9tNKqbnxaBNcj5DE","rect":[0,0,657,640],"offset":[-0.5,0],"originalSize":[658,640],"capInsets":[0,0,0,0]}},{"__type__":"cc.SpriteFrame","content":{"name":"btn_lingquanniu","texture":"65yMuZClZBsLNLtz06Gc9O","rect":[307,1593,152,60],"offset":[0,0],"originalSize":[152,60],"capInsets":[20,20,20,20]}},{"__type__":"cc.SpriteFrame","content":{"name":"ic_guanbi2","texture":"02krqH8i1AdZB/lC2WegR2","rect":[789,371,84,84],"offset":[0,0],"originalSize":[84,84],"capInsets":[0,0,0,0]}},{"__type__":"cc.SpriteFrame","content":{"name":"default_panel","texture":"d8HsitJHxOYqo801xBk8ev","rect":[0,0,20,20],"offset":[0,0],"originalSize":[20,20],"capInsets":[6,6,6,6]}},[{"__type__":"cc.Prefab","_name":"confirmDialog","data":{"__id__":1}},{"__type__":"cc.Node","_name":"confirmDialog","_children":[{"__id__":2},{"__id__":3},{"__id__":4},{"__id__":5},{"__id__":6},{"__id__":8}],"_components":[{"__type__":"cc.Widget","node":{"__id__":1},"_alignFlags":45},{"__type__":"022d140RHhCiICbFkEjkGPH","node":{"__id__":1}}],"_prefab":{"__type__":"cc.PrefabInfo","root":{"__id__":1},"asset":{"__uuid__":"ce9r0xM9lMyrH2hUJ9QcLv"},"fileId":"fcB6rBhYZGhaPZVu4gftH3"},"_contentSize":{"__type__":"cc.Size","width":750,"height":1334},"_trs":{"__type__":"TypedArray","ctor":"Float64Array","array":[375,667,0,0,0,0,1,1,1,1]}},{"__type__":"cc.Node","_name":"background","_parent":{"__id__":1},"_components":[{"__type__":"cc.Sprite","node":{"__id__":2},"_materials":[{"__uuid__":"ecpdLyjvZBwrvm+cedCcQy"}],"_spriteFrame":{"__uuid__":"9bvaMerUlDyary99mJa6xp"},"_type":1,"_sizeMode":0},{"__type__":"cc.Widget","node":{"__id__":2},"_alignFlags":45,"_originalWidth":400,"_originalHeight":320}],"_prefab":{"__type__":"cc.PrefabInfo","root":{"__id__":1},"asset":{"__uuid__":"ce9r0xM9lMyrH2hUJ9QcLv"},"fileId":"726gYEDL9O56UZ3y4xl6h9"},"_opacity":100,"_color":{"__type__":"cc.Color","r":4},"_contentSize":{"__type__":"cc.Size","width":750,"height":1334},"_trs":{"__type__":"TypedArray","ctor":"Float64Array","array":[0,0,0,0,0,0,1,1,1,1]}},{"__type__":"cc.Node","_name":"background","_parent":{"__id__":1},"_components":[{"__type__":"cc.Sprite","node":{"__id__":3},"_materials":[{"__uuid__":"ecpdLyjvZBwrvm+cedCcQy"}],"_spriteFrame":{"__uuid__":"1diSJI4F1EnIfhjsBkEDQ1"},"_type":1}],"_prefab":{"__type__":"cc.PrefabInfo","root":{"__id__":1},"asset":{"__uuid__":"ce9r0xM9lMyrH2hUJ9QcLv"},"fileId":"80+1GoG2ZKGYJfNhsK6Zwn"},"_contentSize":{"__type__":"cc.Size","width":657,"height":640},"_trs":{"__type__":"TypedArray","ctor":"Float64Array","array":[0,0,0,0,0,0,1,1,1,1]}},{"__type__":"cc.Node","_name":"lbl_title","_parent":{"__id__":1},"_components":[{"__type__":"cc.Label","node":{"__id__":4},"_materials":[{"__uuid__":"ecpdLyjvZBwrvm+cedCcQy"}],"_useOriginalSize":false,"_string":"标题","_N$string":"标题","_N$horizontalAlign":1,"_N$verticalAlign":1}],"_prefab":{"__type__":"cc.PrefabInfo","root":{"__id__":1},"asset":{"__uuid__":"ce9r0xM9lMyrH2hUJ9QcLv"},"fileId":"88Jx+WwyVO9LI8mYucPIH1"},"_contentSize":{"__type__":"cc.Size","width":80,"height":50.4},"_trs":{"__type__":"TypedArray","ctor":"Float64Array","array":[0,133,0,0,0,0,1,1,1,1]}},{"__type__":"cc.Node","_name":"lbl_content","_parent":{"__id__":1},"_components":[{"__type__":"cc.Label","node":{"__id__":5},"_materials":[{"__uuid__":"ecpdLyjvZBwrvm+cedCcQy"}],"_useOriginalSize":false,"_string":"这是对话框的内容这是对话框的内容这是对话框的内容这是对话框的内容","_N$string":"这是对话框的内容这是对话框的内容这是对话框的内容这是对话框的内容","_fontSize":30,"_N$horizontalAlign":1,"_N$verticalAlign":1,"_N$overflow":3}],"_prefab":{"__type__":"cc.PrefabInfo","root":{"__id__":1},"asset":{"__uuid__":"ce9r0xM9lMyrH2hUJ9QcLv"},"fileId":"a3jM8IdhFBYo+q28OmK6C6"},"_contentSize":{"__type__":"cc.Size","width":380,"height":130.39999999999998},"_trs":{"__type__":"TypedArray","ctor":"Float64Array","array":[0,16.726,0,0,0,0,1,1,1,1]}},{"__type__":"cc.Node","_name":"btn_certain","_parent":{"__id__":1},"_children":[{"__id__":7}],"_components":[{"__type__":"cc.Sprite","node":{"__id__":6},"_materials":[{"__uuid__":"ecpdLyjvZBwrvm+cedCcQy"}],"_spriteFrame":{"__uuid__":"46+YS8FYNDN47mKypbCNmx"}},{"__type__":"cc.Button","node":{"__id__":6},"_normalMaterial":{"__uuid__":"ecpdLyjvZBwrvm+cedCcQy"},"_N$transition":3,"transition":3}],"_prefab":{"__type__":"cc.PrefabInfo","root":{"__id__":1},"asset":{"__uuid__":"ce9r0xM9lMyrH2hUJ9QcLv"},"fileId":"b9jT5wKHxOW5Er1rvizkS8"},"_contentSize":{"__type__":"cc.Size","width":152,"height":60},"_trs":{"__type__":"TypedArray","ctor":"Float64Array","array":[0,-217.715,0,0,0,0,1,1.5,1.5,1]}},{"__type__":"cc.Node","_name":"lab_btn_certain","_parent":{"__id__":6},"_components":[{"__type__":"cc.Label","node":{"__id__":7},"_materials":[{"__uuid__":"ecpdLyjvZBwrvm+cedCcQy"}],"_useOriginalSize":false,"_string":"完成","_N$string":"完成","_fontSize":30,"_lineHeight":30,"_N$horizontalAlign":1,"_N$verticalAlign":1}],"_prefab":{"__type__":"cc.PrefabInfo","root":{"__id__":1},"asset":{"__uuid__":"ce9r0xM9lMyrH2hUJ9QcLv"},"fileId":"a1YTrwlYJL4r5dRyMbXOZJ"},"_contentSize":{"__type__":"cc.Size","width":60,"height":37.8},"_trs":{"__type__":"TypedArray","ctor":"Float64Array","array":[0,1,0,0,0,0,1,0.7,0.7,1]}},{"__type__":"cc.Node","_name":"btn_cancel","_parent":{"__id__":1},"_components":[{"__type__":"cc.Sprite","node":{"__id__":8},"_materials":[{"__uuid__":"ecpdLyjvZBwrvm+cedCcQy"}],"_spriteFrame":{"__uuid__":"5c4o7no3NMH7pZupb0latf"}},{"__type__":"cc.Button","node":{"__id__":8},"_normalMaterial":{"__uuid__":"ecpdLyjvZBwrvm+cedCcQy"},"_N$transition":3,"transition":3}],"_prefab":{"__type__":"cc.PrefabInfo","root":{"__id__":1},"asset":{"__uuid__":"ce9r0xM9lMyrH2hUJ9QcLv"},"fileId":"00L6av9UdL4qFwtgZgI8nr"},"_contentSize":{"__type__":"cc.Size","width":84,"height":84},"_trs":{"__type__":"TypedArray","ctor":"Float64Array","array":[283.872,264.046,0,0,0,0,1,1,1,1]}}]]