[{"__type__":"cc.SpriteFrame","content":{"name":"fashe","texture":"edMNHh3AVA+YZYEquMi36d","rect":[1,110,42,42],"offset":[0,0],"originalSize":[42,42],"capInsets":[0,0,0,0]}},{"__type__":"cc.SpriteAtlas","_name":"paodan1.plist","_spriteFrames":{"fashe":{"__uuid__":"14mZB0NuVBCJl+lCo2b52k"},"paodan1":{"__uuid__":"adMnTh/K5MioAMWx+ZL1E+"}}},[{"__type__":"cc.Prefab","_name":"paodan1","data":{"__id__":1}},{"__type__":"cc.Node","_name":"paodan1","_children":[{"__id__":2},{"__id__":3}],"_components":[{"__type__":"6ab5b4ocJ9DbYLoPYbsHSn0","node":{"__id__":1}}],"_prefab":{"__type__":"cc.PrefabInfo","root":{"__id__":1},"asset":{"__uuid__":"7dGIpqTK5MGpEvRH4iz779"},"fileId":"ecd7uEYC5Jyr88y889vHzB"},"_contentSize":{"__type__":"cc.Size","width":50,"height":100},"_trs":{"__type__":"TypedArray","ctor":"Float64Array","array":[0,0,0,0,0,0,1,1,1,1]}},{"__type__":"cc.Node","_name":"padanSpr","_parent":{"__id__":1},"_components":[{"__type__":"cc.Sprite","node":{"__id__":2},"_materials":[{"__uuid__":"ecpdLyjvZBwrvm+cedCcQy"}],"_spriteFrame":{"__uuid__":"adMnTh/K5MioAMWx+ZL1E+"}}],"_prefab":{"__type__":"cc.PrefabInfo","root":{"__id__":1},"asset":{"__uuid__":"7dGIpqTK5MGpEvRH4iz779"},"fileId":"433lTvEDNHtIMjS9zT9uWG"},"_contentSize":{"__type__":"cc.Size","width":50,"height":107},"_trs":{"__type__":"TypedArray","ctor":"Float64Array","array":[0,0,0,0,0,0,1,1,1,1]}},{"__type__":"cc.Node","_name":"baozha","_parent":{"__id__":1},"_components":[{"__type__":"cc.Animation","node":{"__id__":3},"_defaultClip":{"__uuid__":"447/zYfpdOea5WaVBX2L7L"},"_clips":[{"__uuid__":"447/zYfpdOea5WaVBX2L7L"}]},{"__type__":"cc.Sprite","node":{"__id__":3},"_materials":[{"__uuid__":"ecpdLyjvZBwrvm+cedCcQy"}]}],"_prefab":{"__type__":"cc.PrefabInfo","root":{"__id__":1},"asset":{"__uuid__":"7dGIpqTK5MGpEvRH4iz779"},"fileId":"d9T5rHFbZAypIgKYhGv4fG"},"_contentSize":{"__type__":"cc.Size","width":40,"height":36},"_trs":{"__type__":"TypedArray","ctor":"Float64Array","array":[0,0,0,0,0,0,1,1,1,1]}}],{"__type__":"cc.SpriteFrame","content":{"name":"paodan1","texture":"edMNHh3AVA+YZYEquMi36d","rect":[1,1,50,107],"offset":[0,0],"originalSize":[50,107],"capInsets":[0,0,0,0]}}]