[{"__type__":"cc.SpriteFrame","content":{"name":"btn_tianshu2","texture":"65yMuZClZBsLNLtz06Gc9O","rect":[1,1705,116,78],"offset":[0,0],"originalSize":[116,78],"capInsets":[20,20,20,20]}},{"__type__":"cc.SpriteFrame","content":{"name":"btn_tianshu","texture":"65yMuZClZBsLNLtz06Gc9O","rect":[119,1705,116,78],"offset":[0,0],"originalSize":[116,78],"capInsets":[0,0,0,0]}},{"__type__":"cc.SpriteFrame","content":{"name":"pic_jindudi","texture":"e0kPQXrAlLBp/dRPfCD6sk","rect":[1,559,358,34],"offset":[0,0],"originalSize":[358,34],"capInsets":[0,0,0,0]}},{"__type__":"cc.SpriteFrame","content":{"name":"btn_lingquanniu","texture":"65yMuZClZBsLNLtz06Gc9O","rect":[307,1593,152,60],"offset":[0,0],"originalSize":[152,60],"capInsets":[20,20,20,20]}},{"__type__":"cc.SpriteFrame","content":{"name":"pic_q2","texture":"e0kPQXrAlLBp/dRPfCD6sk","rect":[309,625,110,42],"offset":[0,0],"originalSize":[110,42],"capInsets":[33,13,31,13]}},[{"__type__":"cc.Prefab","_name":"newFuli_layer","data":{"__id__":1}},{"__type__":"cc.Node","_name":"newFuli_layer","_children":[{"__id__":2},{"__id__":3},{"__id__":72}],"_components":[{"__type__":"cc.Widget","node":{"__id__":1},"_alignFlags":45},{"__type__":"b8f2dwmx/RJhraiVZrhkjmT","node":{"__id__":1},"item":{"__uuid__":"4c0I/pZ2hMdaIx4HcS2fnk"}}],"_prefab":{"__type__":"cc.PrefabInfo","root":{"__id__":1},"asset":{"__uuid__":"4eDkKnFEtKhYaOdO4hohPL"},"fileId":"aeSLCyYM5HpIKJYkrVjusw"},"_contentSize":{"__type__":"cc.Size","width":750,"height":1334},"_trs":{"__type__":"TypedArray","ctor":"Float64Array","array":[375,667,0,0,0,0,1,1,1,1]}},{"__type__":"cc.Node","_name":"mask","_parent":{"__id__":1},"_components":[{"__type__":"cc.Sprite","node":{"__id__":2},"_materials":[{"__uuid__":"ecpdLyjvZBwrvm+cedCcQy"}],"_spriteFrame":{"__uuid__":"a2MjXRFdtLlYQ5ouAFv/+R"},"_sizeMode":0},{"__type__":"cc.Widget","node":{"__id__":2},"_alignFlags":45,"_originalWidth":40,"_originalHeight":36},{"__type__":"cc.BlockInputEvents","node":{"__id__":2}}],"_prefab":{"__type__":"cc.PrefabInfo","root":{"__id__":1},"asset":{"__uuid__":"4eDkKnFEtKhYaOdO4hohPL"},"fileId":"51ytMQ/xNMVbYy3naGwFuX"},"_opacity":130,"_color":{"__type__":"cc.Color"},"_contentSize":{"__type__":"cc.Size","width":750,"height":1334},"_trs":{"__type__":"TypedArray","ctor":"Float64Array","array":[0,0,0,0,0,0,1,1,1,1]}},{"__type__":"cc.Node","_name":"bgNode","_parent":{"__id__":1},"_children":[{"__id__":4}],"_components":[{"__type__":"cc.Sprite","node":{"__id__":3},"_materials":[{"__uuid__":"ecpdLyjvZBwrvm+cedCcQy"}],"_spriteFrame":{"__uuid__":"fcWA/B9L5IZKjiJkUQd8Kf"},"_type":1,"_sizeMode":0}],"_prefab":{"__type__":"cc.PrefabInfo","root":{"__id__":1},"asset":{"__uuid__":"4eDkKnFEtKhYaOdO4hohPL"},"fileId":"21QctO2qpPtLuhA8Evugk1"},"_contentSize":{"__type__":"cc.Size","width":658,"height":1022},"_trs":{"__type__":"TypedArray","ctor":"Float64Array","array":[1,41.113,0,0,0,0,1,1,1,1]}},{"__type__":"cc.Node","_name":"topnode","_parent":{"__id__":3},"_children":[{"__id__":5},{"__id__":7},{"__id__":24},{"__id__":69}],"_components":[{"__type__":"cc.Widget","node":{"__id__":4},"_alignFlags":45}],"_prefab":{"__type__":"cc.PrefabInfo","root":{"__id__":1},"asset":{"__uuid__":"4eDkKnFEtKhYaOdO4hohPL"},"fileId":"010f1+nLNNzYuropajsWlf"},"_contentSize":{"__type__":"cc.Size","width":658,"height":1022},"_trs":{"__type__":"TypedArray","ctor":"Float64Array","array":[0,0,0,0,0,0,1,1,1,1]}},{"__type__":"cc.Node","_name":"pic_tixian","_parent":{"__id__":4},"_children":[{"__id__":6}],"_components":[{"__type__":"cc.Sprite","node":{"__id__":5},"_materials":[{"__uuid__":"ecpdLyjvZBwrvm+cedCcQy"}],"_spriteFrame":{"__uuid__":"cdEvF//9tDQ7A6VuL1Xfzj"}}],"_prefab":{"__type__":"cc.PrefabInfo","root":{"__id__":1},"asset":{"__uuid__":"4eDkKnFEtKhYaOdO4hohPL"},"fileId":"d8fDHUoBxMh4EYf3YC7lnK"},"_contentSize":{"__type__":"cc.Size","width":304,"height":110},"_trs":{"__type__":"TypedArray","ctor":"Float64Array","array":[0,483.452,0,0,0,0,1,1,1,1]}},{"__type__":"cc.Node","_name":"font_title","_parent":{"__id__":5},"_components":[{"__type__":"41ebaVoPpRA4Kp67XEdHfZn","node":{"__id__":6},"_materials":[{"__uuid__":"ecpdLyjvZBwrvm+cedCcQy"}],"_string":"新人福利","_N$string":"新人福利","_fontSize":50,"_lineHeight":50,"_N$file":{"__uuid__":"farb0WbWZMgrGmuICOt0MU"},"_isSystemFontUsed":false,"i18n_string":"newFuli_layer_1_1"},{"__type__":"cc.LabelOutline","node":{"__id__":6},"_color":{"__type__":"cc.Color","r":117,"g":59,"b":23},"_width":5}],"_prefab":{"__type__":"cc.PrefabInfo","root":{"__id__":1},"asset":{"__uuid__":"4eDkKnFEtKhYaOdO4hohPL"},"fileId":"27HO1iwU9ETrlWarbDkgDk"},"_contentSize":{"__type__":"cc.Size","width":210,"height":73},"_trs":{"__type__":"TypedArray","ctor":"Float64Array","array":[0,0,0,0,0,0,1,1,1,1]}},{"__type__":"cc.Node","_name":"bg_xiangqing1","_parent":{"__id__":4},"_children":[{"__id__":8},{"__id__":11},{"__id__":14},{"__id__":17},{"__id__":19},{"__id__":20},{"__id__":23}],"_components":[{"__type__":"cc.Sprite","node":{"__id__":7},"_materials":[{"__uuid__":"ecpdLyjvZBwrvm+cedCcQy"}],"_spriteFrame":{"__uuid__":"944ED2AspIqLInYlAAQNlN"},"_type":1}],"_prefab":{"__type__":"cc.PrefabInfo","root":{"__id__":1},"asset":{"__uuid__":"4eDkKnFEtKhYaOdO4hohPL"},"fileId":"97EKAsKDxO3afJg7QE5Fpr"},"_contentSize":{"__type__":"cc.Size","width":586,"height":134},"_trs":{"__type__":"TypedArray","ctor":"Float64Array","array":[0,291.699,0,0,0,0,1,1,1,1]}},{"__type__":"cc.Node","_name":"ProgressBar","_parent":{"__id__":7},"_children":[{"__id__":9}],"_components":[{"__type__":"cc.Sprite","node":{"__id__":8},"_materials":[{"__uuid__":"ecpdLyjvZBwrvm+cedCcQy"}],"_spriteFrame":{"__uuid__":"43Op49xVBGY5z5/mWfW9Ny"},"_type":1,"_sizeMode":0},{"__type__":"cc.ProgressBar","node":{"__id__":8},"_N$totalLength":495,"_N$barSprite":{"__id__":10},"_N$progress":0}],"_prefab":{"__type__":"cc.PrefabInfo","root":{"__id__":1},"asset":{"__uuid__":"4eDkKnFEtKhYaOdO4hohPL"},"fileId":"b41YoLyd5M+5fCr0PlaqiJ"},"_contentSize":{"__type__":"cc.Size","width":358,"height":39},"_trs":{"__type__":"TypedArray","ctor":"Float64Array","array":[-71.971,-7.439,0,0,0,0,1,0.7,0.7,1]}},{"__type__":"cc.Node","_name":"bar","_parent":{"__id__":8},"_components":[{"__id__":10}],"_prefab":{"__type__":"cc.PrefabInfo","root":{"__id__":1},"asset":{"__uuid__":"4eDkKnFEtKhYaOdO4hohPL"},"fileId":"f8uE3bxEpJh7CFqs8SAJK7"},"_contentSize":{"__type__":"cc.Size","height":39},"_anchorPoint":{"__type__":"cc.Vec2","y":0.5},"_trs":{"__type__":"TypedArray","ctor":"Float64Array","array":[-173.91,0,0,0,0,0,1,0.7,0.7,1]}},{"__type__":"cc.Sprite","node":{"__id__":9},"_materials":[{"__uuid__":"ecpdLyjvZBwrvm+cedCcQy"}],"_spriteFrame":{"__uuid__":"eesuBtcoVK6IShqLMUscf/"},"_type":1,"_sizeMode":0,"_fillRange":0.1},{"__type__":"cc.Node","_name":"btn_ruheshengji","_parent":{"__id__":7},"_children":[{"__id__":12},{"__id__":13}],"_components":[{"__type__":"cc.Sprite","node":{"__id__":11},"_materials":[{"__uuid__":"ecpdLyjvZBwrvm+cedCcQy"}],"_spriteFrame":{"__uuid__":"46+YS8FYNDN47mKypbCNmx"}},{"__type__":"cc.Button","node":{"__id__":11},"_normalMaterial":{"__uuid__":"ecpdLyjvZBwrvm+cedCcQy"},"zoomScale":0.9,"_N$transition":3,"transition":3}],"_prefab":{"__type__":"cc.PrefabInfo","root":{"__id__":1},"asset":{"__uuid__":"4eDkKnFEtKhYaOdO4hohPL"},"fileId":"d8UxHGcmhFZrS5hkTgGjDG"},"_contentSize":{"__type__":"cc.Size","width":152,"height":60},"_trs":{"__type__":"TypedArray","ctor":"Float64Array","array":[199.541,-2.066,0,0,0,0,1,1,1,1]}},{"__type__":"cc.Node","_name":"lab_shengji","_parent":{"__id__":11},"_components":[{"__type__":"41ebaVoPpRA4Kp67XEdHfZn","node":{"__id__":12},"_materials":[{"__uuid__":"ecpdLyjvZBwrvm+cedCcQy"}],"_string":"领现金","_N$string":"领现金","_fontSize":20,"_lineHeight":20,"_N$file":{"__uuid__":"farb0WbWZMgrGmuICOt0MU"},"_isSystemFontUsed":false,"_N$horizontalAlign":1,"_N$verticalAlign":1},{"__type__":"cc.LabelOutline","node":{"__id__":12},"_color":{"__type__":"cc.Color"},"_width":2}],"_prefab":{"__type__":"cc.PrefabInfo","root":{"__id__":1},"asset":{"__uuid__":"4eDkKnFEtKhYaOdO4hohPL"},"fileId":"6bwoHi3RxPgb3gllrRxudI"},"_contentSize":{"__type__":"cc.Size","width":64,"height":29.2},"_trs":{"__type__":"TypedArray","ctor":"Float64Array","array":[10.931,0,0,0,0,0,1,1,1,1]}},{"__type__":"cc.Node","_name":"weixin","_parent":{"__id__":11},"_components":[{"__type__":"cc.Sprite","node":{"__id__":13},"_materials":[{"__uuid__":"ecpdLyjvZBwrvm+cedCcQy"}],"_spriteFrame":{"__uuid__":"cenXg9+n5FDaQzf98wbkDi"},"_sizeMode":0}],"_prefab":{"__type__":"cc.PrefabInfo","root":{"__id__":1},"asset":{"__uuid__":"4eDkKnFEtKhYaOdO4hohPL"},"fileId":"daOdxQYqhJF7pZ4Uq2/3GJ"},"_contentSize":{"__type__":"cc.Size","width":32,"height":32},"_trs":{"__type__":"TypedArray","ctor":"Float64Array","array":[-37.981,0,0,0,0,0,1,1,1,1]}},{"__type__":"cc.Node","_name":"btn_ruheshengji_en","_parent":{"__id__":7},"_children":[{"__id__":15},{"__id__":16}],"_active":false,"_components":[{"__type__":"cc.Sprite","node":{"__id__":14},"_materials":[{"__uuid__":"ecpdLyjvZBwrvm+cedCcQy"}],"_spriteFrame":{"__uuid__":"46+YS8FYNDN47mKypbCNmx"},"_type":1,"_sizeMode":0},{"__type__":"cc.Button","node":{"__id__":14},"_normalMaterial":{"__uuid__":"ecpdLyjvZBwrvm+cedCcQy"},"zoomScale":0.9,"_N$transition":3,"transition":3},{"__type__":"cc.Layout","node":{"__id__":14},"_layoutSize":{"__type__":"cc.Size","width":205.28,"height":60},"_resize":1,"_N$layoutType":1,"_N$paddingLeft":20,"_N$paddingRight":20}],"_prefab":{"__type__":"cc.PrefabInfo","root":{"__id__":1},"asset":{"__uuid__":"4eDkKnFEtKhYaOdO4hohPL"},"fileId":"85OabMaTZMv4/1JHoGj4o/"},"_contentSize":{"__type__":"cc.Size","width":205.28,"height":60},"_anchorPoint":{"__type__":"cc.Vec2","x":1,"y":0.5},"_trs":{"__type__":"TypedArray","ctor":"Float64Array","array":[275,-2.066,0,0,0,0,1,1,1,1]}},{"__type__":"cc.Node","_name":"weixin_en","_parent":{"__id__":14},"_components":[{"__type__":"cc.Sprite","node":{"__id__":15},"_materials":[{"__uuid__":"ecpdLyjvZBwrvm+cedCcQy"}],"_spriteFrame":{"__uuid__":"51LCoCUrJFrZFUerjFHM/x"},"_sizeMode":0}],"_prefab":{"__type__":"cc.PrefabInfo","root":{"__id__":1},"asset":{"__uuid__":"4eDkKnFEtKhYaOdO4hohPL"},"fileId":"57t0VYiudBU5SKHseZqGph"},"_contentSize":{"__type__":"cc.Size","width":32,"height":32},"_trs":{"__type__":"TypedArray","ctor":"Float64Array","array":[-169.28,0,0,0,0,0,1,1,1,1]}},{"__type__":"cc.Node","_name":"lab_shengji_en","_parent":{"__id__":14},"_components":[{"__type__":"41ebaVoPpRA4Kp67XEdHfZn","node":{"__id__":16},"_materials":[{"__uuid__":"ecpdLyjvZBwrvm+cedCcQy"}],"_string":"نەق پۇل ئېلىش ","_N$string":"نەق پۇل ئېلىش ","_fontSize":20,"_lineHeight":30,"_N$file":{"__uuid__":"farb0WbWZMgrGmuICOt0MU"},"_isSystemFontUsed":false,"_N$horizontalAlign":1,"_N$verticalAlign":1,"i18n_string":"newFuli_layer_1_2"},{"__type__":"cc.LabelOutline","node":{"__id__":16},"_color":{"__type__":"cc.Color"},"_width":2}],"_prefab":{"__type__":"cc.PrefabInfo","root":{"__id__":1},"asset":{"__uuid__":"4eDkKnFEtKhYaOdO4hohPL"},"fileId":"b7obSg43BOnb0M9wldsdDK"},"_contentSize":{"__type__":"cc.Size","width":133.28,"height":41.8},"_trs":{"__type__":"TypedArray","ctor":"Float64Array","array":[-86.64,0,0,0,0,0,1,1,1,1]}},{"__type__":"cc.Node","_name":"pic_xianjin","_parent":{"__id__":7},"_children":[{"__id__":18}],"_components":[{"__type__":"cc.Sprite","node":{"__id__":17},"_materials":[{"__uuid__":"ecpdLyjvZBwrvm+cedCcQy"}],"_spriteFrame":{"__uuid__":"47FeQJDhFJ0IYd66GEhUDO"},"_type":1,"_sizeMode":0},{"__type__":"cc.Layout","node":{"__id__":17},"_layoutSize":{"__type__":"cc.Size","width":96.47,"height":42},"_resize":1,"_N$layoutType":1,"_N$paddingLeft":20,"_N$paddingRight":20}],"_prefab":{"__type__":"cc.PrefabInfo","root":{"__id__":1},"asset":{"__uuid__":"4eDkKnFEtKhYaOdO4hohPL"},"fileId":"03I5Jn5hFAPr70e3yvFtHR"},"_contentSize":{"__type__":"cc.Size","width":96.47,"height":42},"_anchorPoint":{"__type__":"cc.Vec2","x":0.5,"y":0.6},"_trs":{"__type__":"TypedArray","ctor":"Float64Array","array":[200.801,45.028,0,0,0,0,1,1,1,1]}},{"__type__":"cc.Node","_name":"font_xinjin","_parent":{"__id__":17},"_components":[{"__type__":"41ebaVoPpRA4Kp67XEdHfZn","node":{"__id__":18},"_materials":[{"__uuid__":"ecpdLyjvZBwrvm+cedCcQy"}],"_string":"¥现金哦","_N$string":"¥现金哦","_fontSize":16,"_lineHeight":16,"_N$file":{"__uuid__":"farb0WbWZMgrGmuICOt0MU"},"_isSystemFontUsed":false,"_N$horizontalAlign":1,"_N$verticalAlign":1,"i18n_string":"newFuli_layer_1_3"}],"_prefab":{"__type__":"cc.PrefabInfo","root":{"__id__":1},"asset":{"__uuid__":"4eDkKnFEtKhYaOdO4hohPL"},"fileId":"009QM9SHBIAJK0XornrO6x"},"_contentSize":{"__type__":"cc.Size","width":56.47,"height":20.16},"_trs":{"__type__":"TypedArray","ctor":"Float64Array","array":[0,0,0,0,0,0,1,1,1,1]}},{"__type__":"cc.Node","_name":"lab_title","_parent":{"__id__":7},"_components":[{"__type__":"cc.Label","node":{"__id__":19},"_materials":[{"__uuid__":"ecpdLyjvZBwrvm+cedCcQy"}],"_useOriginalSize":false,"_string":"5元红包","_N$string":"5元红包","_fontSize":30,"_N$file":{"__uuid__":"farb0WbWZMgrGmuICOt0MU"},"_isSystemFontUsed":false,"_N$horizontalAlign":1,"_N$verticalAlign":1}],"_prefab":{"__type__":"cc.PrefabInfo","root":{"__id__":1},"asset":{"__uuid__":"4eDkKnFEtKhYaOdO4hohPL"},"fileId":"59PfsRD59E9KuEjpr/NHNz"},"_color":{"__type__":"cc.Color","r":110,"g":60,"b":14},"_contentSize":{"__type__":"cc.Size","width":106.26,"height":50.4},"_anchorPoint":{"__type__":"cc.Vec2","y":0.5},"_trs":{"__type__":"TypedArray","ctor":"Float64Array","array":[-190.954,32.18,0,0,0,0,1,1,1,1]}},{"__type__":"cc.Node","_name":"layout_jindu","_parent":{"__id__":7},"_children":[{"__id__":21},{"__id__":22}],"_components":[{"__type__":"cc.Layout","node":{"__id__":20},"_layoutSize":{"__type__":"cc.Size","width":143.53,"height":23},"_resize":1,"_N$layoutType":1}],"_prefab":{"__type__":"cc.PrefabInfo","root":{"__id__":1},"asset":{"__uuid__":"4eDkKnFEtKhYaOdO4hohPL"},"fileId":"5cANP/sddOfYGDer8hH69l"},"_contentSize":{"__type__":"cc.Size","width":143.53,"height":23},"_anchorPoint":{"__type__":"cc.Vec2","y":0.5},"_trs":{"__type__":"TypedArray","ctor":"Float64Array","array":[-191.163,-43.213,0,0,0,0,1,1,1,1]}},{"__type__":"cc.Node","_name":"lab_jindu","_parent":{"__id__":20},"_components":[{"__type__":"41ebaVoPpRA4Kp67XEdHfZn","node":{"__id__":21},"_materials":[{"__uuid__":"ecpdLyjvZBwrvm+cedCcQy"}],"_string":"提现进度","_N$string":"提现进度","_fontSize":18,"_lineHeight":18,"_N$file":{"__uuid__":"farb0WbWZMgrGmuICOt0MU"},"_isSystemFontUsed":false,"_N$verticalAlign":1,"i18n_string":"newFuli_layer_1_4"}],"_prefab":{"__type__":"cc.PrefabInfo","root":{"__id__":1},"asset":{"__uuid__":"4eDkKnFEtKhYaOdO4hohPL"},"fileId":"caICGkRSpGsqtnquhKG5+E"},"_color":{"__type__":"cc.Color","r":110,"g":60,"b":14},"_contentSize":{"__type__":"cc.Size","width":72,"height":22.68},"_anchorPoint":{"__type__":"cc.Vec2","y":0.5},"_trs":{"__type__":"TypedArray","ctor":"Float64Array","array":[0,0,0,0,0,0,1,1,1,1]}},{"__type__":"cc.Node","_name":"lab_jindu_data","_parent":{"__id__":20},"_components":[{"__type__":"cc.Label","node":{"__id__":22},"_materials":[{"__uuid__":"ecpdLyjvZBwrvm+cedCcQy"}],"_useOriginalSize":false,"_string":"：10/100","_N$string":"：10/100","_fontSize":18,"_lineHeight":18,"_N$file":{"__uuid__":"farb0WbWZMgrGmuICOt0MU"},"_isSystemFontUsed":false,"_N$horizontalAlign":1,"_N$verticalAlign":1}],"_prefab":{"__type__":"cc.PrefabInfo","root":{"__id__":1},"asset":{"__uuid__":"4eDkKnFEtKhYaOdO4hohPL"},"fileId":"dfxdSFF+9JgatNhhnTmNbx"},"_color":{"__type__":"cc.Color","r":110,"g":60,"b":14},"_contentSize":{"__type__":"cc.Size","width":71.53,"height":22.68},"_trs":{"__type__":"TypedArray","ctor":"Float64Array","array":[107.765,0,0,0,0,0,1,1,1,1]}},{"__type__":"cc.Node","_name":"ic_hongbao","_parent":{"__id__":7},"_components":[{"__type__":"cc.Sprite","node":{"__id__":23},"_materials":[{"__uuid__":"ecpdLyjvZBwrvm+cedCcQy"}],"_spriteFrame":{"__uuid__":"d7yO+rwDtPepaDOkmOet3q"}}],"_prefab":{"__type__":"cc.PrefabInfo","root":{"__id__":1},"asset":{"__uuid__":"4eDkKnFEtKhYaOdO4hohPL"},"fileId":"c1kKZ9gnJB/r94Ouyka3la"},"_contentSize":{"__type__":"cc.Size","width":50,"height":50},"_trs":{"__type__":"TypedArray","ctor":"Float64Array","array":[-229.805,21.524,0,0,0,0,1,1.2,1.2,1]}},{"__type__":"cc.Node","_name":"PageView","_parent":{"__id__":4},"_children":[{"__id__":25}],"_components":[{"__type__":"cc.PageView","node":{"__id__":24},"bounceDuration":0.5,"_N$content":{"__id__":26},"content":{"__id__":26},"scrollThreshold":0.2}],"_prefab":{"__type__":"cc.PrefabInfo","root":{"__id__":1},"asset":{"__uuid__":"4eDkKnFEtKhYaOdO4hohPL"},"fileId":"1fklvSu/JPQYUiRz+9LyHN"},"_contentSize":{"__type__":"cc.Size","width":599,"height":80},"_trs":{"__type__":"TypedArray","ctor":"Float64Array","array":[0,144,0,0,0,0,1,1,1,1]}},{"__type__":"cc.Node","_name":"view","_parent":{"__id__":24},"_children":[{"__id__":26}],"_components":[{"__type__":"cc.Mask","node":{"__id__":25},"_materials":[{"__uuid__":"ecpdLyjvZBwrvm+cedCcQy"}],"_N$alphaThreshold":0},{"__type__":"cc.Widget","node":{"__id__":25},"_alignFlags":45,"_originalWidth":630,"_originalHeight":80}],"_prefab":{"__type__":"cc.PrefabInfo","root":{"__id__":1},"asset":{"__uuid__":"4eDkKnFEtKhYaOdO4hohPL"},"fileId":"67YlAuSEFOdZlnikAqkyK7"},"_contentSize":{"__type__":"cc.Size","width":599,"height":80},"_trs":{"__type__":"TypedArray","ctor":"Float64Array","array":[0,0,0,0,0,0,1,1,1,1]}},{"__type__":"cc.Node","_name":"content","_parent":{"__id__":25},"_children":[{"__id__":27},{"__id__":33},{"__id__":39},{"__id__":45},{"__id__":51},{"__id__":57},{"__id__":63}],"_components":[{"__type__":"cc.Layout","node":{"__id__":26},"_layoutSize":{"__type__":"cc.Size","width":1028,"height":80},"_resize":1,"_N$layoutType":1,"_N$paddingLeft":27,"_N$paddingRight":27,"_N$spacingX":27,"_N$spacingY":15},{"__type__":"cc.ToggleContainer","node":{"__id__":26}},{"__type__":"cc.Widget","node":{"__id__":26},"_alignFlags":8}],"_prefab":{"__type__":"cc.PrefabInfo","root":{"__id__":1},"asset":{"__uuid__":"4eDkKnFEtKhYaOdO4hohPL"},"fileId":"55dqeK2qdAcoycqphJUJQq"},"_contentSize":{"__type__":"cc.Size","width":1028,"height":80},"_anchorPoint":{"__type__":"cc.Vec2","y":0.5},"_trs":{"__type__":"TypedArray","ctor":"Float64Array","array":[-299.5,0,0,0,0,0,1,1,1,1]}},{"__type__":"cc.Node","_name":"page_1","_parent":{"__id__":26},"_children":[{"__id__":28},{"__id__":30}],"_components":[{"__type__":"cc.Toggle","node":{"__id__":27},"_normalMaterial":{"__uuid__":"ecpdLyjvZBwrvm+cedCcQy"},"duration":0,"zoomScale":0.9,"_N$target":{"__id__":28},"checkMark":{"__id__":32}}],"_prefab":{"__type__":"cc.PrefabInfo","root":{"__id__":1},"asset":{"__uuid__":"4eDkKnFEtKhYaOdO4hohPL"},"fileId":"4eo3XWWyJBn6d9e6RhCBqs"},"_contentSize":{"__type__":"cc.Size","width":116,"height":78},"_trs":{"__type__":"TypedArray","ctor":"Float64Array","array":[85,0,0,0,0,0,1,1,1,1]}},{"__type__":"cc.Node","_name":"backgun1","_parent":{"__id__":27},"_children":[{"__id__":29}],"_components":[{"__type__":"cc.Sprite","node":{"__id__":28},"_materials":[{"__uuid__":"ecpdLyjvZBwrvm+cedCcQy"}],"_spriteFrame":{"__uuid__":"25vAK6jrhKYYEOw4BtgUtp"}}],"_prefab":{"__type__":"cc.PrefabInfo","root":{"__id__":1},"asset":{"__uuid__":"4eDkKnFEtKhYaOdO4hohPL"},"fileId":"72KMFNYeNO1ZEjH8skhZir"},"_color":{"__type__":"cc.Color","r":255,"g":200,"b":200},"_contentSize":{"__type__":"cc.Size","width":116,"height":78},"_trs":{"__type__":"TypedArray","ctor":"Float64Array","array":[0,0,0,0,0,0,1,1,1,0]}},{"__type__":"cc.Node","_name":"bg_lab_day1","_parent":{"__id__":28},"_components":[{"__type__":"41ebaVoPpRA4Kp67XEdHfZn","node":{"__id__":29},"_materials":[{"__uuid__":"ecpdLyjvZBwrvm+cedCcQy"}],"_string":"第一天","_N$string":"第一天","_fontSize":20,"_lineHeight":20,"_N$horizontalAlign":1,"_N$verticalAlign":1,"i18n_string":"newFuli_layer_1_5"}],"_prefab":{"__type__":"cc.PrefabInfo","root":{"__id__":1},"asset":{"__uuid__":"4eDkKnFEtKhYaOdO4hohPL"},"fileId":"cfwMmjg4VAs7ojznU2P0LB"},"_contentSize":{"__type__":"cc.Size","width":60,"height":25.2},"_trs":{"__type__":"TypedArray","ctor":"Float64Array","array":[0,0,0,0,0,0,1,1,1,1]}},{"__type__":"cc.Node","_name":"clickd1","_parent":{"__id__":27},"_children":[{"__id__":31}],"_components":[{"__id__":32}],"_prefab":{"__type__":"cc.PrefabInfo","root":{"__id__":1},"asset":{"__uuid__":"4eDkKnFEtKhYaOdO4hohPL"},"fileId":"85pTNkw+hHxIfk6yZGjnDk"},"_contentSize":{"__type__":"cc.Size","width":116,"height":78},"_trs":{"__type__":"TypedArray","ctor":"Float64Array","array":[0,0,0,0,0,0,1,1,1,1]}},{"__type__":"cc.Node","_name":"click_lab_day1","_parent":{"__id__":30},"_components":[{"__type__":"41ebaVoPpRA4Kp67XEdHfZn","node":{"__id__":31},"_materials":[{"__uuid__":"ecpdLyjvZBwrvm+cedCcQy"}],"_string":"第一天","_N$string":"第一天","_fontSize":20,"_lineHeight":20,"_N$file":{"__uuid__":"farb0WbWZMgrGmuICOt0MU"},"_isSystemFontUsed":false,"_N$horizontalAlign":1,"_N$verticalAlign":1,"i18n_string":"newFuli_layer_1_6"}],"_prefab":{"__type__":"cc.PrefabInfo","root":{"__id__":1},"asset":{"__uuid__":"4eDkKnFEtKhYaOdO4hohPL"},"fileId":"93g5PEg/hFSoVraHcslQA5"},"_color":{"__type__":"cc.Color","r":111,"g":48,"b":16},"_contentSize":{"__type__":"cc.Size","width":60,"height":25.2},"_trs":{"__type__":"TypedArray","ctor":"Float64Array","array":[0,0,0,0,0,0,1,1,1,1]}},{"__type__":"cc.Sprite","node":{"__id__":30},"_materials":[{"__uuid__":"ecpdLyjvZBwrvm+cedCcQy"}],"_spriteFrame":{"__uuid__":"15eAROFfBDqoQ+7Jx9rJgy"}},{"__type__":"cc.Node","_name":"page_2","_parent":{"__id__":26},"_children":[{"__id__":34},{"__id__":36}],"_components":[{"__type__":"cc.Toggle","node":{"__id__":33},"_N$target":{"__id__":34},"_N$isChecked":false,"checkMark":{"__id__":38}}],"_prefab":{"__type__":"cc.PrefabInfo","root":{"__id__":1},"asset":{"__uuid__":"4eDkKnFEtKhYaOdO4hohPL"},"fileId":"5fO0E7cJZNYpLeHXQX6u32"},"_contentSize":{"__type__":"cc.Size","width":116,"height":78},"_trs":{"__type__":"TypedArray","ctor":"Float64Array","array":[228,0,0,0,0,0,1,1,1,1]}},{"__type__":"cc.Node","_name":"backgun2","_parent":{"__id__":33},"_children":[{"__id__":35}],"_components":[{"__type__":"cc.Sprite","node":{"__id__":34},"_materials":[{"__uuid__":"ecpdLyjvZBwrvm+cedCcQy"}],"_spriteFrame":{"__uuid__":"25vAK6jrhKYYEOw4BtgUtp"}}],"_prefab":{"__type__":"cc.PrefabInfo","root":{"__id__":1},"asset":{"__uuid__":"4eDkKnFEtKhYaOdO4hohPL"},"fileId":"dbNbVwFIlK06fj2krT+6ya"},"_color":{"__type__":"cc.Color","r":255,"g":200,"b":200},"_contentSize":{"__type__":"cc.Size","width":116,"height":78},"_trs":{"__type__":"TypedArray","ctor":"Float64Array","array":[0,0,0,0,0,0,1,1,1,1]}},{"__type__":"cc.Node","_name":"bg_lab_day2","_parent":{"__id__":34},"_components":[{"__type__":"41ebaVoPpRA4Kp67XEdHfZn","node":{"__id__":35},"_materials":[{"__uuid__":"ecpdLyjvZBwrvm+cedCcQy"}],"_string":"第二天","_N$string":"第二天","_fontSize":20,"_lineHeight":20,"_N$file":{"__uuid__":"farb0WbWZMgrGmuICOt0MU"},"_isSystemFontUsed":false,"_N$horizontalAlign":1,"_N$verticalAlign":1,"i18n_string":"newFuli_layer_1_7"}],"_prefab":{"__type__":"cc.PrefabInfo","root":{"__id__":1},"asset":{"__uuid__":"4eDkKnFEtKhYaOdO4hohPL"},"fileId":"70KIpKt/hCO7wmFODuj2A3"},"_contentSize":{"__type__":"cc.Size","width":60,"height":25.2},"_trs":{"__type__":"TypedArray","ctor":"Float64Array","array":[0,0,0,0,0,0,1,1,1,1]}},{"__type__":"cc.Node","_name":"clickd2","_parent":{"__id__":33},"_children":[{"__id__":37}],"_active":false,"_components":[{"__id__":38}],"_prefab":{"__type__":"cc.PrefabInfo","root":{"__id__":1},"asset":{"__uuid__":"4eDkKnFEtKhYaOdO4hohPL"},"fileId":"4abTxeEz5Mv4CgWvsVD82C"},"_contentSize":{"__type__":"cc.Size","width":116,"height":78},"_trs":{"__type__":"TypedArray","ctor":"Float64Array","array":[0,0,0,0,0,0,1,1,1,1]}},{"__type__":"cc.Node","_name":"click_lab_day2","_parent":{"__id__":36},"_components":[{"__type__":"41ebaVoPpRA4Kp67XEdHfZn","node":{"__id__":37},"_string":"第二天","_N$string":"第二天","_fontSize":20,"_lineHeight":20,"_N$horizontalAlign":1,"_N$verticalAlign":1,"i18n_string":"newFuli_layer_1_8"}],"_prefab":{"__type__":"cc.PrefabInfo","root":{"__id__":1},"asset":{"__uuid__":"4eDkKnFEtKhYaOdO4hohPL"},"fileId":"76vHtv365Go56UHPHjKQVW"},"_color":{"__type__":"cc.Color","r":111,"g":48,"b":16},"_contentSize":{"__type__":"cc.Size","width":60,"height":37.8},"_trs":{"__type__":"TypedArray","ctor":"Float64Array","array":[0,0,0,0,0,0,1,1,1,1]}},{"__type__":"cc.Sprite","node":{"__id__":36},"_materials":[{"__uuid__":"ecpdLyjvZBwrvm+cedCcQy"}],"_spriteFrame":{"__uuid__":"15eAROFfBDqoQ+7Jx9rJgy"}},{"__type__":"cc.Node","_name":"page_3","_parent":{"__id__":26},"_children":[{"__id__":40},{"__id__":42}],"_components":[{"__type__":"cc.Toggle","node":{"__id__":39},"_N$target":{"__id__":40},"_N$isChecked":false,"checkMark":{"__id__":44}}],"_prefab":{"__type__":"cc.PrefabInfo","root":{"__id__":1},"asset":{"__uuid__":"4eDkKnFEtKhYaOdO4hohPL"},"fileId":"ccRtiUKxxKn67OeaVRtSbP"},"_contentSize":{"__type__":"cc.Size","width":116,"height":78},"_trs":{"__type__":"TypedArray","ctor":"Float64Array","array":[371,0,0,0,0,0,1,1,1,1]}},{"__type__":"cc.Node","_name":"backgun3","_parent":{"__id__":39},"_children":[{"__id__":41}],"_components":[{"__type__":"cc.Sprite","node":{"__id__":40},"_materials":[{"__uuid__":"ecpdLyjvZBwrvm+cedCcQy"}],"_spriteFrame":{"__uuid__":"25vAK6jrhKYYEOw4BtgUtp"}}],"_prefab":{"__type__":"cc.PrefabInfo","root":{"__id__":1},"asset":{"__uuid__":"4eDkKnFEtKhYaOdO4hohPL"},"fileId":"f3SCt+VUpJHbfroeiuMFHb"},"_color":{"__type__":"cc.Color","r":255,"g":200,"b":200},"_contentSize":{"__type__":"cc.Size","width":116,"height":78},"_trs":{"__type__":"TypedArray","ctor":"Float64Array","array":[0,0,0,0,0,0,1,1,1,1]}},{"__type__":"cc.Node","_name":"bg_lab_day3","_parent":{"__id__":40},"_components":[{"__type__":"41ebaVoPpRA4Kp67XEdHfZn","node":{"__id__":41},"_materials":[{"__uuid__":"ecpdLyjvZBwrvm+cedCcQy"}],"_string":"第三天","_N$string":"第三天","_fontSize":20,"_lineHeight":20,"_N$file":{"__uuid__":"farb0WbWZMgrGmuICOt0MU"},"_isSystemFontUsed":false,"_N$horizontalAlign":1,"_N$verticalAlign":1,"i18n_string":"newFuli_layer_1_9"}],"_prefab":{"__type__":"cc.PrefabInfo","root":{"__id__":1},"asset":{"__uuid__":"4eDkKnFEtKhYaOdO4hohPL"},"fileId":"374l8JIfJBWa2y5sESV5fA"},"_contentSize":{"__type__":"cc.Size","width":60,"height":25.2},"_trs":{"__type__":"TypedArray","ctor":"Float64Array","array":[0,0,0,0,0,0,1,1,1,1]}},{"__type__":"cc.Node","_name":"clickd3","_parent":{"__id__":39},"_children":[{"__id__":43}],"_active":false,"_components":[{"__id__":44}],"_prefab":{"__type__":"cc.PrefabInfo","root":{"__id__":1},"asset":{"__uuid__":"4eDkKnFEtKhYaOdO4hohPL"},"fileId":"4cQnNcj9xNz4/Qvu8vQ5Iw"},"_contentSize":{"__type__":"cc.Size","width":116,"height":78},"_trs":{"__type__":"TypedArray","ctor":"Float64Array","array":[0,2.842170943040401e-14,0,0,0,0,1,1,1,1]}},{"__type__":"cc.Node","_name":"click_lab_day3","_parent":{"__id__":42},"_components":[{"__type__":"41ebaVoPpRA4Kp67XEdHfZn","node":{"__id__":43},"_string":"第三天","_N$string":"第三天","_fontSize":20,"_lineHeight":20,"_N$horizontalAlign":1,"_N$verticalAlign":1,"i18n_string":"newFuli_layer_1_10"}],"_prefab":{"__type__":"cc.PrefabInfo","root":{"__id__":1},"asset":{"__uuid__":"4eDkKnFEtKhYaOdO4hohPL"},"fileId":"c3ziaSHk9Ld6PgzLwRrUCI"},"_color":{"__type__":"cc.Color","r":111,"g":48,"b":16},"_contentSize":{"__type__":"cc.Size","width":60,"height":37.8},"_trs":{"__type__":"TypedArray","ctor":"Float64Array","array":[0,0,0,0,0,0,1,1,1,1]}},{"__type__":"cc.Sprite","node":{"__id__":42},"_materials":[{"__uuid__":"ecpdLyjvZBwrvm+cedCcQy"}],"_spriteFrame":{"__uuid__":"15eAROFfBDqoQ+7Jx9rJgy"}},{"__type__":"cc.Node","_name":"page_4","_parent":{"__id__":26},"_children":[{"__id__":46},{"__id__":48}],"_components":[{"__type__":"cc.Toggle","node":{"__id__":45},"_N$target":{"__id__":46},"_N$isChecked":false,"checkMark":{"__id__":50}}],"_prefab":{"__type__":"cc.PrefabInfo","root":{"__id__":1},"asset":{"__uuid__":"4eDkKnFEtKhYaOdO4hohPL"},"fileId":"8fJvEmjJNP6Kw9fpARURmL"},"_contentSize":{"__type__":"cc.Size","width":116,"height":78},"_trs":{"__type__":"TypedArray","ctor":"Float64Array","array":[514,0,0,0,0,0,1,1,1,1]}},{"__type__":"cc.Node","_name":"backgun4","_parent":{"__id__":45},"_children":[{"__id__":47}],"_components":[{"__type__":"cc.Sprite","node":{"__id__":46},"_materials":[{"__uuid__":"ecpdLyjvZBwrvm+cedCcQy"}],"_spriteFrame":{"__uuid__":"25vAK6jrhKYYEOw4BtgUtp"}}],"_prefab":{"__type__":"cc.PrefabInfo","root":{"__id__":1},"asset":{"__uuid__":"4eDkKnFEtKhYaOdO4hohPL"},"fileId":"43qd4pZSFBL6HU5hRwswdx"},"_color":{"__type__":"cc.Color","r":255,"g":200,"b":200},"_contentSize":{"__type__":"cc.Size","width":116,"height":78},"_trs":{"__type__":"TypedArray","ctor":"Float64Array","array":[0,0,0,0,0,0,1,1,1,1]}},{"__type__":"cc.Node","_name":"bg_lab_day4","_parent":{"__id__":46},"_components":[{"__type__":"41ebaVoPpRA4Kp67XEdHfZn","node":{"__id__":47},"_materials":[{"__uuid__":"ecpdLyjvZBwrvm+cedCcQy"}],"_string":"第四天","_N$string":"第四天","_fontSize":20,"_lineHeight":20,"_N$file":{"__uuid__":"farb0WbWZMgrGmuICOt0MU"},"_isSystemFontUsed":false,"_N$horizontalAlign":1,"_N$verticalAlign":1,"i18n_string":"newFuli_layer_1_11"}],"_prefab":{"__type__":"cc.PrefabInfo","root":{"__id__":1},"asset":{"__uuid__":"4eDkKnFEtKhYaOdO4hohPL"},"fileId":"32sM4uLnFPVZ5B9J9w1rBM"},"_contentSize":{"__type__":"cc.Size","width":60,"height":25.2},"_trs":{"__type__":"TypedArray","ctor":"Float64Array","array":[0,0,0,0,0,0,1,1,1,1]}},{"__type__":"cc.Node","_name":"clickd4","_parent":{"__id__":45},"_children":[{"__id__":49}],"_active":false,"_components":[{"__id__":50}],"_prefab":{"__type__":"cc.PrefabInfo","root":{"__id__":1},"asset":{"__uuid__":"4eDkKnFEtKhYaOdO4hohPL"},"fileId":"d8g8ZzN5hFmIJUgPL/esr1"},"_contentSize":{"__type__":"cc.Size","width":116,"height":78},"_trs":{"__type__":"TypedArray","ctor":"Float64Array","array":[0,2.842170943040401e-14,0,0,0,0,1,1,1,1]}},{"__type__":"cc.Node","_name":"click_lab_day4","_parent":{"__id__":48},"_components":[{"__type__":"41ebaVoPpRA4Kp67XEdHfZn","node":{"__id__":49},"_string":"第四天","_N$string":"第四天","_fontSize":20,"_lineHeight":20,"_N$horizontalAlign":1,"_N$verticalAlign":1,"i18n_string":"newFuli_layer_1_12"}],"_prefab":{"__type__":"cc.PrefabInfo","root":{"__id__":1},"asset":{"__uuid__":"4eDkKnFEtKhYaOdO4hohPL"},"fileId":"a0F1MX1cNGSINMCYday7Fc"},"_color":{"__type__":"cc.Color","r":111,"g":48,"b":16},"_contentSize":{"__type__":"cc.Size","width":60,"height":37.8},"_trs":{"__type__":"TypedArray","ctor":"Float64Array","array":[0,0,0,0,0,0,1,1,1,1]}},{"__type__":"cc.Sprite","node":{"__id__":48},"_materials":[{"__uuid__":"ecpdLyjvZBwrvm+cedCcQy"}],"_spriteFrame":{"__uuid__":"15eAROFfBDqoQ+7Jx9rJgy"}},{"__type__":"cc.Node","_name":"page_5","_parent":{"__id__":26},"_children":[{"__id__":52},{"__id__":54}],"_components":[{"__type__":"cc.Toggle","node":{"__id__":51},"_N$target":{"__id__":52},"_N$isChecked":false,"checkMark":{"__id__":56}}],"_prefab":{"__type__":"cc.PrefabInfo","root":{"__id__":1},"asset":{"__uuid__":"4eDkKnFEtKhYaOdO4hohPL"},"fileId":"1ae9HCsFtP67Q1luvmERQU"},"_contentSize":{"__type__":"cc.Size","width":116,"height":78},"_trs":{"__type__":"TypedArray","ctor":"Float64Array","array":[657,0,0,0,0,0,1,1,1,1]}},{"__type__":"cc.Node","_name":"backgun5","_parent":{"__id__":51},"_children":[{"__id__":53}],"_components":[{"__type__":"cc.Sprite","node":{"__id__":52},"_materials":[{"__uuid__":"ecpdLyjvZBwrvm+cedCcQy"}],"_spriteFrame":{"__uuid__":"25vAK6jrhKYYEOw4BtgUtp"}}],"_prefab":{"__type__":"cc.PrefabInfo","root":{"__id__":1},"asset":{"__uuid__":"4eDkKnFEtKhYaOdO4hohPL"},"fileId":"adTdaMWvFNMawXhDHIsPj2"},"_color":{"__type__":"cc.Color","r":255,"g":200,"b":200},"_contentSize":{"__type__":"cc.Size","width":116,"height":78},"_trs":{"__type__":"TypedArray","ctor":"Float64Array","array":[0,0,0,0,0,0,1,1,1,1]}},{"__type__":"cc.Node","_name":"bg_lab_day5","_parent":{"__id__":52},"_components":[{"__type__":"41ebaVoPpRA4Kp67XEdHfZn","node":{"__id__":53},"_materials":[{"__uuid__":"ecpdLyjvZBwrvm+cedCcQy"}],"_string":"第五天","_N$string":"第五天","_fontSize":20,"_lineHeight":20,"_N$file":{"__uuid__":"farb0WbWZMgrGmuICOt0MU"},"_isSystemFontUsed":false,"_N$horizontalAlign":1,"_N$verticalAlign":1,"i18n_string":"newFuli_layer_1_13"}],"_prefab":{"__type__":"cc.PrefabInfo","root":{"__id__":1},"asset":{"__uuid__":"4eDkKnFEtKhYaOdO4hohPL"},"fileId":"34GZDmdklJBZwgMZEJJc2c"},"_contentSize":{"__type__":"cc.Size","width":60,"height":25.2},"_trs":{"__type__":"TypedArray","ctor":"Float64Array","array":[0,0,0,0,0,0,1,1,1,1]}},{"__type__":"cc.Node","_name":"clickd5","_parent":{"__id__":51},"_children":[{"__id__":55}],"_active":false,"_components":[{"__id__":56}],"_prefab":{"__type__":"cc.PrefabInfo","root":{"__id__":1},"asset":{"__uuid__":"4eDkKnFEtKhYaOdO4hohPL"},"fileId":"94GaqOvtZF3JwQd6UxInvJ"},"_contentSize":{"__type__":"cc.Size","width":116,"height":78},"_trs":{"__type__":"TypedArray","ctor":"Float64Array","array":[0,2.842170943040401e-14,0,0,0,0,1,1,1,1]}},{"__type__":"cc.Node","_name":"click_lab_day5","_parent":{"__id__":54},"_components":[{"__type__":"41ebaVoPpRA4Kp67XEdHfZn","node":{"__id__":55},"_string":"第五天","_N$string":"第五天","_fontSize":20,"_lineHeight":20,"_N$horizontalAlign":1,"_N$verticalAlign":1,"i18n_string":"newFuli_layer_1_14"}],"_prefab":{"__type__":"cc.PrefabInfo","root":{"__id__":1},"asset":{"__uuid__":"4eDkKnFEtKhYaOdO4hohPL"},"fileId":"7fY1vAzFVHYLuf9jZdt09q"},"_color":{"__type__":"cc.Color","r":111,"g":48,"b":16},"_contentSize":{"__type__":"cc.Size","width":60,"height":37.8},"_trs":{"__type__":"TypedArray","ctor":"Float64Array","array":[0,0,0,0,0,0,1,1,1,1]}},{"__type__":"cc.Sprite","node":{"__id__":54},"_materials":[{"__uuid__":"ecpdLyjvZBwrvm+cedCcQy"}],"_spriteFrame":{"__uuid__":"15eAROFfBDqoQ+7Jx9rJgy"}},{"__type__":"cc.Node","_name":"page_6","_parent":{"__id__":26},"_children":[{"__id__":58},{"__id__":60}],"_components":[{"__type__":"cc.Toggle","node":{"__id__":57},"_N$target":{"__id__":58},"_N$isChecked":false,"checkMark":{"__id__":62}}],"_prefab":{"__type__":"cc.PrefabInfo","root":{"__id__":1},"asset":{"__uuid__":"4eDkKnFEtKhYaOdO4hohPL"},"fileId":"9biaiOPjJF4a6+a305n6iX"},"_contentSize":{"__type__":"cc.Size","width":116,"height":78},"_trs":{"__type__":"TypedArray","ctor":"Float64Array","array":[800,0,0,0,0,0,1,1,1,1]}},{"__type__":"cc.Node","_name":"backgun6","_parent":{"__id__":57},"_children":[{"__id__":59}],"_components":[{"__type__":"cc.Sprite","node":{"__id__":58},"_materials":[{"__uuid__":"ecpdLyjvZBwrvm+cedCcQy"}],"_spriteFrame":{"__uuid__":"25vAK6jrhKYYEOw4BtgUtp"}}],"_prefab":{"__type__":"cc.PrefabInfo","root":{"__id__":1},"asset":{"__uuid__":"4eDkKnFEtKhYaOdO4hohPL"},"fileId":"82hFePTuhHTLHyCC2nV0ns"},"_color":{"__type__":"cc.Color","r":255,"g":200,"b":200},"_contentSize":{"__type__":"cc.Size","width":116,"height":78},"_trs":{"__type__":"TypedArray","ctor":"Float64Array","array":[0,0,0,0,0,0,1,1,1,1]}},{"__type__":"cc.Node","_name":"bg_lab_day6","_parent":{"__id__":58},"_components":[{"__type__":"41ebaVoPpRA4Kp67XEdHfZn","node":{"__id__":59},"_materials":[{"__uuid__":"ecpdLyjvZBwrvm+cedCcQy"}],"_string":"第六天","_N$string":"第六天","_fontSize":20,"_lineHeight":20,"_N$file":{"__uuid__":"farb0WbWZMgrGmuICOt0MU"},"_isSystemFontUsed":false,"_N$horizontalAlign":1,"_N$verticalAlign":1,"i18n_string":"newFuli_layer_1_15"}],"_prefab":{"__type__":"cc.PrefabInfo","root":{"__id__":1},"asset":{"__uuid__":"4eDkKnFEtKhYaOdO4hohPL"},"fileId":"09Rg7Md95E4pylst4wMTZ3"},"_contentSize":{"__type__":"cc.Size","width":60,"height":25.2},"_trs":{"__type__":"TypedArray","ctor":"Float64Array","array":[0,0,0,0,0,0,1,1,1,1]}},{"__type__":"cc.Node","_name":"clickd6","_parent":{"__id__":57},"_children":[{"__id__":61}],"_active":false,"_components":[{"__id__":62}],"_prefab":{"__type__":"cc.PrefabInfo","root":{"__id__":1},"asset":{"__uuid__":"4eDkKnFEtKhYaOdO4hohPL"},"fileId":"75lB7r1QNBD4j1bZ0zKheX"},"_contentSize":{"__type__":"cc.Size","width":116,"height":78},"_trs":{"__type__":"TypedArray","ctor":"Float64Array","array":[0,2.842170943040401e-14,0,0,0,0,1,1,1,1]}},{"__type__":"cc.Node","_name":"click_lab_day6","_parent":{"__id__":60},"_components":[{"__type__":"41ebaVoPpRA4Kp67XEdHfZn","node":{"__id__":61},"_string":"第六天","_N$string":"第六天","_fontSize":20,"_lineHeight":20,"_N$horizontalAlign":1,"_N$verticalAlign":1,"i18n_string":"newFuli_layer_1_16"}],"_prefab":{"__type__":"cc.PrefabInfo","root":{"__id__":1},"asset":{"__uuid__":"4eDkKnFEtKhYaOdO4hohPL"},"fileId":"3dlj3rBHhJEYT1pKIwoUo7"},"_color":{"__type__":"cc.Color","r":111,"g":48,"b":16},"_contentSize":{"__type__":"cc.Size","width":60,"height":37.8},"_trs":{"__type__":"TypedArray","ctor":"Float64Array","array":[0,0,0,0,0,0,1,1,1,1]}},{"__type__":"cc.Sprite","node":{"__id__":60},"_materials":[{"__uuid__":"ecpdLyjvZBwrvm+cedCcQy"}],"_spriteFrame":{"__uuid__":"15eAROFfBDqoQ+7Jx9rJgy"}},{"__type__":"cc.Node","_name":"page_7","_parent":{"__id__":26},"_children":[{"__id__":64},{"__id__":66}],"_components":[{"__type__":"cc.Toggle","node":{"__id__":63},"_N$target":{"__id__":64},"_N$isChecked":false,"checkMark":{"__id__":68}}],"_prefab":{"__type__":"cc.PrefabInfo","root":{"__id__":1},"asset":{"__uuid__":"4eDkKnFEtKhYaOdO4hohPL"},"fileId":"41UTUs7vpHO5y6oWEbr9/P"},"_contentSize":{"__type__":"cc.Size","width":116,"height":78},"_trs":{"__type__":"TypedArray","ctor":"Float64Array","array":[943,0,0,0,0,0,1,1,1,1]}},{"__type__":"cc.Node","_name":"backgun7","_parent":{"__id__":63},"_children":[{"__id__":65}],"_components":[{"__type__":"cc.Sprite","node":{"__id__":64},"_materials":[{"__uuid__":"ecpdLyjvZBwrvm+cedCcQy"}],"_spriteFrame":{"__uuid__":"25vAK6jrhKYYEOw4BtgUtp"}}],"_prefab":{"__type__":"cc.PrefabInfo","root":{"__id__":1},"asset":{"__uuid__":"4eDkKnFEtKhYaOdO4hohPL"},"fileId":"66yjcynBtHhrcm4fFq4+N2"},"_color":{"__type__":"cc.Color","r":255,"g":200,"b":200},"_contentSize":{"__type__":"cc.Size","width":116,"height":78},"_trs":{"__type__":"TypedArray","ctor":"Float64Array","array":[0,0,0,0,0,0,1,1,1,1]}},{"__type__":"cc.Node","_name":"bg_lab_day7","_parent":{"__id__":64},"_components":[{"__type__":"41ebaVoPpRA4Kp67XEdHfZn","node":{"__id__":65},"_materials":[{"__uuid__":"ecpdLyjvZBwrvm+cedCcQy"}],"_string":"第七天","_N$string":"第七天","_fontSize":20,"_lineHeight":20,"_N$file":{"__uuid__":"farb0WbWZMgrGmuICOt0MU"},"_isSystemFontUsed":false,"_N$horizontalAlign":1,"_N$verticalAlign":1,"i18n_string":"newFuli_layer_1_17"}],"_prefab":{"__type__":"cc.PrefabInfo","root":{"__id__":1},"asset":{"__uuid__":"4eDkKnFEtKhYaOdO4hohPL"},"fileId":"19mYWPPAZJMpzSaDOMXNq5"},"_contentSize":{"__type__":"cc.Size","width":60,"height":25.2},"_trs":{"__type__":"TypedArray","ctor":"Float64Array","array":[0,0,0,0,0,0,1,1,1,1]}},{"__type__":"cc.Node","_name":"clickd7","_parent":{"__id__":63},"_children":[{"__id__":67}],"_active":false,"_components":[{"__id__":68}],"_prefab":{"__type__":"cc.PrefabInfo","root":{"__id__":1},"asset":{"__uuid__":"4eDkKnFEtKhYaOdO4hohPL"},"fileId":"75vTpLn4ZCFalt5OOxqhDq"},"_contentSize":{"__type__":"cc.Size","width":116,"height":78},"_trs":{"__type__":"TypedArray","ctor":"Float64Array","array":[0,2.842170943040401e-14,0,0,0,0,1,1,1,1]}},{"__type__":"cc.Node","_name":"click_lab_day7","_parent":{"__id__":66},"_components":[{"__type__":"41ebaVoPpRA4Kp67XEdHfZn","node":{"__id__":67},"_string":"第七天","_N$string":"第七天","_fontSize":20,"_lineHeight":20,"_N$horizontalAlign":1,"_N$verticalAlign":1,"i18n_string":"newFuli_layer_1_18"}],"_prefab":{"__type__":"cc.PrefabInfo","root":{"__id__":1},"asset":{"__uuid__":"4eDkKnFEtKhYaOdO4hohPL"},"fileId":"90LRPuIOtBio4eKkTiWGIU"},"_color":{"__type__":"cc.Color","r":111,"g":48,"b":16},"_contentSize":{"__type__":"cc.Size","width":60,"height":37.8},"_trs":{"__type__":"TypedArray","ctor":"Float64Array","array":[0,0,0,0,0,0,1,1,1,1]}},{"__type__":"cc.Sprite","node":{"__id__":66},"_materials":[{"__uuid__":"ecpdLyjvZBwrvm+cedCcQy"}],"_spriteFrame":{"__uuid__":"15eAROFfBDqoQ+7Jx9rJgy"}},{"__type__":"cc.Node","_name":"ScrollView","_parent":{"__id__":4},"_children":[{"__id__":70}],"_components":[{"__type__":"cc.ScrollView","node":{"__id__":69},"horizontal":false,"brake":0.75,"bounceDuration":0.23,"_N$content":{"__id__":71},"content":{"__id__":71},"_N$horizontalScrollBar":null,"_N$verticalScrollBar":null},{"__type__":"cc.Sprite","node":{"__id__":69},"_materials":[{"__uuid__":"ecpdLyjvZBwrvm+cedCcQy"}],"_spriteFrame":{"__uuid__":"90rqTNJ/pIaKV+dOUNBF8U"}}],"_prefab":{"__type__":"cc.PrefabInfo","root":{"__id__":1},"asset":{"__uuid__":"4eDkKnFEtKhYaOdO4hohPL"},"fileId":"2c/wVKz9VJrJSAwxObbSO7"},"_contentSize":{"__type__":"cc.Size","width":588,"height":566},"_trs":{"__type__":"TypedArray","ctor":"Float64Array","array":[0,-204.446,0,0,0,0,1,1,1,1]}},{"__type__":"cc.Node","_name":"viewbody","_parent":{"__id__":69},"_children":[{"__id__":71}],"_components":[{"__type__":"cc.Mask","node":{"__id__":70},"_materials":[{"__uuid__":"ecpdLyjvZBwrvm+cedCcQy"}],"_N$alphaThreshold":0}],"_prefab":{"__type__":"cc.PrefabInfo","root":{"__id__":1},"asset":{"__uuid__":"4eDkKnFEtKhYaOdO4hohPL"},"fileId":"c9/RctM99J0pjJCP1Tg3X/"},"_contentSize":{"__type__":"cc.Size","width":588,"height":566},"_trs":{"__type__":"TypedArray","ctor":"Float64Array","array":[0,0,0,0,0,0,1,1,1,1]}},{"__type__":"cc.Node","_name":"contentbody","_parent":{"__id__":70},"_components":[{"__type__":"cc.Layout","node":{"__id__":71},"_layoutSize":{"__type__":"cc.Size","width":588,"height":5},"_resize":1,"_N$layoutType":2,"_N$paddingTop":20,"_N$spacingY":15}],"_prefab":{"__type__":"cc.PrefabInfo","root":{"__id__":1},"asset":{"__uuid__":"4eDkKnFEtKhYaOdO4hohPL"},"fileId":"5bnJzk6FdHvKKKtg9/0U3J"},"_contentSize":{"__type__":"cc.Size","width":588,"height":5},"_anchorPoint":{"__type__":"cc.Vec2","x":0.5,"y":1},"_trs":{"__type__":"TypedArray","ctor":"Float64Array","array":[0,283,0,0,0,0,1,1,1,1]}},{"__type__":"cc.Node","_name":"ic_guanbi2","_parent":{"__id__":1},"_components":[{"__type__":"cc.Sprite","node":{"__id__":72},"_materials":[{"__uuid__":"ecpdLyjvZBwrvm+cedCcQy"}],"_spriteFrame":{"__uuid__":"5c4o7no3NMH7pZupb0latf"}}],"_prefab":{"__type__":"cc.PrefabInfo","root":{"__id__":1},"asset":{"__uuid__":"4eDkKnFEtKhYaOdO4hohPL"},"fileId":"25Vr6GWg5BJZuocnByANfJ"},"_contentSize":{"__type__":"cc.Size","width":84,"height":84},"_trs":{"__type__":"TypedArray","ctor":"Float64Array","array":[288,505.634,0,0,0,0,1,1,1,1]}}],{"__type__":"cc.SpriteFrame","content":{"name":"pic_zfb","texture":"02krqH8i1AdZB/lC2WegR2","rect":[875,371,60,60],"offset":[0,0],"originalSize":[60,60],"capInsets":[0,0,0,0]}},{"__type__":"cc.SpriteFrame","content":{"name":"ic_guanbi2","texture":"02krqH8i1AdZB/lC2WegR2","rect":[789,371,84,84],"offset":[0,0],"originalSize":[84,84],"capInsets":[0,0,0,0]}},{"__type__":"cc.SpriteFrame","content":{"name":"bg_xinrenfuli2","texture":"65yMuZClZBsLNLtz06Gc9O","rect":[1,1025,588,566],"offset":[0,0],"originalSize":[588,566],"capInsets":[0,0,0,0]}},{"__type__":"cc.SpriteFrame","content":{"name":"bg_xiangqing2","texture":"e0kPQXrAlLBp/dRPfCD6sk","rect":[1,277,586,134],"offset":[0,0],"originalSize":[586,134],"capInsets":[0,31,0,47]}},{"__type__":"cc.SpriteFrame","content":{"name":"default_sprite_splash","texture":"02delMVqdBD70a/HSD99FK","rect":[0,0,2,2],"offset":[0,0],"originalSize":[2,2],"capInsets":[0,0,0,0]}},{"__type__":"cc.SpriteFrame","content":{"name":"img_title","texture":"36otX/aM1E4Zo+o68pRLtJ","rect":[1,1,304,110],"offset":[0,0],"originalSize":[304,110],"capInsets":[0,0,0,0]}},{"__type__":"cc.SpriteFrame","content":{"name":"weixin","texture":"e0kPQXrAlLBp/dRPfCD6sk","rect":[573,437,32,32],"offset":[0,0],"originalSize":[32,32],"capInsets":[0,0,0,0]}},{"__type__":"cc.SpriteFrame","content":{"name":"ic_hongbao","texture":"02krqH8i1AdZB/lC2WegR2","rect":[877,53,50,50],"offset":[0,0],"originalSize":[50,50],"capInsets":[0,0,0,0]}},{"__type__":"cc.SpriteFrame","content":{"name":"pic_jindu","texture":"e0kPQXrAlLBp/dRPfCD6sk","rect":[1,595,352,28],"offset":[0,0],"originalSize":[352,28],"capInsets":[150,0,150,0]}},{"__type__":"cc.SpriteFrame","content":{"name":"bg_paowang","texture":"5fIZ6eNjtLcoTSqUYB8890","rect":[1,0,657,808],"offset":[0.5,0],"originalSize":[658,808],"capInsets":[248.5,335,248.5,335]}}]