[{"__type__":"cc.SpriteFrame","content":{"name":"btn_huang","texture":"36otX/aM1E4Zo+o68pRLtJ","rect":[367,1,146,52],"offset":[0,0],"originalSize":[150,56],"rotated":1,"capInsets":[23,15,23,16]}},[{"__type__":"cc.Prefab","_name":"item_newfuli","data":{"__id__":1}},{"__type__":"cc.Node","_name":"item_newfuli","_children":[{"__id__":2},{"__id__":4},{"__id__":5},{"__id__":6},{"__id__":7},{"__id__":9},{"__id__":11}],"_components":[{"__type__":"cc.Sprite","node":{"__id__":1},"_materials":[{"__uuid__":"ecpdLyjvZBwrvm+cedCcQy"}],"_spriteFrame":{"__uuid__":"944ED2AspIqLInYlAAQNlN"},"_type":1,"_sizeMode":0},{"__type__":"97d3dLN/HpIN5hEack1HrSD","node":{"__id__":1}}],"_prefab":{"__type__":"cc.PrefabInfo","root":{"__id__":1},"asset":{"__uuid__":"4c0I/pZ2hMdaIx4HcS2fnk"},"fileId":"c5aEjKuo1FuIFwS4gvqQCq"},"_contentSize":{"__type__":"cc.Size","width":550,"height":120},"_trs":{"__type__":"TypedArray","ctor":"Float64Array","array":[0,-80,0,0,0,0,1,1,1,1]}},{"__type__":"cc.Node","_name":"bg_jingyandi","_parent":{"__id__":1},"_children":[{"__id__":3}],"_components":[{"__type__":"cc.Sprite","node":{"__id__":2},"_materials":[{"__uuid__":"ecpdLyjvZBwrvm+cedCcQy"}],"_spriteFrame":{"__uuid__":"e5SPLXKr1EHLspqks1M8v9"},"_type":1}],"_prefab":{"__type__":"cc.PrefabInfo","root":{"__id__":1},"asset":{"__uuid__":"4c0I/pZ2hMdaIx4HcS2fnk"},"fileId":"6du+WzfyxJIKF18Sl5359s"},"_contentSize":{"__type__":"cc.Size","width":262,"height":22},"_trs":{"__type__":"TypedArray","ctor":"Float64Array","array":[-113.966,0,0,0,0,0,1,1,1,1]}},{"__type__":"cc.Node","_name":"pic_jindu","_parent":{"__id__":2},"_components":[{"__type__":"cc.Sprite","node":{"__id__":3},"_materials":[{"__uuid__":"ecpdLyjvZBwrvm+cedCcQy"}],"_spriteFrame":{"__uuid__":"725FmAdE9BVpeA/gVkfvA4"},"_type":3,"_sizeMode":0}],"_prefab":{"__type__":"cc.PrefabInfo","root":{"__id__":1},"asset":{"__uuid__":"4c0I/pZ2hMdaIx4HcS2fnk"},"fileId":"77SvF1cPNF0bd4Ge6YqZmd"},"_contentSize":{"__type__":"cc.Size","width":258,"height":19},"_anchorPoint":{"__type__":"cc.Vec2","y":0.5},"_trs":{"__type__":"TypedArray","ctor":"Float64Array","array":[-129.194,0,0,0,0,0,1,1,1,1]}},{"__type__":"cc.Node","_name":"lab_title1","_parent":{"__id__":1},"_components":[{"__type__":"cc.Label","node":{"__id__":4},"_materials":[{"__uuid__":"ecpdLyjvZBwrvm+cedCcQy"}],"_useOriginalSize":false,"_string":"观看视频10次","_N$string":"观看视频10次","_fontSize":22,"_lineHeight":30,"_N$horizontalAlign":1,"_N$verticalAlign":1}],"_prefab":{"__type__":"cc.PrefabInfo","root":{"__id__":1},"asset":{"__uuid__":"4c0I/pZ2hMdaIx4HcS2fnk"},"fileId":"d7nHSl8AxHXZz1HsDgO3lm"},"_color":{"__type__":"cc.Color","r":110,"g":60,"b":14},"_contentSize":{"__type__":"cc.Size","width":134.47,"height":37.8},"_anchorPoint":{"__type__":"cc.Vec2","y":0.5},"_trs":{"__type__":"TypedArray","ctor":"Float64Array","array":[-241.383,32.18,0,0,0,0,1,1,1,1]}},{"__type__":"cc.Node","_name":"lab_title2","_parent":{"__id__":1},"_components":[{"__type__":"cc.Label","node":{"__id__":5},"_materials":[{"__uuid__":"ecpdLyjvZBwrvm+cedCcQy"}],"_useOriginalSize":false,"_string":"提现进度+5","_N$string":"提现进度+5","_fontSize":22,"_lineHeight":22,"_N$file":{"__uuid__":"farb0WbWZMgrGmuICOt0MU"},"_isSystemFontUsed":false,"_N$horizontalAlign":1,"_N$verticalAlign":1}],"_prefab":{"__type__":"cc.PrefabInfo","root":{"__id__":1},"asset":{"__uuid__":"4c0I/pZ2hMdaIx4HcS2fnk"},"fileId":"2eD/8Y5AJFe5OclflaTd84"},"_color":{"__type__":"cc.Color","r":110,"g":60,"b":14},"_contentSize":{"__type__":"cc.Size","width":113.09,"height":27.72},"_anchorPoint":{"__type__":"cc.Vec2","y":0.5},"_trs":{"__type__":"TypedArray","ctor":"Float64Array","array":[-241.383,-34.824,0,0,0,0,1,1,1,1]}},{"__type__":"cc.Node","_name":"lab_jindu","_parent":{"__id__":1},"_components":[{"__type__":"cc.Label","node":{"__id__":6},"_materials":[{"__uuid__":"ecpdLyjvZBwrvm+cedCcQy"}],"_useOriginalSize":false,"_string":"1/10","_N$string":"1/10","_fontSize":15,"_lineHeight":30,"_N$file":{"__uuid__":"41fwEWuyVLWaqNiOyZwKIo"},"_isSystemFontUsed":false,"_N$horizontalAlign":1,"_N$verticalAlign":1}],"_prefab":{"__type__":"cc.PrefabInfo","root":{"__id__":1},"asset":{"__uuid__":"4c0I/pZ2hMdaIx4HcS2fnk"},"fileId":"acI1bv3SFHla7621mVGQQx"},"_contentSize":{"__type__":"cc.Size","width":31.88,"height":30},"_trs":{"__type__":"TypedArray","ctor":"Float64Array","array":[-117,0,0,0,0,0,1,1,1,1]}},{"__type__":"cc.Node","_name":"btn_lingqu","_parent":{"__id__":1},"_children":[{"__id__":8}],"_components":[{"__type__":"cc.Sprite","node":{"__id__":7},"_materials":[{"__uuid__":"ecpdLyjvZBwrvm+cedCcQy"}],"_spriteFrame":{"__uuid__":"78NFm4B7RLoJPNog8LPG0r"}},{"__type__":"cc.Button","node":{"__id__":7},"_normalMaterial":{"__uuid__":"ecpdLyjvZBwrvm+cedCcQy"},"zoomScale":0.9,"_N$transition":3,"transition":3}],"_prefab":{"__type__":"cc.PrefabInfo","root":{"__id__":1},"asset":{"__uuid__":"4c0I/pZ2hMdaIx4HcS2fnk"},"fileId":"92dxRh6GhO173ln+uZJCfC"},"_contentSize":{"__type__":"cc.Size","width":146,"height":52},"_trs":{"__type__":"TypedArray","ctor":"Float64Array","array":[189.744,0,0,0,0,0,1,1,1,1]}},{"__type__":"cc.Node","_name":"font_lingqu","_parent":{"__id__":7},"_components":[{"__type__":"41ebaVoPpRA4Kp67XEdHfZn","node":{"__id__":8},"_materials":[{"__uuid__":"ecpdLyjvZBwrvm+cedCcQy"}],"_string":"领取","_N$string":"领取","_fontSize":24,"_lineHeight":24,"_N$file":{"__uuid__":"farb0WbWZMgrGmuICOt0MU"},"_isSystemFontUsed":false,"_N$horizontalAlign":1,"_N$verticalAlign":1,"i18n_string":"item_newfuli_1_2"}],"_prefab":{"__type__":"cc.PrefabInfo","root":{"__id__":1},"asset":{"__uuid__":"4c0I/pZ2hMdaIx4HcS2fnk"},"fileId":"40tflrGZdE9on3CxJLUgRF"},"_contentSize":{"__type__":"cc.Size","width":48,"height":30.24},"_trs":{"__type__":"TypedArray","ctor":"Float64Array","array":[0,0,0,0,0,0,1,1,1,1]}},{"__type__":"cc.Node","_name":"btn_qianwang","_parent":{"__id__":1},"_children":[{"__id__":10}],"_components":[{"__type__":"cc.Sprite","node":{"__id__":9},"_materials":[{"__uuid__":"ecpdLyjvZBwrvm+cedCcQy"}],"_spriteFrame":{"__uuid__":"31m6o8ff9Kf5rbYoqd2IHI"}},{"__type__":"cc.Button","node":{"__id__":9},"_normalMaterial":{"__uuid__":"ecpdLyjvZBwrvm+cedCcQy"},"zoomScale":0.9,"_N$transition":3,"transition":3}],"_prefab":{"__type__":"cc.PrefabInfo","root":{"__id__":1},"asset":{"__uuid__":"4c0I/pZ2hMdaIx4HcS2fnk"},"fileId":"b7nh/KRcxErqFJq67G1seB"},"_contentSize":{"__type__":"cc.Size","width":146,"height":52},"_trs":{"__type__":"TypedArray","ctor":"Float64Array","array":[189.193,0,0,0,0,0,1,1,1,1]}},{"__type__":"cc.Node","_name":"font_qianwang","_parent":{"__id__":9},"_components":[{"__type__":"41ebaVoPpRA4Kp67XEdHfZn","node":{"__id__":10},"_materials":[{"__uuid__":"ecpdLyjvZBwrvm+cedCcQy"}],"_string":"前往","_N$string":"前往","_fontSize":24,"_lineHeight":24,"_N$file":{"__uuid__":"farb0WbWZMgrGmuICOt0MU"},"_isSystemFontUsed":false,"_N$horizontalAlign":1,"_N$verticalAlign":1,"i18n_string":"item_newfuli_1_3"}],"_prefab":{"__type__":"cc.PrefabInfo","root":{"__id__":1},"asset":{"__uuid__":"4c0I/pZ2hMdaIx4HcS2fnk"},"fileId":"afzhgfh1RB9YDwMo/d1aAt"},"_contentSize":{"__type__":"cc.Size","width":48,"height":30.24},"_trs":{"__type__":"TypedArray","ctor":"Float64Array","array":[0,0,0,0,0,0,1,1,1,1]}},{"__type__":"cc.Node","_name":"btn_yilingqu","_parent":{"__id__":1},"_children":[{"__id__":12}],"_components":[{"__type__":"cc.Sprite","node":{"__id__":11},"_materials":[{"__uuid__":"ecpdLyjvZBwrvm+cedCcQy"}],"_spriteFrame":{"__uuid__":"bfDuFj/iJDLaFydgA0a1fL"}}],"_prefab":{"__type__":"cc.PrefabInfo","root":{"__id__":1},"asset":{"__uuid__":"4c0I/pZ2hMdaIx4HcS2fnk"},"fileId":"2cDfl3QfFK8pNMA1R1HrV7"},"_contentSize":{"__type__":"cc.Size","width":146,"height":52},"_trs":{"__type__":"TypedArray","ctor":"Float64Array","array":[189.193,0,0,0,0,0,1,1,1,1]}},{"__type__":"cc.Node","_name":"font_yilingqu","_parent":{"__id__":11},"_components":[{"__type__":"41ebaVoPpRA4Kp67XEdHfZn","node":{"__id__":12},"_materials":[{"__uuid__":"ecpdLyjvZBwrvm+cedCcQy"}],"_string":"已领取","_N$string":"已领取","_fontSize":24,"_lineHeight":24,"_N$file":{"__uuid__":"farb0WbWZMgrGmuICOt0MU"},"_isSystemFontUsed":false,"_N$horizontalAlign":1,"_N$verticalAlign":1,"i18n_string":"item_newfuli_1_4"}],"_prefab":{"__type__":"cc.PrefabInfo","root":{"__id__":1},"asset":{"__uuid__":"4c0I/pZ2hMdaIx4HcS2fnk"},"fileId":"8fFBfJYzdN9ps8OYCUn/2p"},"_contentSize":{"__type__":"cc.Size","width":72,"height":30.24},"_trs":{"__type__":"TypedArray","ctor":"Float64Array","array":[0,0,0,0,0,0,1,1,1,1]}}],{"__type__":"cc.SpriteFrame","content":{"name":"pic_jindu","texture":"cadhw0hxpN0pZAs3RLMN8l","rect":[307,561,266,20],"offset":[0,0],"originalSize":[266,20],"capInsets":[10,0,10,0]}},{"__type__":"cc.SpriteFrame","content":{"name":"btn_lv","texture":"36otX/aM1E4Zo+o68pRLtJ","rect":[1,113,146,52],"offset":[0,0],"originalSize":[150,56],"capInsets":[0,0,0,0]}},{"__type__":"cc.SpriteFrame","content":{"name":"bg_xiangqing2","texture":"e0kPQXrAlLBp/dRPfCD6sk","rect":[1,277,586,134],"offset":[0,0],"originalSize":[586,134],"capInsets":[0,31,0,47]}},{"__type__":"cc.SpriteFrame","content":{"name":"btn_hui","texture":"36otX/aM1E4Zo+o68pRLtJ","rect":[421,1,146,52],"offset":[0,0],"originalSize":[150,56],"rotated":1,"capInsets":[0,0,0,0]}},{"__type__":"cc.SpriteFrame","content":{"name":"pic_jindudi","texture":"cadhw0hxpN0pZAs3RLMN8l","rect":[307,583,262,22],"offset":[0,0],"originalSize":[262,22],"capInsets":[0,0,0,0]}}]