[{"__type__":"cc.SpriteFrame","content":{"name":"pic_zhizhen","texture":"b6QYdDxblP/K98GRR8e/vs","rect":[254,1,116,164],"offset":[0,0],"originalSize":[116,164],"capInsets":[0,0,0,0]}},{"__type__":"cc.SpriteFrame","content":{"name":"btn_kaishi","texture":"b6QYdDxblP/K98GRR8e/vs","rect":[1,1,251,101],"offset":[0,0],"originalSize":[251,101],"capInsets":[0,0,0,0]}},{"__type__":"cc.SpriteAtlas","_name":"rollLayer.plist","_spriteFrames":{"btn_kaishi":{"__uuid__":"1b1YC4HZBCcpcdwZ+mHhSX"},"pic_zhizhen":{"__uuid__":"029lqZFdVJbau6wcIPLyv5"}}}]