[{"__type__":"cc.SpriteFrame","content":{"name":"guaidie","texture":"02krqH8i1AdZB/lC2WegR2","rect":[669,375,118,64],"offset":[0,0],"originalSize":[118,64],"capInsets":[0,0,0,0]}},[{"__type__":"cc.Prefab","_name":"guaidie_layer","data":{"__id__":1}},{"__type__":"cc.Node","_name":"guaidie_layer","_children":[{"__id__":2}],"_components":[{"__type__":"a38be7G2x1I8au5X1mJzE/8","node":{"__id__":1}}],"_prefab":{"__type__":"cc.PrefabInfo","root":{"__id__":1},"asset":{"__uuid__":"daxrL78LlFOLLwAjU0xwbs"},"fileId":"78AEz44QxK9Ij4lm29PRNx"},"_trs":{"__type__":"TypedArray","ctor":"Float64Array","array":[0,0,0,0,0,0,1,1,1,1]}},{"__type__":"cc.Node","_name":"img_die","_parent":{"__id__":1},"_components":[{"__type__":"cc.Sprite","node":{"__id__":2},"_materials":[{"__uuid__":"ecpdLyjvZBwrvm+cedCcQy"}],"_spriteFrame":{"__uuid__":"4f7ILlkzFGcoRtYIUeQqSp"}}],"_prefab":{"__type__":"cc.PrefabInfo","root":{"__id__":1},"asset":{"__uuid__":"daxrL78LlFOLLwAjU0xwbs"},"fileId":"28KHCgmrlJfoc+RBk3CEp5"},"_contentSize":{"__type__":"cc.Size","width":118,"height":64},"_trs":{"__type__":"TypedArray","ctor":"Float64Array","array":[3,0,0,0,0,0,1,0.7,0.7,1]}}]]