[1,["6883SKQK9OerYi7tYIIgoG@c7ff1","6883SKQK9OerYi7tYIIgoG@e1313","a3zv0XK1dPTLrdxjg2OGy2@6c48a","7dj5uJT9FMn6OrOOx83tfK@f9941","6883SKQK9OerYi7tYIIgoG@7b824","6883SKQK9OerYi7tYIIgoG@bc6f2","a3zv0XK1dPTLrdxjg2OGy2@f9941","6883SKQK9OerYi7tYIIgoG@79a18","6883SKQK9OerYi7tYIIgoG@95690","b39A5gxyFHq5vQazXFLas/@f9941"],["node","_spriteFrame","_target","_normalSprite","_textureSource","root","vibrateSprite","soundSprite","spriteSplash","data"],[["cc.Node",["_name","_layer","_components","_prefab","_parent","_children","_lpos"],1,9,4,1,2,5],["cc.Sprite",["_sizeMode","_type","node","__prefab","_spriteFrame","_color"],1,1,4,6,5],["cc.Widget",["_alignFlags","_originalWidth","_originalHeight","_verticalCenter","node","__prefab"],-1,1,4],"cc.SpriteFrame",["cc.Prefab",["_name"],2],["cc.Node",["_name","_layer","_parent","_components","_prefab","_lpos"],1,1,12,4,5],["cc.UITransform",["node","__prefab","_contentSize"],3,1,4,5],["cc.CompPrefabInfo",["fileId"],2],["8cbd5QTg1pDOIWIsGAqN5FF",["node","__prefab","spriteSplash","soundSprite","vibrateSprite"],3,1,4,1,1,1],["cc.PrefabInfo",["fileId","instance","targetOverrides","nestedPrefabInstanceRoots","root","asset"],-1,1,1],["cc.BlockInputEvents",["node","__prefab"],3,1,4],["cc.Button",["_transition","node","__prefab","clickEvents","_target","_normalSprite"],2,1,4,9,1,6],["cc.ClickEvent",["_componentId","handler","target"],1,1]],[[7,0,2],[6,0,1,2,1],[9,0,1,2,3,4,5,5],[1,2,3,4,1],[0,0,1,4,2,3,6,3],[0,0,1,4,5,2,3,6,3],[0,0,1,4,2,3,3],[5,0,1,2,3,4,5,3],[2,0,1,2,4,5,4],[1,0,2,3,4,2],[1,1,0,2,3,3],[11,0,1,2,3,4,5,2],[12,0,1,2,3],[4,0,2],[0,0,1,5,2,3,3],[2,0,3,4,5,3],[8,0,1,2,3,4,1],[1,0,2,3,5,4,2],[10,0,1,1]],[[[{"name":"frame_pop","rect":{"x":0,"y":0,"width":504,"height":260},"offset":{"x":0,"y":0},"originalSize":{"width":504,"height":260},"rotated":false,"capInsets":[0,0,0,0],"vertices":{"rawPosition":[-252,-130,0,252,-130,0,-252,130,0,252,130,0],"indexes":[0,1,2,2,1,3],"uv":[0,260,504,260,0,0,504,0],"nuv":[0,0,1,0,0,1,1,1],"minPos":{"x":-252,"y":-130,"z":0},"maxPos":{"x":252,"y":130,"z":0}},"packable":true,"pixelsToUnit":100,"pivot":{"x":0.5,"y":0.5},"meshType":0}],[3],0,[0],[4],[2]],[[[13,"SettingView"],[14,"SettingView",33554432,[-8,-9],[[1,-2,[0,"5fOONregNC4JXgFRpi7NNS"],[5,720,1280]],[8,45,720,1280,-3,[0,"28nWKHgzlJHbDRP/CaLh/L"]],[16,-7,[0,"af8V4QDxFDhLO8wCjO+Sb9"],-6,-5,-4]],[2,"cbAZ5c7TxJyLOs69G7YNdr",null,null,null,-1,0]],[5,"SpriteBG",33554432,1,[-14,-15,-16,-17,-18,-19],[[1,-10,[0,"66wgfkaShMwb6ORIMO/bEs"],[5,538,518]],[9,0,-11,[0,"b9WLQgvStKAJibgDWz65P/"],8],[15,18,200,-12,[0,"a5WUZJxO1BUrsRbXIl5tBw"]],[18,-13,[0,"11P8XEV29Peac01FMfP5WY"]]],[2,"acKmiXlJFFe6ZCK3/K+wUe",null,null,null,1,0],[1,0,200,0]],[6,"SpriteSplash",33554432,1,[[1,-20,[0,"13qw1h+EdCCI5z6l80dGto"],[5,720,1280]],[17,0,-21,[0,"28U75h8otOU6YcKuPegdjg"],[4,2516582400],0],[8,45,720,1280,-22,[0,"77nlCplxpPGLHjgoU51Yfv"]]],[2,"b69Q6GpkZPIJa7O6nJKZM1",null,null,null,1,0]],[7,"soundBtn",33554432,2,[[[1,-23,[0,"34gznwBw9BGaZC0P2JtH21"],[5,94,52]],-24,[11,1,-26,[0,"f3E8PTbmNE25WDYl0LrbxX"],[[12,"8cbd5QTg1pDOIWIsGAqN5FF","onSwitchSoundEvent",1]],-25,6]],4,1,4],[2,"2bc/dNNt9FbKieBfmGFbua",null,null,null,1,0],[1,116.272,23.254,0]],[7,"vibrateBtn",33554432,2,[[[1,-27,[0,"7269cubUxP8JxLmXqJadgp"],[5,94,52]],-28,[11,1,-30,[0,"4crhb5hmtKCL+GaC7jkQ49"],[[12,"8cbd5QTg1pDOIWIsGAqN5FF","onSwitchVibrateEvent",1]],-29,7]],4,1,4],[2,"42FE+uLxxPy6l8uOq8A1U5",null,null,null,1,0],[1,116.272,-67.65,0]],[5,"Sprite",33554432,2,[-33],[[1,-31,[0,"32dusjHb5LO7oEPveXUjdk"],[5,538,97]],[3,-32,[0,"f1T+60b65Clp5nCrtRpd9/"],2]],[2,"b134czyZJAzJl/onJM4iGn",null,null,null,1,0],[1,0,212,0]],[6,"Sprite",33554432,6,[[1,-34,[0,"e0R5iQOY5Akpm9QKC008AB"],[5,100,45]],[3,-35,[0,"b7tYNkKSZKQ5BpRLIuVtRk"],1]],[2,"aeH9sXTu9JE4tEEhYHRghf",null,null,null,1,0]],[4,"Sprite-001",33554432,2,[[1,-36,[0,"34L/UzDDVEGKQwZTG5ACW3"],[5,504,260]],[9,0,-37,[0,"fcx49XyrJOH4YUnLeVtn0m"],3]],[2,"c1G1xiRMdBnqBx+cB6s1GU",null,null,null,1,0],[1,0,-23,0]],[4,"Sprite-002",33554432,2,[[1,-38,[0,"2eH+hI0MBPFqDJElmnuaBs"],[5,149,46]],[3,-39,[0,"65CuXiXqlLW7WJhhOdEjSF"],4]],[2,"caGDhIRLRJpa0lkKJHzS0P",null,null,null,1,0],[1,-114.158,23.254,0]],[4,"Sprite-003",33554432,2,[[1,-40,[0,"c8gfT37V1H7I7XMLYR2Ra4"],[5,149,50]],[3,-41,[0,"b2xJzSpW5HXpsLlehoiWB+"],5]],[2,"1emlAbL2dL+4qEmlwJzt09",null,null,null,1,0],[1,-114.158,-67.649,0]],[10,1,0,4,[0,"03WBclb3xPe5nV5ZSHxqvT"]],[10,1,0,5,[0,"55Oarv2vxGR5e7pdLPK92c"]]],0,[0,5,1,0,0,1,0,0,1,0,6,12,0,7,11,0,8,3,0,0,1,0,-1,3,0,-2,2,0,0,2,0,0,2,0,0,2,0,0,2,0,-1,6,0,-2,8,0,-3,9,0,-4,10,0,-5,4,0,-6,5,0,0,3,0,0,3,0,0,3,0,0,4,0,-2,11,0,2,4,0,0,4,0,0,5,0,-2,12,0,2,5,0,0,5,0,0,6,0,0,6,0,-1,7,0,0,7,0,0,7,0,0,8,0,0,8,0,0,9,0,0,9,0,0,10,0,0,10,0,9,1,41],[0,0,0,0,0,0,0,0,0,11,12],[1,1,1,1,1,1,3,3,1,1,1],[3,4,5,6,7,8,0,1,9,0,1]]]]
