[{"__type__":"cc.SpriteFrame","content":{"name":"pic_jiazu2","texture":"67kGPr17lGs6R4GEtHF3OQ","rect":[0,0,112,120],"offset":[0,0],"originalSize":[112,120],"capInsets":[0,0,0,0]}},{"__type__":"cc.SpriteFrame","content":{"name":"1","texture":"2eZGU5W/VG6rDo7t8AEOYH","rect":[0,0,604,616],"offset":[0,0],"originalSize":[604,616],"capInsets":[0,0,0,0]}},{"__type__":"cc.SpriteFrame","content":{"name":"pic_jiazu8","texture":"fcqISsLmhFErEvj8dRfQaA","rect":[0,0,112,120],"offset":[0,0],"originalSize":[112,120],"capInsets":[0,0,0,0]}},{"__type__":"cc.SpriteFrame","content":{"name":"pic_hongbaolingqu","texture":"48Go1VL8FJOKTm+UpBs/Rk","rect":[0,0,604,616],"offset":[0,0],"originalSize":[604,616],"capInsets":[0,0,0,0]}},{"__type__":"cc.SpriteFrame","content":{"name":"ic_guanbi2","texture":"02krqH8i1AdZB/lC2WegR2","rect":[789,371,84,84],"offset":[0,0],"originalSize":[84,84],"capInsets":[0,0,0,0]}},{"__type__":"cc.SpriteFrame","content":{"name":"pic_jiazu4","texture":"c51RjzCAhIb446iCgAMm8O","rect":[0,0,112,120],"offset":[0,0],"originalSize":[112,120],"capInsets":[0,0,0,0]}},{"__type__":"cc.SpriteFrame","content":{"name":"pic_jiazu1","texture":"58BXIFI3BFYo1NixH8CBcS","rect":[0,0,112,120],"offset":[0,0],"originalSize":[112,120],"capInsets":[0,0,0,0]}},{"__type__":"cc.SpriteFrame","content":{"name":"pic_mask","texture":"70uZhxIuNEn4cyfrG7FT01","rect":[606,244,112,120],"offset":[0,0],"originalSize":[112,120],"capInsets":[20,20,20,20]}},[{"__type__":"cc.Prefab","_name":"gxduihuan_layer","data":{"__id__":1}},{"__type__":"cc.Node","_name":"gxduihuan_layer","_children":[{"__id__":2},{"__id__":3}],"_components":[{"__type__":"cc.Widget","node":{"__id__":1},"_alignFlags":45},{"__type__":"fc5d66dE9lB4o+eG3DFUX8R","node":{"__id__":1}}],"_prefab":{"__type__":"cc.PrefabInfo","root":{"__id__":1},"asset":{"__uuid__":"9ekQH49j9HaYTNCu7iNNOM"},"fileId":"7e0YXkkRdFs71pN5GKXXl4"},"_contentSize":{"__type__":"cc.Size","width":750,"height":1334},"_trs":{"__type__":"TypedArray","ctor":"Float64Array","array":[375,667,0,0,0,0,1,1,1,1]}},{"__type__":"cc.Node","_name":"mask","_parent":{"__id__":1},"_components":[{"__type__":"cc.Sprite","node":{"__id__":2},"_materials":[{"__uuid__":"ecpdLyjvZBwrvm+cedCcQy"}],"_spriteFrame":{"__uuid__":"a2MjXRFdtLlYQ5ouAFv/+R"},"_sizeMode":0},{"__type__":"cc.Widget","node":{"__id__":2},"_alignFlags":45,"_originalWidth":40,"_originalHeight":36},{"__type__":"cc.BlockInputEvents","node":{"__id__":2}}],"_prefab":{"__type__":"cc.PrefabInfo","root":{"__id__":1},"asset":{"__uuid__":"9ekQH49j9HaYTNCu7iNNOM"},"fileId":"508GD8c9xDMb+7kW8j9no6"},"_opacity":130,"_color":{"__type__":"cc.Color"},"_contentSize":{"__type__":"cc.Size","width":750,"height":1334},"_trs":{"__type__":"TypedArray","ctor":"Float64Array","array":[0,0,0,0,0,0,1,1,1,1]}},{"__type__":"cc.Node","_name":"bgNode","_parent":{"__id__":1},"_children":[{"__id__":4},{"__id__":6},{"__id__":7},{"__id__":30}],"_components":[{"__type__":"cc.Sprite","node":{"__id__":3},"_materials":[{"__uuid__":"ecpdLyjvZBwrvm+cedCcQy"}],"_spriteFrame":{"__uuid__":"fcWA/B9L5IZKjiJkUQd8Kf"},"_type":1,"_sizeMode":0}],"_prefab":{"__type__":"cc.PrefabInfo","root":{"__id__":1},"asset":{"__uuid__":"9ekQH49j9HaYTNCu7iNNOM"},"fileId":"91ni5+kgNAmpCN7GNzwtcK"},"_contentSize":{"__type__":"cc.Size","width":657,"height":785},"_trs":{"__type__":"TypedArray","ctor":"Float64Array","array":[8,2,0,0,0,0,1,1,1,1]}},{"__type__":"cc.Node","_name":"pic_bangzhushuoming","_parent":{"__id__":3},"_children":[{"__id__":5}],"_components":[{"__type__":"cc.Sprite","node":{"__id__":4},"_materials":[{"__uuid__":"ecpdLyjvZBwrvm+cedCcQy"}],"_spriteFrame":{"__uuid__":"cdEvF//9tDQ7A6VuL1Xfzj"}}],"_prefab":{"__type__":"cc.PrefabInfo","root":{"__id__":1},"asset":{"__uuid__":"9ekQH49j9HaYTNCu7iNNOM"},"fileId":"b0VlY+maFLH7QYgsTFcI35"},"_contentSize":{"__type__":"cc.Size","width":304,"height":110},"_trs":{"__type__":"TypedArray","ctor":"Float64Array","array":[0,362,0,0,0,0,1,1,1,1]}},{"__type__":"cc.Node","_name":"font_title","_parent":{"__id__":4},"_components":[{"__type__":"41ebaVoPpRA4Kp67XEdHfZn","node":{"__id__":5},"_materials":[{"__uuid__":"ecpdLyjvZBwrvm+cedCcQy"}],"_string":"贡献换现金","_N$string":"贡献换现金","_fontSize":50,"_lineHeight":50,"_N$file":{"__uuid__":"farb0WbWZMgrGmuICOt0MU"},"_isSystemFontUsed":false,"i18n_string":"gxduihuan_layer_3_1"},{"__type__":"cc.LabelOutline","node":{"__id__":5},"_color":{"__type__":"cc.Color","r":117,"g":59,"b":23},"_width":5}],"_prefab":{"__type__":"cc.PrefabInfo","root":{"__id__":1},"asset":{"__uuid__":"9ekQH49j9HaYTNCu7iNNOM"},"fileId":"f2tGopCkVIFa42dBUoSS8t"},"_contentSize":{"__type__":"cc.Size","width":260,"height":73},"_trs":{"__type__":"TypedArray","ctor":"Float64Array","array":[0,-2,0,0,0,0,1,1,1,1]}},{"__type__":"cc.Node","_name":"ic_guanbi2","_parent":{"__id__":3},"_components":[{"__type__":"cc.Sprite","node":{"__id__":6},"_materials":[{"__uuid__":"ecpdLyjvZBwrvm+cedCcQy"}],"_spriteFrame":{"__uuid__":"5c4o7no3NMH7pZupb0latf"}},{"__type__":"cc.Button","node":{"__id__":6},"_normalMaterial":{"__uuid__":"ecpdLyjvZBwrvm+cedCcQy"},"duration":0,"zoomScale":0.9,"_N$transition":3,"transition":3}],"_prefab":{"__type__":"cc.PrefabInfo","root":{"__id__":1},"asset":{"__uuid__":"9ekQH49j9HaYTNCu7iNNOM"},"fileId":"7aFZEGJKhJGpDmA0ICBNXQ"},"_contentSize":{"__type__":"cc.Size","width":84,"height":84},"_trs":{"__type__":"TypedArray","ctor":"Float64Array","array":[283.583,341.583,0,0,0,0,1,1,1,1]}},{"__type__":"cc.Node","_name":"item1","_parent":{"__id__":3},"_children":[{"__id__":8},{"__id__":10},{"__id__":12},{"__id__":14},{"__id__":16},{"__id__":18},{"__id__":20},{"__id__":22},{"__id__":24},{"__id__":26},{"__id__":28}],"_components":[{"__type__":"cc.Sprite","node":{"__id__":7},"_materials":[{"__uuid__":"ecpdLyjvZBwrvm+cedCcQy"}],"_spriteFrame":{"__uuid__":"0aUkbms7hP+ocqA86IuYGg"}}],"_prefab":{"__type__":"cc.PrefabInfo","root":{"__id__":1},"asset":{"__uuid__":"9ekQH49j9HaYTNCu7iNNOM"},"fileId":"f3bMgwU6ZJrof65SzEe1H7"},"_contentSize":{"__type__":"cc.Size","width":604,"height":616},"_trs":{"__type__":"TypedArray","ctor":"Float64Array","array":[0,-50,0,0,0,0,1,1,1,1]}},{"__type__":"cc.Node","_name":"item1_mask","_parent":{"__id__":7},"_children":[{"__id__":9}],"_components":[{"__type__":"cc.Sprite","node":{"__id__":8},"_materials":[{"__uuid__":"ecpdLyjvZBwrvm+cedCcQy"}],"_spriteFrame":{"__uuid__":"94pKnDahlEa67AyUld/xEP"}}],"_prefab":{"__type__":"cc.PrefabInfo","root":{"__id__":1},"asset":{"__uuid__":"9ekQH49j9HaYTNCu7iNNOM"},"fileId":"6fAbyzsIRDuYAw9PkYzg4c"},"_contentSize":{"__type__":"cc.Size","width":112,"height":120},"_trs":{"__type__":"TypedArray","ctor":"Float64Array","array":[-204,108,0,0,0,0,1,1,1,1]}},{"__type__":"cc.Node","_name":"item1_lab","_parent":{"__id__":8},"_components":[{"__type__":"cc.Label","node":{"__id__":9},"_materials":[{"__uuid__":"ecpdLyjvZBwrvm+cedCcQy"}],"_useOriginalSize":false,"_string":"家族1级解锁","_N$string":"家族1级解锁","_fontSize":25,"_lineHeight":30,"_N$horizontalAlign":1,"_N$verticalAlign":1,"_N$overflow":3}],"_prefab":{"__type__":"cc.PrefabInfo","root":{"__id__":1},"asset":{"__uuid__":"9ekQH49j9HaYTNCu7iNNOM"},"fileId":"22Y27+67hOsK43k7PRF7Ic"},"_contentSize":{"__type__":"cc.Size","width":111,"height":67.8},"_trs":{"__type__":"TypedArray","ctor":"Float64Array","array":[0,19,0,0,0,0,1,1,1,1]}},{"__type__":"cc.Node","_name":"item2_mask","_parent":{"__id__":7},"_children":[{"__id__":11}],"_components":[{"__type__":"cc.Sprite","node":{"__id__":10},"_materials":[{"__uuid__":"ecpdLyjvZBwrvm+cedCcQy"}],"_spriteFrame":{"__uuid__":"94pKnDahlEa67AyUld/xEP"}}],"_prefab":{"__type__":"cc.PrefabInfo","root":{"__id__":1},"asset":{"__uuid__":"9ekQH49j9HaYTNCu7iNNOM"},"fileId":"fcf4MYfFBDdrRgKYDruqep"},"_contentSize":{"__type__":"cc.Size","width":112,"height":120},"_trs":{"__type__":"TypedArray","ctor":"Float64Array","array":[-67,108,0,0,0,0,1,1,1,1]}},{"__type__":"cc.Node","_name":"item2_lab","_parent":{"__id__":10},"_components":[{"__type__":"cc.Label","node":{"__id__":11},"_materials":[{"__uuid__":"ecpdLyjvZBwrvm+cedCcQy"}],"_useOriginalSize":false,"_string":"家族1级解锁","_N$string":"家族1级解锁","_fontSize":25,"_lineHeight":30,"_N$horizontalAlign":1,"_N$verticalAlign":1,"_N$overflow":3}],"_prefab":{"__type__":"cc.PrefabInfo","root":{"__id__":1},"asset":{"__uuid__":"9ekQH49j9HaYTNCu7iNNOM"},"fileId":"55B7QszohDIbKHbBVmaDEY"},"_contentSize":{"__type__":"cc.Size","width":111,"height":67.8},"_trs":{"__type__":"TypedArray","ctor":"Float64Array","array":[0,19,0,0,0,0,1,1,1,1]}},{"__type__":"cc.Node","_name":"item3_mask","_parent":{"__id__":7},"_children":[{"__id__":13}],"_components":[{"__type__":"cc.Sprite","node":{"__id__":12},"_materials":[{"__uuid__":"ecpdLyjvZBwrvm+cedCcQy"}],"_spriteFrame":{"__uuid__":"94pKnDahlEa67AyUld/xEP"}}],"_prefab":{"__type__":"cc.PrefabInfo","root":{"__id__":1},"asset":{"__uuid__":"9ekQH49j9HaYTNCu7iNNOM"},"fileId":"66mFnyLklFb4wHOtCxM3gg"},"_contentSize":{"__type__":"cc.Size","width":112,"height":120},"_trs":{"__type__":"TypedArray","ctor":"Float64Array","array":[70,108,0,0,0,0,1,1,1,1]}},{"__type__":"cc.Node","_name":"item3_lab","_parent":{"__id__":12},"_components":[{"__type__":"cc.Label","node":{"__id__":13},"_materials":[{"__uuid__":"ecpdLyjvZBwrvm+cedCcQy"}],"_useOriginalSize":false,"_string":"家族1级解锁","_N$string":"家族1级解锁","_fontSize":25,"_lineHeight":30,"_N$horizontalAlign":1,"_N$verticalAlign":1,"_N$overflow":3}],"_prefab":{"__type__":"cc.PrefabInfo","root":{"__id__":1},"asset":{"__uuid__":"9ekQH49j9HaYTNCu7iNNOM"},"fileId":"b8PoJAdXBBeqgkKyfDav+G"},"_contentSize":{"__type__":"cc.Size","width":111,"height":67.8},"_trs":{"__type__":"TypedArray","ctor":"Float64Array","array":[0,19,0,0,0,0,1,1,1,1]}},{"__type__":"cc.Node","_name":"item4_mask","_parent":{"__id__":7},"_children":[{"__id__":15}],"_components":[{"__type__":"cc.Sprite","node":{"__id__":14},"_materials":[{"__uuid__":"ecpdLyjvZBwrvm+cedCcQy"}],"_spriteFrame":{"__uuid__":"94pKnDahlEa67AyUld/xEP"}}],"_prefab":{"__type__":"cc.PrefabInfo","root":{"__id__":1},"asset":{"__uuid__":"9ekQH49j9HaYTNCu7iNNOM"},"fileId":"35zW1AAvNEXJHQAJJFYkX1"},"_contentSize":{"__type__":"cc.Size","width":112,"height":120},"_trs":{"__type__":"TypedArray","ctor":"Float64Array","array":[208,108,0,0,0,0,1,1,1,1]}},{"__type__":"cc.Node","_name":"item4_lab","_parent":{"__id__":14},"_components":[{"__type__":"cc.Label","node":{"__id__":15},"_materials":[{"__uuid__":"ecpdLyjvZBwrvm+cedCcQy"}],"_useOriginalSize":false,"_string":"家族1级解锁","_N$string":"家族1级解锁","_fontSize":25,"_lineHeight":30,"_N$horizontalAlign":1,"_N$verticalAlign":1,"_N$overflow":3}],"_prefab":{"__type__":"cc.PrefabInfo","root":{"__id__":1},"asset":{"__uuid__":"9ekQH49j9HaYTNCu7iNNOM"},"fileId":"a8W+l/xLJNjrylcCASi9Gb"},"_contentSize":{"__type__":"cc.Size","width":111,"height":67.8},"_trs":{"__type__":"TypedArray","ctor":"Float64Array","array":[0,19,0,0,0,0,1,1,1,1]}},{"__type__":"cc.Node","_name":"item5_mask","_parent":{"__id__":7},"_children":[{"__id__":17}],"_components":[{"__type__":"cc.Sprite","node":{"__id__":16},"_materials":[{"__uuid__":"ecpdLyjvZBwrvm+cedCcQy"}],"_spriteFrame":{"__uuid__":"94pKnDahlEa67AyUld/xEP"}}],"_prefab":{"__type__":"cc.PrefabInfo","root":{"__id__":1},"asset":{"__uuid__":"9ekQH49j9HaYTNCu7iNNOM"},"fileId":"f6KNwwfwBG0L7ff1BBiVLL"},"_contentSize":{"__type__":"cc.Size","width":112,"height":120},"_trs":{"__type__":"TypedArray","ctor":"Float64Array","array":[-204,-29,0,0,0,0,1,1,1,1]}},{"__type__":"cc.Node","_name":"item5_lab","_parent":{"__id__":16},"_components":[{"__type__":"cc.Label","node":{"__id__":17},"_materials":[{"__uuid__":"ecpdLyjvZBwrvm+cedCcQy"}],"_useOriginalSize":false,"_string":"家族1级解锁","_N$string":"家族1级解锁","_fontSize":25,"_lineHeight":30,"_N$horizontalAlign":1,"_N$verticalAlign":1,"_N$overflow":3}],"_prefab":{"__type__":"cc.PrefabInfo","root":{"__id__":1},"asset":{"__uuid__":"9ekQH49j9HaYTNCu7iNNOM"},"fileId":"d1rEGBWPdNxYcWXORDrQAO"},"_contentSize":{"__type__":"cc.Size","width":111,"height":67.8},"_trs":{"__type__":"TypedArray","ctor":"Float64Array","array":[0,19,0,0,0,0,1,1,1,1]}},{"__type__":"cc.Node","_name":"item6_mask","_parent":{"__id__":7},"_children":[{"__id__":19}],"_components":[{"__type__":"cc.Sprite","node":{"__id__":18},"_materials":[{"__uuid__":"ecpdLyjvZBwrvm+cedCcQy"}],"_spriteFrame":{"__uuid__":"94pKnDahlEa67AyUld/xEP"}}],"_prefab":{"__type__":"cc.PrefabInfo","root":{"__id__":1},"asset":{"__uuid__":"9ekQH49j9HaYTNCu7iNNOM"},"fileId":"0675687v5E8bP/4+0IUt52"},"_contentSize":{"__type__":"cc.Size","width":112,"height":120},"_trs":{"__type__":"TypedArray","ctor":"Float64Array","array":[-66.179,-29,0,0,0,0,1,1,1,1]}},{"__type__":"cc.Node","_name":"item6_lab","_parent":{"__id__":18},"_components":[{"__type__":"cc.Label","node":{"__id__":19},"_materials":[{"__uuid__":"ecpdLyjvZBwrvm+cedCcQy"}],"_useOriginalSize":false,"_string":"家族1级解锁","_N$string":"家族1级解锁","_fontSize":25,"_lineHeight":30,"_N$horizontalAlign":1,"_N$verticalAlign":1,"_N$overflow":3}],"_prefab":{"__type__":"cc.PrefabInfo","root":{"__id__":1},"asset":{"__uuid__":"9ekQH49j9HaYTNCu7iNNOM"},"fileId":"00cd3F5xdDX4dBqgC4T3lf"},"_contentSize":{"__type__":"cc.Size","width":111,"height":67.8},"_trs":{"__type__":"TypedArray","ctor":"Float64Array","array":[0,19,0,0,0,0,1,1,1,1]}},{"__type__":"cc.Node","_name":"item7_mask","_parent":{"__id__":7},"_children":[{"__id__":21}],"_components":[{"__type__":"cc.Sprite","node":{"__id__":20},"_materials":[{"__uuid__":"ecpdLyjvZBwrvm+cedCcQy"}],"_spriteFrame":{"__uuid__":"94pKnDahlEa67AyUld/xEP"}}],"_prefab":{"__type__":"cc.PrefabInfo","root":{"__id__":1},"asset":{"__uuid__":"9ekQH49j9HaYTNCu7iNNOM"},"fileId":"013jvWkfJBNqwRUQDiy2Kj"},"_contentSize":{"__type__":"cc.Size","width":112,"height":120},"_trs":{"__type__":"TypedArray","ctor":"Float64Array","array":[70,-29,0,0,0,0,1,1,1,1]}},{"__type__":"cc.Node","_name":"item7_lab","_parent":{"__id__":20},"_components":[{"__type__":"cc.Label","node":{"__id__":21},"_materials":[{"__uuid__":"ecpdLyjvZBwrvm+cedCcQy"}],"_useOriginalSize":false,"_string":"家族2级解锁","_N$string":"家族2级解锁","_fontSize":25,"_lineHeight":30,"_N$horizontalAlign":1,"_N$verticalAlign":1,"_N$overflow":3}],"_prefab":{"__type__":"cc.PrefabInfo","root":{"__id__":1},"asset":{"__uuid__":"9ekQH49j9HaYTNCu7iNNOM"},"fileId":"71dun7bCFKabPyz3Xj/1XI"},"_contentSize":{"__type__":"cc.Size","width":111,"height":67.8},"_trs":{"__type__":"TypedArray","ctor":"Float64Array","array":[0,19,0,0,0,0,1,1,1,1]}},{"__type__":"cc.Node","_name":"item8_mask","_parent":{"__id__":7},"_children":[{"__id__":23}],"_components":[{"__type__":"cc.Sprite","node":{"__id__":22},"_materials":[{"__uuid__":"ecpdLyjvZBwrvm+cedCcQy"}],"_spriteFrame":{"__uuid__":"94pKnDahlEa67AyUld/xEP"}}],"_prefab":{"__type__":"cc.PrefabInfo","root":{"__id__":1},"asset":{"__uuid__":"9ekQH49j9HaYTNCu7iNNOM"},"fileId":"19RkDu5dVMdIltXSxDZUrI"},"_contentSize":{"__type__":"cc.Size","width":112,"height":120},"_trs":{"__type__":"TypedArray","ctor":"Float64Array","array":[208,-29,0,0,0,0,1,1,1,1]}},{"__type__":"cc.Node","_name":"item8_lab","_parent":{"__id__":22},"_components":[{"__type__":"cc.Label","node":{"__id__":23},"_materials":[{"__uuid__":"ecpdLyjvZBwrvm+cedCcQy"}],"_useOriginalSize":false,"_string":"家族2级解锁","_N$string":"家族2级解锁","_fontSize":25,"_lineHeight":30,"_N$horizontalAlign":1,"_N$verticalAlign":1,"_N$overflow":3}],"_prefab":{"__type__":"cc.PrefabInfo","root":{"__id__":1},"asset":{"__uuid__":"9ekQH49j9HaYTNCu7iNNOM"},"fileId":"7b8bm1ul1PV4DP0pK1lJKc"},"_contentSize":{"__type__":"cc.Size","width":111,"height":67.8},"_trs":{"__type__":"TypedArray","ctor":"Float64Array","array":[0,19,0,0,0,0,1,1,1,1]}},{"__type__":"cc.Node","_name":"item9_mask","_parent":{"__id__":7},"_children":[{"__id__":25}],"_components":[{"__type__":"cc.Sprite","node":{"__id__":24},"_materials":[{"__uuid__":"ecpdLyjvZBwrvm+cedCcQy"}],"_spriteFrame":{"__uuid__":"94pKnDahlEa67AyUld/xEP"}}],"_prefab":{"__type__":"cc.PrefabInfo","root":{"__id__":1},"asset":{"__uuid__":"9ekQH49j9HaYTNCu7iNNOM"},"fileId":"1cv1eVIWhHe5MVVmHOHLS4"},"_contentSize":{"__type__":"cc.Size","width":112,"height":120},"_trs":{"__type__":"TypedArray","ctor":"Float64Array","array":[-204,-169,0,0,0,0,1,1,1,1]}},{"__type__":"cc.Node","_name":"item9_lab","_parent":{"__id__":24},"_components":[{"__type__":"cc.Label","node":{"__id__":25},"_materials":[{"__uuid__":"ecpdLyjvZBwrvm+cedCcQy"}],"_useOriginalSize":false,"_string":"家族4级解锁","_N$string":"家族4级解锁","_fontSize":25,"_lineHeight":30,"_N$horizontalAlign":1,"_N$verticalAlign":1,"_N$overflow":3}],"_prefab":{"__type__":"cc.PrefabInfo","root":{"__id__":1},"asset":{"__uuid__":"9ekQH49j9HaYTNCu7iNNOM"},"fileId":"a85E/iuWtCXqKND4dXZKlF"},"_contentSize":{"__type__":"cc.Size","width":111,"height":67.8},"_trs":{"__type__":"TypedArray","ctor":"Float64Array","array":[0,19,0,0,0,0,1,1,1,1]}},{"__type__":"cc.Node","_name":"item10_mask","_parent":{"__id__":7},"_children":[{"__id__":27}],"_components":[{"__type__":"cc.Sprite","node":{"__id__":26},"_materials":[{"__uuid__":"ecpdLyjvZBwrvm+cedCcQy"}],"_spriteFrame":{"__uuid__":"94pKnDahlEa67AyUld/xEP"}}],"_prefab":{"__type__":"cc.PrefabInfo","root":{"__id__":1},"asset":{"__uuid__":"9ekQH49j9HaYTNCu7iNNOM"},"fileId":"99vm7HY39IfLOr6IQcfXPo"},"_contentSize":{"__type__":"cc.Size","width":112,"height":120},"_trs":{"__type__":"TypedArray","ctor":"Float64Array","array":[-66.179,-169,0,0,0,0,1,1,1,1]}},{"__type__":"cc.Node","_name":"item10_lab","_parent":{"__id__":26},"_components":[{"__type__":"cc.Label","node":{"__id__":27},"_materials":[{"__uuid__":"ecpdLyjvZBwrvm+cedCcQy"}],"_useOriginalSize":false,"_string":"家族6级解锁","_N$string":"家族6级解锁","_fontSize":25,"_lineHeight":30,"_N$horizontalAlign":1,"_N$verticalAlign":1,"_N$overflow":3}],"_prefab":{"__type__":"cc.PrefabInfo","root":{"__id__":1},"asset":{"__uuid__":"9ekQH49j9HaYTNCu7iNNOM"},"fileId":"15T9ypVzVHfZJiFgJGHbH2"},"_contentSize":{"__type__":"cc.Size","width":111,"height":67.8},"_trs":{"__type__":"TypedArray","ctor":"Float64Array","array":[0,19,0,0,0,0,1,1,1,1]}},{"__type__":"cc.Node","_name":"item11_mask","_parent":{"__id__":7},"_children":[{"__id__":29}],"_components":[{"__type__":"cc.Sprite","node":{"__id__":28},"_materials":[{"__uuid__":"ecpdLyjvZBwrvm+cedCcQy"}],"_spriteFrame":{"__uuid__":"94pKnDahlEa67AyUld/xEP"}}],"_prefab":{"__type__":"cc.PrefabInfo","root":{"__id__":1},"asset":{"__uuid__":"9ekQH49j9HaYTNCu7iNNOM"},"fileId":"4eo+TSKJ5Blp0ST4RaNyEJ"},"_contentSize":{"__type__":"cc.Size","width":112,"height":120},"_trs":{"__type__":"TypedArray","ctor":"Float64Array","array":[70,-169,0,0,0,0,1,1,1,1]}},{"__type__":"cc.Node","_name":"item11_lab","_parent":{"__id__":28},"_components":[{"__type__":"cc.Label","node":{"__id__":29},"_materials":[{"__uuid__":"ecpdLyjvZBwrvm+cedCcQy"}],"_useOriginalSize":false,"_string":"家族8级解锁","_N$string":"家族8级解锁","_fontSize":25,"_lineHeight":30,"_N$horizontalAlign":1,"_N$verticalAlign":1,"_N$overflow":3}],"_prefab":{"__type__":"cc.PrefabInfo","root":{"__id__":1},"asset":{"__uuid__":"9ekQH49j9HaYTNCu7iNNOM"},"fileId":"efk5PHSZJCsoynoRyjcDWb"},"_contentSize":{"__type__":"cc.Size","width":111,"height":67.8},"_trs":{"__type__":"TypedArray","ctor":"Float64Array","array":[0,19,0,0,0,0,1,1,1,1]}},{"__type__":"cc.Node","_name":"item5","_parent":{"__id__":3},"_children":[{"__id__":31},{"__id__":32},{"__id__":33},{"__id__":34},{"__id__":35},{"__id__":36},{"__id__":37},{"__id__":38},{"__id__":39},{"__id__":40},{"__id__":41}],"_active":false,"_components":[{"__type__":"cc.Sprite","node":{"__id__":30},"_materials":[{"__uuid__":"ecpdLyjvZBwrvm+cedCcQy"}],"_spriteFrame":{"__uuid__":"52bd2h3cxAMbe1M8or/37n"}}],"_prefab":{"__type__":"cc.PrefabInfo","root":{"__id__":1},"asset":{"__uuid__":"9ekQH49j9HaYTNCu7iNNOM"},"fileId":"d35CoA6yJFuZIGqmBO3Yc9"},"_contentSize":{"__type__":"cc.Size","width":604,"height":616},"_trs":{"__type__":"TypedArray","ctor":"Float64Array","array":[0,-50,0,0,0,0,1,1,1,1]}},{"__type__":"cc.Node","_name":"item1_maskB","_parent":{"__id__":30},"_components":[{"__type__":"cc.Sprite","node":{"__id__":31},"_materials":[{"__uuid__":"ecpdLyjvZBwrvm+cedCcQy"}],"_spriteFrame":{"__uuid__":"864NYCzJ5KfrltQpJBJRio"}}],"_prefab":{"__type__":"cc.PrefabInfo","root":{"__id__":1},"asset":{"__uuid__":"9ekQH49j9HaYTNCu7iNNOM"},"fileId":"05m4NzUbhMt61df4Fp+r4e"},"_contentSize":{"__type__":"cc.Size","width":112,"height":120},"_trs":{"__type__":"TypedArray","ctor":"Float64Array","array":[-204,108,0,0,0,0,1,1,1,1]}},{"__type__":"cc.Node","_name":"item2_maskB","_parent":{"__id__":30},"_components":[{"__type__":"cc.Sprite","node":{"__id__":32},"_materials":[{"__uuid__":"ecpdLyjvZBwrvm+cedCcQy"}],"_spriteFrame":{"__uuid__":"864NYCzJ5KfrltQpJBJRio"}}],"_prefab":{"__type__":"cc.PrefabInfo","root":{"__id__":1},"asset":{"__uuid__":"9ekQH49j9HaYTNCu7iNNOM"},"fileId":"c3M2cmbEVDZoqv5KB3gYbL"},"_contentSize":{"__type__":"cc.Size","width":112,"height":120},"_trs":{"__type__":"TypedArray","ctor":"Float64Array","array":[-67,108,0,0,0,0,1,1,1,1]}},{"__type__":"cc.Node","_name":"item3_maskB","_parent":{"__id__":30},"_components":[{"__type__":"cc.Sprite","node":{"__id__":33},"_materials":[{"__uuid__":"ecpdLyjvZBwrvm+cedCcQy"}],"_spriteFrame":{"__uuid__":"864NYCzJ5KfrltQpJBJRio"}}],"_prefab":{"__type__":"cc.PrefabInfo","root":{"__id__":1},"asset":{"__uuid__":"9ekQH49j9HaYTNCu7iNNOM"},"fileId":"b24o3PNFRBCJRp2WUs7L15"},"_contentSize":{"__type__":"cc.Size","width":112,"height":120},"_trs":{"__type__":"TypedArray","ctor":"Float64Array","array":[70,108,0,0,0,0,1,1,1,1]}},{"__type__":"cc.Node","_name":"item4_maskB","_parent":{"__id__":30},"_components":[{"__type__":"cc.Sprite","node":{"__id__":34},"_materials":[{"__uuid__":"ecpdLyjvZBwrvm+cedCcQy"}],"_spriteFrame":{"__uuid__":"864NYCzJ5KfrltQpJBJRio"}}],"_prefab":{"__type__":"cc.PrefabInfo","root":{"__id__":1},"asset":{"__uuid__":"9ekQH49j9HaYTNCu7iNNOM"},"fileId":"c3KU8kLvFPOZJpiY70moZ4"},"_contentSize":{"__type__":"cc.Size","width":112,"height":120},"_trs":{"__type__":"TypedArray","ctor":"Float64Array","array":[208,108,0,0,0,0,1,1,1,1]}},{"__type__":"cc.Node","_name":"item5_maskB","_parent":{"__id__":30},"_components":[{"__type__":"cc.Sprite","node":{"__id__":35},"_materials":[{"__uuid__":"ecpdLyjvZBwrvm+cedCcQy"}],"_spriteFrame":{"__uuid__":"864NYCzJ5KfrltQpJBJRio"}}],"_prefab":{"__type__":"cc.PrefabInfo","root":{"__id__":1},"asset":{"__uuid__":"9ekQH49j9HaYTNCu7iNNOM"},"fileId":"58TbowYdtLUoc12gYDuKdn"},"_contentSize":{"__type__":"cc.Size","width":112,"height":120},"_trs":{"__type__":"TypedArray","ctor":"Float64Array","array":[-204,-29,0,0,0,0,1,1,1,1]}},{"__type__":"cc.Node","_name":"item6_maskB","_parent":{"__id__":30},"_components":[{"__type__":"cc.Sprite","node":{"__id__":36},"_materials":[{"__uuid__":"ecpdLyjvZBwrvm+cedCcQy"}],"_spriteFrame":{"__uuid__":"864NYCzJ5KfrltQpJBJRio"}}],"_prefab":{"__type__":"cc.PrefabInfo","root":{"__id__":1},"asset":{"__uuid__":"9ekQH49j9HaYTNCu7iNNOM"},"fileId":"41NE2imDBEA5D3u2GoP2V9"},"_contentSize":{"__type__":"cc.Size","width":112,"height":120},"_trs":{"__type__":"TypedArray","ctor":"Float64Array","array":[-66.179,-29,0,0,0,0,1,1,1,1]}},{"__type__":"cc.Node","_name":"item7_maskB","_parent":{"__id__":30},"_components":[{"__type__":"cc.Sprite","node":{"__id__":37},"_materials":[{"__uuid__":"ecpdLyjvZBwrvm+cedCcQy"}],"_spriteFrame":{"__uuid__":"04aMPvDPVK4qkoSJ0BaifE"}}],"_prefab":{"__type__":"cc.PrefabInfo","root":{"__id__":1},"asset":{"__uuid__":"9ekQH49j9HaYTNCu7iNNOM"},"fileId":"63pNFuxlNJ7ZT/01J9OlgJ"},"_contentSize":{"__type__":"cc.Size","width":112,"height":120},"_trs":{"__type__":"TypedArray","ctor":"Float64Array","array":[70,-29,0,0,0,0,1,1,1,1]}},{"__type__":"cc.Node","_name":"item8_maskB","_parent":{"__id__":30},"_components":[{"__type__":"cc.Sprite","node":{"__id__":38},"_materials":[{"__uuid__":"ecpdLyjvZBwrvm+cedCcQy"}],"_spriteFrame":{"__uuid__":"04aMPvDPVK4qkoSJ0BaifE"}}],"_prefab":{"__type__":"cc.PrefabInfo","root":{"__id__":1},"asset":{"__uuid__":"9ekQH49j9HaYTNCu7iNNOM"},"fileId":"5drCCpl5VEs65KiBu6evMy"},"_contentSize":{"__type__":"cc.Size","width":112,"height":120},"_trs":{"__type__":"TypedArray","ctor":"Float64Array","array":[208,-29,0,0,0,0,1,1,1,1]}},{"__type__":"cc.Node","_name":"item9_maskB","_parent":{"__id__":30},"_components":[{"__type__":"cc.Sprite","node":{"__id__":39},"_materials":[{"__uuid__":"ecpdLyjvZBwrvm+cedCcQy"}],"_spriteFrame":{"__uuid__":"67nXt6jfBPgaloJI9gtqRm"}}],"_prefab":{"__type__":"cc.PrefabInfo","root":{"__id__":1},"asset":{"__uuid__":"9ekQH49j9HaYTNCu7iNNOM"},"fileId":"492UIphC9K1YzcioF1nsO1"},"_contentSize":{"__type__":"cc.Size","width":112,"height":120},"_trs":{"__type__":"TypedArray","ctor":"Float64Array","array":[-204,-169,0,0,0,0,1,1,1,1]}},{"__type__":"cc.Node","_name":"item10_maskB","_parent":{"__id__":30},"_components":[{"__type__":"cc.Sprite","node":{"__id__":40},"_materials":[{"__uuid__":"ecpdLyjvZBwrvm+cedCcQy"}],"_spriteFrame":{"__uuid__":"da+JIexkJFnqlX1JbW9qpZ"}}],"_prefab":{"__type__":"cc.PrefabInfo","root":{"__id__":1},"asset":{"__uuid__":"9ekQH49j9HaYTNCu7iNNOM"},"fileId":"bcPhFIsg5H5p/0oFYwyLnh"},"_contentSize":{"__type__":"cc.Size","width":112,"height":120},"_trs":{"__type__":"TypedArray","ctor":"Float64Array","array":[-66.179,-169,0,0,0,0,1,1,1,1]}},{"__type__":"cc.Node","_name":"item11_maskB","_parent":{"__id__":30},"_components":[{"__type__":"cc.Sprite","node":{"__id__":41},"_materials":[{"__uuid__":"ecpdLyjvZBwrvm+cedCcQy"}],"_spriteFrame":{"__uuid__":"46imwmqb5ANYR9qa8pwPlD"}}],"_prefab":{"__type__":"cc.PrefabInfo","root":{"__id__":1},"asset":{"__uuid__":"9ekQH49j9HaYTNCu7iNNOM"},"fileId":"be/VFECLVEXaygQjUrU7NH"},"_contentSize":{"__type__":"cc.Size","width":112,"height":120},"_trs":{"__type__":"TypedArray","ctor":"Float64Array","array":[70,-169,0,0,0,0,1,1,1,1]}}],{"__type__":"cc.SpriteFrame","content":{"name":"default_sprite_splash","texture":"02delMVqdBD70a/HSD99FK","rect":[0,0,2,2],"offset":[0,0],"originalSize":[2,2],"capInsets":[0,0,0,0]}},{"__type__":"cc.SpriteFrame","content":{"name":"img_title","texture":"36otX/aM1E4Zo+o68pRLtJ","rect":[1,1,304,110],"offset":[0,0],"originalSize":[304,110],"capInsets":[0,0,0,0]}},{"__type__":"cc.SpriteFrame","content":{"name":"pic_jiazu6","texture":"77VA5cslNH3LNRqbUBfQXS","rect":[0,0,112,120],"offset":[0,0],"originalSize":[112,120],"capInsets":[0,0,0,0]}},{"__type__":"cc.SpriteFrame","content":{"name":"bg_paowang","texture":"5fIZ6eNjtLcoTSqUYB8890","rect":[1,0,657,808],"offset":[0.5,0],"originalSize":[658,808],"capInsets":[248.5,335,248.5,335]}}]