[{"__type__":"cc.SpriteFrame","content":{"name":"bg_xiao","texture":"c6ZGjV9tNKqbnxaBNcj5DE","rect":[0,0,657,640],"offset":[-0.5,0],"originalSize":[658,640],"capInsets":[0,0,0,0]}},{"__type__":"cc.SpriteFrame","content":{"name":"ic_guanbi2","texture":"02krqH8i1AdZB/lC2WegR2","rect":[789,371,84,84],"offset":[0,0],"originalSize":[84,84],"capInsets":[0,0,0,0]}},{"__type__":"cc.SpriteFrame","content":{"name":"bg_xiao_nei","texture":"f4vjHC5+VGWrsOJQJq5mr0","rect":[0,0,600,489],"offset":[0,0.5],"originalSize":[600,490],"capInsets":[58,62.5,58,62.5]}},{"__type__":"cc.SpriteFrame","content":{"name":"default_sprite_splash","texture":"02delMVqdBD70a/HSD99FK","rect":[0,0,2,2],"offset":[0,0],"originalSize":[2,2],"capInsets":[0,0,0,0]}},{"__type__":"cc.SpriteFrame","content":{"name":"btn_anniu","texture":"70uZhxIuNEn4cyfrG7FT01","rect":[575,856,230,80],"offset":[0,0],"originalSize":[230,80],"capInsets":[50,30,50,28]}},[{"__type__":"cc.Prefab","_name":"salepao_layer","data":{"__id__":1}},{"__type__":"cc.Node","_name":"salepao_layer","_children":[{"__id__":2},{"__id__":3}],"_components":[{"__type__":"cc.Widget","node":{"__id__":1},"_alignFlags":45},{"__type__":"2796bEXUndGyIrRemHGaDON","node":{"__id__":1}}],"_prefab":{"__type__":"cc.PrefabInfo","root":{"__id__":1},"asset":{"__uuid__":"dbjvCED31N0YMEpvCofLH7"},"fileId":"f5Ht9O2fZPPa5/hoDHE9O9"},"_contentSize":{"__type__":"cc.Size","width":750,"height":1334},"_trs":{"__type__":"TypedArray","ctor":"Float64Array","array":[375,667,0,0,0,0,1,1,1,1]}},{"__type__":"cc.Node","_name":"mask","_parent":{"__id__":1},"_components":[{"__type__":"cc.Sprite","node":{"__id__":2},"_materials":[{"__uuid__":"ecpdLyjvZBwrvm+cedCcQy"}],"_spriteFrame":{"__uuid__":"a2MjXRFdtLlYQ5ouAFv/+R"},"_sizeMode":0},{"__type__":"cc.Widget","node":{"__id__":2},"_alignFlags":45,"_originalWidth":40,"_originalHeight":36},{"__type__":"cc.BlockInputEvents","node":{"__id__":2}}],"_prefab":{"__type__":"cc.PrefabInfo","root":{"__id__":1},"asset":{"__uuid__":"dbjvCED31N0YMEpvCofLH7"},"fileId":"3aSUBxQ9JH9ox+MBHbuo/t"},"_opacity":130,"_color":{"__type__":"cc.Color"},"_contentSize":{"__type__":"cc.Size","width":750,"height":1334},"_trs":{"__type__":"TypedArray","ctor":"Float64Array","array":[0,0,0,0,0,0,1,1,1,1]}},{"__type__":"cc.Node","_name":"bgNode","_parent":{"__id__":1},"_children":[{"__id__":4},{"__id__":5},{"__id__":7},{"__id__":8}],"_components":[{"__type__":"cc.Sprite","node":{"__id__":3},"_materials":[{"__uuid__":"ecpdLyjvZBwrvm+cedCcQy"}],"_spriteFrame":{"__uuid__":"1diSJI4F1EnIfhjsBkEDQ1"},"_type":1}],"_prefab":{"__type__":"cc.PrefabInfo","root":{"__id__":1},"asset":{"__uuid__":"dbjvCED31N0YMEpvCofLH7"},"fileId":"efGtet6mhFw4duFGbGWJVn"},"_contentSize":{"__type__":"cc.Size","width":657,"height":640},"_trs":{"__type__":"TypedArray","ctor":"Float64Array","array":[0,129,0,0,0,0,1,1,1,1]}},{"__type__":"cc.Node","_name":"bg_xiao_nei","_parent":{"__id__":3},"_components":[{"__type__":"cc.Sprite","node":{"__id__":4},"_materials":[{"__uuid__":"ecpdLyjvZBwrvm+cedCcQy"}],"_spriteFrame":{"__uuid__":"7cf1UlLmNJEaR8GVffqggr"}}],"_prefab":{"__type__":"cc.PrefabInfo","root":{"__id__":1},"asset":{"__uuid__":"dbjvCED31N0YMEpvCofLH7"},"fileId":"eaqXz55I9LBb9R+3lHycjG"},"_contentSize":{"__type__":"cc.Size","width":600,"height":489},"_trs":{"__type__":"TypedArray","ctor":"Float64Array","array":[0,-45.918,0,0,0,0,1,1,1,1]}},{"__type__":"cc.Node","_name":"btn_anniu","_parent":{"__id__":3},"_children":[{"__id__":6}],"_components":[{"__type__":"cc.Sprite","node":{"__id__":5},"_materials":[{"__uuid__":"ecpdLyjvZBwrvm+cedCcQy"}],"_spriteFrame":{"__uuid__":"a4ubWZ+5tD/5uKeRUTQzdm"},"_type":1,"_sizeMode":0},{"__type__":"cc.Button","node":{"__id__":5},"_normalMaterial":{"__uuid__":"ecpdLyjvZBwrvm+cedCcQy"},"zoomScale":0.9,"_N$transition":3,"transition":3}],"_prefab":{"__type__":"cc.PrefabInfo","root":{"__id__":1},"asset":{"__uuid__":"dbjvCED31N0YMEpvCofLH7"},"fileId":"3dk72Vud1MH6euxh9buMwv"},"_contentSize":{"__type__":"cc.Size","width":200,"height":70},"_trs":{"__type__":"TypedArray","ctor":"Float64Array","array":[0,-160,0,0,0,0,1,1,1,1]}},{"__type__":"cc.Node","_name":"btn_anniubal","_parent":{"__id__":5},"_components":[{"__type__":"cc.Label","node":{"__id__":6},"_materials":[{"__uuid__":"ecpdLyjvZBwrvm+cedCcQy"}],"_string":"确定","_N$string":"确定","_fontSize":30,"_lineHeight":30,"_isSystemFontUsed":false,"_N$horizontalAlign":1,"_N$verticalAlign":1}],"_prefab":{"__type__":"cc.PrefabInfo","root":{"__id__":1},"asset":{"__uuid__":"dbjvCED31N0YMEpvCofLH7"},"fileId":"35sIAip5ZAbaeVB/zM9C+E"},"_contentSize":{"__type__":"cc.Size","width":60,"height":37.8},"_trs":{"__type__":"TypedArray","ctor":"Float64Array","array":[0,3,0,0,0,0,1,1,1,1]}},{"__type__":"cc.Node","_name":"bodydata","_parent":{"__id__":3},"_components":[{"__type__":"cc.Label","node":{"__id__":7},"_materials":[{"__uuid__":"ecpdLyjvZBwrvm+cedCcQy"}],"_string":"确定出售该炮塔么","_N$string":"确定出售该炮塔么","_isSystemFontUsed":false,"_N$horizontalAlign":1,"_N$verticalAlign":1}],"_prefab":{"__type__":"cc.PrefabInfo","root":{"__id__":1},"asset":{"__uuid__":"dbjvCED31N0YMEpvCofLH7"},"fileId":"5dAYXCEb1HjY4hps0ylSoH"},"_color":{"__type__":"cc.Color","r":117,"g":59,"b":23},"_contentSize":{"__type__":"cc.Size","width":320,"height":50.4},"_trs":{"__type__":"TypedArray","ctor":"Float64Array","array":[0,46.096,0,0,0,0,1,1,1,1]}},{"__type__":"cc.Node","_name":"btn_close","_parent":{"__id__":3},"_components":[{"__type__":"cc.Sprite","node":{"__id__":8},"_materials":[{"__uuid__":"ecpdLyjvZBwrvm+cedCcQy"}],"_spriteFrame":{"__uuid__":"5c4o7no3NMH7pZupb0latf"}},{"__type__":"cc.Button","node":{"__id__":8},"_normalMaterial":{"__uuid__":"ecpdLyjvZBwrvm+cedCcQy"},"zoomScale":0.9,"_N$transition":3,"transition":3}],"_prefab":{"__type__":"cc.PrefabInfo","root":{"__id__":1},"asset":{"__uuid__":"dbjvCED31N0YMEpvCofLH7"},"fileId":"66WFAN6epN6qMKlgMnqsM4"},"_contentSize":{"__type__":"cc.Size","width":84,"height":84},"_trs":{"__type__":"TypedArray","ctor":"Float64Array","array":[305.192,247.223,0,0,0,0,1,1,1,1]}}]]