[[{"__type__":"cc.Prefab","_name":"jiazuhc_layer","data":{"__id__":1}},{"__type__":"cc.Node","_name":"jiazuhc_layer","_children":[{"__id__":2},{"__id__":3}],"_components":[{"__type__":"cc.Widget","node":{"__id__":1},"_alignFlags":45},{"__type__":"a7fabIweM9J07CgHkd/Dr+h","node":{"__id__":1},"ic_pao":{"__uuid__":"f2IX74R2JDrIgNu1gkhNWM"}}],"_prefab":{"__type__":"cc.PrefabInfo","root":{"__id__":1},"asset":{"__uuid__":"06DfL+JnZLgJDjAU2VNG8H"},"fileId":"88iWbEZaJAiZjmCrE7CqKS"},"_contentSize":{"__type__":"cc.Size","width":750,"height":1334},"_trs":{"__type__":"TypedArray","ctor":"Float64Array","array":[375,667,0,0,0,0,1,1,1,1]}},{"__type__":"cc.Node","_name":"mask","_parent":{"__id__":1},"_components":[{"__type__":"cc.Sprite","node":{"__id__":2},"_materials":[{"__uuid__":"ecpdLyjvZBwrvm+cedCcQy"}],"_spriteFrame":{"__uuid__":"a2MjXRFdtLlYQ5ouAFv/+R"},"_sizeMode":0},{"__type__":"cc.Widget","node":{"__id__":2},"_alignFlags":45,"_originalWidth":40,"_originalHeight":36},{"__type__":"cc.BlockInputEvents","node":{"__id__":2}}],"_prefab":{"__type__":"cc.PrefabInfo","root":{"__id__":1},"asset":{"__uuid__":"06DfL+JnZLgJDjAU2VNG8H"},"fileId":"fbv5zoxVhN47VdZZp8Uyt0"},"_opacity":180,"_color":{"__type__":"cc.Color"},"_contentSize":{"__type__":"cc.Size","width":750,"height":1334},"_trs":{"__type__":"TypedArray","ctor":"Float64Array","array":[0,0,0,0,0,0,1,1,1,1]}},{"__type__":"cc.Node","_name":"sprNode","_parent":{"__id__":1},"_children":[{"__id__":4},{"__id__":5},{"__id__":6},{"__id__":7},{"__id__":8},{"__id__":9},{"__id__":10},{"__id__":11},{"__id__":12},{"__id__":13},{"__id__":14},{"__id__":15},{"__id__":16},{"__id__":17},{"__id__":18},{"__id__":19},{"__id__":20},{"__id__":21},{"__id__":22},{"__id__":23},{"__id__":24},{"__id__":25},{"__id__":26},{"__id__":27},{"__id__":28},{"__id__":29},{"__id__":30},{"__id__":31},{"__id__":32},{"__id__":33},{"__id__":34}],"_prefab":{"__type__":"cc.PrefabInfo","root":{"__id__":1},"asset":{"__uuid__":"06DfL+JnZLgJDjAU2VNG8H"},"fileId":"47Ri5iMjhLQac4m3e7B5Wf"},"_trs":{"__type__":"TypedArray","ctor":"Float64Array","array":[0,0,0,0,0,0,1,1,1,1]}},{"__type__":"cc.Node","_name":"ic_kai1","_parent":{"__id__":3},"_active":false,"_components":[{"__type__":"cc.Sprite","node":{"__id__":4},"_materials":[{"__uuid__":"ecpdLyjvZBwrvm+cedCcQy"}],"_spriteFrame":{"__uuid__":"75mqj3SDJLLbgwtdFnNGKA"}}],"_prefab":{"__type__":"cc.PrefabInfo","root":{"__id__":1},"asset":{"__uuid__":"06DfL+JnZLgJDjAU2VNG8H"},"fileId":"c0ZeTZ2K1KfK7M53XP1Kr6"},"_contentSize":{"__type__":"cc.Size","width":250,"height":250},"_trs":{"__type__":"TypedArray","ctor":"Float64Array","array":[-148,17,0,0,0,0,1,1,1,1]}},{"__type__":"cc.Node","_name":"ic_kai2","_parent":{"__id__":3},"_active":false,"_components":[{"__type__":"cc.Sprite","node":{"__id__":5},"_materials":[{"__uuid__":"ecpdLyjvZBwrvm+cedCcQy"}],"_spriteFrame":{"__uuid__":"75mqj3SDJLLbgwtdFnNGKA"}}],"_prefab":{"__type__":"cc.PrefabInfo","root":{"__id__":1},"asset":{"__uuid__":"06DfL+JnZLgJDjAU2VNG8H"},"fileId":"e1sriUWQNO3ZndamFOJTmr"},"_contentSize":{"__type__":"cc.Size","width":250,"height":250},"_trs":{"__type__":"TypedArray","ctor":"Float64Array","array":[152,17,0,0,0,0,1,1,1,1]}},{"__type__":"cc.Node","_name":"ic_kai3","_parent":{"__id__":3},"_active":false,"_components":[{"__type__":"cc.Sprite","node":{"__id__":6},"_materials":[{"__uuid__":"ecpdLyjvZBwrvm+cedCcQy"}],"_spriteFrame":{"__uuid__":"75mqj3SDJLLbgwtdFnNGKA"}}],"_prefab":{"__type__":"cc.PrefabInfo","root":{"__id__":1},"asset":{"__uuid__":"06DfL+JnZLgJDjAU2VNG8H"},"fileId":"bb2uRz5GJFwK5ygP0qMmQ/"},"_contentSize":{"__type__":"cc.Size","width":250,"height":250},"_trs":{"__type__":"TypedArray","ctor":"Float64Array","array":[-247,-189,0,0,0,0,1,1,1,1]}},{"__type__":"cc.Node","_name":"ic_kai4","_parent":{"__id__":3},"_active":false,"_components":[{"__type__":"cc.Sprite","node":{"__id__":7},"_materials":[{"__uuid__":"ecpdLyjvZBwrvm+cedCcQy"}],"_spriteFrame":{"__uuid__":"75mqj3SDJLLbgwtdFnNGKA"}}],"_prefab":{"__type__":"cc.PrefabInfo","root":{"__id__":1},"asset":{"__uuid__":"06DfL+JnZLgJDjAU2VNG8H"},"fileId":"19BmSczNZO9Kc1cm61vxlp"},"_contentSize":{"__type__":"cc.Size","width":250,"height":250},"_trs":{"__type__":"TypedArray","ctor":"Float64Array","array":[2,-189,0,0,0,0,1,1,1,1]}},{"__type__":"cc.Node","_name":"ic_kai5","_parent":{"__id__":3},"_active":false,"_components":[{"__type__":"cc.Sprite","node":{"__id__":8},"_materials":[{"__uuid__":"ecpdLyjvZBwrvm+cedCcQy"}],"_spriteFrame":{"__uuid__":"75mqj3SDJLLbgwtdFnNGKA"}}],"_prefab":{"__type__":"cc.PrefabInfo","root":{"__id__":1},"asset":{"__uuid__":"06DfL+JnZLgJDjAU2VNG8H"},"fileId":"6fLEHNrChOcqi/gKirVl55"},"_contentSize":{"__type__":"cc.Size","width":250,"height":250},"_trs":{"__type__":"TypedArray","ctor":"Float64Array","array":[252,-189,0,0,0,0,1,1,1,1]}},{"__type__":"cc.Node","_name":"ic_baoxiang1","_parent":{"__id__":3},"_components":[{"__type__":"cc.Sprite","node":{"__id__":9},"_materials":[{"__uuid__":"ecpdLyjvZBwrvm+cedCcQy"}],"_spriteFrame":{"__uuid__":"b0Nb/mzb1NOZlerVUlZ2sU"}}],"_prefab":{"__type__":"cc.PrefabInfo","root":{"__id__":1},"asset":{"__uuid__":"06DfL+JnZLgJDjAU2VNG8H"},"fileId":"45ktPnhzFHVqbD26KT99HX"},"_contentSize":{"__type__":"cc.Size","width":112,"height":80},"_trs":{"__type__":"TypedArray","ctor":"Float64Array","array":[-150,0,0,0,0,0,1,1.8,1.8,1]}},{"__type__":"cc.Node","_name":"ic_baoxiang2","_parent":{"__id__":3},"_components":[{"__type__":"cc.Sprite","node":{"__id__":10},"_materials":[{"__uuid__":"ecpdLyjvZBwrvm+cedCcQy"}],"_spriteFrame":{"__uuid__":"b0Nb/mzb1NOZlerVUlZ2sU"}}],"_prefab":{"__type__":"cc.PrefabInfo","root":{"__id__":1},"asset":{"__uuid__":"06DfL+JnZLgJDjAU2VNG8H"},"fileId":"9fSTbWeMtCQ7+AH3wyq35C"},"_contentSize":{"__type__":"cc.Size","width":112,"height":80},"_trs":{"__type__":"TypedArray","ctor":"Float64Array","array":[150,0,0,0,0,0,1,1.8,1.8,1]}},{"__type__":"cc.Node","_name":"ic_baoxiang3","_parent":{"__id__":3},"_components":[{"__type__":"cc.Sprite","node":{"__id__":11},"_materials":[{"__uuid__":"ecpdLyjvZBwrvm+cedCcQy"}],"_spriteFrame":{"__uuid__":"b0Nb/mzb1NOZlerVUlZ2sU"}}],"_prefab":{"__type__":"cc.PrefabInfo","root":{"__id__":1},"asset":{"__uuid__":"06DfL+JnZLgJDjAU2VNG8H"},"fileId":"fatmUe2cRA9YrpmcSJcuCU"},"_contentSize":{"__type__":"cc.Size","width":112,"height":80},"_trs":{"__type__":"TypedArray","ctor":"Float64Array","array":[-250,-205,0,0,0,0,1,1.8,1.8,1]}},{"__type__":"cc.Node","_name":"ic_baoxiang4","_parent":{"__id__":3},"_components":[{"__type__":"cc.Sprite","node":{"__id__":12},"_materials":[{"__uuid__":"ecpdLyjvZBwrvm+cedCcQy"}],"_spriteFrame":{"__uuid__":"b0Nb/mzb1NOZlerVUlZ2sU"}}],"_prefab":{"__type__":"cc.PrefabInfo","root":{"__id__":1},"asset":{"__uuid__":"06DfL+JnZLgJDjAU2VNG8H"},"fileId":"ff1o6EJihCm4eq2aICH1Hx"},"_contentSize":{"__type__":"cc.Size","width":112,"height":80},"_trs":{"__type__":"TypedArray","ctor":"Float64Array","array":[0,-205,0,0,0,0,1,1.8,1.8,1]}},{"__type__":"cc.Node","_name":"ic_baoxiang5","_parent":{"__id__":3},"_components":[{"__type__":"cc.Sprite","node":{"__id__":13},"_materials":[{"__uuid__":"ecpdLyjvZBwrvm+cedCcQy"}],"_spriteFrame":{"__uuid__":"b0Nb/mzb1NOZlerVUlZ2sU"}}],"_prefab":{"__type__":"cc.PrefabInfo","root":{"__id__":1},"asset":{"__uuid__":"06DfL+JnZLgJDjAU2VNG8H"},"fileId":"a0tnQNDNpJ46e43Wswslvc"},"_contentSize":{"__type__":"cc.Size","width":112,"height":80},"_trs":{"__type__":"TypedArray","ctor":"Float64Array","array":[250,-205,0,0,0,0,1,1.8,1.8,1]}},{"__type__":"cc.Node","_name":"ic_di1","_parent":{"__id__":3},"_active":false,"_components":[{"__type__":"cc.Sprite","node":{"__id__":14},"_materials":[{"__uuid__":"ecpdLyjvZBwrvm+cedCcQy"}],"_spriteFrame":{"__uuid__":"26kc1ncrBFZ7v7bAM0I9ri"}}],"_prefab":{"__type__":"cc.PrefabInfo","root":{"__id__":1},"asset":{"__uuid__":"06DfL+JnZLgJDjAU2VNG8H"},"fileId":"425AhmcAtLJ4J2Lj289JII"},"_contentSize":{"__type__":"cc.Size","width":250,"height":104},"_trs":{"__type__":"TypedArray","ctor":"Float64Array","array":[-153,-30,0,0,0,0,1,1,1,1]}},{"__type__":"cc.Node","_name":"ic_di2","_parent":{"__id__":3},"_active":false,"_components":[{"__type__":"cc.Sprite","node":{"__id__":15},"_materials":[{"__uuid__":"ecpdLyjvZBwrvm+cedCcQy"}],"_spriteFrame":{"__uuid__":"26kc1ncrBFZ7v7bAM0I9ri"}}],"_prefab":{"__type__":"cc.PrefabInfo","root":{"__id__":1},"asset":{"__uuid__":"06DfL+JnZLgJDjAU2VNG8H"},"fileId":"4dVYhyNjJGz7IlUcLvsS0C"},"_contentSize":{"__type__":"cc.Size","width":250,"height":104},"_trs":{"__type__":"TypedArray","ctor":"Float64Array","array":[147,-30,0,0,0,0,1,1,1,1]}},{"__type__":"cc.Node","_name":"ic_di3","_parent":{"__id__":3},"_active":false,"_components":[{"__type__":"cc.Sprite","node":{"__id__":16},"_materials":[{"__uuid__":"ecpdLyjvZBwrvm+cedCcQy"}],"_spriteFrame":{"__uuid__":"26kc1ncrBFZ7v7bAM0I9ri"}}],"_prefab":{"__type__":"cc.PrefabInfo","root":{"__id__":1},"asset":{"__uuid__":"06DfL+JnZLgJDjAU2VNG8H"},"fileId":"80bq+e9UFMGIHB4JpgpDJL"},"_contentSize":{"__type__":"cc.Size","width":250,"height":104},"_trs":{"__type__":"TypedArray","ctor":"Float64Array","array":[-253,-235,0,0,0,0,1,1,1,1]}},{"__type__":"cc.Node","_name":"ic_di4","_parent":{"__id__":3},"_active":false,"_components":[{"__type__":"cc.Sprite","node":{"__id__":17},"_materials":[{"__uuid__":"ecpdLyjvZBwrvm+cedCcQy"}],"_spriteFrame":{"__uuid__":"26kc1ncrBFZ7v7bAM0I9ri"}}],"_prefab":{"__type__":"cc.PrefabInfo","root":{"__id__":1},"asset":{"__uuid__":"06DfL+JnZLgJDjAU2VNG8H"},"fileId":"damdaiYGFL2prb+u0KPwH3"},"_contentSize":{"__type__":"cc.Size","width":250,"height":104},"_trs":{"__type__":"TypedArray","ctor":"Float64Array","array":[-2,-235,0,0,0,0,1,1,1,1]}},{"__type__":"cc.Node","_name":"ic_di5","_parent":{"__id__":3},"_active":false,"_components":[{"__type__":"cc.Sprite","node":{"__id__":18},"_materials":[{"__uuid__":"ecpdLyjvZBwrvm+cedCcQy"}],"_spriteFrame":{"__uuid__":"26kc1ncrBFZ7v7bAM0I9ri"}}],"_prefab":{"__type__":"cc.PrefabInfo","root":{"__id__":1},"asset":{"__uuid__":"06DfL+JnZLgJDjAU2VNG8H"},"fileId":"davwUUR41E36aFUTah049D"},"_contentSize":{"__type__":"cc.Size","width":250,"height":104},"_trs":{"__type__":"TypedArray","ctor":"Float64Array","array":[248,-235,0,0,0,0,1,1,1,1]}},{"__type__":"cc.Node","_name":"ic_hongbao1","_parent":{"__id__":3},"_active":false,"_components":[{"__type__":"cc.Sprite","node":{"__id__":19},"_materials":[{"__uuid__":"ecpdLyjvZBwrvm+cedCcQy"}],"_spriteFrame":{"__uuid__":"bdMphRan1JWLr3cfBsbCda"}}],"_prefab":{"__type__":"cc.PrefabInfo","root":{"__id__":1},"asset":{"__uuid__":"06DfL+JnZLgJDjAU2VNG8H"},"fileId":"68hEhMsnJCFZpU0+m/ESNR"},"_contentSize":{"__type__":"cc.Size","width":150,"height":100},"_trs":{"__type__":"TypedArray","ctor":"Float64Array","array":[-153,11,0,0,0,0,1,1.5,1.5,1]}},{"__type__":"cc.Node","_name":"ic_hongbao2","_parent":{"__id__":3},"_active":false,"_components":[{"__type__":"cc.Sprite","node":{"__id__":20},"_materials":[{"__uuid__":"ecpdLyjvZBwrvm+cedCcQy"}],"_spriteFrame":{"__uuid__":"bdMphRan1JWLr3cfBsbCda"}}],"_prefab":{"__type__":"cc.PrefabInfo","root":{"__id__":1},"asset":{"__uuid__":"06DfL+JnZLgJDjAU2VNG8H"},"fileId":"7apoRl7xFGmrZqH1wVy8Lj"},"_contentSize":{"__type__":"cc.Size","width":150,"height":100},"_trs":{"__type__":"TypedArray","ctor":"Float64Array","array":[148,11,0,0,0,0,1,1.5,1.5,1]}},{"__type__":"cc.Node","_name":"ic_hongbao3","_parent":{"__id__":3},"_active":false,"_components":[{"__type__":"cc.Sprite","node":{"__id__":21},"_materials":[{"__uuid__":"ecpdLyjvZBwrvm+cedCcQy"}],"_spriteFrame":{"__uuid__":"bdMphRan1JWLr3cfBsbCda"}}],"_prefab":{"__type__":"cc.PrefabInfo","root":{"__id__":1},"asset":{"__uuid__":"06DfL+JnZLgJDjAU2VNG8H"},"fileId":"9csipqLUhFOJyv8Q2jKqjv"},"_contentSize":{"__type__":"cc.Size","width":150,"height":100},"_trs":{"__type__":"TypedArray","ctor":"Float64Array","array":[-254,-194,0,0,0,0,1,1.5,1.5,1]}},{"__type__":"cc.Node","_name":"ic_hongbao4","_parent":{"__id__":3},"_active":false,"_components":[{"__type__":"cc.Sprite","node":{"__id__":22},"_materials":[{"__uuid__":"ecpdLyjvZBwrvm+cedCcQy"}],"_spriteFrame":{"__uuid__":"bdMphRan1JWLr3cfBsbCda"}}],"_prefab":{"__type__":"cc.PrefabInfo","root":{"__id__":1},"asset":{"__uuid__":"06DfL+JnZLgJDjAU2VNG8H"},"fileId":"5e0qQuPe1IEKGwwZHd1YXl"},"_contentSize":{"__type__":"cc.Size","width":150,"height":100},"_trs":{"__type__":"TypedArray","ctor":"Float64Array","array":[-2,-194,0,0,0,0,1,1.5,1.5,1]}},{"__type__":"cc.Node","_name":"ic_hongbao5","_parent":{"__id__":3},"_active":false,"_components":[{"__type__":"cc.Sprite","node":{"__id__":23},"_materials":[{"__uuid__":"ecpdLyjvZBwrvm+cedCcQy"}],"_spriteFrame":{"__uuid__":"bdMphRan1JWLr3cfBsbCda"}}],"_prefab":{"__type__":"cc.PrefabInfo","root":{"__id__":1},"asset":{"__uuid__":"06DfL+JnZLgJDjAU2VNG8H"},"fileId":"ees3Dcz3JEPJ9FNtjanOmn"},"_contentSize":{"__type__":"cc.Size","width":150,"height":100},"_trs":{"__type__":"TypedArray","ctor":"Float64Array","array":[245,-194,0,0,0,0,1,1.5,1.5,1]}},{"__type__":"cc.Node","_name":"ic_pao1","_parent":{"__id__":3},"_active":false,"_components":[{"__type__":"cc.Sprite","node":{"__id__":24},"_materials":[{"__uuid__":"ecpdLyjvZBwrvm+cedCcQy"}]}],"_prefab":{"__type__":"cc.PrefabInfo","root":{"__id__":1},"asset":{"__uuid__":"06DfL+JnZLgJDjAU2VNG8H"},"fileId":"b2xopEm+NDVLAozsXP7jU9"},"_contentSize":{"__type__":"cc.Size","width":92,"height":86},"_trs":{"__type__":"TypedArray","ctor":"Float64Array","array":[-151,3,0,0,0,0,1,1,1,1]}},{"__type__":"cc.Node","_name":"ic_pao2","_parent":{"__id__":3},"_active":false,"_components":[{"__type__":"cc.Sprite","node":{"__id__":25},"_materials":[{"__uuid__":"ecpdLyjvZBwrvm+cedCcQy"}]}],"_prefab":{"__type__":"cc.PrefabInfo","root":{"__id__":1},"asset":{"__uuid__":"06DfL+JnZLgJDjAU2VNG8H"},"fileId":"947JxkJSJHOq3IqrEM7Acs"},"_contentSize":{"__type__":"cc.Size","width":92,"height":86},"_trs":{"__type__":"TypedArray","ctor":"Float64Array","array":[150,3,0,0,0,0,1,1,1,1]}},{"__type__":"cc.Node","_name":"ic_pao3","_parent":{"__id__":3},"_active":false,"_components":[{"__type__":"cc.Sprite","node":{"__id__":26},"_materials":[{"__uuid__":"ecpdLyjvZBwrvm+cedCcQy"}]}],"_prefab":{"__type__":"cc.PrefabInfo","root":{"__id__":1},"asset":{"__uuid__":"06DfL+JnZLgJDjAU2VNG8H"},"fileId":"c8DWF1PRJCR4BZ+IichNpO"},"_contentSize":{"__type__":"cc.Size","width":92,"height":86},"_trs":{"__type__":"TypedArray","ctor":"Float64Array","array":[-252,-202,0,0,0,0,1,1,1,1]}},{"__type__":"cc.Node","_name":"ic_pao4","_parent":{"__id__":3},"_active":false,"_components":[{"__type__":"cc.Sprite","node":{"__id__":27},"_materials":[{"__uuid__":"ecpdLyjvZBwrvm+cedCcQy"}]}],"_prefab":{"__type__":"cc.PrefabInfo","root":{"__id__":1},"asset":{"__uuid__":"06DfL+JnZLgJDjAU2VNG8H"},"fileId":"02KNAC19FOlI1LgxiRSVto"},"_contentSize":{"__type__":"cc.Size","width":92,"height":86},"_trs":{"__type__":"TypedArray","ctor":"Float64Array","array":[-1,-202,0,0,0,0,1,1,1,1]}},{"__type__":"cc.Node","_name":"ic_pao5","_parent":{"__id__":3},"_active":false,"_components":[{"__type__":"cc.Sprite","node":{"__id__":28},"_materials":[{"__uuid__":"ecpdLyjvZBwrvm+cedCcQy"}]}],"_prefab":{"__type__":"cc.PrefabInfo","root":{"__id__":1},"asset":{"__uuid__":"06DfL+JnZLgJDjAU2VNG8H"},"fileId":"d6bqV7dANE2LPHbooyTg9Q"},"_contentSize":{"__type__":"cc.Size","width":92,"height":86},"_trs":{"__type__":"TypedArray","ctor":"Float64Array","array":[249,-202,0,0,0,0,1,1,1,1]}},{"__type__":"cc.Node","_name":"lab_info1","_parent":{"__id__":3},"_active":false,"_components":[{"__type__":"cc.Label","node":{"__id__":29},"_materials":[{"__uuid__":"ecpdLyjvZBwrvm+cedCcQy"}],"_useOriginalSize":false,"_string":"0.1元现金","_N$string":"0.1元现金","_fontSize":25,"_lineHeight":25,"_N$file":{"__uuid__":"74NcU0ep9Ej5VUtoCgyUEs"},"_isSystemFontUsed":false,"_N$horizontalAlign":1,"_N$verticalAlign":1}],"_prefab":{"__type__":"cc.PrefabInfo","root":{"__id__":1},"asset":{"__uuid__":"06DfL+JnZLgJDjAU2VNG8H"},"fileId":"182cznoe5Bca1rOZrr+ci4"},"_contentSize":{"__type__":"cc.Size","width":122.5,"height":25},"_trs":{"__type__":"TypedArray","ctor":"Float64Array","array":[-149,75,0,0,0,0,1,1,1,1]}},{"__type__":"cc.Node","_name":"lab_info2","_parent":{"__id__":3},"_active":false,"_components":[{"__type__":"cc.Label","node":{"__id__":30},"_materials":[{"__uuid__":"ecpdLyjvZBwrvm+cedCcQy"}],"_useOriginalSize":false,"_string":"0.1元现金","_N$string":"0.1元现金","_fontSize":25,"_lineHeight":25,"_N$file":{"__uuid__":"74NcU0ep9Ej5VUtoCgyUEs"},"_isSystemFontUsed":false,"_N$horizontalAlign":1,"_N$verticalAlign":1}],"_prefab":{"__type__":"cc.PrefabInfo","root":{"__id__":1},"asset":{"__uuid__":"06DfL+JnZLgJDjAU2VNG8H"},"fileId":"dcXFPjRrxE5pe6Pd5RVP27"},"_contentSize":{"__type__":"cc.Size","width":122.5,"height":25},"_trs":{"__type__":"TypedArray","ctor":"Float64Array","array":[152,75,0,0,0,0,1,1,1,1]}},{"__type__":"cc.Node","_name":"lab_info3","_parent":{"__id__":3},"_active":false,"_components":[{"__type__":"cc.Label","node":{"__id__":31},"_materials":[{"__uuid__":"ecpdLyjvZBwrvm+cedCcQy"}],"_useOriginalSize":false,"_string":"LV.1","_N$string":"LV.1","_fontSize":25,"_lineHeight":25,"_N$file":{"__uuid__":"74NcU0ep9Ej5VUtoCgyUEs"},"_isSystemFontUsed":false,"_N$horizontalAlign":1,"_N$verticalAlign":1}],"_prefab":{"__type__":"cc.PrefabInfo","root":{"__id__":1},"asset":{"__uuid__":"06DfL+JnZLgJDjAU2VNG8H"},"fileId":"eayMC05gpKOZcveSOVkl/J"},"_contentSize":{"__type__":"cc.Size","width":60.63,"height":25},"_trs":{"__type__":"TypedArray","ctor":"Float64Array","array":[-251,-129,0,0,0,0,1,1,1,1]}},{"__type__":"cc.Node","_name":"lab_info4","_parent":{"__id__":3},"_active":false,"_components":[{"__type__":"cc.Label","node":{"__id__":32},"_materials":[{"__uuid__":"ecpdLyjvZBwrvm+cedCcQy"}],"_useOriginalSize":false,"_string":"LV.1","_N$string":"LV.1","_fontSize":25,"_lineHeight":25,"_N$file":{"__uuid__":"74NcU0ep9Ej5VUtoCgyUEs"},"_isSystemFontUsed":false,"_N$horizontalAlign":1,"_N$verticalAlign":1}],"_prefab":{"__type__":"cc.PrefabInfo","root":{"__id__":1},"asset":{"__uuid__":"06DfL+JnZLgJDjAU2VNG8H"},"fileId":"b8/l5ZRC9OYIaBTxoCdoyt"},"_contentSize":{"__type__":"cc.Size","width":60.63,"height":25},"_trs":{"__type__":"TypedArray","ctor":"Float64Array","array":[0,-129,0,0,0,0,1,1,1,1]}},{"__type__":"cc.Node","_name":"lab_info5","_parent":{"__id__":3},"_active":false,"_components":[{"__type__":"cc.Label","node":{"__id__":33},"_materials":[{"__uuid__":"ecpdLyjvZBwrvm+cedCcQy"}],"_useOriginalSize":false,"_string":"LV.1","_N$string":"LV.1","_fontSize":25,"_lineHeight":25,"_N$file":{"__uuid__":"74NcU0ep9Ej5VUtoCgyUEs"},"_isSystemFontUsed":false,"_N$horizontalAlign":1,"_N$verticalAlign":1}],"_prefab":{"__type__":"cc.PrefabInfo","root":{"__id__":1},"asset":{"__uuid__":"06DfL+JnZLgJDjAU2VNG8H"},"fileId":"191o/uRXdCk71TGStvpQwH"},"_contentSize":{"__type__":"cc.Size","width":60.63,"height":25},"_trs":{"__type__":"TypedArray","ctor":"Float64Array","array":[248,-129,0,0,0,0,1,1,1,1]}},{"__type__":"cc.Node","_name":"btn_anniu1","_parent":{"__id__":3},"_children":[{"__id__":35}],"_components":[{"__type__":"cc.Sprite","node":{"__id__":34},"_materials":[{"__uuid__":"ecpdLyjvZBwrvm+cedCcQy"}],"_spriteFrame":{"__uuid__":"f3Nw6YC09KPY3pu+7ay5p2"},"_type":1,"_sizeMode":0},{"__type__":"cc.Layout","node":{"__id__":34},"_layoutSize":{"__type__":"cc.Size","width":184,"height":65},"_resize":1,"_N$layoutType":1,"_N$paddingLeft":40,"_N$paddingRight":40},{"__type__":"cc.Button","node":{"__id__":34},"_normalMaterial":{"__uuid__":"ecpdLyjvZBwrvm+cedCcQy"},"duration":0,"zoomScale":0.9,"_N$transition":3,"transition":3}],"_prefab":{"__type__":"cc.PrefabInfo","root":{"__id__":1},"asset":{"__uuid__":"06DfL+JnZLgJDjAU2VNG8H"},"fileId":"5arFCWiFpMjqqfbvi+mqaF"},"_contentSize":{"__type__":"cc.Size","width":184,"height":65},"_trs":{"__type__":"TypedArray","ctor":"Float64Array","array":[0,-395,0,0,0,0,1,1.4,1.4,1]}},{"__type__":"cc.Node","_name":"lab_lqjl","_parent":{"__id__":34},"_components":[{"__type__":"41ebaVoPpRA4Kp67XEdHfZn","node":{"__id__":35},"_materials":[{"__uuid__":"ecpdLyjvZBwrvm+cedCcQy"}],"_string":"领取奖励","_N$string":"领取奖励","_fontSize":25,"_N$file":{"__uuid__":"farb0WbWZMgrGmuICOt0MU"},"_isSystemFontUsed":false,"_N$verticalAlign":1,"i18n_string":"jiazuhc_layer_3_1"},{"__type__":"cc.LabelOutline","node":{"__id__":35},"_color":{"__type__":"cc.Color","r":51,"g":51,"b":51},"_width":2}],"_prefab":{"__type__":"cc.PrefabInfo","root":{"__id__":1},"asset":{"__uuid__":"06DfL+JnZLgJDjAU2VNG8H"},"fileId":"4bpSJVYC9ImIcprD5sZetr"},"_contentSize":{"__type__":"cc.Size","width":104,"height":54.4},"_trs":{"__type__":"TypedArray","ctor":"Float64Array","array":[0,0,0,0,0,0,1,1,1,1]}}],{"__type__":"cc.SpriteFrame","content":{"name":"ic_di","texture":"21+BbiB/1F7Kbt5kMk7iey","rect":[1,253,250,104],"offset":[0,0],"originalSize":[250,104],"capInsets":[0,0,0,0]}},{"__type__":"cc.SpriteAtlas","_name":"jiazuhc.plist","_spriteFrames":{"btn_anniu1":{"__uuid__":"f3Nw6YC09KPY3pu+7ay5p2"},"ic_baoxiang":{"__uuid__":"b0Nb/mzb1NOZlerVUlZ2sU"},"ic_di":{"__uuid__":"26kc1ncrBFZ7v7bAM0I9ri"},"ic_hongbao":{"__uuid__":"bdMphRan1JWLr3cfBsbCda"},"ic_kai":{"__uuid__":"75mqj3SDJLLbgwtdFnNGKA"}}},{"__type__":"cc.SpriteFrame","content":{"name":"ic_kai","texture":"21+BbiB/1F7Kbt5kMk7iey","rect":[1,1,250,250],"offset":[0,0],"originalSize":[250,250],"capInsets":[0,0,0,0]}},{"__type__":"cc.SpriteFrame","content":{"name":"default_sprite_splash","texture":"02delMVqdBD70a/HSD99FK","rect":[0,0,2,2],"offset":[0,0],"originalSize":[2,2],"capInsets":[0,0,0,0]}},{"__type__":"cc.SpriteFrame","content":{"name":"ic_baoxiang","texture":"21+BbiB/1F7Kbt5kMk7iey","rect":[153,359,112,80],"offset":[0,0],"originalSize":[112,80],"capInsets":[0,0,0,0]}},{"__type__":"cc.SpriteFrame","content":{"name":"ic_hongbao","texture":"21+BbiB/1F7Kbt5kMk7iey","rect":[1,359,150,100],"offset":[0,0],"originalSize":[150,100],"capInsets":[0,0,0,0]}},{"__type__":"cc.SpriteFrame","content":{"name":"btn_anniu1","texture":"21+BbiB/1F7Kbt5kMk7iey","rect":[1,461,152,58],"offset":[0,0],"originalSize":[152,58],"capInsets":[63,22,63,22]}}]