[{"__type__":"cc.SpriteFrame","content":{"name":"hb","texture":"e0kPQXrAlLBp/dRPfCD6sk","rect":[575,633,32,32],"offset":[0,0],"originalSize":[32,32],"capInsets":[0,0,0,0]}},{"__type__":"cc.SpriteFrame","content":{"name":"tip","texture":"887bp4nJtGwbaw6sPVF90W","rect":[0,0,150,40],"offset":[0,0],"originalSize":[150,40],"capInsets":[15,15,15,15]}},[{"__type__":"cc.Prefab","_name":"gethongbao_layer","data":{"__id__":1}},{"__type__":"cc.Node","_name":"gethongbao_layer","_children":[{"__id__":2}],"_components":[{"__type__":"58510gqZbZL4ofNOIxTLu3z","node":{"__id__":1}}],"_prefab":{"__type__":"cc.PrefabInfo","root":{"__id__":1},"asset":{"__uuid__":"e9fDsB9m9JVr+p1OSG0B91"},"fileId":"e0pCciuPtIw40FC6vpXgZu"},"_trs":{"__type__":"TypedArray","ctor":"Float64Array","array":[0,0,0,0,0,0,1,1,1,1]}},{"__type__":"cc.Node","_name":"hbAlertbg","_parent":{"__id__":1},"_children":[{"__id__":3},{"__id__":4}],"_components":[{"__type__":"cc.Sprite","node":{"__id__":2},"_materials":[{"__uuid__":"ecpdLyjvZBwrvm+cedCcQy"}],"_spriteFrame":{"__uuid__":"e6E42GNkFBr5azsZfgDUjA"},"_type":1,"_sizeMode":0},{"__type__":"cc.Layout","node":{"__id__":2},"_layoutSize":{"__type__":"cc.Size","width":118.31,"height":40},"_resize":1,"_N$layoutType":1,"_N$paddingLeft":15,"_N$paddingRight":15}],"_prefab":{"__type__":"cc.PrefabInfo","root":{"__id__":1},"asset":{"__uuid__":"e9fDsB9m9JVr+p1OSG0B91"},"fileId":"faOosFl8FJ3KjWLflED5Cz"},"_contentSize":{"__type__":"cc.Size","width":118.31,"height":40},"_trs":{"__type__":"TypedArray","ctor":"Float64Array","array":[0,0,0,0,0,0,1,1,1,1]}},{"__type__":"cc.Node","_name":"img_hb","_parent":{"__id__":2},"_components":[{"__type__":"cc.Sprite","node":{"__id__":3},"_materials":[{"__uuid__":"ecpdLyjvZBwrvm+cedCcQy"}],"_spriteFrame":{"__uuid__":"88DTR5EFFHbpPeEGJb73DR"}}],"_prefab":{"__type__":"cc.PrefabInfo","root":{"__id__":1},"asset":{"__uuid__":"e9fDsB9m9JVr+p1OSG0B91"},"fileId":"5chZQkqHhEIpbKZLoMl42F"},"_contentSize":{"__type__":"cc.Size","width":32,"height":32},"_trs":{"__type__":"TypedArray","ctor":"Float64Array","array":[-28.155,0,0,0,0,0,1,1,1,1]}},{"__type__":"cc.Node","_name":"lab_hbdata","_parent":{"__id__":2},"_components":[{"__type__":"cc.Label","node":{"__id__":4},"_materials":[{"__uuid__":"ecpdLyjvZBwrvm+cedCcQy"}],"_useOriginalSize":false,"_string":"+106","_N$string":"+106","_fontSize":25,"_lineHeight":25,"_N$horizontalAlign":1,"_N$verticalAlign":1}],"_prefab":{"__type__":"cc.PrefabInfo","root":{"__id__":1},"asset":{"__uuid__":"e9fDsB9m9JVr+p1OSG0B91"},"fileId":"265I2jMYhIvJHZND6yK5le"},"_contentSize":{"__type__":"cc.Size","width":56.31,"height":31.5},"_trs":{"__type__":"TypedArray","ctor":"Float64Array","array":[16,0,0,0,0,0,1,1,1,1]}}]]