[{"__type__":"cc.SpriteFrame","content":{"name":"pic_xuedi","texture":"892yo3yAJJAq05DsHjqiLf","rect":[63,523,70,10],"offset":[0,0],"originalSize":[70,10],"capInsets":[0,0,0,0]}},{"__type__":"cc.SpriteFrame","content":{"name":"number","texture":"1a2+o3D0BGoLZSGm7L1Ho8","rect":[0,0,304,282],"offset":[0,0],"originalSize":[304,282],"capInsets":[0,0,0,0]}},{"__type__":"cc.BitmapFont","_name":"number","spriteFrame":{"__uuid__":"c0IT0uGTROmZWdyGvxWs1F"},"fontSize":40,"_fntConfig":{"commonHeight":41,"fontSize":40,"atlasName":"number.png","fontDefDictionary":{"42":{"rect":{"x":81,"y":249,"width":23,"height":23},"xOffset":4,"yOffset":0,"xAdvance":23},"43":{"rect":{"x":25,"y":249,"width":28,"height":28},"xOffset":5,"yOffset":13,"xAdvance":30},"45":{"rect":{"x":105,"y":249,"width":28,"height":11},"xOffset":5,"yOffset":21,"xAdvance":30},"46":{"rect":{"x":284,"y":173,"width":15,"height":13},"xOffset":3,"yOffset":28,"xAdvance":14},"47":{"rect":{"x":284,"y":34,"width":18,"height":35},"xOffset":3,"yOffset":6,"xAdvance":17},"48":{"rect":{"x":220,"y":141,"width":31,"height":33},"xOffset":2,"yOffset":8,"xAdvance":28},"49":{"rect":{"x":284,"y":0,"width":20,"height":33},"xOffset":9,"yOffset":7,"xAdvance":31},"50":{"rect":{"x":33,"y":147,"width":32,"height":34},"xOffset":3,"yOffset":7,"xAdvance":31},"51":{"rect":{"x":220,"y":175,"width":31,"height":33},"xOffset":3,"yOffset":7,"xAdvance":31},"52":{"rect":{"x":156,"y":35,"width":33,"height":34},"xOffset":1,"yOffset":6,"xAdvance":28},"53":{"rect":{"x":220,"y":105,"width":30,"height":35},"xOffset":2,"yOffset":7,"xAdvance":28},"54":{"rect":{"x":252,"y":34,"width":30,"height":34},"xOffset":4,"yOffset":7,"xAdvance":31},"55":{"rect":{"x":252,"y":213,"width":29,"height":33},"xOffset":4,"yOffset":7,"xAdvance":31},"56":{"rect":{"x":0,"y":216,"width":32,"height":32},"xOffset":0,"yOffset":9,"xAdvance":28},"57":{"rect":{"x":252,"y":102,"width":30,"height":33},"xOffset":4,"yOffset":7,"xAdvance":31},"65":{"rect":{"x":37,"y":113,"width":35,"height":33},"xOffset":2,"yOffset":7,"xAdvance":32},"66":{"rect":{"x":83,"y":37,"width":35,"height":36},"xOffset":3,"yOffset":6,"xAdvance":33},"67":{"rect":{"x":220,"y":0,"width":31,"height":34},"xOffset":2,"yOffset":7,"xAdvance":29},"68":{"rect":{"x":120,"y":35,"width":34,"height":34},"xOffset":4,"yOffset":7,"xAdvance":33},"69":{"rect":{"x":191,"y":0,"width":28,"height":38},"xOffset":3,"yOffset":6,"xAdvance":28},"70":{"rect":{"x":191,"y":39,"width":27,"height":35},"xOffset":3,"yOffset":6,"xAdvance":26},"71":{"rect":{"x":44,"y":41,"width":34,"height":32},"xOffset":4,"yOffset":8,"xAdvance":33},"72":{"rect":{"x":34,"y":74,"width":36,"height":34},"xOffset":4,"yOffset":7,"xAdvance":35},"73":{"rect":{"x":284,"y":70,"width":15,"height":34},"xOffset":3,"yOffset":7,"xAdvance":13},"74":{"rect":{"x":191,"y":144,"width":27,"height":33},"xOffset":2,"yOffset":8,"xAdvance":25},"75":{"rect":{"x":83,"y":0,"width":36,"height":36},"xOffset":3,"yOffset":6,"xAdvance":36},"76":{"rect":{"x":0,"y":249,"width":24,"height":33},"xOffset":3,"yOffset":7,"xAdvance":23},"77":{"rect":{"x":71,"y":74,"width":37,"height":33},"xOffset":3,"yOffset":8,"xAdvance":35},"78":{"rect":{"x":156,"y":70,"width":34,"height":33},"xOffset":3,"yOffset":7,"xAdvance":34},"79":{"rect":{"x":132,"y":147,"width":33,"height":32},"xOffset":3,"yOffset":8,"xAdvance":31},"80":{"rect":{"x":66,"y":147,"width":32,"height":34},"xOffset":3,"yOffset":6,"xAdvance":30},"81":{"rect":{"x":0,"y":74,"width":33,"height":38},"xOffset":3,"yOffset":7,"xAdvance":31},"82":{"rect":{"x":120,"y":0,"width":35,"height":34},"xOffset":3,"yOffset":7,"xAdvance":32},"83":{"rect":{"x":252,"y":136,"width":29,"height":34},"xOffset":2,"yOffset":6,"xAdvance":26},"84":{"rect":{"x":252,"y":0,"width":31,"height":33},"xOffset":3,"yOffset":7,"xAdvance":29},"85":{"rect":{"x":156,"y":104,"width":33,"height":34},"xOffset":3,"yOffset":7,"xAdvance":32},"86":{"rect":{"x":120,"y":70,"width":34,"height":34},"xOffset":3,"yOffset":7,"xAdvance":31},"87":{"rect":{"x":0,"y":41,"width":43,"height":32},"xOffset":3,"yOffset":9,"xAdvance":42},"88":{"rect":{"x":156,"y":0,"width":34,"height":34},"xOffset":2,"yOffset":7,"xAdvance":30},"89":{"rect":{"x":0,"y":113,"width":36,"height":33},"xOffset":3,"yOffset":8,"xAdvance":35},"90":{"rect":{"x":191,"y":75,"width":28,"height":33},"xOffset":2,"yOffset":7,"xAdvance":25},"97":{"rect":{"x":66,"y":216,"width":29,"height":25},"xOffset":3,"yOffset":16,"xAdvance":27},"98":{"rect":{"x":220,"y":35,"width":31,"height":34},"xOffset":3,"yOffset":7,"xAdvance":29},"99":{"rect":{"x":54,"y":249,"width":26,"height":26},"xOffset":3,"yOffset":15,"xAdvance":25},"100":{"rect":{"x":0,"y":147,"width":32,"height":35},"xOffset":4,"yOffset":7,"xAdvance":32},"101":{"rect":{"x":126,"y":216,"width":28,"height":25},"xOffset":3,"yOffset":16,"xAdvance":27},"102":{"rect":{"x":191,"y":109,"width":27,"height":34},"xOffset":3,"yOffset":7,"xAdvance":22},"103":{"rect":{"x":73,"y":113,"width":34,"height":32},"xOffset":2,"yOffset":16,"xAdvance":32},"104":{"rect":{"x":220,"y":70,"width":31,"height":34},"xOffset":3,"yOffset":6,"xAdvance":29},"105":{"rect":{"x":284,"y":105,"width":14,"height":32},"xOffset":2,"yOffset":8,"xAdvance":12},"106":{"rect":{"x":252,"y":171,"width":24,"height":41},"xOffset":1,"yOffset":7,"xAdvance":22},"107":{"rect":{"x":99,"y":147,"width":32,"height":34},"xOffset":3,"yOffset":7,"xAdvance":31},"108":{"rect":{"x":284,"y":138,"width":13,"height":34},"xOffset":3,"yOffset":7,"xAdvance":13},"109":{"rect":{"x":77,"y":183,"width":40,"height":25},"xOffset":3,"yOffset":15,"xAdvance":40},"110":{"rect":{"x":118,"y":183,"width":31,"height":25},"xOffset":3,"yOffset":15,"xAdvance":29},"111":{"rect":{"x":96,"y":216,"width":29,"height":25},"xOffset":3,"yOffset":16,"xAdvance":27},"112":{"rect":{"x":252,"y":69,"width":31,"height":32},"xOffset":3,"yOffset":15,"xAdvance":30},"113":{"rect":{"x":0,"y":183,"width":33,"height":32},"xOffset":3,"yOffset":16,"xAdvance":30},"114":{"rect":{"x":210,"y":216,"width":22,"height":25},"xOffset":4,"yOffset":16,"xAdvance":21},"115":{"rect":{"x":155,"y":216,"width":27,"height":25},"xOffset":3,"yOffset":15,"xAdvance":26},"116":{"rect":{"x":166,"y":147,"width":24,"height":31},"xOffset":3,"yOffset":10,"xAdvance":21},"117":{"rect":{"x":182,"y":183,"width":30,"height":25},"xOffset":4,"yOffset":16,"xAdvance":31},"118":{"rect":{"x":150,"y":183,"width":31,"height":25},"xOffset":3,"yOffset":15,"xAdvance":29},"119":{"rect":{"x":34,"y":183,"width":42,"height":25},"xOffset":4,"yOffset":15,"xAdvance":42},"120":{"rect":{"x":33,"y":216,"width":32,"height":26},"xOffset":3,"yOffset":15,"xAdvance":30},"121":{"rect":{"x":108,"y":113,"width":34,"height":32},"xOffset":4,"yOffset":14,"xAdvance":33},"122":{"rect":{"x":183,"y":216,"width":26,"height":25},"xOffset":2,"yOffset":16,"xAdvance":24},"20987":{"rect":{"x":42,"y":0,"width":40,"height":40},"xOffset":3,"yOffset":4,"xAdvance":40},"26292":{"rect":{"x":0,"y":0,"width":41,"height":40},"xOffset":3,"yOffset":4,"xAdvance":40}},"kerningDict":{}}},{"__type__":"cc.SpriteFrame","content":{"name":"pic_guaidi1","texture":"892yo3yAJJAq05DsHjqiLf","rect":[1,511,60,36],"offset":[0,0],"originalSize":[60,36],"capInsets":[0,0,0,0]}},{"__type__":"cc.SpriteFrame","content":{"name":"pic_xue","texture":"892yo3yAJJAq05DsHjqiLf","rect":[63,511,70,10],"offset":[0,0],"originalSize":[70,10],"capInsets":[4,0,4,0]}},[{"__type__":"cc.Prefab","_name":"guai","data":{"__id__":1}},{"__type__":"cc.Node","_name":"guai","_children":[{"__id__":2},{"__id__":3},{"__id__":4},{"__id__":7},{"__id__":8}],"_components":[{"__type__":"9fb3fITlDZNNIQMKrZFAP4K","node":{"__id__":1}}],"_prefab":{"__type__":"cc.PrefabInfo","root":{"__id__":1},"asset":{"__uuid__":"fdYRpHxGNPKptFqSgh07Vu"},"fileId":"b1pO1FmCREf6we664YLB68"},"_contentSize":{"__type__":"cc.Size","width":100,"height":100},"_trs":{"__type__":"TypedArray","ctor":"Float64Array","array":[0,0,0,0,0,0,1,1,1,1]}},{"__type__":"cc.Node","_name":"pic_guaidi1","_parent":{"__id__":1},"_components":[{"__type__":"cc.Sprite","node":{"__id__":2},"_materials":[{"__uuid__":"ecpdLyjvZBwrvm+cedCcQy"}],"_spriteFrame":{"__uuid__":"e8Ev3GOjRNrYlxsch3ZK5F"}}],"_prefab":{"__type__":"cc.PrefabInfo","root":{"__id__":1},"asset":{"__uuid__":"fdYRpHxGNPKptFqSgh07Vu"},"fileId":"a4f0RQD9NPcYaSM+haz/nE"},"_contentSize":{"__type__":"cc.Size","width":60,"height":36},"_trs":{"__type__":"TypedArray","ctor":"Float64Array","array":[0,-48,0,0,0,0,1,1,1,1]}},{"__type__":"cc.Node","_name":"pic_guai1","_parent":{"__id__":1},"_components":[{"__type__":"cc.Sprite","node":{"__id__":3},"_materials":[{"__uuid__":"ecpdLyjvZBwrvm+cedCcQy"}]}],"_prefab":{"__type__":"cc.PrefabInfo","root":{"__id__":1},"asset":{"__uuid__":"fdYRpHxGNPKptFqSgh07Vu"},"fileId":"67ufdC+GZKQqfEAXnMmaCb"},"_contentSize":{"__type__":"cc.Size","width":100,"height":100},"_trs":{"__type__":"TypedArray","ctor":"Float64Array","array":[0,0,0,0,0,0,1,1,1,1]}},{"__type__":"cc.Node","_name":"ProgressBar","_parent":{"__id__":1},"_children":[{"__id__":5}],"_components":[{"__type__":"cc.Sprite","node":{"__id__":4},"_materials":[{"__uuid__":"ecpdLyjvZBwrvm+cedCcQy"}],"_spriteFrame":{"__uuid__":"bdpMl4tT1KHLhZTY040foF"},"_type":1,"_sizeMode":0},{"__type__":"cc.ProgressBar","node":{"__id__":4},"_N$totalLength":70,"_N$barSprite":{"__id__":6}}],"_prefab":{"__type__":"cc.PrefabInfo","root":{"__id__":1},"asset":{"__uuid__":"fdYRpHxGNPKptFqSgh07Vu"},"fileId":"95OVG+1qpCe4sIIyITpEda"},"_contentSize":{"__type__":"cc.Size","width":70,"height":10},"_trs":{"__type__":"TypedArray","ctor":"Float64Array","array":[-5,80,0,0,0,0,1,1,1,1]}},{"__type__":"cc.Node","_name":"bar","_parent":{"__id__":4},"_components":[{"__id__":6}],"_prefab":{"__type__":"cc.PrefabInfo","root":{"__id__":1},"asset":{"__uuid__":"fdYRpHxGNPKptFqSgh07Vu"},"fileId":"7c8sU5y1ZN9YeHn55cKDIf"},"_color":{"__type__":"cc.Color","r":233},"_contentSize":{"__type__":"cc.Size","width":70,"height":10},"_anchorPoint":{"__type__":"cc.Vec2","y":0.5},"_trs":{"__type__":"TypedArray","ctor":"Float64Array","array":[-35,0,0,0,0,0,1,1,1,1]}},{"__type__":"cc.Sprite","node":{"__id__":5},"_materials":[{"__uuid__":"ecpdLyjvZBwrvm+cedCcQy"}],"_spriteFrame":{"__uuid__":"edNIeCKexCS5ZkHV+swdE2"},"_type":1,"_sizeMode":0},{"__type__":"cc.Node","_name":"fs_hurt","_parent":{"__id__":1},"_active":false,"_components":[{"__type__":"cc.Label","node":{"__id__":7},"_materials":[{"__uuid__":"ecpdLyjvZBwrvm+cedCcQy"}],"_useOriginalSize":false,"_N$file":{"__uuid__":"c0dEjMGRhE5bYBNhzUxpay"},"_isSystemFontUsed":false,"_N$horizontalAlign":1,"_N$verticalAlign":1,"_N$cacheMode":2}],"_prefab":{"__type__":"cc.PrefabInfo","root":{"__id__":1},"asset":{"__uuid__":"fdYRpHxGNPKptFqSgh07Vu"},"fileId":"e3FPcSyqlAh7qn/DsyJN/j"},"_contentSize":{"__type__":"cc.Size","height":40},"_trs":{"__type__":"TypedArray","ctor":"Float64Array","array":[0,-50,0,0,0,0,1,1,1,1]}},{"__type__":"cc.Node","_name":"wl_baoji","_parent":{"__id__":1},"_children":[{"__id__":9},{"__id__":10}],"_active":false,"_components":[{"__type__":"cc.Layout","node":{"__id__":8},"_layoutSize":{"__type__":"cc.Size","height":40.32},"_resize":1,"_N$layoutType":1}],"_prefab":{"__type__":"cc.PrefabInfo","root":{"__id__":1},"asset":{"__uuid__":"fdYRpHxGNPKptFqSgh07Vu"},"fileId":"4bwLrEFJJIYZzO5h01UhCv"},"_contentSize":{"__type__":"cc.Size","height":40.32},"_trs":{"__type__":"TypedArray","ctor":"Float64Array","array":[0,24,0,0,0,0,1,1,1,1]}},{"__type__":"cc.Node","_name":"crit","_parent":{"__id__":8},"_components":[{"__type__":"cc.Label","node":{"__id__":9},"_materials":[{"__uuid__":"ecpdLyjvZBwrvm+cedCcQy"}],"_string":"暴击","_N$string":"暴击","_fontSize":30,"_lineHeight":30,"_N$file":{"__uuid__":"74NcU0ep9Ej5VUtoCgyUEs"},"_isSystemFontUsed":false,"_N$horizontalAlign":1,"_N$verticalAlign":1}],"_prefab":{"__type__":"cc.PrefabInfo","root":{"__id__":1},"asset":{"__uuid__":"fdYRpHxGNPKptFqSgh07Vu"},"fileId":"32EN+4L/5HvIWS4GPuxbus"},"_contentSize":{"__type__":"cc.Size","width":62.25,"height":30},"_trs":{"__type__":"TypedArray","ctor":"Float64Array","array":[-10.875,0,0,0,0,0,1,1,1,1]}},{"__type__":"cc.Node","_name":"lab_shanghai","_parent":{"__id__":8},"_components":[{"__type__":"cc.Label","node":{"__id__":10},"_materials":[{"__uuid__":"ecpdLyjvZBwrvm+cedCcQy"}],"_useOriginalSize":false,"_fontSize":30,"_lineHeight":30,"_N$file":{"__uuid__":"74NcU0ep9Ej5VUtoCgyUEs"},"_isSystemFontUsed":false,"_N$horizontalAlign":1,"_N$verticalAlign":1}],"_prefab":{"__type__":"cc.PrefabInfo","root":{"__id__":1},"asset":{"__uuid__":"fdYRpHxGNPKptFqSgh07Vu"},"fileId":"daPIF6vA5DdaWyRTtzWaHg"},"_contentSize":{"__type__":"cc.Size","width":21.75,"height":30},"_trs":{"__type__":"TypedArray","ctor":"Float64Array","array":[0,0,0,0,0,0,1,1,1,1]}}]]