[[{"__type__":"cc.Prefab","_name":"ToastNode","data":{"__id__":1},"asyncLoadAssets":null},{"__type__":"cc.Node","_name":"ToastNode","_children":[{"__id__":2}],"_components":[{"__type__":"154edyAV/lDY4vzVfRlRl0U","node":{"__id__":1},"contentLabel":{"__id__":4}}],"_prefab":{"__type__":"cc.PrefabInfo","root":{"__id__":1},"asset":{"__uuid__":"52lhqgT+FJXpINUO5k8nuX"},"fileId":"bagAgNbwxCcK6Jtw1+6fA3"},"_contentSize":{"__type__":"cc.Size","width":1271,"height":75}},{"__type__":"cc.Node","_name":"bg","_parent":{"__id__":1},"_children":[{"__id__":3}],"_components":[{"__type__":"cc.Sprite","node":{"__id__":2},"_spriteFrame":{"__uuid__":"dc8f4Dtf9N6bbeEubS8vB8"},"_sizeMode":0},{"__type__":"cc.Layout","node":{"__id__":2},"_layoutSize":{"__type__":"cc.Size","width":257.36,"height":48},"_resize":1,"_N$layoutType":1,"_N$paddingLeft":100,"_N$paddingRight":100}],"_prefab":{"__type__":"cc.PrefabInfo","root":{"__id__":1},"asset":{"__uuid__":"52lhqgT+FJXpINUO5k8nuX"},"fileId":"91RgB8iPdPIJaTauv5baQb"},"_contentSize":{"__type__":"cc.Size","width":257.36,"height":48}},{"__type__":"cc.Node","_name":"contentLabel","_parent":{"__id__":2},"_components":[{"__id__":4}],"_prefab":{"__type__":"cc.PrefabInfo","root":{"__id__":1},"asset":{"__uuid__":"52lhqgT+FJXpINUO5k8nuX"},"fileId":"e5HOJNveRO/ZE2xdX+dSTC"},"_contentSize":{"__type__":"cc.Size","width":57.36,"height":40},"_position":{"__type__":"cc.Vec2","x":-7.105427357601002e-15}},{"__type__":"cc.Label","node":{"__id__":3},"_useOriginalSize":false,"_fontSize":24,"_N$string":"Toast","_N$horizontalAlign":1,"_N$verticalAlign":1}],{"__type__":"cc.SpriteFrame","content":{"name":"toast","texture":"25keNC2BNFDreaZZh09ykw","rect":[0,0,1271,76],"offset":[-4.5,0],"originalSize":[1280,76]}}]