[1,["a7YStUNeNCOKGpSntUY1g5"],["_effectAsset"],[["cc.Material",["_name","_states","_defines","_props"],0,12]],[[0,0,1,2,3,4]],[[0,"mat_stone_del",[{"rasterizerState":{},"depthStencilState":{},"blendState":{"targets":[{}]}},{"rasterizerState":{},"depthStencilState":{},"blendState":{"targets":[{}]}},{"rasterizerState":{},"depthStencilState":{},"blendState":{"targets":[{}]}},{"rasterizerState":{},"depthStencilState":{},"blendState":{"targets":[{}]}}],[{},{"BASE_COLOR_MAP_AS_SHADE_MAP_1":true,"BASE_COLOR_MAP_AS_SHADE_MAP_2":true},{},{}],[[{"lineWidth":30},[{"baseStep":0.7,"baseFeather":0.01},"mainColor",8,[4,4291678099],"shadeColor1",8,[4,4289172597],"shadeColor2",8,[4,4284769115],"specular",8,[4,2496647119]],{},{}],0,11,0,0]]],0,0,[0],[0],[0]]
