[1,["d1NGQ2rJZCcbhjH0/erZWw","05qAW8XA9PO7FD6JF4ePla@6c48a","12Y9dMgWdJKJGmTiZyQR9H@fc873","38SeHxVOtBx4HKB+5jAQy7","647R9EEEBFcbLGosaZNzB9","fbC8NzxLBIt5Oii26PNASo@6c48a","52Gni3RgFFt4P4YlI0EgGz","8aS+JwLCJGJLpm8uy/kd0T@6c48a","86fix71qtHHJYhzflgKe2q","0224863vlMzqoFarhD0BOu@6c48a","6eZg75MpNMF4g3P7py+2L2","11WD7Fw39HQJlx06V+KbBA@6c48a","e9w2bY6OBFqKfC9Ihf9xjK","deXzQcs8lJ36uRmQ4wA9tx","4f1Cxk3eNMj46CZI9R4r5r","baIUdvKGZPgZxNbjWTFuRI","cbbMcnqYxNqKPar+IFes91@c6160"],["mainTexture","_effectAsset","_particleSystem","_cpuMaterial","_mainTexture","node","root","_mesh","data","_parent","asset","_material"],[["cc.Node",["_name","_objFlags","__editorExtras__","_prefab","_parent","_lpos","_children","_components","_lscale"],0,4,1,5,2,9,5],["cc.CurveRange",["mode","constantMax","constant","constantMin","spline"],-1,4],["cc.Node",["_name","_components","_prefab","_parent","_lpos","_lrot","_euler","_children"],2,2,4,1,5,5,5,2],["cc.GradientRange",["_mode","color","gradient","colorMin","colorMax"],2,5,4,5,5],["cc.ParticleSystemRenderer",["_renderMode","_alignSpace","_lengthScale","_cpuMaterial","_mainTexture","_mesh"],0,6,6,6],["cc.RealKeyframeValue",["value","interpolationMode","rightTangent","rightTangentWeight","leftTangent","leftTangentWeight"],-3],["cc.Material",["_name","_states","_defines","_techIdx","_props"],-1,12],["cc.Gradient",["alphaKeys","colorKeys"],3,9,9],["cc.AlphaKey",["alpha","time"],1],["cc.ShapeModule",["emitFrom","_enable","radius","radiusThickness","_angle","arcSpeed"],-2,4],["cc.SizeOvertimeModule",["_enable","size","x","y","z"],2,4,4,4,4],["cc.RotationOvertimeModule",["_enable","x","y","z"],2,4,4,4],["cc.Mesh",["_native","_hash","_struct"],1,11],["cc.Prefab",["_name"],2],["cc.Node",["_name","_parent","_children","_components","_prefab"],2,1,12,9,4],["cc.BoxCollider",["_isTrigger","node","__prefab","_material"],2,1,4,6],["cc.CompPrefabInfo",["fileId"],2],["cc.PrefabInfo",["fileId","instance","targetOverrides","root","asset","nestedPrefabInstanceRoots"],0,1,1,2],["cc.PrefabInfo",["fileId","instance","targetOverrides","nestedPrefabInstanceRoots","root","asset"],-1,1,1],["cc.PrefabInfo",["fileId","targetOverrides","nestedPrefabInstanceRoots","root","instance","asset"],0,1,4,6],["ef4e7a3iGhN2YMAWK0MJYxJ",["node","__prefab"],3,1,4],["cc.TargetInfo",["localID"],2],["cc.PrefabInstance",["fileId","prefabRootNode","propertyOverrides"],2,1,9],["CCPropertyOverrideInfo",["value","propertyPath","targetInfo"],1,1],["CCPropertyOverrideInfo",["propertyPath","targetInfo","value"],2,1,8],["cc.MeshRenderer",["_name","node","__prefab","_materials","bakeSettings","_mesh"],2,1,4,3,4,6],["cc.ModelBakeSettings",[],3],["cc.ParticleSystem",["_capacity","node","__prefab","_materials","startColor","startSizeX","startSizeY","startSizeZ","startSpeed","startRotationX","startRotationY","startRotationZ","startDelay","startLifetime","gravityModifier","rateOverTime","rateOverDistance","_colorOverLifetimeModule","_shapeModule","_sizeOvertimeModule","_velocityOvertimeModule","_forceOvertimeModule","_limitVelocityOvertimeModule","_rotationOvertimeModule","_textureAnimationModule","_noiseModule","_trailModule","renderer"],2,1,4,12,4,4,4,4,4,4,4,4,4,4,4,4,4,4,4,4,4,4,4,4,4,4,4,4],["cc.ParticleSystem",["node","__prefab","_materials","startColor","startSizeX","startSizeY","startSizeZ","startSpeed","startRotationX","startRotationY","startRotationZ","startDelay","startLifetime","gravityModifier","rateOverTime","rateOverDistance","_colorOverLifetimeModule","_shapeModule","_sizeOvertimeModule","_velocityOvertimeModule","_forceOvertimeModule","_limitVelocityOvertimeModule","_rotationOvertimeModule","_textureAnimationModule","_noiseModule","_trailModule","renderer"],3,1,4,3,4,4,4,4,4,4,4,4,4,4,4,4,4,4,4,4,4,4,4,4,4,4,4,4],["cc.ColorOvertimeModule",["_enable","color"],2,4],["cc.ColorKey",["time","color"],2,5],["cc.VelocityOvertimeModule",["x","y","z","speedModifier"],3,4,4,4,4],["cc.ForceOvertimeModule",["x","y","z"],3,4,4,4],["cc.LimitVelocityOvertimeModule",["limitX","limitY","limitZ","limit"],3,4,4,4,4],["cc.TextureAnimationModule",["frameOverTime","startFrame"],3,4,4],["cc.RealCurve",["_times","_values"],2,9],["cc.NoiseModule",[],3],["cc.TrailModule",["lifeTime","widthRatio","colorOverTrail","colorOvertime","_particleSystem"],3,4,4,4,4,1]],[[1,1],[1,2,2],[8,0,1,3],[5,1,0,3],[3,1],[18,0,1,2,3,4,5,5],[16,0,2],[1,0,3,1,4],[1,0,4,2],[35,0,1,2],[24,0,1,2,2],[30,0,1,2],[3,0,2,2],[29,0,1,2],[31,0,1,2,3,1],[32,0,1,2,1],[33,0,1,2,3,1],[34,0,1,1],[36,1],[37,0,1,2,3,4,1],[6,0,1,2,4,4],[27,0,1,2,3,4,5,6,7,8,9,10,11,12,13,14,15,16,17,18,19,20,21,22,23,24,25,26,27,2],[11,1,2,3,1],[5,0,2,3,4,5,6],[3,0,3,4,2],[7,0,1],[9,0,5,2],[10,0,1,2,3,4,2],[12,0,1,2,3],[13,0,2],[0,0,4,7,3,5,8,2],[2,0,3,1,2,2],[21,0,2],[23,0,1,2,3],[25,0,1,2,3,4,5,2],[26,1],[1,0,1,3],[7,1,0,1],[8,0,2],[9,1,0,2,3,4,5,6],[10,1,2,3,4,1],[5,1,0,2,3,4,5,7],[4,0,3,4,2],[6,0,3,1,2,4,5],[0,0,6,7,3,5,2],[0,0,4,3,2],[0,0,4,6,3,5,2],[0,1,2,4,3,3],[14,0,1,2,3,4,2],[2,0,7,1,2,4,5,6,2],[2,0,3,1,2,5,6,2],[2,0,3,1,2,4,2],[15,0,1,2,3,2],[17,0,1,2,3,4,5,4],[19,0,1,2,3,4,5,4],[20,0,1,1],[22,0,1,2,2],[28,0,1,2,3,4,5,6,7,8,9,10,11,12,13,14,15,16,17,18,19,20,21,22,23,24,25,26,1],[3,1,1],[11,0,1,2,3,2],[4,0,1,5,3,4,3],[4,3,4,1],[4,0,2,3,4,3]],[[[[28,".bin",3383603168,[{"primitives":[{"primitiveMode":7,"vertexBundelIndices":[0],"indexView":{"offset":224,"length":24,"count":6,"stride":4}}],"vertexBundles":[{"view":{"offset":0,"length":224,"count":4,"stride":56},"attributes":[{"name":"a_position","format":32,"isNormalized":false},{"name":"a_normal","format":32,"isNormalized":false},{"name":"a_texCoord","format":21,"isNormalized":false},{"name":"a_tangent","format":44,"isNormalized":false},{"name":"a_texCoord1","format":21,"isNormalized":false}]}]},"minPosition",8,[1,-0.5,-0.5,0],"maxPosition",8,[1,0.5,0.5,0]]],-1],0,0,[],[],[]],[[[20,"hexagon_gradient2",[{"rasterizerState":{},"depthStencilState":{},"blendState":{"targets":[{}]}}],[{}],[[[{},"mainTexture",6,0]],11]]],0,0,[0,0],[0,1],[1,0]],[[[29,"DinoRewardEntity"],[44,"DinoRewardEntity",[-4,-5],[[52,true,-3,[6,"f3vYxgihdCGI3vJ0vDUUJa"],5]],[53,"ddd6uZFnxNkqPvmLALmQz3",null,null,-2,0,[-1]],[1,0.237,0,1.078]],[48,"RotateNode",1,[[-7,[45,"Entity",-8,[5,"fcHJbXMOtImKrAAhUT/XYb",null,null,null,1,0]]],1,4],[[55,-6,[6,"3beTR8HpVD6aW7ClLrsUXs"]]],[5,"76qBiCbY9DjrzirzXOYVsf",null,null,null,1,0]],[32,["d91TmpK3tH3IyA6r9RCb31"]],[32,["b9DSdjoexC54tDVNTY/d/1"]],[46,"Board",1,[-9,-10],[5,"9dIPy2jNdK0Jmd0zC09Dvg",null,null,null,1,0],[1,0,1.171,0]],[47,0,{},2,[54,"b9DSdjoexC54tDVNTY/d/1",null,null,-11,[56,"3aZ2pLSIxHWIn31EU8I7X6",1,[[33,"Effect_Dion_loading_001",["_name"],3],[10,["_lpos"],3,[1,0,0.05,0]],[10,["_lrot"],3,[3,0.7071067811865475,0,0,0.7071067811865476]],[10,["_euler"],3,[1,90,0,0]],[33,"Effect_Dion_loading_001",["_name"],4],[10,["_lpos"],4,[1,0,0.01,0]],[10,["_lrot"],4,[3,0.7071067811865475,0,0,0.7071067811865476]],[10,["_euler"],4,[1,89.99999999999999,0,0]]]],4]],[30,"Quad",5,[[34,"Quad<ModelComponent>",-12,[6,"0eVnN/f3VFX7yfFoRhxpGX"],[0],[35],1]],[5,"0fOkYYVC9MjY/Ix6LF+eD1",null,null,null,1,0],[1,-0.14,0,0],[1,0.3,0.3,0.3]],[30,"Quad-Num",5,[[34,"Quad<ModelComponent>",-13,[6,"64nZBKOgdDjoKjYqbkPJFG"],[2],[35],3]],[5,"a4iv23uA5BDoxCMbusouu9",null,null,null,1,0],[1,0.14,0,0],[1,0.32,0.32,0.32]]],0,[0,-1,6,0,6,1,0,5,1,0,-1,5,0,-2,2,0,5,2,0,-1,6,0,9,2,0,-1,7,0,-2,8,0,6,6,0,5,7,0,5,8,0,8,1,13],[0,0,0,0,0,0],[-1,7,-1,7,10,11],[12,2,13,2,14,15]],[[[29,"Effect_Dion_loading_001"],[49,"Effect_Dion_loading_001",[-3,-4,-5,-6],[-2],[5,"b9DSdjoexC54tDVNTY/d/1",null,null,null,-1,0],[1,0,0.01,0],[3,0.7071067811865475,0,0,0.7071067811865476],[1,90,0,0]],[50,"Pole-001",1,[-7],[5,"d7sEqtAnJFyoyPnsews/A4",null,null,null,1,0],[3,-0.7071067811865475,0,0,0.7071067811865476],[1,-90,0,0]],[21,2,2,[6,"daAHfZ/f1DJI7Ps8e1PsFG"],[[0,null],6,0],[58,[4,654311423]],[1,4],[1,5.5],[1,5.5],[0],[0],[0],[0],[0],[1,2],[0],[1,5],[0],[13,true,[12,1,[37,[[11,0.006696428571428571,[4,4278255360]],[11,0.47767857142857145,[4,4286971648]],[11,0.9776785714285714,[4,4283629312]]],[[38,50],[2,255,0.3013392857142857],[2,50,1]]]]],[26,0,[1,1]],[40,[0],[0],[0],[0]],[14,[0],[0],[0],[1,1]],[15,[0],[0],[0]],[16,[0],[0],[0],[0]],[22,[0],[0],[0]],[17,[8,1,[9,[0,1],[[3,2,1],[3,2,1]]]],[0]],[18],[19,[1,1],[0],[4],[4],-8],[60,4,1,1,2,3]],[31,"lizi002",1,[-9],[5,"5eB/jzKYRN5qsW+wS3bJmS",null,null,null,1,0]],[21,10,4,[6,"76zdEQJqpPxqXh02kSOfxV"],[[4,null],6,0],[24,2,[4,4278255482],[4,4278255524]],[7,3,0.15,0.2],[0],[0],[7,3,0.5,1],[0],[0],[36,3,6.283185307179586],[0],[7,3,0.5,0.8],[0],[1,30],[0],[13,true,[12,1,[25,[[2,0,0.011160714285714286],[2,255,0.3370535714285714],[2,0,0.984375]]]]],[39,true,2,0.5,0.5,0,[1,1]],[27,true,[8,1,[9,[0,0.48717948717948717,1],[[41,2,0.4888888888888889,1.8267973856209152,1,1.8267973856209152,1],[3,2,0.9703703703703703],[23,0.5037037037037037,-0.9100000000000001,1,-0.9100000000000001,1]]]],[0],[0],[0]],[14,[0],[0],[0],[1,1]],[15,[0],[0],[0]],[16,[0],[0],[0],[0]],[59,true,[0],[0],[7,3,0.7853981633974483,-6.283185307179586]],[17,[8,1,[9,[0,1],[[3,2,1],[3,2,1]]]],[0]],[18],[19,[1,1],[0],[4],[4],-10],[61,5,6]],[51,"line002",1,[-11],[5,"a6n4cmAv5LpquXpFeiW0P1",null,null,null,1,0],[1,0,0,-0.48]],[21,3,6,[6,"42LGwJq1JLA6UcbKFl7p5r"],[[7,null],6,0],[24,2,[4,4278255482],[4,4278255524]],[7,3,0.05,0.1],[0],[0],[7,3,0.5,1],[0],[0],[0],[0],[7,3,0.5,1],[0],[1,30],[0],[13,true,[12,1,[25,[[2,0,0.011160714285714286],[2,255,0.3370535714285714],[2,0,0.984375]]]]],[39,true,2,0.5,0.5,0,[1,1]],[27,true,[8,1,[9,[0,0.5128205128205128,1],[[41,2,0.4888888888888889,1.8267973856209152,1,1.8267973856209152,1],[3,2,1],[23,0.5037037037037037,-1.0187134502923976,1,-1.0187134502923976,1]]]],[0],[0],[0]],[14,[0],[0],[0],[1,1]],[15,[0],[0],[0]],[16,[0],[0],[0],[0]],[22,[0],[0],[7,3,0.7853981633974483,-6.283185307179586]],[17,[8,1,[9,[0,1],[[3,2,1],[3,2,1]]]],[0]],[18],[19,[1,1],[0],[4],[4],-12],[62,1,-1,8,9]],[31,"guangyun004",1,[-13],[5,"9fz+Wg89dPu5U6DDGSzS6A",null,null,null,1,0]],[21,2,8,[6,"feHyQgSppD75pDAzmuTs/M"],[[10,null],6,0],[24,2,[4,2538995595],[4,2890989420]],[1,1.5],[0],[0],[0],[0],[0],[36,3,6.283185307179586],[0],[7,3,1,1.5],[0],[1,2],[0],[13,true,[12,1,[25,[[38,0],[2,255,0.3303571428571429],[2,0,0.9821428571428571]]]]],[26,0,[1,1]],[27,true,[8,1,[9,[0,1],[[23,0.48518518518518516,1,1,1,1],[23,1,0.5148148148148148,1,0.5148148148148148,1]]]],[0],[0],[0]],[14,[0],[0],[0],[1,1]],[15,[0],[0],[0]],[16,[0],[0],[0],[0]],[22,[0],[0],[0]],[17,[8,1,[9,[0,1],[[3,2,1],[3,2,1]]]],[0]],[18],[19,[1,1],[0],[4],[4],-14],[42,2,11,12]],[57,1,[6,"e8N7yuFWpELqDRDaMgeup0"],[13],[4],[1,1.5],[0],[0],[0],[0],[0],[0],[0],[1,2],[0],[1,1],[0],[13,true,[12,1,[37,[[11,0.006696428571428571,[4,4281597696]],[11,0.49776785714285715,[4,4288282368]],[11,0.9933035714285714,[4,4281532160]]],[[2,0,0.006696428571428571],[2,255,0.49776785714285715],[2,0,0.9910714285714286]]]]],[26,0,[1,1]],[40,[0],[0],[0],[0]],[14,[0],[0],[0],[1,1]],[15,[0],[0],[0]],[16,[0],[0],[0],[0]],[22,[0],[0],[0]],[17,[8,1,[9,[0,1],[[3,2,1],[3,2,1]]]],[0]],[18],[19,[1,1],[0],[4],[4],-15],[42,2,14,15]]],0,[0,6,1,0,-1,10,0,-1,2,0,-2,4,0,-3,6,0,-4,8,0,-1,3,0,2,3,0,-1,5,0,2,5,0,-1,7,0,2,7,0,-1,9,0,2,9,0,2,10,0,8,1,15],[0,0,0,0,0,0,0,0,0,0,0,0,0,0,0,0],[-1,7,3,4,-1,3,4,-1,3,4,-1,3,4,-1,3,4],[3,16,3,1,4,4,5,6,6,7,8,8,9,10,10,11]],[[[20,"glowline",[{"rasterizerState":{},"depthStencilState":{},"blendState":{"targets":[{}]}}],[{}],[[[{},"mainTexture",6,0]],11]]],0,0,[0,0],[0,1],[7,0]],[[[20,"tx_xq_0001169",[{"rasterizerState":{},"depthStencilState":{},"blendState":{"targets":[{}]}}],[{}],[[[{},"mainTexture",6,0]],11]]],0,0,[0,0],[0,1],[5,0]],[[[43,"DT_circle_0027","1",[{"rasterizerState":{},"depthStencilState":{},"blendState":{"targets":[{}]}}],[{}],[[[{},"tintColor",8,[4,2164260863],"mainTexture",6,0]],11]]],0,0,[0,0],[0,1],[11,0]],[[[20,"tx_xq_0001233",[{"rasterizerState":{},"depthStencilState":{},"blendState":{"targets":[{}]}}],[{}],[[[{},"mainTexture",6,0]],11]]],0,0,[0,0],[0,1],[9,0]],[[[28,".bin",335419928,[{"primitives":[{"primitiveMode":7,"vertexBundelIndices":[0],"indexView":{"offset":672,"length":144,"count":36,"stride":4}}],"vertexBundles":[{"view":{"offset":0,"length":672,"count":14,"stride":48},"attributes":[{"name":"a_position","format":32,"isNormalized":false},{"name":"a_normal","format":32,"isNormalized":false},{"name":"a_texCoord","format":21,"isNormalized":false},{"name":"a_tangent","format":44,"isNormalized":false}]}]},"minPosition",8,[1,-0.1438789814710617,-0.12460285425186157,0],"maxPosition",8,[1,0.1438789814710617,0.12460285425186157,0.800000011920929]]],-1],0,0,[],[],[]]]]
