[[{"__type__":"cc.Prefab","_name":"youxiao_layer","data":{"__id__":1}},{"__type__":"cc.Node","_name":"youxiao_layer","_children":[{"__id__":2},{"__id__":8}],"_components":[{"__type__":"cc.Widget","node":{"__id__":1},"_alignFlags":45},{"__type__":"cc.BlockInputEvents","node":{"__id__":1}},{"__type__":"4b285CsYntEgosTVLVdKNTV","node":{"__id__":1}}],"_prefab":{"__type__":"cc.PrefabInfo","root":{"__id__":1},"asset":{"__uuid__":"05ZHIUoj9DaowUMqXa4eqR"},"fileId":"c0zy2GRcROU43J2ukkU/SC"},"_contentSize":{"__type__":"cc.Size","width":750,"height":1334},"_trs":{"__type__":"TypedArray","ctor":"Float64Array","array":[375,667,0,0,0,0,1,1,1,1]}},{"__type__":"cc.Node","_name":"ic_youxiaobg","_parent":{"__id__":1},"_children":[{"__id__":3},{"__id__":4},{"__id__":5},{"__id__":6},{"__id__":7}],"_components":[{"__type__":"cc.Sprite","node":{"__id__":2},"_materials":[{"__uuid__":"ecpdLyjvZBwrvm+cedCcQy"}],"_spriteFrame":{"__uuid__":"74tfWMDKVNcpJv8g9vvvGH"}}],"_prefab":{"__type__":"cc.PrefabInfo","root":{"__id__":1},"asset":{"__uuid__":"05ZHIUoj9DaowUMqXa4eqR"},"fileId":"6a7UglJ/ZHV7SkAWtFCIom"},"_contentSize":{"__type__":"cc.Size","width":386,"height":282},"_trs":{"__type__":"TypedArray","ctor":"Float64Array","array":[0,0,0,0,0,0,1,1,1,1]}},{"__type__":"cc.Node","_name":"lab_title1","_parent":{"__id__":2},"_components":[{"__type__":"cc.Label","node":{"__id__":3},"_materials":[{"__uuid__":"ecpdLyjvZBwrvm+cedCcQy"}],"_useOriginalSize":false,"_string":"有效用户条件","_N$string":"有效用户条件","_fontSize":25,"_lineHeight":25,"_N$horizontalAlign":1,"_N$verticalAlign":1}],"_prefab":{"__type__":"cc.PrefabInfo","root":{"__id__":1},"asset":{"__uuid__":"05ZHIUoj9DaowUMqXa4eqR"},"fileId":"144sTPGU1H9pA0+4VNHZ8h"},"_contentSize":{"__type__":"cc.Size","width":150,"height":31.5},"_anchorPoint":{"__type__":"cc.Vec2","y":0.5},"_trs":{"__type__":"TypedArray","ctor":"Float64Array","array":[-165,120,0,0,0,0,1,1,1,1]}},{"__type__":"cc.Node","_name":"lab_body1","_parent":{"__id__":2},"_components":[{"__type__":"cc.Label","node":{"__id__":4},"_materials":[{"__uuid__":"ecpdLyjvZBwrvm+cedCcQy"}],"_useOriginalSize":false,"_string":"绑定微信","_N$string":"绑定微信","_fontSize":21,"_lineHeight":21,"_N$horizontalAlign":1,"_N$verticalAlign":1}],"_prefab":{"__type__":"cc.PrefabInfo","root":{"__id__":1},"asset":{"__uuid__":"05ZHIUoj9DaowUMqXa4eqR"},"fileId":"c26O5391VBvI2g2YhCdclH"},"_color":{"__type__":"cc.Color","r":205,"g":145,"b":51},"_contentSize":{"__type__":"cc.Size","width":84,"height":26.46},"_anchorPoint":{"__type__":"cc.Vec2","y":0.5},"_trs":{"__type__":"TypedArray","ctor":"Float64Array","array":[-165,76.87,0,0,0,0,1,1,1,1]}},{"__type__":"cc.Node","_name":"lab_body2","_parent":{"__id__":2},"_components":[{"__type__":"cc.Label","node":{"__id__":5},"_materials":[{"__uuid__":"ecpdLyjvZBwrvm+cedCcQy"}],"_useOriginalSize":false,"_string":"徒弟炮塔等级到达10级","_N$string":"徒弟炮塔等级到达10级","_fontSize":21,"_lineHeight":21,"_N$horizontalAlign":1,"_N$verticalAlign":1}],"_prefab":{"__type__":"cc.PrefabInfo","root":{"__id__":1},"asset":{"__uuid__":"05ZHIUoj9DaowUMqXa4eqR"},"fileId":"89616V1XRPhaPjjwkAasBk"},"_color":{"__type__":"cc.Color","r":205,"g":145,"b":51},"_contentSize":{"__type__":"cc.Size","width":212.36,"height":26.46},"_anchorPoint":{"__type__":"cc.Vec2","y":0.5},"_trs":{"__type__":"TypedArray","ctor":"Float64Array","array":[-165,40.454,0,0,0,0,1,1,1,1]}},{"__type__":"cc.Node","_name":"lab_title2","_parent":{"__id__":2},"_components":[{"__type__":"cc.Label","node":{"__id__":6},"_materials":[{"__uuid__":"ecpdLyjvZBwrvm+cedCcQy"}],"_useOriginalSize":false,"_string":"有效奖励","_N$string":"有效奖励","_fontSize":25,"_lineHeight":25,"_N$horizontalAlign":1,"_N$verticalAlign":1}],"_prefab":{"__type__":"cc.PrefabInfo","root":{"__id__":1},"asset":{"__uuid__":"05ZHIUoj9DaowUMqXa4eqR"},"fileId":"6dWJTFgCdAnYFn1wP0HeXL"},"_contentSize":{"__type__":"cc.Size","width":100,"height":31.5},"_anchorPoint":{"__type__":"cc.Vec2","y":0.5},"_trs":{"__type__":"TypedArray","ctor":"Float64Array","array":[-165,-2,0,0,0,0,1,1,1,1]}},{"__type__":"cc.Node","_name":"lab_body3","_parent":{"__id__":2},"_components":[{"__type__":"cc.Label","node":{"__id__":7},"_materials":[{"__uuid__":"ecpdLyjvZBwrvm+cedCcQy"}],"_useOriginalSize":false,"_string":"当徒弟成为有效徒弟是，师傅获得24小时双倍收益BUFF，且家族等级经验+1","_N$string":"当徒弟成为有效徒弟是，师傅获得24小时双倍收益BUFF，且家族等级经验+1","_fontSize":21,"_lineHeight":25,"_N$verticalAlign":1,"_N$overflow":3}],"_prefab":{"__type__":"cc.PrefabInfo","root":{"__id__":1},"asset":{"__uuid__":"05ZHIUoj9DaowUMqXa4eqR"},"fileId":"f06JRYCg1BfpR7oi4qO3+U"},"_color":{"__type__":"cc.Color","r":205,"g":145,"b":51},"_contentSize":{"__type__":"cc.Size","width":330,"height":81.5},"_anchorPoint":{"__type__":"cc.Vec2","y":1},"_trs":{"__type__":"TypedArray","ctor":"Float64Array","array":[-165,-32,0,0,0,0,1,1,1,1]}},{"__type__":"cc.Node","_name":"ic_youxiaobgen","_parent":{"__id__":1},"_components":[{"__type__":"cc.Sprite","node":{"__id__":8},"_materials":[{"__uuid__":"ecpdLyjvZBwrvm+cedCcQy"}],"_spriteFrame":{"__uuid__":"dcbQIX39NHyZRRuHYyj4e0"}}],"_prefab":{"__type__":"cc.PrefabInfo","root":{"__id__":1},"asset":{"__uuid__":"05ZHIUoj9DaowUMqXa4eqR"},"fileId":"6cvgXZDnRHRLXs5F0n3Hnw"},"_contentSize":{"__type__":"cc.Size","width":386,"height":282},"_trs":{"__type__":"TypedArray","ctor":"Float64Array","array":[0,0,0,0,0,0,1,1,1,1]}}],{"__type__":"cc.SpriteFrame","content":{"name":"ic_youxiaobg","texture":"9ckym4hPdPdYdGnb+BS2oG","rect":[0,0,386,282],"offset":[0,0],"originalSize":[386,282],"capInsets":[0,0,0,0]}},{"__type__":"cc.SpriteFrame","content":{"name":"ic_youxiaobgen","texture":"01tUUDB05MQ6TQoB9lRc0e","rect":[0,0,386,282],"offset":[0,0],"originalSize":[386,282],"capInsets":[0,0,0,0]}}]