[{"__type__":"cc.SpriteFrame","content":{"name":"baifang","texture":"b9HrI0nBFNFYOegxbs3y7w","rect":[0,0,10,10],"offset":[0,0],"originalSize":[10,10],"capInsets":[0,0,0,0]}},{"__type__":"cc.SpriteFrame","content":{"name":"ic_tiaoguo","texture":"06vvkgiyBJQLUuRIjRHk4s","rect":[1,1,84,46],"offset":[0,0],"originalSize":[84,46],"capInsets":[0,0,0,0]}},{"__type__":"cc.Asset","_name":"default_video","_native":".mp4"},{"__type__":"cc.SpriteFrame","content":{"name":"ic_bofang","texture":"06vvkgiyBJQLUuRIjRHk4s","rect":[1,159,54,54],"offset":[0,0],"originalSize":[54,54],"capInsets":[0,0,0,0]}},{"__type__":"cc.SpriteFrame","content":{"name":"ic_bg","texture":"06vvkgiyBJQLUuRIjRHk4s","rect":[1,49,72,52],"offset":[0,0],"originalSize":[72,52],"capInsets":[26,0,26,0]}},{"__type__":"cc.SpriteFrame","content":{"name":"ic_jingyin","texture":"06vvkgiyBJQLUuRIjRHk4s","rect":[1,103,54,54],"offset":[0,0],"originalSize":[54,54],"capInsets":[0,0,0,0]}},[{"__type__":"cc.Prefab","_name":"advert_layer","data":{"__id__":1}},{"__type__":"cc.Node","_name":"advert_layer","_children":[{"__id__":2},{"__id__":3},{"__id__":4}],"_components":[{"__type__":"cc.Widget","node":{"__id__":1},"_alignFlags":45},{"__type__":"3cd7fVfTaRHeYVJ/1JzhJVV","node":{"__id__":1}}],"_prefab":{"__type__":"cc.PrefabInfo","root":{"__id__":1},"asset":{"__uuid__":"a06VbVyqVKn5WEiQZaMCmX"},"fileId":"eco+uPFRFB8Ko4jEGNTGMx"},"_contentSize":{"__type__":"cc.Size","width":750,"height":1334},"_trs":{"__type__":"TypedArray","ctor":"Float64Array","array":[375,667,0,0,0,0,1,1,1,1]}},{"__type__":"cc.Node","_name":"img_mask","_parent":{"__id__":1},"_components":[{"__type__":"cc.Sprite","node":{"__id__":2},"_materials":[{"__uuid__":"ecpdLyjvZBwrvm+cedCcQy"}],"_spriteFrame":{"__uuid__":"25ZUzywtNEiatG5Yhm8Kqm"},"_type":1,"_sizeMode":0},{"__type__":"cc.Widget","node":{"__id__":2},"_alignFlags":45,"_originalWidth":40,"_originalHeight":36},{"__type__":"cc.BlockInputEvents","node":{"__id__":2}}],"_prefab":{"__type__":"cc.PrefabInfo","root":{"__id__":1},"asset":{"__uuid__":"a06VbVyqVKn5WEiQZaMCmX"},"fileId":"c7Rzu9WXJAtZeWwaEAEi7B"},"_color":{"__type__":"cc.Color"},"_contentSize":{"__type__":"cc.Size","width":750,"height":1334},"_trs":{"__type__":"TypedArray","ctor":"Float64Array","array":[0,0,0,0,0,0,1,1,1,1]}},{"__type__":"cc.Node","_name":"VideoPlayer","_parent":{"__id__":1},"_components":[{"__type__":"cc.VideoPlayer","node":{"__id__":3},"_clip":{"__uuid__":"2b42KXmrtP7oBJntXicdqK"},"_isFullscreen":true,"_N$isFullscreen":true},{"__type__":"cc.Widget","node":{"__id__":3},"_alignFlags":45,"_originalWidth":428,"_originalHeight":240}],"_prefab":{"__type__":"cc.PrefabInfo","root":{"__id__":1},"asset":{"__uuid__":"a06VbVyqVKn5WEiQZaMCmX"},"fileId":"e7orMECGpFZYBNC5nlWFVb"},"_contentSize":{"__type__":"cc.Size","width":750,"height":1334},"_trs":{"__type__":"TypedArray","ctor":"Float64Array","array":[0,0,0,0,0,0,1,1,1,1]}},{"__type__":"cc.Node","_name":"videoMask","_parent":{"__id__":1},"_children":[{"__id__":5},{"__id__":10},{"__id__":11}],"_components":[{"__type__":"cc.Widget","node":{"__id__":4},"_alignFlags":45},{"__type__":"cc.BlockInputEvents","node":{"__id__":4}}],"_prefab":{"__type__":"cc.PrefabInfo","root":{"__id__":1},"asset":{"__uuid__":"a06VbVyqVKn5WEiQZaMCmX"},"fileId":"47a4slpRFGx4J4oseKK9Tz"},"_contentSize":{"__type__":"cc.Size","width":750,"height":1334},"_trs":{"__type__":"TypedArray","ctor":"Float64Array","array":[0,0,0,0,0,0,1,1,1,1]}},{"__type__":"cc.Node","_name":"left_layout","_parent":{"__id__":4},"_children":[{"__id__":6},{"__id__":8},{"__id__":9}],"_components":[{"__type__":"cc.Layout","node":{"__id__":5},"_layoutSize":{"__type__":"cc.Size","width":141.81,"height":100},"_resize":1,"_N$layoutType":1,"_N$spacingX":20},{"__type__":"cc.Widget","node":{"__id__":5},"_alignFlags":9,"_left":46,"_top":45}],"_prefab":{"__type__":"cc.PrefabInfo","root":{"__id__":1},"asset":{"__uuid__":"a06VbVyqVKn5WEiQZaMCmX"},"fileId":"f4g20ZsRtFBZPlThrrt55s"},"_contentSize":{"__type__":"cc.Size","width":141.81,"height":100},"_anchorPoint":{"__type__":"cc.Vec2","y":0.5},"_trs":{"__type__":"TypedArray","ctor":"Float64Array","array":[-329,572,0,0,0,0,1,1,1,1]}},{"__type__":"cc.Node","_name":"ic_bg","_parent":{"__id__":5},"_children":[{"__id__":7}],"_components":[{"__type__":"cc.Sprite","node":{"__id__":6},"_materials":[{"__uuid__":"ecpdLyjvZBwrvm+cedCcQy"}],"_spriteFrame":{"__uuid__":"61fXCiwzFEhYlM0yGa6IXL"},"_type":1,"_sizeMode":0},{"__type__":"cc.Layout","node":{"__id__":6},"_layoutSize":{"__type__":"cc.Size","width":67.81,"height":52},"_resize":1,"_N$layoutType":1,"_N$paddingLeft":20,"_N$paddingRight":20},{"__type__":"cc.BlockInputEvents","node":{"__id__":6}}],"_prefab":{"__type__":"cc.PrefabInfo","root":{"__id__":1},"asset":{"__uuid__":"a06VbVyqVKn5WEiQZaMCmX"},"fileId":"0eZwIfU3dEA7wq/Itse0Z0"},"_contentSize":{"__type__":"cc.Size","width":67.81,"height":52},"_trs":{"__type__":"TypedArray","ctor":"Float64Array","array":[33.905,0,0,0,0,0,1,1,1,1]}},{"__type__":"cc.Node","_name":"lab_sum","_parent":{"__id__":6},"_components":[{"__type__":"cc.Label","node":{"__id__":7},"_materials":[{"__uuid__":"ecpdLyjvZBwrvm+cedCcQy"}],"_useOriginalSize":false,"_string":"30","_N$string":"30","_fontSize":25,"_lineHeight":25,"_N$horizontalAlign":1,"_N$verticalAlign":1}],"_prefab":{"__type__":"cc.PrefabInfo","root":{"__id__":1},"asset":{"__uuid__":"a06VbVyqVKn5WEiQZaMCmX"},"fileId":"c4CaTVJcVJLaSdLIGceVgL"},"_contentSize":{"__type__":"cc.Size","width":27.81,"height":31.5},"_trs":{"__type__":"TypedArray","ctor":"Float64Array","array":[-1.7763568394002505e-15,0,0,0,0,0,1,1,1,1]}},{"__type__":"cc.Node","_name":"ic_jingyin","_parent":{"__id__":5},"_active":false,"_components":[{"__type__":"cc.Sprite","node":{"__id__":8},"_materials":[{"__uuid__":"ecpdLyjvZBwrvm+cedCcQy"}],"_spriteFrame":{"__uuid__":"9aQOp9FPxCoZ2gg69hklBI"}},{"__type__":"cc.BlockInputEvents","node":{"__id__":8}}],"_prefab":{"__type__":"cc.PrefabInfo","root":{"__id__":1},"asset":{"__uuid__":"a06VbVyqVKn5WEiQZaMCmX"},"fileId":"2d9M9VB/JJEpcJgtCSGKLV"},"_contentSize":{"__type__":"cc.Size","width":54,"height":54},"_trs":{"__type__":"TypedArray","ctor":"Float64Array","array":[114.81,0,0,0,0,0,1,1,1,1]}},{"__type__":"cc.Node","_name":"ic_bofang","_parent":{"__id__":5},"_components":[{"__type__":"cc.Sprite","node":{"__id__":9},"_materials":[{"__uuid__":"ecpdLyjvZBwrvm+cedCcQy"}],"_spriteFrame":{"__uuid__":"5aFWLlPCFFJ4FVzJZeb2dj"}},{"__type__":"cc.BlockInputEvents","node":{"__id__":9}}],"_prefab":{"__type__":"cc.PrefabInfo","root":{"__id__":1},"asset":{"__uuid__":"a06VbVyqVKn5WEiQZaMCmX"},"fileId":"07ohjg4hZDF77+yCozQIAk"},"_contentSize":{"__type__":"cc.Size","width":54,"height":54},"_trs":{"__type__":"TypedArray","ctor":"Float64Array","array":[114.81,0,0,0,0,0,1,1,1,1]}},{"__type__":"cc.Node","_name":"ic_tiaoguo","_parent":{"__id__":4},"_components":[{"__type__":"cc.Sprite","node":{"__id__":10},"_materials":[{"__uuid__":"ecpdLyjvZBwrvm+cedCcQy"}],"_spriteFrame":{"__uuid__":"29lHGzNspCQrmBKNq+6+N5"}},{"__type__":"cc.Widget","node":{"__id__":10},"_alignFlags":33,"_right":46,"_top":72},{"__type__":"cc.BlockInputEvents","node":{"__id__":10}}],"_prefab":{"__type__":"cc.PrefabInfo","root":{"__id__":1},"asset":{"__uuid__":"a06VbVyqVKn5WEiQZaMCmX"},"fileId":"80MTim2NJFZafVVmb/2X0+"},"_contentSize":{"__type__":"cc.Size","width":84,"height":46},"_anchorPoint":{"__type__":"cc.Vec2","x":1,"y":0.5},"_trs":{"__type__":"TypedArray","ctor":"Float64Array","array":[329,572,0,0,0,0,1,1,1,1]}},{"__type__":"cc.Node","_name":"ic_close","_parent":{"__id__":4},"_active":false,"_components":[{"__type__":"cc.Sprite","node":{"__id__":11},"_materials":[{"__uuid__":"ecpdLyjvZBwrvm+cedCcQy"}],"_spriteFrame":{"__uuid__":"c8WbMP8UJIS5tMGNSulHaO"}},{"__type__":"cc.Widget","node":{"__id__":11},"_alignFlags":33,"_right":60,"_top":68},{"__type__":"cc.BlockInputEvents","node":{"__id__":11}}],"_prefab":{"__type__":"cc.PrefabInfo","root":{"__id__":1},"asset":{"__uuid__":"a06VbVyqVKn5WEiQZaMCmX"},"fileId":"f4TYohgjxO5ZT2Bo0Hfkec"},"_contentSize":{"__type__":"cc.Size","width":54,"height":54},"_trs":{"__type__":"TypedArray","ctor":"Float64Array","array":[288,572,0,0,0,0,1,1,1,1]}}],{"__type__":"cc.SpriteFrame","content":{"name":"ic_close","texture":"06vvkgiyBJQLUuRIjRHk4s","rect":[1,215,54,54],"offset":[0,0],"originalSize":[54,54],"capInsets":[0,0,0,0]}},{"__type__":"cc.SpriteAtlas","_name":"videoSpr.plist","_spriteFrames":{"ic_bg":{"__uuid__":"61fXCiwzFEhYlM0yGa6IXL"},"ic_bofang":{"__uuid__":"5aFWLlPCFFJ4FVzJZeb2dj"},"ic_close":{"__uuid__":"c8WbMP8UJIS5tMGNSulHaO"},"ic_jingyin":{"__uuid__":"9aQOp9FPxCoZ2gg69hklBI"},"ic_tiaoguo":{"__uuid__":"29lHGzNspCQrmBKNq+6+N5"}}}]