[{"__type__":"cc.SpriteFrame","content":{"name":"pic_xinrenfuli","texture":"65yMuZClZBsLNLtz06Gc9O","rect":[1,1593,304,110],"offset":[0,0],"originalSize":[304,110],"capInsets":[0,0,0,0]}},{"__type__":"cc.SpriteFrame","content":{"name":"btn_lingqu","texture":"65yMuZClZBsLNLtz06Gc9O","rect":[309,1655,150,56],"offset":[0,0],"originalSize":[150,56],"capInsets":[0,0,0,0]}},{"__type__":"cc.SpriteFrame","content":{"name":"btn_tianshu2","texture":"65yMuZClZBsLNLtz06Gc9O","rect":[1,1705,116,78],"offset":[0,0],"originalSize":[116,78],"capInsets":[20,20,20,20]}},{"__type__":"cc.SpriteFrame","content":{"name":"btn_tianshu","texture":"65yMuZClZBsLNLtz06Gc9O","rect":[119,1705,116,78],"offset":[0,0],"originalSize":[116,78],"capInsets":[0,0,0,0]}},{"__type__":"cc.SpriteAtlas","_name":"newman.plist","_spriteFrames":{"bg_tanchuangda":{"__uuid__":"59YA2IE5RGJr7BkSP0YjIw"},"bg_xinrenfuli2":{"__uuid__":"90rqTNJ/pIaKV+dOUNBF8U"},"btn_lingqu":{"__uuid__":"10p7SFwoFOj4P7uSN3H02j"},"btn_lingquanniu":{"__uuid__":"46+YS8FYNDN47mKypbCNmx"},"btn_qianwang":{"__uuid__":"c0m4zEjZhIsbdv1xKcY42I"},"btn_tianshu":{"__uuid__":"25vAK6jrhKYYEOw4BtgUtp"},"btn_tianshu2":{"__uuid__":"15eAROFfBDqoQ+7Jx9rJgy"},"btn_yilingqu":{"__uuid__":"e51wiq2RRHOLGEM108zvoN"},"pic_xianjin":{"__uuid__":"ed2KMXl/BII62gdeCqqupT"},"pic_xinrenfuli":{"__uuid__":"00s67I6XdI55zVKsAil+g6"}}},{"__type__":"cc.SpriteFrame","content":{"name":"btn_lingquanniu","texture":"65yMuZClZBsLNLtz06Gc9O","rect":[307,1593,152,60],"offset":[0,0],"originalSize":[152,60],"capInsets":[20,20,20,20]}},{"__type__":"cc.SpriteFrame","content":{"name":"bg_tanchuangda","texture":"65yMuZClZBsLNLtz06Gc9O","rect":[1,1,658,1022],"offset":[0,0],"originalSize":[658,1022],"capInsets":[0,0,0,0]}},{"__type__":"cc.SpriteFrame","content":{"name":"bg_xinrenfuli2","texture":"65yMuZClZBsLNLtz06Gc9O","rect":[1,1025,588,566],"offset":[0,0],"originalSize":[588,566],"capInsets":[0,0,0,0]}},{"__type__":"cc.SpriteFrame","content":{"name":"btn_qianwang","texture":"65yMuZClZBsLNLtz06Gc9O","rect":[461,1651,150,56],"offset":[0,0],"originalSize":[150,56],"capInsets":[0,0,0,0]}},{"__type__":"cc.SpriteFrame","content":{"name":"btn_yilingqu","texture":"65yMuZClZBsLNLtz06Gc9O","rect":[461,1593,150,56],"offset":[0,0],"originalSize":[150,56],"capInsets":[0,0,0,0]}},{"__type__":"cc.SpriteFrame","content":{"name":"pic_xianjin","texture":"65yMuZClZBsLNLtz06Gc9O","rect":[237,1713,110,42],"offset":[0,0],"originalSize":[110,42],"capInsets":[0,0,0,0]}}]