[{"__type__":"cc.SpriteFrame","content":{"name":"bg_huang","texture":"70uZhxIuNEn4cyfrG7FT01","rect":[1,553,594,130],"offset":[0,0],"originalSize":[594,130],"capInsets":[0,0,0,0]}},{"__type__":"cc.SpriteFrame","content":{"name":"btn_huang","texture":"36otX/aM1E4Zo+o68pRLtJ","rect":[367,1,146,52],"offset":[0,0],"originalSize":[150,56],"rotated":1,"capInsets":[23,15,23,16]}},{"__type__":"cc.SpriteFrame","content":{"name":"pic_qian","texture":"70uZhxIuNEn4cyfrG7FT01","rect":[948,417,32,32],"offset":[0,0],"originalSize":[32,32],"capInsets":[0,0,0,0]}},[{"__type__":"cc.Prefab","_name":"item_sharegx","data":{"__id__":1}},{"__type__":"cc.Node","_name":"item_sharegx","_children":[{"__id__":2},{"__id__":3},{"__id__":4},{"__id__":5},{"__id__":9},{"__id__":16},{"__id__":17},{"__id__":19},{"__id__":21},{"__id__":23},{"__id__":25},{"__id__":27}],"_components":[{"__type__":"4672d+CrdBMV5WCH+R2lph0","node":{"__id__":1}}],"_prefab":{"__type__":"cc.PrefabInfo","root":{"__id__":1},"asset":{"__uuid__":"74d7x24DlITqDyFSZjnfFF"},"fileId":"4fuXiQBnNIK6lE3oEGYYMP"},"_contentSize":{"__type__":"cc.Size","width":594,"height":130},"_trs":{"__type__":"TypedArray","ctor":"Float64Array","array":[0,-65,0,0,0,0,1,1,1,1]}},{"__type__":"cc.Node","_name":"bg_huang","_parent":{"__id__":1},"_components":[{"__type__":"cc.Sprite","node":{"__id__":2},"_materials":[{"__uuid__":"ecpdLyjvZBwrvm+cedCcQy"}],"_spriteFrame":{"__uuid__":"1e6pma0r5DUa8g0fvVBMRf"}}],"_prefab":{"__type__":"cc.PrefabInfo","root":{"__id__":1},"asset":{"__uuid__":"74d7x24DlITqDyFSZjnfFF"},"fileId":"351B/RCXVPTK3klWiYHGta"},"_contentSize":{"__type__":"cc.Size","width":594,"height":130},"_trs":{"__type__":"TypedArray","ctor":"Float64Array","array":[0,0,0,0,0,0,1,1,1,1]}},{"__type__":"cc.Node","_name":"bg_hong","_parent":{"__id__":1},"_components":[{"__type__":"cc.Sprite","node":{"__id__":3},"_materials":[{"__uuid__":"ecpdLyjvZBwrvm+cedCcQy"}],"_spriteFrame":{"__uuid__":"96LUQZM3hMNZzYAffS2Qzn"}}],"_prefab":{"__type__":"cc.PrefabInfo","root":{"__id__":1},"asset":{"__uuid__":"74d7x24DlITqDyFSZjnfFF"},"fileId":"eebFlWkLlCErkiKV4ls6KB"},"_contentSize":{"__type__":"cc.Size","width":594,"height":130},"_trs":{"__type__":"TypedArray","ctor":"Float64Array","array":[0,0,0,0,0,0,1,1,1,1]}},{"__type__":"cc.Node","_name":"pic_gongxian","_parent":{"__id__":1},"_components":[{"__type__":"cc.Sprite","node":{"__id__":4},"_materials":[{"__uuid__":"ecpdLyjvZBwrvm+cedCcQy"}],"_spriteFrame":{"__uuid__":"b9YTuqhz9AYqs/NQxDnot6"}}],"_prefab":{"__type__":"cc.PrefabInfo","root":{"__id__":1},"asset":{"__uuid__":"74d7x24DlITqDyFSZjnfFF"},"fileId":"5a/d7pr35NLJU1pZT2W+zF"},"_contentSize":{"__type__":"cc.Size","width":98,"height":98},"_trs":{"__type__":"TypedArray","ctor":"Float64Array","array":[-243,-1,0,0,0,0,1,1,1,1]}},{"__type__":"cc.Node","_name":"layout","_parent":{"__id__":1},"_children":[{"__id__":6},{"__id__":7},{"__id__":8}],"_components":[{"__type__":"cc.Layout","node":{"__id__":5},"_layoutSize":{"__type__":"cc.Size","width":137.75,"height":40},"_resize":1,"_N$layoutType":1,"_N$spacingX":8}],"_prefab":{"__type__":"cc.PrefabInfo","root":{"__id__":1},"asset":{"__uuid__":"74d7x24DlITqDyFSZjnfFF"},"fileId":"696cBzvy1JMbdWPnbSLX7t"},"_contentSize":{"__type__":"cc.Size","width":137.75,"height":40},"_anchorPoint":{"__type__":"cc.Vec2","y":0.5},"_trs":{"__type__":"TypedArray","ctor":"Float64Array","array":[-196,21,0,0,0,0,1,1,1,1]}},{"__type__":"cc.Node","_name":"font1","_parent":{"__id__":5},"_components":[{"__type__":"cc.Label","node":{"__id__":6},"_materials":[{"__uuid__":"ecpdLyjvZBwrvm+cedCcQy"}],"_useOriginalSize":false,"_string":"招募","_N$string":"招募","_fontSize":22,"_lineHeight":22,"_N$horizontalAlign":1,"_N$verticalAlign":1}],"_prefab":{"__type__":"cc.PrefabInfo","root":{"__id__":1},"asset":{"__uuid__":"74d7x24DlITqDyFSZjnfFF"},"fileId":"bd6TR14n9OlabRPibZY41+"},"_color":{"__type__":"cc.Color","r":64,"g":22,"b":9},"_contentSize":{"__type__":"cc.Size","width":44,"height":27.72},"_trs":{"__type__":"TypedArray","ctor":"Float64Array","array":[22,0,0,0,0,0,1,1,1,1]}},{"__type__":"cc.Node","_name":"tddata","_parent":{"__id__":5},"_components":[{"__type__":"cc.Label","node":{"__id__":7},"_materials":[{"__uuid__":"ecpdLyjvZBwrvm+cedCcQy"}],"_useOriginalSize":false,"_string":"1","_N$string":"1","_fontSize":22,"_lineHeight":22,"_N$file":{"__uuid__":"farb0WbWZMgrGmuICOt0MU"},"_isSystemFontUsed":false,"_N$horizontalAlign":1,"_N$verticalAlign":1}],"_prefab":{"__type__":"cc.PrefabInfo","root":{"__id__":1},"asset":{"__uuid__":"74d7x24DlITqDyFSZjnfFF"},"fileId":"89Y+8jJS1PfYpDGeSBB7Ek"},"_color":{"__type__":"cc.Color","r":243,"g":12,"b":17},"_contentSize":{"__type__":"cc.Size","width":11.75,"height":27.72},"_trs":{"__type__":"TypedArray","ctor":"Float64Array","array":[57.875,0,0,0,0,0,1,1,1,1]}},{"__type__":"cc.Node","_name":"font2","_parent":{"__id__":5},"_components":[{"__type__":"41ebaVoPpRA4Kp67XEdHfZn","node":{"__id__":8},"_materials":[{"__uuid__":"ecpdLyjvZBwrvm+cedCcQy"}],"_string":"个徒弟","_N$string":"个徒弟","_fontSize":22,"_lineHeight":22,"_N$file":{"__uuid__":"farb0WbWZMgrGmuICOt0MU"},"_isSystemFontUsed":false,"_N$horizontalAlign":1,"_N$verticalAlign":1,"i18n_string":"item_sharegx_1_1"}],"_prefab":{"__type__":"cc.PrefabInfo","root":{"__id__":1},"asset":{"__uuid__":"74d7x24DlITqDyFSZjnfFF"},"fileId":"88Rprs5TdDibilGh/0Nqqs"},"_color":{"__type__":"cc.Color","r":64,"g":22,"b":9},"_contentSize":{"__type__":"cc.Size","width":66,"height":27.72},"_trs":{"__type__":"TypedArray","ctor":"Float64Array","array":[104.75,0,0,0,0,0,1,1,1,1]}},{"__type__":"cc.Node","_name":"layout_footer","_parent":{"__id__":1},"_children":[{"__id__":10},{"__id__":11}],"_components":[{"__type__":"cc.Layout","node":{"__id__":9},"_layoutSize":{"__type__":"cc.Size","width":251.97,"height":40},"_resize":1,"_N$layoutType":1}],"_prefab":{"__type__":"cc.PrefabInfo","root":{"__id__":1},"asset":{"__uuid__":"74d7x24DlITqDyFSZjnfFF"},"fileId":"342EKQN/BMJrl7XCbUEXwM"},"_contentSize":{"__type__":"cc.Size","width":251.97,"height":40},"_anchorPoint":{"__type__":"cc.Vec2","y":0.5},"_trs":{"__type__":"TypedArray","ctor":"Float64Array","array":[-195,-21,0,0,0,0,1,1,1,1]}},{"__type__":"cc.Node","_name":"font3","_parent":{"__id__":9},"_components":[{"__type__":"41ebaVoPpRA4Kp67XEdHfZn","node":{"__id__":10},"_materials":[{"__uuid__":"ecpdLyjvZBwrvm+cedCcQy"}],"_string":"获得:","_N$string":"获得:","_fontSize":22,"_lineHeight":22,"_N$file":{"__uuid__":"farb0WbWZMgrGmuICOt0MU"},"_isSystemFontUsed":false,"_N$horizontalAlign":1,"_N$verticalAlign":1,"i18n_string":"item_sharegx_1_2"}],"_prefab":{"__type__":"cc.PrefabInfo","root":{"__id__":1},"asset":{"__uuid__":"74d7x24DlITqDyFSZjnfFF"},"fileId":"49QbS35CRIf5ckyK/jLjVd"},"_color":{"__type__":"cc.Color","r":64,"g":22,"b":9},"_contentSize":{"__type__":"cc.Size","width":51.97,"height":27.72},"_anchorPoint":{"__type__":"cc.Vec2","y":0.5},"_trs":{"__type__":"TypedArray","ctor":"Float64Array","array":[0,-4,0,0,0,0,1,1,1,1]}},{"__type__":"cc.Node","_name":"data_node","_parent":{"__id__":9},"_children":[{"__id__":12},{"__id__":13},{"__id__":14},{"__id__":15}],"_prefab":{"__type__":"cc.PrefabInfo","root":{"__id__":1},"asset":{"__uuid__":"74d7x24DlITqDyFSZjnfFF"},"fileId":"87D+n1H45BA7oAlhMiYMSS"},"_contentSize":{"__type__":"cc.Size","width":200,"height":40},"_trs":{"__type__":"TypedArray","ctor":"Float64Array","array":[151.97,-5,0,0,0,0,1,1,1,1]}},{"__type__":"cc.Node","_name":"pic_xin","_parent":{"__id__":11},"_components":[{"__type__":"cc.Sprite","node":{"__id__":12},"_materials":[{"__uuid__":"ecpdLyjvZBwrvm+cedCcQy"}],"_spriteFrame":{"__uuid__":"a8BngC8ZlCAo6VumH2bTmk"}}],"_prefab":{"__type__":"cc.PrefabInfo","root":{"__id__":1},"asset":{"__uuid__":"74d7x24DlITqDyFSZjnfFF"},"fileId":"abs+x59slNkqLhPaTObrsT"},"_contentSize":{"__type__":"cc.Size","width":32,"height":32},"_trs":{"__type__":"TypedArray","ctor":"Float64Array","array":[-84,0,0,0,0,0,1,1,1,1]}},{"__type__":"cc.Node","_name":"aixindata","_parent":{"__id__":11},"_components":[{"__type__":"cc.Label","node":{"__id__":13},"_materials":[{"__uuid__":"ecpdLyjvZBwrvm+cedCcQy"}],"_useOriginalSize":false,"_string":"40","_N$string":"40","_fontSize":22,"_lineHeight":22,"_N$file":{"__uuid__":"farb0WbWZMgrGmuICOt0MU"},"_isSystemFontUsed":false,"_N$horizontalAlign":1,"_N$verticalAlign":1}],"_prefab":{"__type__":"cc.PrefabInfo","root":{"__id__":1},"asset":{"__uuid__":"74d7x24DlITqDyFSZjnfFF"},"fileId":"acFEY9JfVHoqm/gM4FcBL5"},"_color":{"__type__":"cc.Color","r":64,"g":22,"b":9},"_contentSize":{"__type__":"cc.Size","width":23.29,"height":27.72},"_anchorPoint":{"__type__":"cc.Vec2","y":0.5},"_trs":{"__type__":"TypedArray","ctor":"Float64Array","array":[-65,1,0,0,0,0,1,1,1,1]}},{"__type__":"cc.Node","_name":"pic_qian","_parent":{"__id__":11},"_components":[{"__type__":"cc.Sprite","node":{"__id__":14},"_materials":[{"__uuid__":"ecpdLyjvZBwrvm+cedCcQy"}],"_spriteFrame":{"__uuid__":"53DCedZKRAJKs3wOs+dHxh"}}],"_prefab":{"__type__":"cc.PrefabInfo","root":{"__id__":1},"asset":{"__uuid__":"74d7x24DlITqDyFSZjnfFF"},"fileId":"45hPUoLTtKRLLgGZ1QWoys"},"_contentSize":{"__type__":"cc.Size","width":32,"height":32},"_trs":{"__type__":"TypedArray","ctor":"Float64Array","array":[-5,0,0,0,0,0,1,1,1,1]}},{"__type__":"cc.Node","_name":"moneydata","_parent":{"__id__":11},"_components":[{"__type__":"41ebaVoPpRA4Kp67XEdHfZn","node":{"__id__":15},"_materials":[{"__uuid__":"ecpdLyjvZBwrvm+cedCcQy"}],"_string":"0.00元","_N$string":"0.00元","_fontSize":22,"_lineHeight":22,"_N$file":{"__uuid__":"farb0WbWZMgrGmuICOt0MU"},"_isSystemFontUsed":false,"_N$horizontalAlign":1,"_N$verticalAlign":1,"i18n_string":"item_sharegx_1_3","i18n_params":["0.00"]}],"_prefab":{"__type__":"cc.PrefabInfo","root":{"__id__":1},"asset":{"__uuid__":"74d7x24DlITqDyFSZjnfFF"},"fileId":"1fqCj6F3JGgavYzMM1ewsn"},"_color":{"__type__":"cc.Color","r":64,"g":22,"b":9},"_contentSize":{"__type__":"cc.Size","width":68.58,"height":27.72},"_anchorPoint":{"__type__":"cc.Vec2","y":0.5},"_trs":{"__type__":"TypedArray","ctor":"Float64Array","array":[12,1,0,0,0,0,1,1,1,1]}},{"__type__":"cc.Node","_name":"statusfont","_parent":{"__id__":1},"_components":[{"__type__":"41ebaVoPpRA4Kp67XEdHfZn","node":{"__id__":16},"_materials":[{"__uuid__":"ecpdLyjvZBwrvm+cedCcQy"}],"_string":"已领取","_N$string":"已领取","_fontSize":23,"_lineHeight":23,"_N$horizontalAlign":1,"_N$verticalAlign":1,"i18n_string":"item_sharegx_1_4"}],"_prefab":{"__type__":"cc.PrefabInfo","root":{"__id__":1},"asset":{"__uuid__":"74d7x24DlITqDyFSZjnfFF"},"fileId":"46KFPdeHRHGpmO2gAd53PR"},"_color":{"__type__":"cc.Color","r":49,"g":26,"b":10},"_contentSize":{"__type__":"cc.Size","width":69,"height":28.98},"_trs":{"__type__":"TypedArray","ctor":"Float64Array","array":[189,-1,0,0,0,0,1,1,1,1]}},{"__type__":"cc.Node","_name":"btn_fenxiang","_parent":{"__id__":1},"_children":[{"__id__":18}],"_components":[{"__type__":"cc.Sprite","node":{"__id__":17},"_materials":[{"__uuid__":"ecpdLyjvZBwrvm+cedCcQy"}],"_spriteFrame":{"__uuid__":"31m6o8ff9Kf5rbYoqd2IHI"},"_type":1,"_sizeMode":0},{"__type__":"cc.Button","node":{"__id__":17},"_normalMaterial":{"__uuid__":"ecpdLyjvZBwrvm+cedCcQy"},"duration":0,"zoomScale":0.9,"_N$transition":3,"transition":3}],"_prefab":{"__type__":"cc.PrefabInfo","root":{"__id__":1},"asset":{"__uuid__":"74d7x24DlITqDyFSZjnfFF"},"fileId":"976Le2uYVMcqYU6wKFej7A"},"_contentSize":{"__type__":"cc.Size","width":146,"height":52},"_anchorPoint":{"__type__":"cc.Vec2","x":1,"y":0.5},"_trs":{"__type__":"TypedArray","ctor":"Float64Array","array":[264,0,0,0,0,0,1,1,1,1]}},{"__type__":"cc.Node","_name":"btn_fenxiangfont","_parent":{"__id__":17},"_components":[{"__type__":"41ebaVoPpRA4Kp67XEdHfZn","node":{"__id__":18},"_materials":[{"__uuid__":"ecpdLyjvZBwrvm+cedCcQy"}],"_string":"招募","_N$string":"招募","_fontSize":24,"_lineHeight":24,"_N$file":{"__uuid__":"farb0WbWZMgrGmuICOt0MU"},"_isSystemFontUsed":false,"_N$horizontalAlign":1,"_N$verticalAlign":1}],"_prefab":{"__type__":"cc.PrefabInfo","root":{"__id__":1},"asset":{"__uuid__":"74d7x24DlITqDyFSZjnfFF"},"fileId":"7e7nlQ3WNIG73U573IkKQR"},"_contentSize":{"__type__":"cc.Size","width":48,"height":30.24},"_trs":{"__type__":"TypedArray","ctor":"Float64Array","array":[-73,0,0,0,0,0,1,1,1,1]}},{"__type__":"cc.Node","_name":"btn_fenxiang_en","_parent":{"__id__":1},"_children":[{"__id__":20}],"_active":false,"_components":[{"__type__":"cc.Sprite","node":{"__id__":19},"_materials":[{"__uuid__":"ecpdLyjvZBwrvm+cedCcQy"}],"_spriteFrame":{"__uuid__":"31m6o8ff9Kf5rbYoqd2IHI"},"_type":1,"_sizeMode":0},{"__type__":"cc.Button","node":{"__id__":19},"_normalMaterial":{"__uuid__":"ecpdLyjvZBwrvm+cedCcQy"},"duration":0,"zoomScale":0.9,"_N$transition":3,"transition":3},{"__type__":"cc.Layout","node":{"__id__":19},"_layoutSize":{"__type__":"cc.Size","width":147.66,"height":52},"_resize":1,"_N$layoutType":1,"_N$paddingLeft":20,"_N$paddingRight":20}],"_prefab":{"__type__":"cc.PrefabInfo","root":{"__id__":1},"asset":{"__uuid__":"74d7x24DlITqDyFSZjnfFF"},"fileId":"a1SnnvMk9I75A3i2pn5gDB"},"_contentSize":{"__type__":"cc.Size","width":147.66,"height":52},"_anchorPoint":{"__type__":"cc.Vec2","x":1,"y":0.5},"_trs":{"__type__":"TypedArray","ctor":"Float64Array","array":[264,0,0,0,0,0,1,1,1,1]}},{"__type__":"cc.Node","_name":"btn_fenxiangfont_en","_parent":{"__id__":19},"_components":[{"__type__":"cc.Label","node":{"__id__":20},"_materials":[{"__uuid__":"ecpdLyjvZBwrvm+cedCcQy"}],"_string":"قۇبۇل قىلىش","_N$string":"قۇبۇل قىلىش","_fontSize":24,"_lineHeight":24,"_N$file":{"__uuid__":"farb0WbWZMgrGmuICOt0MU"},"_isSystemFontUsed":false,"_N$horizontalAlign":1,"_N$verticalAlign":1,"_N$overflow":1}],"_prefab":{"__type__":"cc.PrefabInfo","root":{"__id__":1},"asset":{"__uuid__":"74d7x24DlITqDyFSZjnfFF"},"fileId":"b7zuLZBtJLIoNIuUxBqBKu"},"_contentSize":{"__type__":"cc.Size","width":107.66,"height":30.24},"_trs":{"__type__":"TypedArray","ctor":"Float64Array","array":[-73.83,0,0,0,0,0,1,1,1,1]}},{"__type__":"cc.Node","_name":"btn_lingqu","_parent":{"__id__":1},"_children":[{"__id__":22}],"_active":false,"_components":[{"__type__":"cc.Sprite","node":{"__id__":21},"_materials":[{"__uuid__":"ecpdLyjvZBwrvm+cedCcQy"}],"_spriteFrame":{"__uuid__":"8bC0FXpN1ED7Lr21Sks+UZ"},"_type":1,"_sizeMode":0},{"__type__":"cc.Button","node":{"__id__":21},"_normalMaterial":{"__uuid__":"ecpdLyjvZBwrvm+cedCcQy"},"duration":0,"zoomScale":0.9,"_N$transition":3,"transition":3}],"_prefab":{"__type__":"cc.PrefabInfo","root":{"__id__":1},"asset":{"__uuid__":"74d7x24DlITqDyFSZjnfFF"},"fileId":"1biTIwi5NPv5yVuZGCDw2p"},"_contentSize":{"__type__":"cc.Size","width":146,"height":52},"_anchorPoint":{"__type__":"cc.Vec2","x":1,"y":0.5},"_trs":{"__type__":"TypedArray","ctor":"Float64Array","array":[264,0,0,0,0,0,1,1,1,1]}},{"__type__":"cc.Node","_name":"btn_lingqufont","_parent":{"__id__":21},"_components":[{"__type__":"41ebaVoPpRA4Kp67XEdHfZn","node":{"__id__":22},"_materials":[{"__uuid__":"ecpdLyjvZBwrvm+cedCcQy"}],"_string":"领取","_N$string":"领取","_fontSize":24,"_lineHeight":24,"_N$file":{"__uuid__":"farb0WbWZMgrGmuICOt0MU"},"_isSystemFontUsed":false,"_N$horizontalAlign":1,"_N$verticalAlign":1}],"_prefab":{"__type__":"cc.PrefabInfo","root":{"__id__":1},"asset":{"__uuid__":"74d7x24DlITqDyFSZjnfFF"},"fileId":"1eljE22W1Fz57rSCV1ynZ4"},"_contentSize":{"__type__":"cc.Size","width":48,"height":30.24},"_trs":{"__type__":"TypedArray","ctor":"Float64Array","array":[-73,0,0,0,0,0,1,1,1,1]}},{"__type__":"cc.Node","_name":"btn_lingqu_en","_parent":{"__id__":1},"_children":[{"__id__":24}],"_active":false,"_components":[{"__type__":"cc.Sprite","node":{"__id__":23},"_materials":[{"__uuid__":"ecpdLyjvZBwrvm+cedCcQy"}],"_spriteFrame":{"__uuid__":"8bC0FXpN1ED7Lr21Sks+UZ"},"_type":1,"_sizeMode":0},{"__type__":"cc.Button","node":{"__id__":23},"_normalMaterial":{"__uuid__":"ecpdLyjvZBwrvm+cedCcQy"},"duration":0,"zoomScale":0.9,"_N$transition":3,"transition":3}],"_prefab":{"__type__":"cc.PrefabInfo","root":{"__id__":1},"asset":{"__uuid__":"74d7x24DlITqDyFSZjnfFF"},"fileId":"d6J7s8pKNBiLwlpZCt4Krh"},"_contentSize":{"__type__":"cc.Size","width":146,"height":52},"_anchorPoint":{"__type__":"cc.Vec2","x":1,"y":0.5},"_trs":{"__type__":"TypedArray","ctor":"Float64Array","array":[264,0,0,0,0,0,1,1,1,1]}},{"__type__":"cc.Node","_name":"btn_lingqufont_en","_parent":{"__id__":23},"_components":[{"__type__":"cc.Label","node":{"__id__":24},"_materials":[{"__uuid__":"ecpdLyjvZBwrvm+cedCcQy"}],"_string":"领取","_N$string":"领取","_fontSize":24,"_lineHeight":24,"_N$file":{"__uuid__":"farb0WbWZMgrGmuICOt0MU"},"_isSystemFontUsed":false,"_N$horizontalAlign":1,"_N$verticalAlign":1}],"_prefab":{"__type__":"cc.PrefabInfo","root":{"__id__":1},"asset":{"__uuid__":"74d7x24DlITqDyFSZjnfFF"},"fileId":"69O8vEy6VMNZjkYYKLqjfd"},"_contentSize":{"__type__":"cc.Size","width":48,"height":30.24},"_trs":{"__type__":"TypedArray","ctor":"Float64Array","array":[-73,0,0,0,0,0,1,1,1,1]}},{"__type__":"cc.Node","_name":"btn_hui","_parent":{"__id__":1},"_children":[{"__id__":26}],"_active":false,"_components":[{"__type__":"cc.Sprite","node":{"__id__":25},"_materials":[{"__uuid__":"ecpdLyjvZBwrvm+cedCcQy"}],"_spriteFrame":{"__uuid__":"bfDuFj/iJDLaFydgA0a1fL"},"_type":1,"_sizeMode":0},{"__type__":"cc.Layout","node":{"__id__":25},"_layoutSize":{"__type__":"cc.Size","width":146,"height":52},"_resize":1,"_N$layoutType":1,"_N$paddingLeft":37,"_N$paddingRight":37}],"_prefab":{"__type__":"cc.PrefabInfo","root":{"__id__":1},"asset":{"__uuid__":"74d7x24DlITqDyFSZjnfFF"},"fileId":"4cn/vjqZ9JC4LqHWg0vtbe"},"_contentSize":{"__type__":"cc.Size","width":146,"height":52},"_anchorPoint":{"__type__":"cc.Vec2","x":1,"y":0.5},"_trs":{"__type__":"TypedArray","ctor":"Float64Array","array":[264,0,0,0,0,0,1,1,1,1]}},{"__type__":"cc.Node","_name":"btn_huifont","_parent":{"__id__":25},"_components":[{"__type__":"41ebaVoPpRA4Kp67XEdHfZn","node":{"__id__":26},"_materials":[{"__uuid__":"ecpdLyjvZBwrvm+cedCcQy"}],"_string":"已领取","_N$string":"已领取","_fontSize":24,"_lineHeight":24,"_N$file":{"__uuid__":"farb0WbWZMgrGmuICOt0MU"},"_isSystemFontUsed":false,"_N$horizontalAlign":1,"_N$verticalAlign":1}],"_prefab":{"__type__":"cc.PrefabInfo","root":{"__id__":1},"asset":{"__uuid__":"74d7x24DlITqDyFSZjnfFF"},"fileId":"54NfAsRtRLlZXkSD8BbTmm"},"_contentSize":{"__type__":"cc.Size","width":72,"height":30.24},"_trs":{"__type__":"TypedArray","ctor":"Float64Array","array":[-73,0,0,0,0,0,1,1,1,1]}},{"__type__":"cc.Node","_name":"btn_hui_en","_parent":{"__id__":1},"_children":[{"__id__":28}],"_active":false,"_components":[{"__type__":"cc.Sprite","node":{"__id__":27},"_materials":[{"__uuid__":"ecpdLyjvZBwrvm+cedCcQy"}],"_spriteFrame":{"__uuid__":"bfDuFj/iJDLaFydgA0a1fL"},"_type":1}],"_prefab":{"__type__":"cc.PrefabInfo","root":{"__id__":1},"asset":{"__uuid__":"74d7x24DlITqDyFSZjnfFF"},"fileId":"8cBn8h4IBNtIUNHdRyTFMc"},"_contentSize":{"__type__":"cc.Size","width":146,"height":52},"_anchorPoint":{"__type__":"cc.Vec2","x":1,"y":0.5},"_trs":{"__type__":"TypedArray","ctor":"Float64Array","array":[264,0,0,0,0,0,1,1,1,1]}},{"__type__":"cc.Node","_name":"btn_huifont_en","_parent":{"__id__":27},"_components":[{"__type__":"cc.Label","node":{"__id__":28},"_materials":[{"__uuid__":"ecpdLyjvZBwrvm+cedCcQy"}],"_string":"已领取","_N$string":"已领取","_fontSize":24,"_lineHeight":24,"_N$file":{"__uuid__":"farb0WbWZMgrGmuICOt0MU"},"_isSystemFontUsed":false,"_N$horizontalAlign":1,"_N$verticalAlign":1}],"_prefab":{"__type__":"cc.PrefabInfo","root":{"__id__":1},"asset":{"__uuid__":"74d7x24DlITqDyFSZjnfFF"},"fileId":"f6BKNr1HFOu6ZVOM02i6Q8"},"_contentSize":{"__type__":"cc.Size","width":72,"height":30.24},"_trs":{"__type__":"TypedArray","ctor":"Float64Array","array":[-73,0,0,0,0,0,1,1,1,1]}}],{"__type__":"cc.SpriteFrame","content":{"name":"btn_hong","texture":"36otX/aM1E4Zo+o68pRLtJ","rect":[149,113,118,52],"offset":[0,0],"originalSize":[118,52],"capInsets":[53,18,52,20]}},{"__type__":"cc.SpriteFrame","content":{"name":"bg_hong","texture":"70uZhxIuNEn4cyfrG7FT01","rect":[1,421,594,130],"offset":[0,0],"originalSize":[594,130],"capInsets":[0,0,0,0]}},{"__type__":"cc.SpriteFrame","content":{"name":"pic_xin","texture":"70uZhxIuNEn4cyfrG7FT01","rect":[233,972,32,32],"offset":[0,0],"originalSize":[32,32],"capInsets":[0,0,0,0]}},{"__type__":"cc.SpriteFrame","content":{"name":"pic_gongxian","texture":"70uZhxIuNEn4cyfrG7FT01","rect":[649,756,98,98],"offset":[0,0],"originalSize":[98,98],"capInsets":[0,0,0,0]}},{"__type__":"cc.SpriteFrame","content":{"name":"btn_hui","texture":"36otX/aM1E4Zo+o68pRLtJ","rect":[421,1,146,52],"offset":[0,0],"originalSize":[150,56],"rotated":1,"capInsets":[0,0,0,0]}}]