[[{"__type__":"cc.Prefab","_name":"paodan7","data":{"__id__":1}},{"__type__":"cc.Node","_name":"paodan7","_children":[{"__id__":2},{"__id__":3},{"__id__":6},{"__id__":9}],"_components":[{"__type__":"6ad5948QzNI5KOXqZ4TSOV2","node":{"__id__":1}}],"_prefab":{"__type__":"cc.PrefabInfo","root":{"__id__":1},"asset":{"__uuid__":"60ANa2G3VPir2AD6/syNhf"},"fileId":"ecd7uEYC5Jyr88y889vHzB"},"_contentSize":{"__type__":"cc.Size","width":20,"height":80},"_trs":{"__type__":"TypedArray","ctor":"Float64Array","array":[0,0,0,0,0,0,1,1,1,1]}},{"__type__":"cc.Node","_name":"padanSpr","_parent":{"__id__":1},"_components":[{"__type__":"cc.Sprite","node":{"__id__":2},"_materials":[{"__uuid__":"ecpdLyjvZBwrvm+cedCcQy"}],"_spriteFrame":{"__uuid__":"c4mn8EG/lNupUl8xLN0K3m"}}],"_prefab":{"__type__":"cc.PrefabInfo","root":{"__id__":1},"asset":{"__uuid__":"60ANa2G3VPir2AD6/syNhf"},"fileId":"433lTvEDNHtIMjS9zT9uWG"},"_contentSize":{"__type__":"cc.Size","width":20,"height":80},"_trs":{"__type__":"TypedArray","ctor":"Float64Array","array":[0,0,0,0,0,0,1,1,1,1]}},{"__type__":"cc.Node","_name":"padan47","_parent":{"__id__":1},"_children":[{"__id__":4},{"__id__":5}],"_active":false,"_prefab":{"__type__":"cc.PrefabInfo","root":{"__id__":1},"asset":{"__uuid__":"60ANa2G3VPir2AD6/syNhf"},"fileId":"a1srR3CH1NtadSN0ubIfph"},"_contentSize":{"__type__":"cc.Size","width":20,"height":80},"_trs":{"__type__":"TypedArray","ctor":"Float64Array","array":[0,0,0,0,0,0,1,1,1,1]}},{"__type__":"cc.Node","_name":"pao47_1","_parent":{"__id__":3},"_components":[{"__type__":"cc.Sprite","node":{"__id__":4},"_materials":[{"__uuid__":"ecpdLyjvZBwrvm+cedCcQy"}],"_spriteFrame":{"__uuid__":"c4mn8EG/lNupUl8xLN0K3m"}}],"_prefab":{"__type__":"cc.PrefabInfo","root":{"__id__":1},"asset":{"__uuid__":"60ANa2G3VPir2AD6/syNhf"},"fileId":"2e17DGvtFJ4JWL/0VkNK34"},"_contentSize":{"__type__":"cc.Size","width":20,"height":80},"_trs":{"__type__":"TypedArray","ctor":"Float64Array","array":[-14,0,0,0,0,0,1,1,1,1]}},{"__type__":"cc.Node","_name":"pao47_2","_parent":{"__id__":3},"_components":[{"__type__":"cc.Sprite","node":{"__id__":5},"_materials":[{"__uuid__":"ecpdLyjvZBwrvm+cedCcQy"}],"_spriteFrame":{"__uuid__":"c4mn8EG/lNupUl8xLN0K3m"}}],"_prefab":{"__type__":"cc.PrefabInfo","root":{"__id__":1},"asset":{"__uuid__":"60ANa2G3VPir2AD6/syNhf"},"fileId":"94ZqUbPk1Ei7yYN3TW22Cd"},"_contentSize":{"__type__":"cc.Size","width":20,"height":80},"_trs":{"__type__":"TypedArray","ctor":"Float64Array","array":[13,0,0,0,0,0,1,1,1,1]}},{"__type__":"cc.Node","_name":"padan57","_parent":{"__id__":1},"_children":[{"__id__":7},{"__id__":8}],"_active":false,"_prefab":{"__type__":"cc.PrefabInfo","root":{"__id__":1},"asset":{"__uuid__":"60ANa2G3VPir2AD6/syNhf"},"fileId":"d3JXAd4NJOVrp7Q+AJHSyb"},"_contentSize":{"__type__":"cc.Size","width":20,"height":80},"_trs":{"__type__":"TypedArray","ctor":"Float64Array","array":[0,0,0,0,0,0,1,1,1,1]}},{"__type__":"cc.Node","_name":"pao57_1","_parent":{"__id__":6},"_components":[{"__type__":"cc.Sprite","node":{"__id__":7},"_materials":[{"__uuid__":"ecpdLyjvZBwrvm+cedCcQy"}],"_spriteFrame":{"__uuid__":"c4mn8EG/lNupUl8xLN0K3m"}}],"_prefab":{"__type__":"cc.PrefabInfo","root":{"__id__":1},"asset":{"__uuid__":"60ANa2G3VPir2AD6/syNhf"},"fileId":"49o3gDWp1GaJ+ALl4v2e2x"},"_contentSize":{"__type__":"cc.Size","width":20,"height":80},"_trs":{"__type__":"TypedArray","ctor":"Float64Array","array":[-11,0,0,0,0,0,1,1,1,1]}},{"__type__":"cc.Node","_name":"pao57_2","_parent":{"__id__":6},"_components":[{"__type__":"cc.Sprite","node":{"__id__":8},"_materials":[{"__uuid__":"ecpdLyjvZBwrvm+cedCcQy"}],"_spriteFrame":{"__uuid__":"c4mn8EG/lNupUl8xLN0K3m"}}],"_prefab":{"__type__":"cc.PrefabInfo","root":{"__id__":1},"asset":{"__uuid__":"60ANa2G3VPir2AD6/syNhf"},"fileId":"c5Q9JGsf5O9apaAxme2K/I"},"_contentSize":{"__type__":"cc.Size","width":20,"height":80},"_trs":{"__type__":"TypedArray","ctor":"Float64Array","array":[12,0,0,0,0,0,1,1,1,1]}},{"__type__":"cc.Node","_name":"padan67","_parent":{"__id__":1},"_children":[{"__id__":10},{"__id__":11}],"_active":false,"_prefab":{"__type__":"cc.PrefabInfo","root":{"__id__":1},"asset":{"__uuid__":"60ANa2G3VPir2AD6/syNhf"},"fileId":"d4LddPr0hDjrylaX27j5OQ"},"_contentSize":{"__type__":"cc.Size","width":20,"height":80},"_trs":{"__type__":"TypedArray","ctor":"Float64Array","array":[0,0,0,0,0,0,1,1,1,1]}},{"__type__":"cc.Node","_name":"pao67_1","_parent":{"__id__":9},"_components":[{"__type__":"cc.Sprite","node":{"__id__":10},"_materials":[{"__uuid__":"ecpdLyjvZBwrvm+cedCcQy"}],"_spriteFrame":{"__uuid__":"c4mn8EG/lNupUl8xLN0K3m"}}],"_prefab":{"__type__":"cc.PrefabInfo","root":{"__id__":1},"asset":{"__uuid__":"60ANa2G3VPir2AD6/syNhf"},"fileId":"33Xf6jPCRAZYrTc2EqP1cQ"},"_contentSize":{"__type__":"cc.Size","width":20,"height":80},"_trs":{"__type__":"TypedArray","ctor":"Float64Array","array":[-11,0,0,0,0,0,1,1,1,1]}},{"__type__":"cc.Node","_name":"pao67_2","_parent":{"__id__":9},"_components":[{"__type__":"cc.Sprite","node":{"__id__":11},"_materials":[{"__uuid__":"ecpdLyjvZBwrvm+cedCcQy"}],"_spriteFrame":{"__uuid__":"c4mn8EG/lNupUl8xLN0K3m"}}],"_prefab":{"__type__":"cc.PrefabInfo","root":{"__id__":1},"asset":{"__uuid__":"60ANa2G3VPir2AD6/syNhf"},"fileId":"edCCBvhelB8rr5qs8w3N+y"},"_contentSize":{"__type__":"cc.Size","width":20,"height":80},"_trs":{"__type__":"TypedArray","ctor":"Float64Array","array":[12,0,0,0,0,0,1,1,1,1]}}],{"__type__":"cc.SpriteFrame","content":{"name":"huo1","texture":"efRM5TjhtEEJBDMrJxN7tI","rect":[1,1,100,100],"offset":[0,0],"originalSize":[100,100],"capInsets":[0,0,0,0]}},{"__type__":"cc.SpriteAtlas","_name":"paodan7.plist","_spriteFrames":{"huo1":{"__uuid__":"9521ZhjpVM/5tfbtn0paRR"},"huo2":{"__uuid__":"afH0oh4V1OaL++FjOsh7NU"},"huo3":{"__uuid__":"c4mn8EG/lNupUl8xLN0K3m"}}},{"__type__":"cc.SpriteFrame","content":{"name":"huo2","texture":"efRM5TjhtEEJBDMrJxN7tI","rect":[1,103,100,100],"offset":[0,0],"originalSize":[100,100],"capInsets":[0,0,0,0]}},{"__type__":"cc.SpriteFrame","content":{"name":"huo3","texture":"efRM5TjhtEEJBDMrJxN7tI","rect":[103,1,20,80],"offset":[0,0],"originalSize":[20,80],"capInsets":[0,0,0,0]}}]