[{"__type__":"cc.SpriteFrame","content":{"name":"pic_yaoqing","texture":"70uZhxIuNEn4cyfrG7FT01","rect":[343,744,304,110],"offset":[0,0],"originalSize":[304,110],"capInsets":[0,0,0,0]}},{"__type__":"cc.SpriteFrame","content":{"name":"lianjie","texture":"70uZhxIuNEn4cyfrG7FT01","rect":[599,366,119,317],"offset":[0,0],"originalSize":[119,317],"capInsets":[0,0,0,0]}},{"__type__":"cc.SpriteAtlas","_name":"jiazu.plist","_spriteFrames":{"bg_hong":{"__uuid__":"96LUQZM3hMNZzYAffS2Qzn"},"bg_huang":{"__uuid__":"1e6pma0r5DUa8g0fvVBMRf"},"bg_lan":{"__uuid__":"d0jJwONvtAwJ+eotDvbs3N"},"bolang":{"__uuid__":"fd1xl2q6pPZbPTa7Wn+gT6"},"btn_anniu":{"__uuid__":"a4ubWZ+5tD/5uKeRUTQzdm"},"btn_anniu3":{"__uuid__":"f3y8IPiwRKX51WmAAOUIx9"},"btn_lingxianjin":{"__uuid__":"bd1oipK/1HQLA0OJKODCS3"},"btn_tixianshuoming":{"__uuid__":"fdcuquzANJK5of9IQP/2w+"},"btn_yuemingxi":{"__uuid__":"a2//MKC/RFh5IBTmibR48J"},"btn_zhaomu":{"__uuid__":"e3jVNgF9tMXKBULxE/phOu"},"btn_zhaomu2":{"__uuid__":"2377/QcNBIEq1dPfLtv5ab"},"changtiao":{"__uuid__":"68NFM0AuhFD7ucOJVKxGj6"},"fenge":{"__uuid__":"d1y30W3MhG/IrYSYlvIBvI"},"gongxian":{"__uuid__":"9baUFANeBPtrMMWPkOqfNW"},"gongxiandi":{"__uuid__":"52Rj99/i1DXKd45nG35kUI"},"ib_guanbi":{"__uuid__":"60FtoQGRZGRqlH5ChZOoV1"},"ic_fenxiang":{"__uuid__":"684gdYpcxK35oiF4Y2Be7a"},"ic_gongxianjilu":{"__uuid__":"c2mpUREMJBo7EbgFf47gy0"},"ic_guanbi":{"__uuid__":"a9Hw8fZmlIo6LWjf2AHQL8"},"ic_pengyouquan":{"__uuid__":"bam5RPukpP0pb4nK11afvJ"},"ic_tixian":{"__uuid__":"92xDSHHH5EAJb6EkOjJSbP"},"ic_wanfashuoming":{"__uuid__":"99BCMUBThCmJ9vYQwQjIGJ"},"ic_weixin":{"__uuid__":"39DQwZA6lMB6lD9XKnLcbX"},"ic_wodeshifu":{"__uuid__":"abNeE5/AhA3oUycELSMNEY"},"ic_yaoqinggongxian":{"__uuid__":"88qeIHraVMgIXxPb3L+Ius"},"jindudi":{"__uuid__":"5cPiZmWsxIyYfP6HWMdVVw"},"jindutiao":{"__uuid__":"33yaewTYJPhKlKq/JbX0fu"},"lianjie":{"__uuid__":"05tmRslAFLfqeIgWMVj0vW"},"name":{"__uuid__":"aavZsHKTZF2LlJiPGVjGDX"},"pic_bangzhushuoming":{"__uuid__":"8d+WY8H69Iroc6rtq1GnqE"},"pic_gongxian":{"__uuid__":"b9YTuqhz9AYqs/NQxDnot6"},"pic_hb":{"__uuid__":"c1d2OODklH+4FSuGJ/XZqQ"},"pic_hongbaozhuanhuan":{"__uuid__":"1bAYQ+z7JMmaPk9eSQrEbb"},"pic_jine":{"__uuid__":"c7U92S+F9ASYx5L+YcEHDM"},"pic_lingxianjin":{"__uuid__":"85IxLiofJDQ5iP+WSg6NAJ"},"pic_mask":{"__uuid__":"94pKnDahlEa67AyUld/xEP"},"pic_qian":{"__uuid__":"53DCedZKRAJKs3wOs+dHxh"},"pic_tixian":{"__uuid__":"d5as7C555JzYUsZ5GlWEFk"},"pic_xin":{"__uuid__":"a8BngC8ZlCAo6VumH2bTmk"},"pic_yaoqing":{"__uuid__":"032ZraEVtIqKLRVt0Jf5/V"},"taizi":{"__uuid__":"a1KbARdYtAyLX7LXUdR/51"},"tianjia":{"__uuid__":"a8uNudZp1DFqz8zxekpihy"},"touxiangdi":{"__uuid__":"baLGJly1hFT6M7LY+4/ORd"},"touxiangkuang":{"__uuid__":"15pdCoZrhLV5x1lM53op2p"},"wenhao":{"__uuid__":"f5OVNpEY5Oco2RQLFBuMbg"}}},{"__type__":"cc.SpriteFrame","content":{"name":"touxiangkuang","texture":"70uZhxIuNEn4cyfrG7FT01","rect":[853,87,84,84],"offset":[0,0],"originalSize":[84,84],"capInsets":[0,0,0,0]}},{"__type__":"cc.SpriteFrame","content":{"name":"pic_hongbaozhuanhuan","texture":"70uZhxIuNEn4cyfrG7FT01","rect":[1,1,544,248],"offset":[0,0],"originalSize":[544,248],"capInsets":[0,0,0,0]}},{"__type__":"cc.SpriteFrame","content":{"name":"bg_huang","texture":"70uZhxIuNEn4cyfrG7FT01","rect":[1,553,594,130],"offset":[0,0],"originalSize":[594,130],"capInsets":[0,0,0,0]}},{"__type__":"cc.SpriteFrame","content":{"name":"btn_zhaomu2","texture":"70uZhxIuNEn4cyfrG7FT01","rect":[575,938,152,60],"offset":[0,0],"originalSize":[152,60],"capInsets":[0,0,0,0]}},{"__type__":"cc.SpriteFrame","content":{"name":"jindutiao","texture":"70uZhxIuNEn4cyfrG7FT01","rect":[1,688,572,26],"offset":[0,0],"originalSize":[572,26],"capInsets":[39,0,39,0]}},{"__type__":"cc.SpriteFrame","content":{"name":"ic_weixin","texture":"70uZhxIuNEn4cyfrG7FT01","rect":[777,681,120,120],"offset":[0,0],"originalSize":[120,120],"capInsets":[0,0,0,0]}},{"__type__":"cc.SpriteFrame","content":{"name":"gongxiandi","texture":"70uZhxIuNEn4cyfrG7FT01","rect":[720,417,140,140],"offset":[0,0],"originalSize":[140,140],"capInsets":[0,0,0,0]}},{"__type__":"cc.SpriteFrame","content":{"name":"pic_qian","texture":"70uZhxIuNEn4cyfrG7FT01","rect":[948,417,32,32],"offset":[0,0],"originalSize":[32,32],"capInsets":[0,0,0,0]}},{"__type__":"cc.SpriteFrame","content":{"name":"jindudi","texture":"70uZhxIuNEn4cyfrG7FT01","rect":[1,716,572,26],"offset":[0,0],"originalSize":[572,26],"capInsets":[0,0,0,0]}},{"__type__":"cc.SpriteFrame","content":{"name":"ib_guanbi","texture":"70uZhxIuNEn4cyfrG7FT01","rect":[912,331,84,84],"offset":[0,0],"originalSize":[84,84],"capInsets":[0,0,0,0]}},{"__type__":"cc.SpriteFrame","content":{"name":"changtiao","texture":"70uZhxIuNEn4cyfrG7FT01","rect":[575,688,200,48],"offset":[0,0],"originalSize":[200,48],"capInsets":[0,0,0,0]}},{"__type__":"cc.SpriteFrame","content":{"name":"ic_fenxiang","texture":"70uZhxIuNEn4cyfrG7FT01","rect":[899,681,84,84],"offset":[0,0],"originalSize":[84,84],"capInsets":[0,0,0,0]}},{"__type__":"cc.SpriteFrame","content":{"name":"pic_lingxianjin","texture":"70uZhxIuNEn4cyfrG7FT01","rect":[912,221,92,32],"offset":[0,0],"originalSize":[92,32],"capInsets":[0,0,0,0]}},{"__type__":"cc.SpriteFrame","content":{"name":"ic_yaoqinggongxian","texture":"70uZhxIuNEn4cyfrG7FT01","rect":[842,595,84,84],"offset":[0,0],"originalSize":[84,84],"capInsets":[0,0,0,0]}},{"__type__":"cc.SpriteFrame","content":{"name":"pic_bangzhushuoming","texture":"70uZhxIuNEn4cyfrG7FT01","rect":[547,1,304,110],"offset":[0,0],"originalSize":[304,110],"capInsets":[0,0,0,0]}},{"__type__":"cc.SpriteFrame","content":{"name":"ic_tixian","texture":"70uZhxIuNEn4cyfrG7FT01","rect":[851,938,84,84],"offset":[0,0],"originalSize":[84,84],"capInsets":[0,0,0,0]}},{"__type__":"cc.SpriteFrame","content":{"name":"pic_mask","texture":"70uZhxIuNEn4cyfrG7FT01","rect":[606,244,112,120],"offset":[0,0],"originalSize":[112,120],"capInsets":[20,20,20,20]}},{"__type__":"cc.SpriteFrame","content":{"name":"bg_hong","texture":"70uZhxIuNEn4cyfrG7FT01","rect":[1,421,594,130],"offset":[0,0],"originalSize":[594,130],"capInsets":[0,0,0,0]}},{"__type__":"cc.SpriteFrame","content":{"name":"ic_wanfashuoming","texture":"70uZhxIuNEn4cyfrG7FT01","rect":[862,417,84,84],"offset":[0,0],"originalSize":[84,84],"capInsets":[0,0,0,0]}},{"__type__":"cc.SpriteFrame","content":{"name":"gongxian","texture":"70uZhxIuNEn4cyfrG7FT01","rect":[720,225,190,190],"offset":[0,0],"originalSize":[190,190],"capInsets":[0,0,0,0]}},{"__type__":"cc.SpriteFrame","content":{"name":"taizi","texture":"70uZhxIuNEn4cyfrG7FT01","rect":[807,876,110,60],"offset":[0,0],"originalSize":[110,60],"capInsets":[0,0,0,0]}},{"__type__":"cc.SpriteFrame","content":{"name":"btn_yuemingxi","texture":"70uZhxIuNEn4cyfrG7FT01","rect":[853,173,118,40],"offset":[0,0],"originalSize":[118,40],"capInsets":[0,0,0,0]}},{"__type__":"cc.SpriteFrame","content":{"name":"btn_anniu","texture":"70uZhxIuNEn4cyfrG7FT01","rect":[575,856,230,80],"offset":[0,0],"originalSize":[230,80],"capInsets":[50,30,50,28]}},{"__type__":"cc.SpriteFrame","content":{"name":"pic_xin","texture":"70uZhxIuNEn4cyfrG7FT01","rect":[233,972,32,32],"offset":[0,0],"originalSize":[32,32],"capInsets":[0,0,0,0]}},{"__type__":"cc.SpriteFrame","content":{"name":"tianjia","texture":"70uZhxIuNEn4cyfrG7FT01","rect":[853,1,84,84],"offset":[0,0],"originalSize":[84,84],"capInsets":[0,0,0,0]}},{"__type__":"cc.SpriteFrame","content":{"name":"ic_guanbi","texture":"70uZhxIuNEn4cyfrG7FT01","rect":[547,225,20,20],"offset":[0,0],"originalSize":[20,20],"capInsets":[0,0,0,0]}},{"__type__":"cc.SpriteFrame","content":{"name":"name","texture":"70uZhxIuNEn4cyfrG7FT01","rect":[729,938,120,68],"offset":[0,0],"originalSize":[120,68],"capInsets":[0,0,0,0]}},{"__type__":"cc.SpriteFrame","content":{"name":"ic_wodeshifu","texture":"70uZhxIuNEn4cyfrG7FT01","rect":[899,767,84,84],"offset":[0,0],"originalSize":[84,84],"capInsets":[0,0,0,0]}},{"__type__":"cc.SpriteFrame","content":{"name":"pic_gongxian","texture":"70uZhxIuNEn4cyfrG7FT01","rect":[649,756,98,98],"offset":[0,0],"originalSize":[98,98],"capInsets":[0,0,0,0]}},{"__type__":"cc.SpriteFrame","content":{"name":"touxiangdi","texture":"70uZhxIuNEn4cyfrG7FT01","rect":[912,255,74,74],"offset":[0,0],"originalSize":[74,74],"capInsets":[0,0,0,0]}},{"__type__":"cc.SpriteFrame","content":{"name":"ic_pengyouquan","texture":"70uZhxIuNEn4cyfrG7FT01","rect":[720,559,120,120],"offset":[0,0],"originalSize":[120,120],"capInsets":[0,0,0,0]}},{"__type__":"cc.SpriteFrame","content":{"name":"btn_lingxianjin","texture":"70uZhxIuNEn4cyfrG7FT01","rect":[423,948,150,56],"offset":[0,0],"originalSize":[150,56],"capInsets":[0,0,0,0]}},{"__type__":"cc.SpriteFrame","content":{"name":"pic_hb","texture":"70uZhxIuNEn4cyfrG7FT01","rect":[928,601,68,78],"offset":[0,0],"originalSize":[68,78],"capInsets":[0,0,0,0]}},{"__type__":"cc.SpriteFrame","content":{"name":"ic_gongxianjilu","texture":"70uZhxIuNEn4cyfrG7FT01","rect":[862,503,84,84],"offset":[0,0],"originalSize":[84,84],"capInsets":[0,0,0,0]}},{"__type__":"cc.SpriteFrame","content":{"name":"pic_jine","texture":"70uZhxIuNEn4cyfrG7FT01","rect":[343,856,230,90],"offset":[0,0],"originalSize":[230,90],"capInsets":[0,0,0,0]}},{"__type__":"cc.SpriteFrame","content":{"name":"bg_lan","texture":"70uZhxIuNEn4cyfrG7FT01","rect":[1,251,596,168],"offset":[0,0],"originalSize":[596,168],"capInsets":[0,0,0,0]}},{"__type__":"cc.SpriteFrame","content":{"name":"fenge","texture":"70uZhxIuNEn4cyfrG7FT01","rect":[1,685,700,1],"offset":[0,0],"originalSize":[700,1],"capInsets":[0,0,0,0]}},{"__type__":"cc.SpriteFrame","content":{"name":"pic_tixian","texture":"70uZhxIuNEn4cyfrG7FT01","rect":[547,113,304,110],"offset":[0,0],"originalSize":[304,110],"capInsets":[0,0,0,0]}},{"__type__":"cc.SpriteFrame","content":{"name":"btn_zhaomu","texture":"70uZhxIuNEn4cyfrG7FT01","rect":[271,948,150,56],"offset":[0,0],"originalSize":[150,56],"capInsets":[0,0,0,0]}},{"__type__":"cc.SpriteFrame","content":{"name":"btn_anniu3","texture":"70uZhxIuNEn4cyfrG7FT01","rect":[1,936,230,80],"offset":[0,0],"originalSize":[230,80],"capInsets":[18,20,18,20]}},{"__type__":"cc.SpriteFrame","content":{"name":"wenhao","texture":"70uZhxIuNEn4cyfrG7FT01","rect":[233,936,34,34],"offset":[0,0],"originalSize":[34,34],"capInsets":[0,0,0,0]}},{"__type__":"cc.SpriteFrame","content":{"name":"btn_tixianshuoming","texture":"70uZhxIuNEn4cyfrG7FT01","rect":[779,803,118,40],"offset":[0,0],"originalSize":[118,40],"capInsets":[0,0,0,0]}},{"__type__":"cc.SpriteFrame","content":{"name":"bolang","texture":"70uZhxIuNEn4cyfrG7FT01","rect":[1,744,340,190],"offset":[0,0],"originalSize":[340,190],"capInsets":[0,0,0,0]}}]