[{"__type__":"cc.SpriteFrame","content":{"name":"pic_fuwuxieyi","texture":"e1nHmwLG9MI5dEsVEotxok","rect":[0,0,304,110],"offset":[0,0],"originalSize":[304,110],"capInsets":[0,0,0,0]}},{"__type__":"cc.SpriteFrame","content":{"name":"bg_xiao","texture":"c6ZGjV9tNKqbnxaBNcj5DE","rect":[0,0,657,640],"offset":[-0.5,0],"originalSize":[658,640],"capInsets":[0,0,0,0]}},{"__type__":"cc.SpriteFrame","content":{"name":"jindutiao","texture":"70uZhxIuNEn4cyfrG7FT01","rect":[1,688,572,26],"offset":[0,0],"originalSize":[572,26],"capInsets":[39,0,39,0]}},{"__type__":"cc.SpriteFrame","content":{"name":"jindudi","texture":"70uZhxIuNEn4cyfrG7FT01","rect":[1,716,572,26],"offset":[0,0],"originalSize":[572,26],"capInsets":[0,0,0,0]}},{"__type__":"cc.SpriteFrame","content":{"name":"bg_xiao_nei","texture":"f4vjHC5+VGWrsOJQJq5mr0","rect":[0,0,600,489],"offset":[0,0.5],"originalSize":[600,490],"capInsets":[58,62.5,58,62.5]}},{"__type__":"cc.SpriteFrame","content":{"name":"btn_anniu","texture":"70uZhxIuNEn4cyfrG7FT01","rect":[575,856,230,80],"offset":[0,0],"originalSize":[230,80],"capInsets":[50,30,50,28]}},[{"__type__":"cc.Prefab","_name":"Hotupdate","data":{"__id__":1}},{"__type__":"cc.Node","_name":"Hotupdate","_children":[{"__id__":2},{"__id__":6},{"__id__":7},{"__id__":16}],"_components":[{"__type__":"f36ab3ewHRH+7RFTqeQfVAF","node":{"__id__":1}},{"__type__":"cc.Widget","node":{"__id__":1},"_alignFlags":45,"_originalWidth":750,"_originalHeight":1334},{"__type__":"cc.BlockInputEvents","node":{"__id__":1}}],"_prefab":{"__type__":"cc.PrefabInfo","root":{"__id__":1},"asset":{"__uuid__":"d04w0+RGBMOYgx0xH46oNJ"},"fileId":"317fvGTClEb5PtBMQbJRKy"},"_contentSize":{"__type__":"cc.Size","width":750,"height":1334},"_trs":{"__type__":"TypedArray","ctor":"Float64Array","array":[375,667,0,0,0,0,1,1,1,1]}},{"__type__":"cc.Node","_name":"ProgressBar","_parent":{"__id__":1},"_children":[{"__id__":3},{"__id__":5}],"_active":false,"_components":[{"__type__":"cc.Sprite","node":{"__id__":2},"_materials":[{"__uuid__":"ecpdLyjvZBwrvm+cedCcQy"}],"_spriteFrame":{"__uuid__":"5cPiZmWsxIyYfP6HWMdVVw"},"_type":1,"_sizeMode":0},{"__type__":"cc.ProgressBar","node":{"__id__":2},"_N$totalLength":572,"_N$barSprite":{"__id__":4}}],"_prefab":{"__type__":"cc.PrefabInfo","root":{"__id__":1},"asset":{"__uuid__":"d04w0+RGBMOYgx0xH46oNJ"},"fileId":"46McZ6Hf9ELZUcnOE/Hp23"},"_contentSize":{"__type__":"cc.Size","width":572,"height":26},"_trs":{"__type__":"TypedArray","ctor":"Float64Array","array":[0,-249.695,0,0,0,0,1,1,1,1]}},{"__type__":"cc.Node","_name":"bar","_parent":{"__id__":2},"_components":[{"__id__":4}],"_prefab":{"__type__":"cc.PrefabInfo","root":{"__id__":1},"asset":{"__uuid__":"d04w0+RGBMOYgx0xH46oNJ"},"fileId":"74/+zaBhBJvp+W4AWfjAhy"},"_contentSize":{"__type__":"cc.Size","width":572,"height":26},"_anchorPoint":{"__type__":"cc.Vec2","y":0.5},"_trs":{"__type__":"TypedArray","ctor":"Float64Array","array":[-286,0,0,0,0,0,1,1,1,1]}},{"__type__":"cc.Sprite","node":{"__id__":3},"_materials":[{"__uuid__":"ecpdLyjvZBwrvm+cedCcQy"}],"_spriteFrame":{"__uuid__":"33yaewTYJPhKlKq/JbX0fu"},"_sizeMode":0},{"__type__":"cc.Node","_name":"progresstip","_parent":{"__id__":2},"_components":[{"__type__":"cc.Label","node":{"__id__":5},"_materials":[{"__uuid__":"ecpdLyjvZBwrvm+cedCcQy"}],"_useOriginalSize":false,"_string":"0%","_N$string":"0%","_fontSize":25,"_N$horizontalAlign":1,"_N$verticalAlign":1}],"_prefab":{"__type__":"cc.PrefabInfo","root":{"__id__":1},"asset":{"__uuid__":"d04w0+RGBMOYgx0xH46oNJ"},"fileId":"96bP1vj9JK3ILy/K4u5AOO"},"_color":{"__type__":"cc.Color","r":144,"g":84,"b":34},"_contentSize":{"__type__":"cc.Size","width":36.13,"height":50.4},"_trs":{"__type__":"TypedArray","ctor":"Float64Array","array":[0,0,0,0,0,0,1,1,1,1]}},{"__type__":"cc.Node","_name":"label_tip","_parent":{"__id__":1},"_active":false,"_components":[{"__type__":"cc.Label","node":{"__id__":6},"_materials":[{"__uuid__":"ecpdLyjvZBwrvm+cedCcQy"}],"_useOriginalSize":false,"_string":"正在检测更新...","_N$string":"正在检测更新...","_fontSize":28,"_N$horizontalAlign":1,"_N$verticalAlign":1}],"_prefab":{"__type__":"cc.PrefabInfo","root":{"__id__":1},"asset":{"__uuid__":"d04w0+RGBMOYgx0xH46oNJ"},"fileId":"f4t8NvMvBNargqHKX3Wey2"},"_color":{"__type__":"cc.Color","r":144,"g":84,"b":34},"_contentSize":{"__type__":"cc.Size","width":191.34,"height":50.4},"_trs":{"__type__":"TypedArray","ctor":"Float64Array","array":[0,-113.097,0,0,0,0,1,1,1,1]}},{"__type__":"cc.Node","_name":"update_tip_start","_parent":{"__id__":1},"_children":[{"__id__":8},{"__id__":10},{"__id__":12},{"__id__":13},{"__id__":15}],"_active":false,"_components":[{"__type__":"cc.BlockInputEvents","node":{"__id__":7}}],"_prefab":{"__type__":"cc.PrefabInfo","root":{"__id__":1},"asset":{"__uuid__":"d04w0+RGBMOYgx0xH46oNJ"},"fileId":"96rwQabolGn7Id397YTjku"},"_contentSize":{"__type__":"cc.Size","width":750,"height":1334},"_trs":{"__type__":"TypedArray","ctor":"Float64Array","array":[0,0,0,0,0,0,1,1,1,1]}},{"__type__":"cc.Node","_name":"tip_frame","_parent":{"__id__":7},"_children":[{"__id__":9}],"_components":[{"__type__":"cc.Sprite","node":{"__id__":8},"_materials":[{"__uuid__":"ecpdLyjvZBwrvm+cedCcQy"}],"_spriteFrame":{"__uuid__":"1diSJI4F1EnIfhjsBkEDQ1"}}],"_prefab":{"__type__":"cc.PrefabInfo","root":{"__id__":1},"asset":{"__uuid__":"d04w0+RGBMOYgx0xH46oNJ"},"fileId":"486N2QqMVCWoV9CB/gVulx"},"_contentSize":{"__type__":"cc.Size","width":657,"height":640},"_trs":{"__type__":"TypedArray","ctor":"Float64Array","array":[0,0,0,0,0,0,1,1,1,1]}},{"__type__":"cc.Node","_name":"bg_xiao_nei","_parent":{"__id__":8},"_components":[{"__type__":"cc.Sprite","node":{"__id__":9},"_materials":[{"__uuid__":"ecpdLyjvZBwrvm+cedCcQy"}],"_spriteFrame":{"__uuid__":"7cf1UlLmNJEaR8GVffqggr"}}],"_prefab":{"__type__":"cc.PrefabInfo","root":{"__id__":1},"asset":{"__uuid__":"d04w0+RGBMOYgx0xH46oNJ"},"fileId":"79OV5L5aNLvIVZsTxq406Y"},"_contentSize":{"__type__":"cc.Size","width":600,"height":489},"_trs":{"__type__":"TypedArray","ctor":"Float64Array","array":[0,-42.831,0,0,0,0,1,1,1,1]}},{"__type__":"cc.Node","_name":"tip_updatetip","_parent":{"__id__":7},"_children":[{"__id__":11}],"_components":[{"__type__":"cc.Sprite","node":{"__id__":10},"_materials":[{"__uuid__":"ecpdLyjvZBwrvm+cedCcQy"}],"_spriteFrame":{"__uuid__":"17eMQzcWBCHaVrYzOK9qF4"}}],"_prefab":{"__type__":"cc.PrefabInfo","root":{"__id__":1},"asset":{"__uuid__":"d04w0+RGBMOYgx0xH46oNJ"},"fileId":"8cABVMX6tCkqXJhZuFRIay"},"_contentSize":{"__type__":"cc.Size","width":304,"height":110},"_trs":{"__type__":"TypedArray","ctor":"Float64Array","array":[-4.287,278.882,0,0,0,0,1,1,1,1]}},{"__type__":"cc.Node","_name":"lab_top","_parent":{"__id__":10},"_components":[{"__type__":"cc.Label","node":{"__id__":11},"_materials":[{"__uuid__":"ecpdLyjvZBwrvm+cedCcQy"}],"_useOriginalSize":false,"_string":"内容更新","_N$string":"内容更新","_fontSize":35,"_N$horizontalAlign":1,"_N$verticalAlign":1},{"__type__":"cc.LabelOutline","node":{"__id__":11},"_color":{"__type__":"cc.Color","r":144,"g":84,"b":34},"_width":3}],"_prefab":{"__type__":"cc.PrefabInfo","root":{"__id__":1},"asset":{"__uuid__":"d04w0+RGBMOYgx0xH46oNJ"},"fileId":"027EdtEj1IJbpy9G0v/I7b"},"_contentSize":{"__type__":"cc.Size","width":146,"height":56.4},"_trs":{"__type__":"TypedArray","ctor":"Float64Array","array":[3.392,13.567,0,0,0,0,1,1,1,1]}},{"__type__":"cc.Node","_name":"tishi","_parent":{"__id__":7},"_components":[{"__type__":"cc.Label","node":{"__id__":12},"_materials":[{"__uuid__":"ecpdLyjvZBwrvm+cedCcQy"}],"_string":"系统检测到有新版本,为了更好的游戏体验,请更新游戏","_N$string":"系统检测到有新版本,为了更好的游戏体验,请更新游戏","_fontSize":30,"_N$verticalAlign":1,"_N$overflow":3}],"_prefab":{"__type__":"cc.PrefabInfo","root":{"__id__":1},"asset":{"__uuid__":"d04w0+RGBMOYgx0xH46oNJ"},"fileId":"55U5T+GhRGYJ/KdBB/CFrJ"},"_color":{"__type__":"cc.Color","r":144,"g":84,"b":34},"_contentSize":{"__type__":"cc.Size","width":450,"height":90.39999999999999},"_trs":{"__type__":"TypedArray","ctor":"Float64Array","array":[1.604,53.019,0,0,0,0,1,1,1,1]}},{"__type__":"cc.Node","_name":"btn_confirm","_parent":{"__id__":7},"_children":[{"__id__":14}],"_components":[{"__type__":"cc.Sprite","node":{"__id__":13},"_materials":[{"__uuid__":"ecpdLyjvZBwrvm+cedCcQy"}],"_spriteFrame":{"__uuid__":"a4ubWZ+5tD/5uKeRUTQzdm"}}],"_prefab":{"__type__":"cc.PrefabInfo","root":{"__id__":1},"asset":{"__uuid__":"d04w0+RGBMOYgx0xH46oNJ"},"fileId":"6470rCKoJJQrx6isBA8S2W"},"_contentSize":{"__type__":"cc.Size","width":230,"height":80},"_trs":{"__type__":"TypedArray","ctor":"Float64Array","array":[-13.125,-113.864,0,0,0,0,1,1,1,1]}},{"__type__":"cc.Node","_name":"lab_sure","_parent":{"__id__":13},"_components":[{"__type__":"cc.Label","node":{"__id__":14},"_materials":[{"__uuid__":"ecpdLyjvZBwrvm+cedCcQy"}],"_useOriginalSize":false,"_string":"确定","_N$string":"确定","_fontSize":30,"_N$horizontalAlign":1,"_N$verticalAlign":1},{"__type__":"cc.LabelOutline","node":{"__id__":14},"_color":{"__type__":"cc.Color","r":144,"g":84,"b":34},"_width":3}],"_prefab":{"__type__":"cc.PrefabInfo","root":{"__id__":1},"asset":{"__uuid__":"d04w0+RGBMOYgx0xH46oNJ"},"fileId":"13xUX0hBJJMr94eGz0g0Sh"},"_contentSize":{"__type__":"cc.Size","width":66,"height":56.4},"_trs":{"__type__":"TypedArray","ctor":"Float64Array","array":[0,0,0,0,0,0,1,1,1,1]}},{"__type__":"cc.Node","_name":"btn_cancel","_parent":{"__id__":7},"_active":false,"_components":[{"__type__":"cc.Sprite","node":{"__id__":15},"_materials":[{"__uuid__":"ecpdLyjvZBwrvm+cedCcQy"}]}],"_prefab":{"__type__":"cc.PrefabInfo","root":{"__id__":1},"asset":{"__uuid__":"d04w0+RGBMOYgx0xH46oNJ"},"fileId":"cegMb6HkxMAIo6y4C/PugS"},"_contentSize":{"__type__":"cc.Size","width":163,"height":62},"_trs":{"__type__":"TypedArray","ctor":"Float64Array","array":[-120,-124.545,0,0,0,0,1,1,1,1]}},{"__type__":"cc.Node","_name":"update_tip_finish","_parent":{"__id__":1},"_children":[{"__id__":17},{"__id__":19},{"__id__":21},{"__id__":22}],"_active":false,"_components":[{"__type__":"cc.BlockInputEvents","node":{"__id__":16}}],"_prefab":{"__type__":"cc.PrefabInfo","root":{"__id__":1},"asset":{"__uuid__":"d04w0+RGBMOYgx0xH46oNJ"},"fileId":"d2N4M7gMJAr7YydsSVJ2um"},"_contentSize":{"__type__":"cc.Size","width":750,"height":1334},"_trs":{"__type__":"TypedArray","ctor":"Float64Array","array":[0,0,0,0,0,0,1,1,1,1]}},{"__type__":"cc.Node","_name":"tip_frame1","_parent":{"__id__":16},"_children":[{"__id__":18}],"_components":[{"__type__":"cc.Sprite","node":{"__id__":17},"_materials":[{"__uuid__":"ecpdLyjvZBwrvm+cedCcQy"}],"_spriteFrame":{"__uuid__":"1diSJI4F1EnIfhjsBkEDQ1"}}],"_prefab":{"__type__":"cc.PrefabInfo","root":{"__id__":1},"asset":{"__uuid__":"d04w0+RGBMOYgx0xH46oNJ"},"fileId":"04KgIV44RCT5VDX4oiRT8R"},"_contentSize":{"__type__":"cc.Size","width":657,"height":640},"_trs":{"__type__":"TypedArray","ctor":"Float64Array","array":[0,0,0,0,0,0,1,1,1,1]}},{"__type__":"cc.Node","_name":"bg_xiao_nei1","_parent":{"__id__":17},"_components":[{"__type__":"cc.Sprite","node":{"__id__":18},"_materials":[{"__uuid__":"ecpdLyjvZBwrvm+cedCcQy"}],"_spriteFrame":{"__uuid__":"7cf1UlLmNJEaR8GVffqggr"}}],"_prefab":{"__type__":"cc.PrefabInfo","root":{"__id__":1},"asset":{"__uuid__":"d04w0+RGBMOYgx0xH46oNJ"},"fileId":"53Z0uW/rtBG77SexiJs7wh"},"_contentSize":{"__type__":"cc.Size","width":600,"height":489},"_trs":{"__type__":"TypedArray","ctor":"Float64Array","array":[0,-42.831,0,0,0,0,1,1,1,1]}},{"__type__":"cc.Node","_name":"tip_updatetip1","_parent":{"__id__":16},"_children":[{"__id__":20}],"_components":[{"__type__":"cc.Sprite","node":{"__id__":19},"_materials":[{"__uuid__":"ecpdLyjvZBwrvm+cedCcQy"}],"_spriteFrame":{"__uuid__":"17eMQzcWBCHaVrYzOK9qF4"}}],"_prefab":{"__type__":"cc.PrefabInfo","root":{"__id__":1},"asset":{"__uuid__":"d04w0+RGBMOYgx0xH46oNJ"},"fileId":"ceCDsN4AVLBIPjL4Dgtkbf"},"_contentSize":{"__type__":"cc.Size","width":304,"height":110},"_trs":{"__type__":"TypedArray","ctor":"Float64Array","array":[-2.543,279.486,0,0,0,0,1,1,1,1]}},{"__type__":"cc.Node","_name":"lab_top1","_parent":{"__id__":19},"_components":[{"__type__":"cc.Label","node":{"__id__":20},"_materials":[{"__uuid__":"ecpdLyjvZBwrvm+cedCcQy"}],"_useOriginalSize":false,"_string":"内容更新","_N$string":"内容更新","_fontSize":35,"_N$horizontalAlign":1,"_N$verticalAlign":1},{"__type__":"cc.LabelOutline","node":{"__id__":20},"_color":{"__type__":"cc.Color","r":144,"g":84,"b":34},"_width":3}],"_prefab":{"__type__":"cc.PrefabInfo","root":{"__id__":1},"asset":{"__uuid__":"d04w0+RGBMOYgx0xH46oNJ"},"fileId":"40n0YEGZ5MGJkntgqSY9xP"},"_contentSize":{"__type__":"cc.Size","width":146,"height":56.4},"_trs":{"__type__":"TypedArray","ctor":"Float64Array","array":[0,13,0,0,0,0,1,1,1,1]}},{"__type__":"cc.Node","_name":"tishi1","_parent":{"__id__":16},"_components":[{"__type__":"cc.Label","node":{"__id__":21},"_materials":[{"__uuid__":"ecpdLyjvZBwrvm+cedCcQy"}],"_string":"版本更新成功点击确定重启游戏","_N$string":"版本更新成功点击确定重启游戏","_fontSize":35.4}],"_prefab":{"__type__":"cc.PrefabInfo","root":{"__id__":1},"asset":{"__uuid__":"d04w0+RGBMOYgx0xH46oNJ"},"fileId":"03niwIeZ1NkqI50/gie6Qf"},"_color":{"__type__":"cc.Color","r":144,"g":84,"b":34},"_contentSize":{"__type__":"cc.Size","width":495.6,"height":50.4},"_trs":{"__type__":"TypedArray","ctor":"Float64Array","array":[0,14.53,0,0,0,0,1,1,1,1]}},{"__type__":"cc.Node","_name":"btn_ok","_parent":{"__id__":16},"_children":[{"__id__":23}],"_components":[{"__type__":"cc.Sprite","node":{"__id__":22},"_materials":[{"__uuid__":"ecpdLyjvZBwrvm+cedCcQy"}],"_spriteFrame":{"__uuid__":"a4ubWZ+5tD/5uKeRUTQzdm"}}],"_prefab":{"__type__":"cc.PrefabInfo","root":{"__id__":1},"asset":{"__uuid__":"d04w0+RGBMOYgx0xH46oNJ"},"fileId":"1eD6BlME9M8L5+ZPeeHFUO"},"_contentSize":{"__type__":"cc.Size","width":230,"height":80},"_trs":{"__type__":"TypedArray","ctor":"Float64Array","array":[-13.125,-113.864,0,0,0,0,1,1,1,1]}},{"__type__":"cc.Node","_name":"lab_ok","_parent":{"__id__":22},"_components":[{"__type__":"cc.Label","node":{"__id__":23},"_materials":[{"__uuid__":"ecpdLyjvZBwrvm+cedCcQy"}],"_useOriginalSize":false,"_string":"确定","_N$string":"确定","_fontSize":30,"_N$horizontalAlign":1,"_N$verticalAlign":1},{"__type__":"cc.LabelOutline","node":{"__id__":23},"_color":{"__type__":"cc.Color","r":144,"g":84,"b":34},"_width":3}],"_prefab":{"__type__":"cc.PrefabInfo","root":{"__id__":1},"asset":{"__uuid__":"d04w0+RGBMOYgx0xH46oNJ"},"fileId":"b4A3A7VfxD6YM4/uj6PEP4"},"_contentSize":{"__type__":"cc.Size","width":66,"height":56.4},"_trs":{"__type__":"TypedArray","ctor":"Float64Array","array":[0,0,0,0,0,0,1,1,1,1]}}]]