[{"__type__":"cc.SpriteFrame","content":{"name":"btn_huang","texture":"36otX/aM1E4Zo+o68pRLtJ","rect":[367,1,146,52],"offset":[0,0],"originalSize":[150,56],"rotated":1,"capInsets":[23,15,23,16]}},{"__type__":"cc.SpriteFrame","content":{"name":"bg_paowangtouxiang","texture":"5c1Y1VASRHW7aBc0Y8Fa2+","rect":[583,1003,120,126],"offset":[0,0],"originalSize":[120,126],"capInsets":[0,0,0,0]}},[{"__type__":"cc.Prefab","_name":"item_renwu","data":{"__id__":1}},{"__type__":"cc.Node","_name":"item_renwu","_children":[{"__id__":2},{"__id__":5},{"__id__":6},{"__id__":14},{"__id__":15},{"__id__":17},{"__id__":19},{"__id__":21},{"__id__":23}],"_components":[{"__type__":"cc.Sprite","node":{"__id__":1},"_materials":[{"__uuid__":"ecpdLyjvZBwrvm+cedCcQy"}],"_spriteFrame":{"__uuid__":"944ED2AspIqLInYlAAQNlN"},"_type":1,"_sizeMode":0},{"__type__":"184ffLJwIdFjbTHBU74E798","node":{"__id__":1}}],"_prefab":{"__type__":"cc.PrefabInfo","root":{"__id__":1},"asset":{"__uuid__":"57EvNCXg1JUa6ImadSt+GB"},"fileId":"ebYsu2XTNI+pPULUBELys6"},"_contentSize":{"__type__":"cc.Size","width":550,"height":110},"_trs":{"__type__":"TypedArray","ctor":"Float64Array","array":[0,-75,0,0,0,0,1,1,1,1]}},{"__type__":"cc.Node","_name":"bg_jingyandi","_parent":{"__id__":1},"_children":[{"__id__":3}],"_components":[{"__type__":"cc.Sprite","node":{"__id__":2},"_materials":[{"__uuid__":"ecpdLyjvZBwrvm+cedCcQy"}],"_spriteFrame":{"__uuid__":"e5SPLXKr1EHLspqks1M8v9"},"_type":1,"_sizeMode":0},{"__type__":"cc.ProgressBar","node":{"__id__":2},"_N$totalLength":258,"_N$barSprite":{"__id__":4},"_N$progress":0}],"_prefab":{"__type__":"cc.PrefabInfo","root":{"__id__":1},"asset":{"__uuid__":"57EvNCXg1JUa6ImadSt+GB"},"fileId":"fexcItPnVFh6nMHE70qtCA"},"_contentSize":{"__type__":"cc.Size","width":258,"height":20},"_trs":{"__type__":"TypedArray","ctor":"Float64Array","array":[-113.966,0,0,0,0,0,1,1,1,1]}},{"__type__":"cc.Node","_name":"pic_jindu","_parent":{"__id__":2},"_components":[{"__id__":4}],"_prefab":{"__type__":"cc.PrefabInfo","root":{"__id__":1},"asset":{"__uuid__":"57EvNCXg1JUa6ImadSt+GB"},"fileId":"42Va3Z0ItMLbbPbkq6oL+x"},"_contentSize":{"__type__":"cc.Size","height":20},"_anchorPoint":{"__type__":"cc.Vec2","y":0.5},"_trs":{"__type__":"TypedArray","ctor":"Float64Array","array":[-130,0,0,0,0,0,1,1,1,1]}},{"__type__":"cc.Sprite","node":{"__id__":3},"_materials":[{"__uuid__":"ecpdLyjvZBwrvm+cedCcQy"}],"_spriteFrame":{"__uuid__":"725FmAdE9BVpeA/gVkfvA4"},"_type":1,"_sizeMode":0},{"__type__":"cc.Node","_name":"lab_title1","_parent":{"__id__":1},"_components":[{"__type__":"cc.Label","node":{"__id__":5},"_materials":[{"__uuid__":"ecpdLyjvZBwrvm+cedCcQy"}],"_useOriginalSize":false,"_string":"任务名称","_N$string":"任务名称","_fontSize":22,"_lineHeight":30,"_N$horizontalAlign":1,"_N$verticalAlign":1}],"_prefab":{"__type__":"cc.PrefabInfo","root":{"__id__":1},"asset":{"__uuid__":"57EvNCXg1JUa6ImadSt+GB"},"fileId":"88k105aj5HtLp1P7eNRbZy"},"_color":{"__type__":"cc.Color","r":110,"g":60,"b":14},"_contentSize":{"__type__":"cc.Size","width":88,"height":37.8},"_anchorPoint":{"__type__":"cc.Vec2","y":0.5},"_trs":{"__type__":"TypedArray","ctor":"Float64Array","array":[-241.383,32.18,0,0,0,0,1,1,1,1]}},{"__type__":"cc.Node","_name":"layout_footer","_parent":{"__id__":1},"_children":[{"__id__":7},{"__id__":8},{"__id__":9},{"__id__":10},{"__id__":12},{"__id__":13}],"_components":[{"__type__":"cc.Layout","node":{"__id__":6},"_layoutSize":{"__type__":"cc.Size","width":134.71,"height":28},"_resize":1,"_N$layoutType":1}],"_prefab":{"__type__":"cc.PrefabInfo","root":{"__id__":1},"asset":{"__uuid__":"57EvNCXg1JUa6ImadSt+GB"},"fileId":"b6vteaEctJM6r/YVftR8Az"},"_contentSize":{"__type__":"cc.Size","width":134.71,"height":28},"_anchorPoint":{"__type__":"cc.Vec2","y":0.5},"_trs":{"__type__":"TypedArray","ctor":"Float64Array","array":[-241.383,-34.824,0,0,0,0,1,1,1,1]}},{"__type__":"cc.Node","_name":"lab_title2","_parent":{"__id__":6},"_components":[{"__type__":"41ebaVoPpRA4Kp67XEdHfZn","node":{"__id__":7},"_materials":[{"__uuid__":"ecpdLyjvZBwrvm+cedCcQy"}],"_string":"奖励：","_N$string":"奖励：","_fontSize":22,"_lineHeight":22,"_N$file":{"__uuid__":"farb0WbWZMgrGmuICOt0MU"},"_isSystemFontUsed":false,"_N$horizontalAlign":1,"_N$verticalAlign":1,"i18n_string":"item_renwu_1_1"}],"_prefab":{"__type__":"cc.PrefabInfo","root":{"__id__":1},"asset":{"__uuid__":"57EvNCXg1JUa6ImadSt+GB"},"fileId":"38aVNjVWRL0JiLGxYrj5je"},"_color":{"__type__":"cc.Color","r":110,"g":60,"b":14},"_contentSize":{"__type__":"cc.Size","width":66,"height":27.72},"_anchorPoint":{"__type__":"cc.Vec2","y":0.5},"_trs":{"__type__":"TypedArray","ctor":"Float64Array","array":[0,0,0,0,0,0,1,1,1,1]}},{"__type__":"cc.Node","_name":"hb","_parent":{"__id__":6},"_components":[{"__type__":"cc.Sprite","node":{"__id__":8},"_materials":[{"__uuid__":"ecpdLyjvZBwrvm+cedCcQy"}],"_spriteFrame":{"__uuid__":"88DTR5EFFHbpPeEGJb73DR"}}],"_prefab":{"__type__":"cc.PrefabInfo","root":{"__id__":1},"asset":{"__uuid__":"57EvNCXg1JUa6ImadSt+GB"},"fileId":"25ZQVqkFRJ4bn9Q0FpHFft"},"_contentSize":{"__type__":"cc.Size","width":32,"height":32},"_trs":{"__type__":"TypedArray","ctor":"Float64Array","array":[82,-2.554,0,0,0,0,1,1,1,1]}},{"__type__":"cc.Node","_name":"lab_num","_parent":{"__id__":6},"_components":[{"__type__":"cc.Label","node":{"__id__":9},"_materials":[{"__uuid__":"ecpdLyjvZBwrvm+cedCcQy"}],"_useOriginalSize":false,"_string":"800","_N$string":"800","_fontSize":22,"_lineHeight":30,"_N$horizontalAlign":1,"_N$verticalAlign":1}],"_prefab":{"__type__":"cc.PrefabInfo","root":{"__id__":1},"asset":{"__uuid__":"57EvNCXg1JUa6ImadSt+GB"},"fileId":"fdt06sSuBIG5gs4hSo+eVu"},"_color":{"__type__":"cc.Color","r":110,"g":60,"b":14},"_contentSize":{"__type__":"cc.Size","width":36.71,"height":37.8},"_anchorPoint":{"__type__":"cc.Vec2","y":0.5},"_trs":{"__type__":"TypedArray","ctor":"Float64Array","array":[98,0,0,0,0,0,1,1,1,1]}},{"__type__":"cc.Node","_name":"bg_paowangtouxiang","_parent":{"__id__":6},"_children":[{"__id__":11}],"_active":false,"_components":[{"__type__":"cc.Sprite","node":{"__id__":10},"_materials":[{"__uuid__":"ecpdLyjvZBwrvm+cedCcQy"}],"_spriteFrame":{"__uuid__":"35cOCk6zJKkqO+alil3KHE"},"_sizeMode":0}],"_prefab":{"__type__":"cc.PrefabInfo","root":{"__id__":1},"asset":{"__uuid__":"57EvNCXg1JUa6ImadSt+GB"},"fileId":"7aPySAWy9Az4U/rYHFw3AN"},"_contentSize":{"__type__":"cc.Size","width":30,"height":30},"_trs":{"__type__":"TypedArray","ctor":"Float64Array","array":[81,-1.602,0,0,0,0,1,1,1,1]}},{"__type__":"cc.Node","_name":"pic_paowang","_parent":{"__id__":10},"_components":[{"__type__":"cc.Sprite","node":{"__id__":11},"_materials":[{"__uuid__":"ecpdLyjvZBwrvm+cedCcQy"}],"_spriteFrame":{"__uuid__":"f7Xw3kzCNPpbLTYDyM2Brp"},"_sizeMode":0}],"_prefab":{"__type__":"cc.PrefabInfo","root":{"__id__":1},"asset":{"__uuid__":"57EvNCXg1JUa6ImadSt+GB"},"fileId":"36IcvEu6NKcaDiZL8D83ow"},"_contentSize":{"__type__":"cc.Size","width":15,"height":15},"_trs":{"__type__":"TypedArray","ctor":"Float64Array","array":[0,0,0,0,0,0,1,1.6,1.6,1]}},{"__type__":"cc.Node","_name":"ic_zhuanpan","_parent":{"__id__":6},"_active":false,"_components":[{"__type__":"cc.Sprite","node":{"__id__":12},"_materials":[{"__uuid__":"ecpdLyjvZBwrvm+cedCcQy"}],"_spriteFrame":{"__uuid__":"d26h9vN0VG7LOdHKHH7rrd"},"_sizeMode":0}],"_prefab":{"__type__":"cc.PrefabInfo","root":{"__id__":1},"asset":{"__uuid__":"57EvNCXg1JUa6ImadSt+GB"},"fileId":"7blGFM8wpNToWuivoaTFiq"},"_contentSize":{"__type__":"cc.Size","width":30,"height":25},"_trs":{"__type__":"TypedArray","ctor":"Float64Array","array":[81,-2.176,0,0,0,0,1,1,1,1]}},{"__type__":"cc.Node","_name":"lab_num_paowang","_parent":{"__id__":6},"_active":false,"_components":[{"__type__":"cc.Label","node":{"__id__":13},"_materials":[{"__uuid__":"ecpdLyjvZBwrvm+cedCcQy"}],"_useOriginalSize":false,"_string":"800","_N$string":"800","_fontSize":22,"_lineHeight":30,"_N$horizontalAlign":1,"_N$verticalAlign":1}],"_prefab":{"__type__":"cc.PrefabInfo","root":{"__id__":1},"asset":{"__uuid__":"57EvNCXg1JUa6ImadSt+GB"},"fileId":"46lacKV+hAgpo3LDsZekGs"},"_color":{"__type__":"cc.Color","r":110,"g":60,"b":14},"_contentSize":{"__type__":"cc.Size","width":36.71,"height":37.8},"_anchorPoint":{"__type__":"cc.Vec2","y":0.5},"_trs":{"__type__":"TypedArray","ctor":"Float64Array","array":[96,0,0,0,0,0,1,1,1,1]}},{"__type__":"cc.Node","_name":"lab_jindu","_parent":{"__id__":1},"_components":[{"__type__":"cc.Label","node":{"__id__":14},"_materials":[{"__uuid__":"ecpdLyjvZBwrvm+cedCcQy"}],"_useOriginalSize":false,"_string":"1/10","_N$string":"1/10","_fontSize":15,"_lineHeight":15,"_N$file":{"__uuid__":"41fwEWuyVLWaqNiOyZwKIo"},"_isSystemFontUsed":false,"_N$horizontalAlign":1,"_N$verticalAlign":1}],"_prefab":{"__type__":"cc.PrefabInfo","root":{"__id__":1},"asset":{"__uuid__":"57EvNCXg1JUa6ImadSt+GB"},"fileId":"64oz0lGCpI3Kyapf0/igv3"},"_contentSize":{"__type__":"cc.Size","width":31.88,"height":15},"_trs":{"__type__":"TypedArray","ctor":"Float64Array","array":[-116,0,0,0,0,0,1,1,1,1]}},{"__type__":"cc.Node","_name":"btn_lingqu","_parent":{"__id__":1},"_children":[{"__id__":16}],"_components":[{"__type__":"cc.Sprite","node":{"__id__":15},"_materials":[{"__uuid__":"ecpdLyjvZBwrvm+cedCcQy"}],"_spriteFrame":{"__uuid__":"78NFm4B7RLoJPNog8LPG0r"}},{"__type__":"cc.Button","node":{"__id__":15},"_normalMaterial":{"__uuid__":"ecpdLyjvZBwrvm+cedCcQy"},"duration":0,"zoomScale":0.9,"_N$transition":3,"transition":3}],"_prefab":{"__type__":"cc.PrefabInfo","root":{"__id__":1},"asset":{"__uuid__":"57EvNCXg1JUa6ImadSt+GB"},"fileId":"a6qIMoNB1EIb7nSCRdd//q"},"_contentSize":{"__type__":"cc.Size","width":146,"height":52},"_trs":{"__type__":"TypedArray","ctor":"Float64Array","array":[189.744,0,0,0,0,0,1,1,1,1]}},{"__type__":"cc.Node","_name":"font_lingqu","_parent":{"__id__":15},"_components":[{"__type__":"41ebaVoPpRA4Kp67XEdHfZn","node":{"__id__":16},"_materials":[{"__uuid__":"ecpdLyjvZBwrvm+cedCcQy"}],"_string":"领取","_N$string":"领取","_fontSize":24,"_lineHeight":24,"_N$file":{"__uuid__":"farb0WbWZMgrGmuICOt0MU"},"_isSystemFontUsed":false,"_N$horizontalAlign":1,"_N$verticalAlign":1,"_N$overflow":1,"i18n_string":"item_renwu_1_2"}],"_prefab":{"__type__":"cc.PrefabInfo","root":{"__id__":1},"asset":{"__uuid__":"57EvNCXg1JUa6ImadSt+GB"},"fileId":"4eD3p+6YFAlpVeu+90AoiL"},"_contentSize":{"__type__":"cc.Size","width":80.01,"height":40.24},"_trs":{"__type__":"TypedArray","ctor":"Float64Array","array":[0,0,0,0,0,0,1,1,1,1]}},{"__type__":"cc.Node","_name":"btn_qianwang","_parent":{"__id__":1},"_children":[{"__id__":18}],"_components":[{"__type__":"cc.Sprite","node":{"__id__":17},"_materials":[{"__uuid__":"ecpdLyjvZBwrvm+cedCcQy"}],"_spriteFrame":{"__uuid__":"bfDuFj/iJDLaFydgA0a1fL"}},{"__type__":"cc.Button","node":{"__id__":17},"_normalMaterial":{"__uuid__":"ecpdLyjvZBwrvm+cedCcQy"},"duration":0,"zoomScale":0.9,"_N$transition":3,"transition":3}],"_prefab":{"__type__":"cc.PrefabInfo","root":{"__id__":1},"asset":{"__uuid__":"57EvNCXg1JUa6ImadSt+GB"},"fileId":"23M8WgN5ZCz5C8704GOLll"},"_contentSize":{"__type__":"cc.Size","width":146,"height":52},"_trs":{"__type__":"TypedArray","ctor":"Float64Array","array":[189.193,0,0,0,0,0,1,1,1,1]}},{"__type__":"cc.Node","_name":"font_qianwang","_parent":{"__id__":17},"_components":[{"__type__":"41ebaVoPpRA4Kp67XEdHfZn","node":{"__id__":18},"_materials":[{"__uuid__":"ecpdLyjvZBwrvm+cedCcQy"}],"_string":"前往","_N$string":"前往","_fontSize":24,"_lineHeight":24,"_N$file":{"__uuid__":"farb0WbWZMgrGmuICOt0MU"},"_isSystemFontUsed":false,"_N$horizontalAlign":1,"_N$verticalAlign":1,"_N$overflow":1,"i18n_string":"item_renwu_1_3"}],"_prefab":{"__type__":"cc.PrefabInfo","root":{"__id__":1},"asset":{"__uuid__":"57EvNCXg1JUa6ImadSt+GB"},"fileId":"58O/Zu+dpBjZSjocC0JUM9"},"_contentSize":{"__type__":"cc.Size","width":85.01,"height":40.24},"_trs":{"__type__":"TypedArray","ctor":"Float64Array","array":[0,0,0,0,0,0,1,1,1,1]}},{"__type__":"cc.Node","_name":"btn_fenxiang","_parent":{"__id__":1},"_children":[{"__id__":20}],"_components":[{"__type__":"cc.Sprite","node":{"__id__":19},"_materials":[{"__uuid__":"ecpdLyjvZBwrvm+cedCcQy"}],"_spriteFrame":{"__uuid__":"31m6o8ff9Kf5rbYoqd2IHI"}},{"__type__":"cc.Button","node":{"__id__":19},"_normalMaterial":{"__uuid__":"ecpdLyjvZBwrvm+cedCcQy"},"duration":0,"zoomScale":0.9,"_N$transition":3,"transition":3}],"_prefab":{"__type__":"cc.PrefabInfo","root":{"__id__":1},"asset":{"__uuid__":"57EvNCXg1JUa6ImadSt+GB"},"fileId":"4aiSNZW6xEaa/OBfnnkyT0"},"_contentSize":{"__type__":"cc.Size","width":146,"height":52},"_trs":{"__type__":"TypedArray","ctor":"Float64Array","array":[189.193,0,0,0,0,0,1,1,1,1]}},{"__type__":"cc.Node","_name":"font_fenxiang","_parent":{"__id__":19},"_components":[{"__type__":"41ebaVoPpRA4Kp67XEdHfZn","node":{"__id__":20},"_materials":[{"__uuid__":"ecpdLyjvZBwrvm+cedCcQy"}],"_string":"分享","_N$string":"分享","_fontSize":24,"_lineHeight":24,"_N$file":{"__uuid__":"farb0WbWZMgrGmuICOt0MU"},"_isSystemFontUsed":false,"_N$horizontalAlign":1,"_N$verticalAlign":1,"i18n_string":"item_renwu_1_4"}],"_prefab":{"__type__":"cc.PrefabInfo","root":{"__id__":1},"asset":{"__uuid__":"57EvNCXg1JUa6ImadSt+GB"},"fileId":"c5sT5TN99L6YEGbHQcmMeC"},"_contentSize":{"__type__":"cc.Size","width":48,"height":30.24},"_trs":{"__type__":"TypedArray","ctor":"Float64Array","array":[0,0,0,0,0,0,1,1,1,1]}},{"__type__":"cc.Node","_name":"btn_anniu3","_parent":{"__id__":1},"_children":[{"__id__":22}],"_components":[{"__type__":"cc.Sprite","node":{"__id__":21},"_materials":[{"__uuid__":"ecpdLyjvZBwrvm+cedCcQy"}],"_spriteFrame":{"__uuid__":"bfDuFj/iJDLaFydgA0a1fL"},"_type":1,"_sizeMode":0}],"_prefab":{"__type__":"cc.PrefabInfo","root":{"__id__":1},"asset":{"__uuid__":"57EvNCXg1JUa6ImadSt+GB"},"fileId":"97LTb8ZHxNoJPU8AkUdZhe"},"_contentSize":{"__type__":"cc.Size","width":150,"height":56},"_trs":{"__type__":"TypedArray","ctor":"Float64Array","array":[189,1,0,0,0,0,1,1,1,1]}},{"__type__":"cc.Node","_name":"btn_anniu3font","_parent":{"__id__":21},"_components":[{"__type__":"41ebaVoPpRA4Kp67XEdHfZn","node":{"__id__":22},"_materials":[{"__uuid__":"ecpdLyjvZBwrvm+cedCcQy"}],"_string":"已领取","_N$string":"已领取","_fontSize":24,"_lineHeight":24,"_N$file":{"__uuid__":"farb0WbWZMgrGmuICOt0MU"},"_isSystemFontUsed":false,"_N$horizontalAlign":1,"_N$verticalAlign":1}],"_prefab":{"__type__":"cc.PrefabInfo","root":{"__id__":1},"asset":{"__uuid__":"57EvNCXg1JUa6ImadSt+GB"},"fileId":"44yaOg5yNN4YhUl26ZSMSq"},"_contentSize":{"__type__":"cc.Size","width":72,"height":30.24},"_trs":{"__type__":"TypedArray","ctor":"Float64Array","array":[0,0,0,0,0,0,1,1,1,1]}},{"__type__":"cc.Node","_name":"btn_anniu3_en","_parent":{"__id__":1},"_children":[{"__id__":24}],"_active":false,"_components":[{"__type__":"cc.Sprite","node":{"__id__":23},"_materials":[{"__uuid__":"ecpdLyjvZBwrvm+cedCcQy"}],"_spriteFrame":{"__uuid__":"bfDuFj/iJDLaFydgA0a1fL"},"_type":1,"_sizeMode":0}],"_prefab":{"__type__":"cc.PrefabInfo","root":{"__id__":1},"asset":{"__uuid__":"57EvNCXg1JUa6ImadSt+GB"},"fileId":"ce+eu7vPRAZJ008mcihcU0"},"_contentSize":{"__type__":"cc.Size","width":150,"height":56},"_trs":{"__type__":"TypedArray","ctor":"Float64Array","array":[189,1,0,0,0,0,1,1,1,1]}},{"__type__":"cc.Node","_name":"btn_anniu3font_en","_parent":{"__id__":23},"_components":[{"__type__":"cc.Label","node":{"__id__":24},"_materials":[{"__uuid__":"ecpdLyjvZBwrvm+cedCcQy"}],"_string":"ئېلىنىپ بولغان","_N$string":"ئېلىنىپ بولغان","_fontSize":24,"_lineHeight":24,"_N$file":{"__uuid__":"farb0WbWZMgrGmuICOt0MU"},"_isSystemFontUsed":false,"_N$horizontalAlign":1,"_N$verticalAlign":1,"_N$overflow":1}],"_prefab":{"__type__":"cc.PrefabInfo","root":{"__id__":1},"asset":{"__uuid__":"57EvNCXg1JUa6ImadSt+GB"},"fileId":"48lMpTf3tDM7Fx9vhU9mL+"},"_contentSize":{"__type__":"cc.Size","width":152.66,"height":39.24},"_trs":{"__type__":"TypedArray","ctor":"Float64Array","array":[-5,2,0,0,0,0,1,1,1,1]}}],{"__type__":"cc.SpriteFrame","content":{"name":"pic_jindu","texture":"cadhw0hxpN0pZAs3RLMN8l","rect":[307,561,266,20],"offset":[0,0],"originalSize":[266,20],"capInsets":[10,0,10,0]}},{"__type__":"cc.SpriteFrame","content":{"name":"btn_lv","texture":"36otX/aM1E4Zo+o68pRLtJ","rect":[1,113,146,52],"offset":[0,0],"originalSize":[150,56],"capInsets":[0,0,0,0]}},{"__type__":"cc.SpriteFrame","content":{"name":"hb","texture":"e0kPQXrAlLBp/dRPfCD6sk","rect":[575,633,32,32],"offset":[0,0],"originalSize":[32,32],"capInsets":[0,0,0,0]}},{"__type__":"cc.SpriteFrame","content":{"name":"bg_xiangqing2","texture":"e0kPQXrAlLBp/dRPfCD6sk","rect":[1,277,586,134],"offset":[0,0],"originalSize":[586,134],"capInsets":[0,31,0,47]}},{"__type__":"cc.SpriteFrame","content":{"name":"btn_hui","texture":"36otX/aM1E4Zo+o68pRLtJ","rect":[421,1,146,52],"offset":[0,0],"originalSize":[150,56],"rotated":1,"capInsets":[0,0,0,0]}},{"__type__":"cc.SpriteFrame","content":{"name":"ic_zhuanpan","texture":"02krqH8i1AdZB/lC2WegR2","rect":[753,125,116,96],"offset":[0,0],"originalSize":[116,96],"capInsets":[0,0,0,0]}},{"__type__":"cc.SpriteFrame","content":{"name":"pic_jindudi","texture":"cadhw0hxpN0pZAs3RLMN8l","rect":[307,583,262,22],"offset":[0,0],"originalSize":[262,22],"capInsets":[0,0,0,0]}},{"__type__":"cc.SpriteFrame","content":{"name":"pic_paowang","texture":"02krqH8i1AdZB/lC2WegR2","rect":[865,235,62,62],"offset":[0,0],"originalSize":[62,62],"capInsets":[0,0,0,0]}}]