[{"__type__":"cc.SpriteFrame","content":{"name":"pic_fuwuxieyi","texture":"e1nHmwLG9MI5dEsVEotxok","rect":[0,0,304,110],"offset":[0,0],"originalSize":[304,110],"capInsets":[0,0,0,0]}},{"__type__":"cc.SpriteFrame","content":{"name":"bg_paowangjindu","texture":"cadhw0hxpN0pZAs3RLMN8l","rect":[1,193,580,170],"offset":[0,0],"originalSize":[580,170],"capInsets":[0,0,0,0]}},{"__type__":"cc.SpriteFrame","content":{"name":"pic_new","texture":"cadhw0hxpN0pZAs3RLMN8l","rect":[405,607,70,78],"offset":[0,0],"originalSize":[70,78],"capInsets":[0,0,0,0]}},{"__type__":"cc.SpriteFrame","content":{"name":"pic_new","texture":"e6RM+hvqFNa4mv1ia2YKKj","rect":[0,1,70,76],"offset":[0,0],"originalSize":[70,78],"capInsets":[0,0,0,0]}},{"__type__":"cc.SpriteFrame","content":{"name":"ic_guanbi2","texture":"02krqH8i1AdZB/lC2WegR2","rect":[789,371,84,84],"offset":[0,0],"originalSize":[84,84],"capInsets":[0,0,0,0]}},{"__type__":"cc.SpriteFrame","content":{"name":"pao72","texture":"1fHDx1vAtNOLL25y+ojCCk","rect":[181,761,100,80],"offset":[0,-7],"originalSize":[110,110],"rotated":1,"capInsets":[0,0,0,0]}},{"__type__":"cc.SpriteFrame","content":{"name":"pic_pao","texture":"1bGMIb4PFCPLdSEzxrUZ4h","rect":[307,310,46,46],"offset":[0,0],"originalSize":[46,46],"capInsets":[0,0,0,0]}},{"__type__":"cc.SpriteFrame","content":{"name":"btn_anniu1","texture":"e0kPQXrAlLBp/dRPfCD6sk","rect":[361,559,152,58],"offset":[0,0],"originalSize":[152,58],"capInsets":[68,22,68,22]}},{"__type__":"cc.SpriteFrame","content":{"name":"pic_titlebg","texture":"cadhw0hxpN0pZAs3RLMN8l","rect":[1,589,280,66],"offset":[0,0],"originalSize":[280,66],"capInsets":[110,0,110,0]}},{"__type__":"cc.SpriteFrame","content":{"name":"pic_jindu","texture":"cadhw0hxpN0pZAs3RLMN8l","rect":[307,561,266,20],"offset":[0,0],"originalSize":[266,20],"capInsets":[10,0,10,0]}},{"__type__":"cc.SpriteFrame","content":{"name":"pic_fenhongpai","texture":"cadhw0hxpN0pZAs3RLMN8l","rect":[283,607,120,120],"offset":[0,0],"originalSize":[120,120],"capInsets":[0,0,0,0]}},{"__type__":"cc.SpriteFrame","content":{"name":"bg_gongxiandu","texture":"77yfli/jRHsK454/jf/Ral","rect":[0,0,600,489],"offset":[0,0.5],"originalSize":[600,490],"capInsets":[50,48.5,50,48.5]}},{"__type__":"cc.SpriteFrame","content":{"name":"default_sprite_splash","texture":"02delMVqdBD70a/HSD99FK","rect":[0,0,2,2],"offset":[0,0],"originalSize":[2,2],"capInsets":[0,0,0,0]}},{"__type__":"cc.SpriteFrame","content":{"name":"btn_jindujiacheng","texture":"cadhw0hxpN0pZAs3RLMN8l","rect":[165,657,116,52],"offset":[0,0],"originalSize":[116,52],"capInsets":[0,0,0,0]}},{"__type__":"cc.SpriteFrame","content":{"name":"pic_jindudi","texture":"cadhw0hxpN0pZAs3RLMN8l","rect":[307,583,262,22],"offset":[0,0],"originalSize":[262,22],"capInsets":[0,0,0,0]}},[{"__type__":"cc.Prefab","_name":"newpao_layer","data":{"__id__":1},"optimizationPolicy":2,"asyncLoadAssets":true},{"__type__":"cc.Node","_name":"newpao_layer","_children":[{"__id__":2},{"__id__":3},{"__id__":29},{"__id__":30}],"_components":[{"__type__":"cc.Widget","node":{"__id__":1},"_alignFlags":45},{"__type__":"95f6bu6ryVEmrEY9Z9/bFIQ","node":{"__id__":1}}],"_prefab":{"__type__":"cc.PrefabInfo","root":{"__id__":1},"asset":{"__uuid__":"e57Exhlo1LP6G4w4E5jx07"},"fileId":"e2gNZn7OlDjIwc88GVECuM"},"_contentSize":{"__type__":"cc.Size","width":750,"height":1334},"_trs":{"__type__":"TypedArray","ctor":"Float64Array","array":[375,667,0,0,0,0,1,1,1,1]}},{"__type__":"cc.Node","_name":"mask","_parent":{"__id__":1},"_components":[{"__type__":"cc.Sprite","node":{"__id__":2},"_materials":[{"__uuid__":"ecpdLyjvZBwrvm+cedCcQy"}],"_spriteFrame":{"__uuid__":"a2MjXRFdtLlYQ5ouAFv/+R"},"_sizeMode":0},{"__type__":"cc.Widget","node":{"__id__":2},"_alignFlags":45,"_originalWidth":40,"_originalHeight":36},{"__type__":"cc.BlockInputEvents","node":{"__id__":2}}],"_prefab":{"__type__":"cc.PrefabInfo","root":{"__id__":1},"asset":{"__uuid__":"e57Exhlo1LP6G4w4E5jx07"},"fileId":"48opR+nIhGzYDgOBm/077i"},"_opacity":130,"_color":{"__type__":"cc.Color"},"_contentSize":{"__type__":"cc.Size","width":750,"height":1334},"_trs":{"__type__":"TypedArray","ctor":"Float64Array","array":[0,0,0,0,0,0,1,1,1,1]}},{"__type__":"cc.Node","_name":"bg_paowang","_parent":{"__id__":1},"_children":[{"__id__":4},{"__id__":16},{"__id__":27}],"_components":[{"__type__":"cc.Sprite","node":{"__id__":3},"_materials":[{"__uuid__":"ecpdLyjvZBwrvm+cedCcQy"}],"_spriteFrame":{"__uuid__":"fcWA/B9L5IZKjiJkUQd8Kf"},"_type":1,"_sizeMode":0}],"_prefab":{"__type__":"cc.PrefabInfo","root":{"__id__":1},"asset":{"__uuid__":"e57Exhlo1LP6G4w4E5jx07"},"fileId":"21jCq2a9pH/K7pq2fATGb4"},"_contentSize":{"__type__":"cc.Size","width":657,"height":875},"_trs":{"__type__":"TypedArray","ctor":"Float64Array","array":[0,-53,0,0,0,0,1,1,1,1]}},{"__type__":"cc.Node","_name":"bg_gongxiandu","_parent":{"__id__":3},"_children":[{"__id__":5},{"__id__":7},{"__id__":9},{"__id__":12},{"__id__":14},{"__id__":15}],"_components":[{"__type__":"cc.Sprite","node":{"__id__":4},"_materials":[{"__uuid__":"ecpdLyjvZBwrvm+cedCcQy"}],"_spriteFrame":{"__uuid__":"a0U6hopyBIhq+BYSj21U5s"},"_type":1,"_sizeMode":0}],"_prefab":{"__type__":"cc.PrefabInfo","root":{"__id__":1},"asset":{"__uuid__":"e57Exhlo1LP6G4w4E5jx07"},"fileId":"dfG+1KOHtKq67W5ocCVu1s"},"_contentSize":{"__type__":"cc.Size","width":590,"height":485},"_trs":{"__type__":"TypedArray","ctor":"Float64Array","array":[0,67,0,0,0,0,1,1,1,1]}},{"__type__":"cc.Node","_name":"pic_titlebg","_parent":{"__id__":4},"_children":[{"__id__":6}],"_components":[{"__type__":"cc.Sprite","node":{"__id__":5},"_materials":[{"__uuid__":"ecpdLyjvZBwrvm+cedCcQy"}],"_spriteFrame":{"__uuid__":"72TSdmOp5CwLpijvcUE9LI"},"_type":1,"_sizeMode":0},{"__type__":"cc.Layout","node":{"__id__":5},"_layoutSize":{"__type__":"cc.Size","width":317.39,"height":66},"_resize":1,"_N$layoutType":1,"_N$paddingLeft":40,"_N$paddingRight":40}],"_prefab":{"__type__":"cc.PrefabInfo","root":{"__id__":1},"asset":{"__uuid__":"e57Exhlo1LP6G4w4E5jx07"},"fileId":"debW44mPBMroguijm5kD/Z"},"_contentSize":{"__type__":"cc.Size","width":317.39,"height":66},"_trs":{"__type__":"TypedArray","ctor":"Float64Array","array":[0,183.319,0,0,0,0,1,1,1,1]}},{"__type__":"cc.Node","_name":"lab_name","_parent":{"__id__":5},"_components":[{"__type__":"cc.Label","node":{"__id__":6},"_materials":[{"__uuid__":"ecpdLyjvZBwrvm+cedCcQy"}],"_useOriginalSize":false,"_string":"LV17 中型加农炮","_N$string":"LV17 中型加农炮","_fontSize":30,"_lineHeight":30,"_N$file":{"__uuid__":"farb0WbWZMgrGmuICOt0MU"},"_isSystemFontUsed":false,"_N$horizontalAlign":1,"_N$verticalAlign":1}],"_prefab":{"__type__":"cc.PrefabInfo","root":{"__id__":1},"asset":{"__uuid__":"e57Exhlo1LP6G4w4E5jx07"},"fileId":"9erNSHLfxDppZhzQ4UBIiR"},"_contentSize":{"__type__":"cc.Size","width":237.39,"height":37.8},"_trs":{"__type__":"TypedArray","ctor":"Float64Array","array":[0,0,0,0,0,0,1,1,1,1]}},{"__type__":"cc.Node","_name":"pic_fenhongpai","_parent":{"__id__":4},"_children":[{"__id__":8}],"_components":[{"__type__":"cc.Sprite","node":{"__id__":7},"_materials":[{"__uuid__":"ecpdLyjvZBwrvm+cedCcQy"}],"_spriteFrame":{"__uuid__":"86Z9oGWQJCkoJsl7f7keOi"}}],"_prefab":{"__type__":"cc.PrefabInfo","root":{"__id__":1},"asset":{"__uuid__":"e57Exhlo1LP6G4w4E5jx07"},"fileId":"6342wCTIVPcaOS5G5biS4d"},"_contentSize":{"__type__":"cc.Size","width":120,"height":120},"_trs":{"__type__":"TypedArray","ctor":"Float64Array","array":[0,35.314,0,0,0,0,1,1.7,1.7,1]}},{"__type__":"cc.Node","_name":"img_pao","_parent":{"__id__":7},"_components":[{"__type__":"cc.Sprite","node":{"__id__":8},"_materials":[{"__uuid__":"ecpdLyjvZBwrvm+cedCcQy"}]}],"_prefab":{"__type__":"cc.PrefabInfo","root":{"__id__":1},"asset":{"__uuid__":"e57Exhlo1LP6G4w4E5jx07"},"fileId":"44vELKAotOoa2vJYUbmTQS"},"_contentSize":{"__type__":"cc.Size","width":92,"height":86},"_trs":{"__type__":"TypedArray","ctor":"Float64Array","array":[0,3,0,0,0,0,1,0.9,0.9,1]}},{"__type__":"cc.Node","_name":"layout_sum","_parent":{"__id__":4},"_children":[{"__id__":10},{"__id__":11}],"_components":[{"__type__":"cc.Layout","node":{"__id__":9},"_layoutSize":{"__type__":"cc.Size","width":118,"height":50},"_resize":1,"_N$layoutType":1,"_N$spacingX":15}],"_prefab":{"__type__":"cc.PrefabInfo","root":{"__id__":1},"asset":{"__uuid__":"e57Exhlo1LP6G4w4E5jx07"},"fileId":"60jvM+yU9AGLuCmxAHCNPX"},"_contentSize":{"__type__":"cc.Size","width":118,"height":50},"_trs":{"__type__":"TypedArray","ctor":"Float64Array","array":[0,-92.449,0,0,0,0,1,1,1,1]}},{"__type__":"cc.Node","_name":"pic_pao","_parent":{"__id__":9},"_components":[{"__type__":"cc.Sprite","node":{"__id__":10},"_materials":[{"__uuid__":"ecpdLyjvZBwrvm+cedCcQy"}],"_spriteFrame":{"__uuid__":"60MeyJLKhFro0YbKvbjsMx"}}],"_prefab":{"__type__":"cc.PrefabInfo","root":{"__id__":1},"asset":{"__uuid__":"e57Exhlo1LP6G4w4E5jx07"},"fileId":"9e81TkJD5OzrAVxTRY93K/"},"_contentSize":{"__type__":"cc.Size","width":46,"height":46},"_trs":{"__type__":"TypedArray","ctor":"Float64Array","array":[-36,0,0,0,0,0,1,1,1,1]}},{"__type__":"cc.Node","_name":"lab_sum","_parent":{"__id__":9},"_components":[{"__type__":"cc.Label","node":{"__id__":11},"_materials":[{"__uuid__":"ecpdLyjvZBwrvm+cedCcQy"}],"_useOriginalSize":false,"_string":"+10","_N$string":"+10","_fontSize":30,"_lineHeight":30,"_N$file":{"__uuid__":"41fwEWuyVLWaqNiOyZwKIo"},"_isSystemFontUsed":false,"_N$horizontalAlign":1,"_N$verticalAlign":1}],"_prefab":{"__type__":"cc.PrefabInfo","root":{"__id__":1},"asset":{"__uuid__":"e57Exhlo1LP6G4w4E5jx07"},"fileId":"5fWGUCnwxMObZGNd9wBnka"},"_color":{"__type__":"cc.Color","r":120,"g":50,"b":22},"_contentSize":{"__type__":"cc.Size","width":57,"height":30},"_trs":{"__type__":"TypedArray","ctor":"Float64Array","array":[30.5,0,0,0,0,0,1,1,1,1]}},{"__type__":"cc.Node","_name":"btn_lingquanniu","_parent":{"__id__":4},"_children":[{"__id__":13}],"_components":[{"__type__":"cc.Sprite","node":{"__id__":12},"_materials":[{"__uuid__":"ecpdLyjvZBwrvm+cedCcQy"}],"_spriteFrame":{"__uuid__":"6behprY2BNSZzOZM8oMMB4"},"_type":1,"_sizeMode":0}],"_prefab":{"__type__":"cc.PrefabInfo","root":{"__id__":1},"asset":{"__uuid__":"e57Exhlo1LP6G4w4E5jx07"},"fileId":"a6VPlVp0NELKTbABkiXO2k"},"_contentSize":{"__type__":"cc.Size","width":200,"height":68},"_trs":{"__type__":"TypedArray","ctor":"Float64Array","array":[0,-160.285,0,0,0,0,1,1,1,1]}},{"__type__":"cc.Node","_name":"lab_btn_lingquanniu","_parent":{"__id__":12},"_components":[{"__type__":"41ebaVoPpRA4Kp67XEdHfZn","node":{"__id__":13},"_materials":[{"__uuid__":"ecpdLyjvZBwrvm+cedCcQy"}],"_string":"领取","_N$string":"领取","_fontSize":30,"_lineHeight":30,"_N$file":{"__uuid__":"farb0WbWZMgrGmuICOt0MU"},"_isSystemFontUsed":false,"i18n_string":"newpao_layer_3_1"}],"_prefab":{"__type__":"cc.PrefabInfo","root":{"__id__":1},"asset":{"__uuid__":"e57Exhlo1LP6G4w4E5jx07"},"fileId":"10NKW5Sl1EUoLPM6b4GrIG"},"_contentSize":{"__type__":"cc.Size","width":60,"height":37.8},"_trs":{"__type__":"TypedArray","ctor":"Float64Array","array":[0,-4,0,0,0,0,1,1,1,1]}},{"__type__":"cc.Node","_name":"pic_new","_parent":{"__id__":4},"_components":[{"__type__":"cc.Sprite","node":{"__id__":14},"_materials":[{"__uuid__":"ecpdLyjvZBwrvm+cedCcQy"}],"_spriteFrame":{"__uuid__":"24bXeLLQ1HG4PRXAmnWEFo"}}],"_prefab":{"__type__":"cc.PrefabInfo","root":{"__id__":1},"asset":{"__uuid__":"e57Exhlo1LP6G4w4E5jx07"},"fileId":"3eKL9Wr+tKlaFqfNN52Ho4"},"_contentSize":{"__type__":"cc.Size","width":70,"height":78},"_trs":{"__type__":"TypedArray","ctor":"Float64Array","array":[-223,201,0,0,0,0,1,1,1,1]}},{"__type__":"cc.Node","_name":"pic_new_en","_parent":{"__id__":4},"_active":false,"_components":[{"__type__":"cc.Sprite","node":{"__id__":15},"_materials":[{"__uuid__":"ecpdLyjvZBwrvm+cedCcQy"}],"_spriteFrame":{"__uuid__":"57p3dkCqBL6ay+vs+o/9ne"}}],"_prefab":{"__type__":"cc.PrefabInfo","root":{"__id__":1},"asset":{"__uuid__":"e57Exhlo1LP6G4w4E5jx07"},"fileId":"7ftkEbv7JJRZ5biaJkxdpZ"},"_contentSize":{"__type__":"cc.Size","width":70,"height":76},"_trs":{"__type__":"TypedArray","ctor":"Float64Array","array":[-223,201,0,0,0,0,1,1,1,1]}},{"__type__":"cc.Node","_name":"bg_paowangjindu","_parent":{"__id__":3},"_children":[{"__id__":17},{"__id__":19},{"__id__":21},{"__id__":24},{"__id__":25}],"_components":[{"__type__":"cc.Sprite","node":{"__id__":16},"_materials":[{"__uuid__":"ecpdLyjvZBwrvm+cedCcQy"}],"_spriteFrame":{"__uuid__":"23UkoAsB5BNbGwjC9mRCqC"}}],"_prefab":{"__type__":"cc.PrefabInfo","root":{"__id__":1},"asset":{"__uuid__":"e57Exhlo1LP6G4w4E5jx07"},"fileId":"b6DwPxzX9LJbTXKaj8qZor"},"_contentSize":{"__type__":"cc.Size","width":580,"height":170},"_trs":{"__type__":"TypedArray","ctor":"Float64Array","array":[0,-319,0,0,0,0,1,1,1,1]}},{"__type__":"cc.Node","_name":"pic_fenhongpai1","_parent":{"__id__":16},"_children":[{"__id__":18}],"_components":[{"__type__":"cc.Sprite","node":{"__id__":17},"_materials":[{"__uuid__":"ecpdLyjvZBwrvm+cedCcQy"}],"_spriteFrame":{"__uuid__":"86Z9oGWQJCkoJsl7f7keOi"}}],"_prefab":{"__type__":"cc.PrefabInfo","root":{"__id__":1},"asset":{"__uuid__":"e57Exhlo1LP6G4w4E5jx07"},"fileId":"beNYMxH+lKca4cyE9LceFu"},"_contentSize":{"__type__":"cc.Size","width":120,"height":120},"_trs":{"__type__":"TypedArray","ctor":"Float64Array","array":[-213,-10,0,0,0,0,1,1,1,1]}},{"__type__":"cc.Node","_name":"pic_paowang","_parent":{"__id__":17},"_components":[{"__type__":"cc.Sprite","node":{"__id__":18},"_materials":[{"__uuid__":"ecpdLyjvZBwrvm+cedCcQy"}],"_spriteFrame":{"__uuid__":"5fI8puK05IXL+sh5b1encq"}}],"_prefab":{"__type__":"cc.PrefabInfo","root":{"__id__":1},"asset":{"__uuid__":"e57Exhlo1LP6G4w4E5jx07"},"fileId":"a7QFhCZzZNpI9clgawfIsH"},"_contentSize":{"__type__":"cc.Size","width":100,"height":80},"_trs":{"__type__":"TypedArray","ctor":"Float64Array","array":[0,6,0,0,0,0,1,1,1,1]}},{"__type__":"cc.Node","_name":"layout_footer","_parent":{"__id__":16},"_children":[{"__id__":20}],"_components":[{"__type__":"cc.Layout","node":{"__id__":19},"_layoutSize":{"__type__":"cc.Size","width":84,"height":27},"_resize":1,"_N$layoutType":1}],"_prefab":{"__type__":"cc.PrefabInfo","root":{"__id__":1},"asset":{"__uuid__":"e57Exhlo1LP6G4w4E5jx07"},"fileId":"14npuHE3JL+6ayAO0DUSKp"},"_contentSize":{"__type__":"cc.Size","width":84,"height":27},"_anchorPoint":{"__type__":"cc.Vec2","y":0.5},"_trs":{"__type__":"TypedArray","ctor":"Float64Array","array":[-132,25,0,0,0,0,1,1,1,1]}},{"__type__":"cc.Node","_name":"jinduData","_parent":{"__id__":19},"_components":[{"__type__":"41ebaVoPpRA4Kp67XEdHfZn","node":{"__id__":20},"_materials":[{"__uuid__":"ecpdLyjvZBwrvm+cedCcQy"}],"_string":"炮王进度","_N$string":"炮王进度","_fontSize":21,"_lineHeight":25,"_N$file":{"__uuid__":"farb0WbWZMgrGmuICOt0MU"},"_isSystemFontUsed":false,"_N$verticalAlign":1,"i18n_string":"paowang_layer_1_2"}],"_prefab":{"__type__":"cc.PrefabInfo","root":{"__id__":1},"asset":{"__uuid__":"e57Exhlo1LP6G4w4E5jx07"},"fileId":"87bSFIkNVC07KqRj8pdtTH"},"_color":{"__type__":"cc.Color","r":120,"g":50,"b":22},"_contentSize":{"__type__":"cc.Size","width":84,"height":31.5},"_anchorPoint":{"__type__":"cc.Vec2"},"_trs":{"__type__":"TypedArray","ctor":"Float64Array","array":[0,-14,0,0,0,0,1,1,1,1]}},{"__type__":"cc.Node","_name":"Progress","_parent":{"__id__":16},"_children":[{"__id__":22}],"_components":[{"__type__":"cc.Sprite","node":{"__id__":21},"_materials":[{"__uuid__":"ecpdLyjvZBwrvm+cedCcQy"}],"_spriteFrame":{"__uuid__":"e5SPLXKr1EHLspqks1M8v9"},"_type":1},{"__type__":"cc.ProgressBar","node":{"__id__":21},"_N$totalLength":258,"_N$barSprite":{"__id__":23},"_N$progress":0}],"_prefab":{"__type__":"cc.PrefabInfo","root":{"__id__":1},"asset":{"__uuid__":"e57Exhlo1LP6G4w4E5jx07"},"fileId":"b8jLj33dpCo6MKEadJTozF"},"_contentSize":{"__type__":"cc.Size","width":262,"height":22},"_trs":{"__type__":"TypedArray","ctor":"Float64Array","array":[-1,-14,0,0,0,0,1,1,1,1]}},{"__type__":"cc.Node","_name":"bar","_parent":{"__id__":21},"_components":[{"__id__":23}],"_prefab":{"__type__":"cc.PrefabInfo","root":{"__id__":1},"asset":{"__uuid__":"e57Exhlo1LP6G4w4E5jx07"},"fileId":"baCyPzTTFM457VggmbCvD3"},"_contentSize":{"__type__":"cc.Size","height":20},"_anchorPoint":{"__type__":"cc.Vec2","y":0.5},"_trs":{"__type__":"TypedArray","ctor":"Float64Array","array":[-129,0,0,0,0,0,1,1,1,1]}},{"__type__":"cc.Sprite","node":{"__id__":22},"_materials":[{"__uuid__":"ecpdLyjvZBwrvm+cedCcQy"}],"_spriteFrame":{"__uuid__":"725FmAdE9BVpeA/gVkfvA4"},"_type":1,"_sizeMode":0},{"__type__":"cc.Node","_name":"msgbal","_parent":{"__id__":16},"_components":[{"__type__":"41ebaVoPpRA4Kp67XEdHfZn","node":{"__id__":24},"_materials":[{"__uuid__":"ecpdLyjvZBwrvm+cedCcQy"}],"_string":"100%进度条必得分红“炮王”","_N$string":"100%进度条必得分红“炮王”","_fontSize":19,"_lineHeight":25,"_N$file":{"__uuid__":"farb0WbWZMgrGmuICOt0MU"},"_isSystemFontUsed":false,"_N$verticalAlign":1,"_N$overflow":3,"i18n_string":"paowang_layer_1_3"}],"_prefab":{"__type__":"cc.PrefabInfo","root":{"__id__":1},"asset":{"__uuid__":"e57Exhlo1LP6G4w4E5jx07"},"fileId":"9fhk48vrpBwosRdtiWv1vB"},"_color":{"__type__":"cc.Color","r":120,"g":50,"b":22},"_contentSize":{"__type__":"cc.Size","width":282,"height":31.5},"_anchorPoint":{"__type__":"cc.Vec2","y":1},"_trs":{"__type__":"TypedArray","ctor":"Float64Array","array":[-134,-32,0,0,0,0,1,1,1,1]}},{"__type__":"cc.Node","_name":"btn_jindujiacheng","_parent":{"__id__":16},"_children":[{"__id__":26}],"_components":[{"__type__":"cc.Sprite","node":{"__id__":25},"_materials":[{"__uuid__":"ecpdLyjvZBwrvm+cedCcQy"}],"_spriteFrame":{"__uuid__":"bc5x5Ds0VIuao2We5fntNS"},"_sizeMode":0},{"__type__":"cc.Button","node":{"__id__":25},"_normalMaterial":{"__uuid__":"ecpdLyjvZBwrvm+cedCcQy"},"zoomScale":0.9,"_N$transition":3,"transition":3}],"_prefab":{"__type__":"cc.PrefabInfo","root":{"__id__":1},"asset":{"__uuid__":"e57Exhlo1LP6G4w4E5jx07"},"fileId":"05YqPwsJ9My7N4gIMh7OuS"},"_contentSize":{"__type__":"cc.Size","width":130,"height":52},"_trs":{"__type__":"TypedArray","ctor":"Float64Array","array":[209,-11,0,0,0,0,1,1,1,1]}},{"__type__":"cc.Node","_name":"btn_data","_parent":{"__id__":25},"_components":[{"__type__":"cc.Label","node":{"__id__":26},"_materials":[{"__uuid__":"ecpdLyjvZBwrvm+cedCcQy"}],"_useOriginalSize":false,"_string":"155.11元","_N$string":"155.11元","_fontSize":25,"_lineHeight":25,"_N$horizontalAlign":1,"_N$verticalAlign":1}],"_prefab":{"__type__":"cc.PrefabInfo","root":{"__id__":1},"asset":{"__uuid__":"e57Exhlo1LP6G4w4E5jx07"},"fileId":"37Drk/8H5HfLBJyqwdyHyj"},"_contentSize":{"__type__":"cc.Size","width":99.61,"height":31.5},"_trs":{"__type__":"TypedArray","ctor":"Float64Array","array":[-3,1,0,0,0,0,1,1,1,1]}},{"__type__":"cc.Node","_name":"pic_dai_hong","_parent":{"__id__":3},"_children":[{"__id__":28}],"_components":[{"__type__":"cc.Sprite","node":{"__id__":27},"_materials":[{"__uuid__":"ecpdLyjvZBwrvm+cedCcQy"}],"_spriteFrame":{"__uuid__":"eeuDVmJo5OiK24r/hyJBTm"}}],"_prefab":{"__type__":"cc.PrefabInfo","root":{"__id__":1},"asset":{"__uuid__":"e57Exhlo1LP6G4w4E5jx07"},"fileId":"50AWmvIPVJ+J5RuiTVOqSf"},"_contentSize":{"__type__":"cc.Size","width":310,"height":96},"_trs":{"__type__":"TypedArray","ctor":"Float64Array","array":[0,-220.763,0,0,0,0,1,1,1,1]}},{"__type__":"cc.Node","_name":"lab_dai_hong","_parent":{"__id__":27},"_components":[{"__type__":"41ebaVoPpRA4Kp67XEdHfZn","node":{"__id__":28},"_materials":[{"__uuid__":"ecpdLyjvZBwrvm+cedCcQy"}],"_string":"炮王","_N$string":"炮王","_fontSize":35,"_lineHeight":35,"_N$file":{"__uuid__":"farb0WbWZMgrGmuICOt0MU"},"_isSystemFontUsed":false,"i18n_string":"newpao_layer_3_2"},{"__type__":"cc.LabelOutline","node":{"__id__":28},"_color":{"__type__":"cc.Color","g":29,"b":166},"_width":2}],"_prefab":{"__type__":"cc.PrefabInfo","root":{"__id__":1},"asset":{"__uuid__":"e57Exhlo1LP6G4w4E5jx07"},"fileId":"aaYU1xCN1ME6UOUThHEXXv"},"_contentSize":{"__type__":"cc.Size","width":74,"height":48.1},"_trs":{"__type__":"TypedArray","ctor":"Float64Array","array":[0,10,0,0,0,0,1,1,1,1]}},{"__type__":"cc.Node","_name":"ic_guanbi2","_parent":{"__id__":1},"_components":[{"__type__":"cc.Sprite","node":{"__id__":29},"_materials":[{"__uuid__":"ecpdLyjvZBwrvm+cedCcQy"}],"_spriteFrame":{"__uuid__":"5c4o7no3NMH7pZupb0latf"}}],"_prefab":{"__type__":"cc.PrefabInfo","root":{"__id__":1},"asset":{"__uuid__":"e57Exhlo1LP6G4w4E5jx07"},"fileId":"dbVnjDZ1dKiIrDzB4WXrRi"},"_contentSize":{"__type__":"cc.Size","width":84,"height":84},"_trs":{"__type__":"TypedArray","ctor":"Float64Array","array":[302.768,309.755,0,0,0,0,1,1,1,1]}},{"__type__":"cc.Node","_name":"pic_fuwuxieyi","_parent":{"__id__":1},"_children":[{"__id__":31}],"_components":[{"__type__":"cc.Sprite","node":{"__id__":30},"_materials":[{"__uuid__":"ecpdLyjvZBwrvm+cedCcQy"}],"_spriteFrame":{"__uuid__":"17eMQzcWBCHaVrYzOK9qF4"}}],"_prefab":{"__type__":"cc.PrefabInfo","root":{"__id__":1},"asset":{"__uuid__":"e57Exhlo1LP6G4w4E5jx07"},"fileId":"52w+K+WIlDRIy9xKo+L/nh"},"_contentSize":{"__type__":"cc.Size","width":304,"height":110},"_trs":{"__type__":"TypedArray","ctor":"Float64Array","array":[0,351.677,0,0,0,0,1,1,1,1]}},{"__type__":"cc.Node","_name":"titlefont","_parent":{"__id__":30},"_components":[{"__type__":"41ebaVoPpRA4Kp67XEdHfZn","node":{"__id__":31},"_materials":[{"__uuid__":"ecpdLyjvZBwrvm+cedCcQy"}],"_string":"新炮塔解锁","_N$string":"新炮塔解锁","_N$file":{"__uuid__":"farb0WbWZMgrGmuICOt0MU"},"_isSystemFontUsed":false,"_N$horizontalAlign":1,"i18n_string":"newpao_layer_3_3"},{"__type__":"cc.LabelOutline","node":{"__id__":31},"_color":{"__type__":"cc.Color","r":117,"g":59,"b":23},"_width":5}],"_prefab":{"__type__":"cc.PrefabInfo","root":{"__id__":1},"asset":{"__uuid__":"e57Exhlo1LP6G4w4E5jx07"},"fileId":"b9dFhgEy9Pw7n5rtkWcYLm"},"_contentSize":{"__type__":"cc.Size","width":210,"height":60.4},"_trs":{"__type__":"TypedArray","ctor":"Float64Array","array":[0,3,0,0,0,0,1,1,1,1]}}],{"__type__":"cc.SpriteFrame","content":{"name":"pic_dai_lan","texture":"cadhw0hxpN0pZAs3RLMN8l","rect":[307,365,310,96],"offset":[0,0],"originalSize":[310,96],"capInsets":[0,0,0,0]}},{"__type__":"cc.SpriteFrame","content":{"name":"bg_paowang","texture":"5fIZ6eNjtLcoTSqUYB8890","rect":[1,0,657,808],"offset":[0.5,0],"originalSize":[658,808],"capInsets":[248.5,335,248.5,335]}}]