[{"__type__":"cc.SpriteFrame","content":{"name":"btn_huang","texture":"36otX/aM1E4Zo+o68pRLtJ","rect":[367,1,146,52],"offset":[0,0],"originalSize":[150,56],"rotated":1,"capInsets":[23,15,23,16]}},{"__type__":"cc.SpriteAtlas","_name":"common.plist","_spriteFrames":{"btn_hong":{"__uuid__":"8bC0FXpN1ED7Lr21Sks+UZ"},"btn_huang":{"__uuid__":"31m6o8ff9Kf5rbYoqd2IHI"},"btn_hui":{"__uuid__":"bfDuFj/iJDLaFydgA0a1fL"},"btn_lv":{"__uuid__":"78NFm4B7RLoJPNog8LPG0r"},"btn_lv_yuan":{"__uuid__":"5el93pmmNG5IneNxAsWV91"},"img_title":{"__uuid__":"cdEvF//9tDQ7A6VuL1Xfzj"}}},{"__type__":"cc.SpriteFrame","content":{"name":"btn_lv_yuan","texture":"36otX/aM1E4Zo+o68pRLtJ","rect":[307,1,140,58],"offset":[0,0],"originalSize":[140,58],"rotated":1,"capInsets":[0,0,0,0]}},{"__type__":"cc.SpriteFrame","content":{"name":"btn_lv","texture":"36otX/aM1E4Zo+o68pRLtJ","rect":[1,113,146,52],"offset":[0,0],"originalSize":[150,56],"capInsets":[0,0,0,0]}},{"__type__":"cc.SpriteFrame","content":{"name":"btn_hong","texture":"36otX/aM1E4Zo+o68pRLtJ","rect":[149,113,118,52],"offset":[0,0],"originalSize":[118,52],"capInsets":[53,18,52,20]}},{"__type__":"cc.SpriteFrame","content":{"name":"btn_hui","texture":"36otX/aM1E4Zo+o68pRLtJ","rect":[421,1,146,52],"offset":[0,0],"originalSize":[150,56],"rotated":1,"capInsets":[0,0,0,0]}},{"__type__":"cc.SpriteFrame","content":{"name":"img_title","texture":"36otX/aM1E4Zo+o68pRLtJ","rect":[1,1,304,110],"offset":[0,0],"originalSize":[304,110],"capInsets":[0,0,0,0]}}]