[{"__type__":"cc.Prefab","_name":"item_fenhong","data":{"__id__":1}},{"__type__":"cc.Node","_name":"item_fenhong","_children":[{"__id__":2},{"__id__":3},{"__id__":4}],"_components":[{"__type__":"2addcnlwZBPz7IiFxx+QfsU","node":{"__id__":1}}],"_prefab":{"__type__":"cc.PrefabInfo","root":{"__id__":1},"asset":{"__uuid__":"6f5y2DncdEpIVN4hd3lFYd"},"fileId":"24z1WQo1lGP7n3oB3JVWew"},"_contentSize":{"__type__":"cc.Size","width":490,"height":30},"_trs":{"__type__":"TypedArray","ctor":"Float64Array","array":[0,-15,0,0,0,0,1,1,1,1]}},{"__type__":"cc.Node","_name":"lab_uname","_parent":{"__id__":1},"_components":[{"__type__":"cc.Label","node":{"__id__":2},"_materials":[{"__uuid__":"ecpdLyjvZBwrvm+cedCcQy"}],"_useOriginalSize":false,"_string":"时光","_N$string":"时光","_fontSize":20,"_lineHeight":20,"_N$horizontalAlign":1,"_N$verticalAlign":1}],"_prefab":{"__type__":"cc.PrefabInfo","root":{"__id__":1},"asset":{"__uuid__":"6f5y2DncdEpIVN4hd3lFYd"},"fileId":"c1V3yClT1IvYi4vFi53eVY"},"_contentSize":{"__type__":"cc.Size","width":40,"height":25.2},"_anchorPoint":{"__type__":"cc.Vec2","y":0.5},"_trs":{"__type__":"TypedArray","ctor":"Float64Array","array":[-229,-1,0,0,0,0,1,1,1,1]}},{"__type__":"cc.Node","_name":"lab_time","_parent":{"__id__":1},"_components":[{"__type__":"cc.Label","node":{"__id__":3},"_materials":[{"__uuid__":"ecpdLyjvZBwrvm+cedCcQy"}],"_useOriginalSize":false,"_string":"12：16：08","_N$string":"12：16：08","_fontSize":20,"_lineHeight":20,"_N$horizontalAlign":1,"_N$verticalAlign":1}],"_prefab":{"__type__":"cc.PrefabInfo","root":{"__id__":1},"asset":{"__uuid__":"6f5y2DncdEpIVN4hd3lFYd"},"fileId":"34u/17ym1I6aFjtc+HPro0"},"_contentSize":{"__type__":"cc.Size","width":106.74,"height":25.2},"_trs":{"__type__":"TypedArray","ctor":"Float64Array","array":[-20,-1,0,0,0,0,1,1,1,1]}},{"__type__":"cc.Node","_name":"lab_text","_parent":{"__id__":1},"_components":[{"__type__":"cc.Label","node":{"__id__":4},"_materials":[{"__uuid__":"ecpdLyjvZBwrvm+cedCcQy"}],"_useOriginalSize":false,"_string":"成功获得分红炮","_N$string":"成功获得分红炮","_fontSize":20,"_lineHeight":20,"_N$horizontalAlign":1,"_N$verticalAlign":1}],"_prefab":{"__type__":"cc.PrefabInfo","root":{"__id__":1},"asset":{"__uuid__":"6f5y2DncdEpIVN4hd3lFYd"},"fileId":"e3gVQ/AztPIrAxmObpoBwS"},"_contentSize":{"__type__":"cc.Size","width":140,"height":25.2},"_anchorPoint":{"__type__":"cc.Vec2","x":1,"y":0.5},"_trs":{"__type__":"TypedArray","ctor":"Float64Array","array":[236,0,0,0,0,0,1,1,1,1]}}]