[1,["1brw/JvvpFnIvdrxpFCgMZ","3dNOq7oTFJaYVOfV2OU/gi@d90a4","3dNOq7oTFJaYVOfV2OU/gi@a57af"],["_effectAsset","root","node","data","_mesh"],[["cc.Mesh",["_native","_hash","_struct"],1,11],["cc.Material",["_name","_states","_defines","_props"],0,12],["cc.Prefab",[],3],["cc.Node",["_name","_components","_prefab"],2,9,4],["cc.MeshRenderer",["node","__prefab","_materials","bakeSettings","_mesh"],3,1,4,3,4,6],["cc.CompPrefabInfo",["fileId"],2],["cc.ModelBakeSettings",[],3],["cc.PrefabInfo",["fileId","instance","targetOverrides","nestedPrefabInstanceRoots","root","asset"],-1,1,1]],[[0,0,1,2,3],[1,0,1,2,3,4],[2,1],[3,0,1,2,2],[4,0,1,2,3,4,1],[5,0,2],[6,1],[7,0,1,2,3,4,5,5]],[[[[0,".bin",3941111130,[{"primitives":[{"primitiveMode":7,"vertexBundelIndices":[0],"indexView":{"offset":212160,"length":29640,"count":7410,"stride":4}}],"vertexBundles":[{"view":{"offset":0,"length":212160,"count":4420,"stride":48},"attributes":[{"name":"a_position","format":32,"isNormalized":false},{"name":"a_normal","format":32,"isNormalized":false},{"name":"a_texCoord","format":21,"isNormalized":false},{"name":"a_tangent","format":44,"isNormalized":false}]}]},"minPosition",8,[1,-9.85088062286377,-0.0428544320166111,-1.147304892539978],"maxPosition",8,[1,9.737565040588379,2.2863776683807373,1.1473021507263184]]],-1],0,0,[],[],[]],[[[1,"01 - Default",[{"rasterizerState":{},"blendState":{"targets":[{}]},"depthStencilState":{}}],[{}],[[[{"metallic":0.4000000059604645,"roughness":0.7071067690849304},"albedoScale",8,[1,0.5882353186607361,0.5882353186607361,0.5882353186607361]]],11]]],0,0,[0],[0],[0]],[[[2],[3,"Rockery",[[4,-2,[5,"ber57XpqBfn4ziuo9MFjA4"],[0],[6],1]],[7,"70LMVGvaxYabbfARPCTKK0",null,null,null,-1,0]]],0,[0,1,1,0,2,1,0,3,1,2],[0,0],[-1,4],[1,2]]]]
