[1,["1brw/JvvpFnIvdrxpFCgMZ","32NNoLsH1ItJ0hYjYaZo65@50b4e","32NNoLsH1ItJ0hYjYaZo65@dc54b"],["_effectAsset","root","node","data","_mesh"],[["cc.Material",["_name","_states","_defines","_props"],0,12],["cc.Mesh",["_native","_hash","_struct"],1,11],["cc.Prefab",[],3],["cc.Node",["_name","_components","_prefab"],2,9,4],["cc.MeshRenderer",["node","__prefab","_materials","bakeSettings","_mesh"],3,1,4,3,4,6],["cc.CompPrefabInfo",["fileId"],2],["cc.ModelBakeSettings",[],3],["cc.PrefabInfo",["fileId","instance","targetOverrides","nestedPrefabInstanceRoots","root","asset"],-1,1,1]],[[0,0,1,2,3,4],[1,0,1,2,3],[2,1],[3,0,1,2,2],[4,0,1,2,3,4,1],[5,0,2],[6,1],[7,0,1,2,3,4,5,5]],[[[[0,"10 - Default",[{"rasterizerState":{},"blendState":{"targets":[{}]},"depthStencilState":{}}],[{}],[[[{"metallic":0.4000000059604645,"roughness":0.7071067690849304},"albedoScale",8,[1,0.5882353186607361,0.5882353186607361,0.5882353186607361]]],11]]],0,0,[0],[0],[0]],[[[1,".bin",3898229652,[{"primitives":[{"primitiveMode":7,"vertexBundelIndices":[0],"indexView":{"offset":768,"length":96,"count":24,"stride":4}}],"vertexBundles":[{"view":{"offset":0,"length":768,"count":16,"stride":48},"attributes":[{"name":"a_position","format":32,"isNormalized":false},{"name":"a_normal","format":32,"isNormalized":false},{"name":"a_texCoord","format":21,"isNormalized":false},{"name":"a_tangent","format":44,"isNormalized":false}]}]},"minPosition",8,[1,9.48450756072998,-0.000003832315996987745,-12.069011688232422],"maxPosition",8,[1,12.99798583984375,6.405245471796661e-7,14.00100326538086]]],-1],0,0,[],[],[]],[[[2],[3,"Corridor",[[4,-2,[5,"e2XFYutc5fUIrcQxqCDNAX"],[0],[6],1]],[7,"867zH//PRcoLbq5JqAbxbX",null,null,null,-1,0]]],0,[0,1,1,0,2,1,0,3,1,2],[0,0],[-1,4],[1,2]]]]
