[{"__type__":"cc.SpriteFrame","content":{"name":"btn_anniu2","texture":"1bGMIb4PFCPLdSEzxrUZ4h","rect":[307,228,230,80],"offset":[0,0],"originalSize":[230,80],"capInsets":[18,20,18,20]}},{"__type__":"cc.SpriteFrame","content":{"name":"bg_shang","texture":"d4ZUKktepNW6SuDUf2dDAT","rect":[0,0,600,356],"offset":[0,1],"originalSize":[600,358],"capInsets":[234,104,188,146]}},{"__type__":"cc.SpriteFrame","content":{"name":"bg_xiao","texture":"c6ZGjV9tNKqbnxaBNcj5DE","rect":[0,0,657,640],"offset":[-0.5,0],"originalSize":[658,640],"capInsets":[0,0,0,0]}},[{"__type__":"cc.Prefab","_name":"paojindu_layer","data":{"__id__":1}},{"__type__":"cc.Node","_name":"paojindu_layer","_children":[{"__id__":2},{"__id__":3}],"_components":[{"__type__":"cc.Widget","node":{"__id__":1},"_alignFlags":45},{"__type__":"c1051ADvk1OOKvod6IAJ2mf","node":{"__id__":1}}],"_prefab":{"__type__":"cc.PrefabInfo","root":{"__id__":1},"asset":{"__uuid__":"2fSZNLXs5PIY49jqfkq4gk"},"fileId":"82k+sGgGVLmYwN0YvU+utl"},"_contentSize":{"__type__":"cc.Size","width":750,"height":1334},"_trs":{"__type__":"TypedArray","ctor":"Float64Array","array":[375,667,0,0,0,0,1,1,1,1]}},{"__type__":"cc.Node","_name":"mask","_parent":{"__id__":1},"_components":[{"__type__":"cc.Sprite","node":{"__id__":2},"_materials":[{"__uuid__":"ecpdLyjvZBwrvm+cedCcQy"}],"_spriteFrame":{"__uuid__":"a2MjXRFdtLlYQ5ouAFv/+R"},"_sizeMode":0},{"__type__":"cc.Widget","node":{"__id__":2},"_alignFlags":45,"_originalWidth":40,"_originalHeight":36},{"__type__":"cc.BlockInputEvents","node":{"__id__":2}}],"_prefab":{"__type__":"cc.PrefabInfo","root":{"__id__":1},"asset":{"__uuid__":"2fSZNLXs5PIY49jqfkq4gk"},"fileId":"b8lkYMlrlHuqCcSBywAfoT"},"_opacity":130,"_color":{"__type__":"cc.Color"},"_contentSize":{"__type__":"cc.Size","width":750,"height":1334},"_trs":{"__type__":"TypedArray","ctor":"Float64Array","array":[0,0,0,0,0,0,1,1,1,1]}},{"__type__":"cc.Node","_name":"bgNode","_parent":{"__id__":1},"_children":[{"__id__":4},{"__id__":6},{"__id__":7},{"__id__":8},{"__id__":9},{"__id__":10},{"__id__":11},{"__id__":12},{"__id__":13},{"__id__":15},{"__id__":17}],"_components":[{"__type__":"cc.Sprite","node":{"__id__":3},"_materials":[{"__uuid__":"ecpdLyjvZBwrvm+cedCcQy"}],"_spriteFrame":{"__uuid__":"1diSJI4F1EnIfhjsBkEDQ1"}}],"_prefab":{"__type__":"cc.PrefabInfo","root":{"__id__":1},"asset":{"__uuid__":"2fSZNLXs5PIY49jqfkq4gk"},"fileId":"a6C8lMizNGyL7Kb9ff1Gu0"},"_contentSize":{"__type__":"cc.Size","width":657,"height":640},"_trs":{"__type__":"TypedArray","ctor":"Float64Array","array":[0,25,0,0,0,0,1,1,1,1]}},{"__type__":"cc.Node","_name":"pic_huodepaotai","_parent":{"__id__":3},"_children":[{"__id__":5}],"_components":[{"__type__":"cc.Sprite","node":{"__id__":4},"_materials":[{"__uuid__":"ecpdLyjvZBwrvm+cedCcQy"}],"_spriteFrame":{"__uuid__":"cdEvF//9tDQ7A6VuL1Xfzj"}}],"_prefab":{"__type__":"cc.PrefabInfo","root":{"__id__":1},"asset":{"__uuid__":"2fSZNLXs5PIY49jqfkq4gk"},"fileId":"ffqg443fJMsKm3JeKsQUoF"},"_contentSize":{"__type__":"cc.Size","width":304,"height":110},"_trs":{"__type__":"TypedArray","ctor":"Float64Array","array":[0,283,0,0,0,0,1,1,1,1]}},{"__type__":"cc.Node","_name":"font_title","_parent":{"__id__":4},"_components":[{"__type__":"41ebaVoPpRA4Kp67XEdHfZn","node":{"__id__":5},"_materials":[{"__uuid__":"ecpdLyjvZBwrvm+cedCcQy"}],"_string":"炮王进度","_N$string":"炮王进度","_fontSize":50,"_lineHeight":50,"_N$file":{"__uuid__":"farb0WbWZMgrGmuICOt0MU"},"_isSystemFontUsed":false,"i18n_string":"paojindu_layer_1_1"},{"__type__":"cc.LabelOutline","node":{"__id__":5},"_color":{"__type__":"cc.Color","r":117,"g":59,"b":23},"_width":5}],"_prefab":{"__type__":"cc.PrefabInfo","root":{"__id__":1},"asset":{"__uuid__":"2fSZNLXs5PIY49jqfkq4gk"},"fileId":"2fSeVxUPJBz54N/i6lvz7+"},"_contentSize":{"__type__":"cc.Size","width":210,"height":73},"_trs":{"__type__":"TypedArray","ctor":"Float64Array","array":[0,0,0,0,0,0,1,1,1,1]}},{"__type__":"cc.Node","_name":"bg_shang","_parent":{"__id__":3},"_components":[{"__type__":"cc.Sprite","node":{"__id__":6},"_materials":[{"__uuid__":"ecpdLyjvZBwrvm+cedCcQy"}],"_spriteFrame":{"__uuid__":"0cKUJWXVNEw6HHsfaAIFET"}}],"_prefab":{"__type__":"cc.PrefabInfo","root":{"__id__":1},"asset":{"__uuid__":"2fSZNLXs5PIY49jqfkq4gk"},"fileId":"8czSSM4vhI7ZW2ZZ2fUAz8"},"_contentSize":{"__type__":"cc.Size","width":600,"height":356},"_trs":{"__type__":"TypedArray","ctor":"Float64Array","array":[0,18,0,0,0,0,1,1,1,1]}},{"__type__":"cc.Node","_name":"label1","_parent":{"__id__":3},"_active":false,"_components":[{"__type__":"41ebaVoPpRA4Kp67XEdHfZn","node":{"__id__":7},"_materials":[{"__uuid__":"ecpdLyjvZBwrvm+cedCcQy"}],"_string":"解锁炮塔，观看广告，完成人物，登录，领取红包均可增加进度","_N$string":"解锁炮塔，观看广告，完成人物，登录，领取红包均可增加进度","_lineHeight":53,"_N$file":{"__uuid__":"farb0WbWZMgrGmuICOt0MU"},"_isSystemFontUsed":false,"_N$horizontalAlign":1,"_N$verticalAlign":1,"_N$overflow":3}],"_prefab":{"__type__":"cc.PrefabInfo","root":{"__id__":1},"asset":{"__uuid__":"2fSZNLXs5PIY49jqfkq4gk"},"fileId":"28GrVA9hRBr7f0rKx/jbnH"},"_color":{"__type__":"cc.Color","r":120,"g":50,"b":22},"_contentSize":{"__type__":"cc.Size","width":508,"height":172.78},"_trs":{"__type__":"TypedArray","ctor":"Float64Array","array":[0,84,0,0,0,0,1,1,1,1]}},{"__type__":"cc.Node","_name":"label2","_parent":{"__id__":3},"_components":[{"__type__":"41ebaVoPpRA4Kp67XEdHfZn","node":{"__id__":8},"_materials":[{"__uuid__":"ecpdLyjvZBwrvm+cedCcQy"}],"_string":"登录3天，即可加速10%进度","_N$string":"登录3天，即可加速10%进度","_lineHeight":50,"_N$file":{"__uuid__":"farb0WbWZMgrGmuICOt0MU"},"_isSystemFontUsed":false,"_N$horizontalAlign":1,"_N$verticalAlign":1,"_N$overflow":3,"i18n_string":"paojindu_layer_1_3"}],"_prefab":{"__type__":"cc.PrefabInfo","root":{"__id__":1},"asset":{"__uuid__":"2fSZNLXs5PIY49jqfkq4gk"},"fileId":"5aCygE77lGr7SODvU1OOR/"},"_color":{"__type__":"cc.Color","r":120,"g":50,"b":22},"_contentSize":{"__type__":"cc.Size","width":546,"height":63},"_trs":{"__type__":"TypedArray","ctor":"Float64Array","array":[-6,57,0,0,0,0,1,1,1,1]}},{"__type__":"cc.Node","_name":"label3","_parent":{"__id__":3},"_components":[{"__type__":"41ebaVoPpRA4Kp67XEdHfZn","node":{"__id__":9},"_materials":[{"__uuid__":"ecpdLyjvZBwrvm+cedCcQy"}],"_string":"每个玩家限量获取1次","_N$string":"每个玩家限量获取1次","_fontSize":30,"_lineHeight":30,"_N$file":{"__uuid__":"farb0WbWZMgrGmuICOt0MU"},"_isSystemFontUsed":false,"_N$horizontalAlign":1,"_N$verticalAlign":1,"_N$overflow":1,"i18n_string":"paojindu_layer_1_4"}],"_prefab":{"__type__":"cc.PrefabInfo","root":{"__id__":1},"asset":{"__uuid__":"2fSZNLXs5PIY49jqfkq4gk"},"fileId":"fdAihug5FFerfxn/UDSpc6"},"_color":{"__type__":"cc.Color","r":252,"g":50,"b":37},"_contentSize":{"__type__":"cc.Size","width":432.42,"height":53.8},"_trs":{"__type__":"TypedArray","ctor":"Float64Array","array":[2,-68,0,0,0,0,1,1,1,1]}},{"__type__":"cc.Node","_name":"label4","_parent":{"__id__":3},"_active":false,"_components":[{"__type__":"41ebaVoPpRA4Kp67XEdHfZn","node":{"__id__":10},"_materials":[{"__uuid__":"ecpdLyjvZBwrvm+cedCcQy"}],"_string":"最快7天可累计满","_N$string":"最快7天可累计满","_fontSize":30,"_lineHeight":30,"_N$file":{"__uuid__":"farb0WbWZMgrGmuICOt0MU"},"_isSystemFontUsed":false,"_N$horizontalAlign":1,"_N$verticalAlign":1,"_N$overflow":1,"i18n_string":"paojindu_layer_2_1"}],"_prefab":{"__type__":"cc.PrefabInfo","root":{"__id__":1},"asset":{"__uuid__":"2fSZNLXs5PIY49jqfkq4gk"},"fileId":"094Xz8oexJrIn5YX3q+VKe"},"_color":{"__type__":"cc.Color","r":252,"g":50,"b":37},"_contentSize":{"__type__":"cc.Size","width":442.52,"height":51.8},"_trs":{"__type__":"TypedArray","ctor":"Float64Array","array":[2,-68,0,0,0,0,1,1,1,1]}},{"__type__":"cc.Node","_name":"ic_guanbi2","_parent":{"__id__":3},"_components":[{"__type__":"cc.Sprite","node":{"__id__":11},"_materials":[{"__uuid__":"ecpdLyjvZBwrvm+cedCcQy"}],"_spriteFrame":{"__uuid__":"5c4o7no3NMH7pZupb0latf"}},{"__type__":"cc.Button","node":{"__id__":11},"_normalMaterial":{"__uuid__":"ecpdLyjvZBwrvm+cedCcQy"},"zoomScale":0.9,"_N$transition":3,"transition":3}],"_prefab":{"__type__":"cc.PrefabInfo","root":{"__id__":1},"asset":{"__uuid__":"2fSZNLXs5PIY49jqfkq4gk"},"fileId":"73xhrV5dFI47usHQb0bWMA"},"_contentSize":{"__type__":"cc.Size","width":84,"height":84},"_trs":{"__type__":"TypedArray","ctor":"Float64Array","array":[287,274,0,0,0,0,1,1,1,1]}},{"__type__":"cc.Node","_name":"ic_paowangjindu","_parent":{"__id__":3},"_active":false,"_components":[{"__type__":"cc.Sprite","node":{"__id__":12},"_materials":[{"__uuid__":"ecpdLyjvZBwrvm+cedCcQy"}],"_spriteFrame":{"__uuid__":"a6BFG7tq5Hb4zJyG0xa+z+"}}],"_prefab":{"__type__":"cc.PrefabInfo","root":{"__id__":1},"asset":{"__uuid__":"2fSZNLXs5PIY49jqfkq4gk"},"fileId":"f3JTaQ5MlC2JDMGSYmWY1K"},"_contentSize":{"__type__":"cc.Size","width":396,"height":210},"_trs":{"__type__":"TypedArray","ctor":"Float64Array","array":[0,12,0,0,0,0,1,1.4,1.4,1]}},{"__type__":"cc.Node","_name":"btn_baifenbi","_parent":{"__id__":3},"_children":[{"__id__":14}],"_active":false,"_components":[{"__type__":"cc.Sprite","node":{"__id__":13},"_materials":[{"__uuid__":"ecpdLyjvZBwrvm+cedCcQy"}],"_spriteFrame":{"__uuid__":"72vssc8EtLjbZBs4KWL+8I"}},{"__type__":"cc.Button","node":{"__id__":13},"_normalMaterial":{"__uuid__":"ecpdLyjvZBwrvm+cedCcQy"},"zoomScale":0.9,"_N$transition":3,"transition":3}],"_prefab":{"__type__":"cc.PrefabInfo","root":{"__id__":1},"asset":{"__uuid__":"2fSZNLXs5PIY49jqfkq4gk"},"fileId":"a4zRDpQr1GfaBxK4BHFwnU"},"_contentSize":{"__type__":"cc.Size","width":230,"height":80},"_trs":{"__type__":"TypedArray","ctor":"Float64Array","array":[150,-227,0,0,0,0,1,1,1,1]}},{"__type__":"cc.Node","_name":"btn_baifenbibal","_parent":{"__id__":13},"_components":[{"__type__":"cc.Label","node":{"__id__":14},"_materials":[{"__uuid__":"ecpdLyjvZBwrvm+cedCcQy"}],"_useOriginalSize":false,"_string":"+10%","_N$string":"+10%","_fontSize":30,"_lineHeight":30,"_N$file":{"__uuid__":"farb0WbWZMgrGmuICOt0MU"},"_isSystemFontUsed":false,"_N$horizontalAlign":1,"_N$verticalAlign":1},{"__type__":"cc.LabelOutline","node":{"__id__":14},"_color":{"__type__":"cc.Color","r":49,"g":26,"b":10},"_width":2}],"_prefab":{"__type__":"cc.PrefabInfo","root":{"__id__":1},"asset":{"__uuid__":"2fSZNLXs5PIY49jqfkq4gk"},"fileId":"47R3h9WnFLvKNKDGULqBNm"},"_contentSize":{"__type__":"cc.Size","width":84.74,"height":41.8},"_trs":{"__type__":"TypedArray","ctor":"Float64Array","array":[0,2,0,0,0,0,1,1,1,1]}},{"__type__":"cc.Node","_name":"btn_zdl","_parent":{"__id__":3},"_children":[{"__id__":16}],"_active":false,"_components":[{"__type__":"cc.Sprite","node":{"__id__":15},"_materials":[{"__uuid__":"ecpdLyjvZBwrvm+cedCcQy"}],"_spriteFrame":{"__uuid__":"06QTtYsaBMJqfLEyz7va+g"}},{"__type__":"cc.Button","node":{"__id__":15},"_normalMaterial":{"__uuid__":"ecpdLyjvZBwrvm+cedCcQy"},"zoomScale":0.9,"_N$transition":3,"transition":3}],"_prefab":{"__type__":"cc.PrefabInfo","root":{"__id__":1},"asset":{"__uuid__":"2fSZNLXs5PIY49jqfkq4gk"},"fileId":"840+9T6KFCUr0WplC1FIgj"},"_contentSize":{"__type__":"cc.Size","width":230,"height":80},"_trs":{"__type__":"TypedArray","ctor":"Float64Array","array":[-139,-227,0,0,0,0,1,1,1,1]}},{"__type__":"cc.Node","_name":"btn_zdlbal","_parent":{"__id__":15},"_components":[{"__type__":"41ebaVoPpRA4Kp67XEdHfZn","node":{"__id__":16},"_materials":[{"__uuid__":"ecpdLyjvZBwrvm+cedCcQy"}],"_string":"我知道了","_N$string":"我知道了","_fontSize":30,"_lineHeight":30,"_N$file":{"__uuid__":"farb0WbWZMgrGmuICOt0MU"},"_isSystemFontUsed":false,"_N$horizontalAlign":1,"_N$verticalAlign":1,"i18n_string":"paojindu_layer_1_5"},{"__type__":"cc.LabelOutline","node":{"__id__":16},"_color":{"__type__":"cc.Color","r":49,"g":26,"b":10},"_width":2}],"_prefab":{"__type__":"cc.PrefabInfo","root":{"__id__":1},"asset":{"__uuid__":"2fSZNLXs5PIY49jqfkq4gk"},"fileId":"8deY4tMgFGhYNWdI79ih0h"},"_contentSize":{"__type__":"cc.Size","width":124,"height":41.8},"_trs":{"__type__":"TypedArray","ctor":"Float64Array","array":[0,2,0,0,0,0,1,1,1,1]}},{"__type__":"cc.Node","_name":"btn_select","_parent":{"__id__":3},"_children":[{"__id__":18}],"_components":[{"__type__":"cc.Sprite","node":{"__id__":17},"_materials":[{"__uuid__":"ecpdLyjvZBwrvm+cedCcQy"}],"_spriteFrame":{"__uuid__":"72vssc8EtLjbZBs4KWL+8I"}},{"__type__":"cc.Button","node":{"__id__":17},"zoomScale":0.9,"_N$transition":3,"transition":3}],"_prefab":{"__type__":"cc.PrefabInfo","root":{"__id__":1},"asset":{"__uuid__":"2fSZNLXs5PIY49jqfkq4gk"},"fileId":"3cex2ng9JOv5jy0Xv4kDq+"},"_contentSize":{"__type__":"cc.Size","width":230,"height":80},"_trs":{"__type__":"TypedArray","ctor":"Float64Array","array":[0,-227,0,0,0,0,1,1,1,1]}},{"__type__":"cc.Node","_name":"btn_selectbal","_parent":{"__id__":17},"_components":[{"__type__":"41ebaVoPpRA4Kp67XEdHfZn","node":{"__id__":18},"_materials":[{"__uuid__":"ecpdLyjvZBwrvm+cedCcQy"}],"_string":"查看进度来源","_N$string":"查看进度来源","_fontSize":30,"_lineHeight":30,"_N$file":{"__uuid__":"farb0WbWZMgrGmuICOt0MU"},"_isSystemFontUsed":false,"_N$horizontalAlign":1,"_N$verticalAlign":1,"_N$overflow":1,"i18n_string":"paojindu_layer_1_6"},{"__type__":"cc.LabelOutline","node":{"__id__":18},"_color":{"__type__":"cc.Color","r":49,"g":26,"b":10},"_width":2}],"_prefab":{"__type__":"cc.PrefabInfo","root":{"__id__":1},"asset":{"__uuid__":"2fSZNLXs5PIY49jqfkq4gk"},"fileId":"fcvbrlEeVHdbNCmwdlU8ev"},"_contentSize":{"__type__":"cc.Size","width":206.97,"height":41.8},"_trs":{"__type__":"TypedArray","ctor":"Float64Array","array":[0,2,0,0,0,0,1,1,1,1]}}],{"__type__":"cc.SpriteFrame","content":{"name":"ic_guanbi2","texture":"02krqH8i1AdZB/lC2WegR2","rect":[789,371,84,84],"offset":[0,0],"originalSize":[84,84],"capInsets":[0,0,0,0]}},{"__type__":"cc.SpriteFrame","content":{"name":"btn_anniu","texture":"1bGMIb4PFCPLdSEzxrUZ4h","rect":[539,228,230,80],"offset":[0,0],"originalSize":[230,80],"capInsets":[27,22,26,21]}},{"__type__":"cc.SpriteFrame","content":{"name":"default_sprite_splash","texture":"02delMVqdBD70a/HSD99FK","rect":[0,0,2,2],"offset":[0,0],"originalSize":[2,2],"capInsets":[0,0,0,0]}},{"__type__":"cc.SpriteFrame","content":{"name":"ic_paowangjindu","texture":"46vbQ71k5EOYqDgGpwZN/X","rect":[37,26,396,210],"offset":[-15,19],"originalSize":[500,300],"capInsets":[0,0,0,0]}},{"__type__":"cc.SpriteFrame","content":{"name":"img_title","texture":"36otX/aM1E4Zo+o68pRLtJ","rect":[1,1,304,110],"offset":[0,0],"originalSize":[304,110],"capInsets":[0,0,0,0]}}]