[{"__type__":"cc.SpriteFrame","content":{"name":"bg_shang","texture":"d4ZUKktepNW6SuDUf2dDAT","rect":[0,0,600,356],"offset":[0,1],"originalSize":[600,358],"capInsets":[234,104,188,146]}},{"__type__":"cc.SpriteFrame","content":{"name":"bg_xiao","texture":"c6ZGjV9tNKqbnxaBNcj5DE","rect":[0,0,657,640],"offset":[-0.5,0],"originalSize":[658,640],"capInsets":[0,0,0,0]}},{"__type__":"cc.SpriteFrame","content":{"name":"ic_guanbi2","texture":"02krqH8i1AdZB/lC2WegR2","rect":[789,371,84,84],"offset":[0,0],"originalSize":[84,84],"capInsets":[0,0,0,0]}},{"__type__":"cc.SpriteFrame","content":{"name":"pic_pao","texture":"1bGMIb4PFCPLdSEzxrUZ4h","rect":[307,310,46,46],"offset":[0,0],"originalSize":[46,46],"capInsets":[0,0,0,0]}},{"__type__":"cc.SpriteFrame","content":{"name":"pic_shipin","texture":"1bGMIb4PFCPLdSEzxrUZ4h","rect":[891,234,40,40],"offset":[0,0],"originalSize":[40,40],"capInsets":[0,0,0,0]}},{"__type__":"cc.SpriteFrame","content":{"name":"btn_anniu","texture":"1bGMIb4PFCPLdSEzxrUZ4h","rect":[539,228,230,80],"offset":[0,0],"originalSize":[230,80],"capInsets":[27,22,26,21]}},{"__type__":"cc.SpriteFrame","content":{"name":"20pao","texture":"1bGMIb4PFCPLdSEzxrUZ4h","rect":[1,4,250,250],"offset":[0,0],"originalSize":[250,250],"capInsets":[0,0,0,0]}},{"__type__":"cc.SpriteFrame","content":{"name":"default_sprite_splash","texture":"02delMVqdBD70a/HSD99FK","rect":[0,0,2,2],"offset":[0,0],"originalSize":[2,2],"capInsets":[0,0,0,0]}},[{"__type__":"cc.Prefab","_name":"getpao_layer","data":{"__id__":1}},{"__type__":"cc.Node","_name":"getpao_layer","_children":[{"__id__":2},{"__id__":3}],"_components":[{"__type__":"cc.Widget","node":{"__id__":1},"_alignFlags":45},{"__type__":"fb600ha3XpBkLsVFFBvp+8j","node":{"__id__":1}}],"_prefab":{"__type__":"cc.PrefabInfo","root":{"__id__":1},"asset":{"__uuid__":"aaImauQvlI+q2dTwUGCwOH"},"fileId":"a9WkU0GE9GMr9LQ6DaDtj0"},"_contentSize":{"__type__":"cc.Size","width":750,"height":1334},"_trs":{"__type__":"TypedArray","ctor":"Float64Array","array":[375,667,0,0,0,0,1,1,1,1]}},{"__type__":"cc.Node","_name":"mask","_parent":{"__id__":1},"_components":[{"__type__":"cc.Sprite","node":{"__id__":2},"_materials":[{"__uuid__":"ecpdLyjvZBwrvm+cedCcQy"}],"_spriteFrame":{"__uuid__":"a2MjXRFdtLlYQ5ouAFv/+R"},"_sizeMode":0},{"__type__":"cc.Widget","node":{"__id__":2},"_alignFlags":45,"_originalWidth":40,"_originalHeight":36},{"__type__":"cc.BlockInputEvents","node":{"__id__":2}}],"_prefab":{"__type__":"cc.PrefabInfo","root":{"__id__":1},"asset":{"__uuid__":"aaImauQvlI+q2dTwUGCwOH"},"fileId":"62yjEfdidNfYbds9IU130I"},"_opacity":130,"_color":{"__type__":"cc.Color"},"_contentSize":{"__type__":"cc.Size","width":750,"height":1334},"_trs":{"__type__":"TypedArray","ctor":"Float64Array","array":[0,0,0,0,0,0,1,1,1,1]}},{"__type__":"cc.Node","_name":"bgNode","_parent":{"__id__":1},"_children":[{"__id__":4},{"__id__":6},{"__id__":7},{"__id__":8},{"__id__":11},{"__id__":14},{"__id__":16}],"_components":[{"__type__":"cc.Sprite","node":{"__id__":3},"_materials":[{"__uuid__":"ecpdLyjvZBwrvm+cedCcQy"}],"_spriteFrame":{"__uuid__":"1diSJI4F1EnIfhjsBkEDQ1"}}],"_prefab":{"__type__":"cc.PrefabInfo","root":{"__id__":1},"asset":{"__uuid__":"aaImauQvlI+q2dTwUGCwOH"},"fileId":"afh7v2tQJKab61uynfMHTW"},"_contentSize":{"__type__":"cc.Size","width":657,"height":640},"_trs":{"__type__":"TypedArray","ctor":"Float64Array","array":[0,25,0,0,0,0,1,1,1,1]}},{"__type__":"cc.Node","_name":"pic_huodepaotai","_parent":{"__id__":3},"_children":[{"__id__":5}],"_components":[{"__type__":"cc.Sprite","node":{"__id__":4},"_materials":[{"__uuid__":"ecpdLyjvZBwrvm+cedCcQy"}],"_spriteFrame":{"__uuid__":"cdEvF//9tDQ7A6VuL1Xfzj"}}],"_prefab":{"__type__":"cc.PrefabInfo","root":{"__id__":1},"asset":{"__uuid__":"aaImauQvlI+q2dTwUGCwOH"},"fileId":"5a8m69i1tECq/2OolQhTrS"},"_contentSize":{"__type__":"cc.Size","width":304,"height":110},"_trs":{"__type__":"TypedArray","ctor":"Float64Array","array":[0,283,0,0,0,0,1,1,1,1]}},{"__type__":"cc.Node","_name":"font_title","_parent":{"__id__":4},"_components":[{"__type__":"41ebaVoPpRA4Kp67XEdHfZn","node":{"__id__":5},"_materials":[{"__uuid__":"ecpdLyjvZBwrvm+cedCcQy"}],"_string":"获得炮塔","_N$string":"获得炮塔","_fontSize":50,"_lineHeight":50,"_N$file":{"__uuid__":"farb0WbWZMgrGmuICOt0MU"},"_isSystemFontUsed":false,"i18n_string":"getpao_layer_1_1"},{"__type__":"cc.LabelOutline","node":{"__id__":5},"_color":{"__type__":"cc.Color","r":117,"g":59,"b":23},"_width":5}],"_prefab":{"__type__":"cc.PrefabInfo","root":{"__id__":1},"asset":{"__uuid__":"aaImauQvlI+q2dTwUGCwOH"},"fileId":"e3w+tcNwFGWLuMhd4nFcuu"},"_contentSize":{"__type__":"cc.Size","width":210,"height":73},"_trs":{"__type__":"TypedArray","ctor":"Float64Array","array":[0,0,0,0,0,0,1,1,1,1]}},{"__type__":"cc.Node","_name":"bg_shang","_parent":{"__id__":3},"_components":[{"__type__":"cc.Sprite","node":{"__id__":6},"_materials":[{"__uuid__":"ecpdLyjvZBwrvm+cedCcQy"}],"_spriteFrame":{"__uuid__":"0cKUJWXVNEw6HHsfaAIFET"}}],"_prefab":{"__type__":"cc.PrefabInfo","root":{"__id__":1},"asset":{"__uuid__":"aaImauQvlI+q2dTwUGCwOH"},"fileId":"bd9dmtXvxK4473kULi4fdy"},"_contentSize":{"__type__":"cc.Size","width":600,"height":356},"_trs":{"__type__":"TypedArray","ctor":"Float64Array","array":[0,18,0,0,0,0,1,1,1,1]}},{"__type__":"cc.Node","_name":"paoimg","_parent":{"__id__":3},"_components":[{"__type__":"cc.Sprite","node":{"__id__":7},"_materials":[{"__uuid__":"ecpdLyjvZBwrvm+cedCcQy"}],"_spriteFrame":{"__uuid__":"85Uqm2Fl1CE6bAk/XIhdbT"}}],"_prefab":{"__type__":"cc.PrefabInfo","root":{"__id__":1},"asset":{"__uuid__":"aaImauQvlI+q2dTwUGCwOH"},"fileId":"4fheITdodI6o1hdmggGqfL"},"_contentSize":{"__type__":"cc.Size","width":250,"height":250},"_trs":{"__type__":"TypedArray","ctor":"Float64Array","array":[-5,61,0,0,0,0,1,1,1,1]}},{"__type__":"cc.Node","_name":"sumLayout","_parent":{"__id__":3},"_children":[{"__id__":9},{"__id__":10}],"_components":[{"__type__":"cc.Layout","node":{"__id__":8},"_layoutSize":{"__type__":"cc.Size","width":111.89,"height":60},"_resize":1,"_N$layoutType":1,"_N$spacingX":15}],"_prefab":{"__type__":"cc.PrefabInfo","root":{"__id__":1},"asset":{"__uuid__":"aaImauQvlI+q2dTwUGCwOH"},"fileId":"1fjI7sJ69JbqotcY0hS5EX"},"_contentSize":{"__type__":"cc.Size","width":111.89,"height":60},"_trs":{"__type__":"TypedArray","ctor":"Float64Array","array":[-5,-108,0,0,0,0,1,1,1,1]}},{"__type__":"cc.Node","_name":"pic_pao","_parent":{"__id__":8},"_components":[{"__type__":"cc.Sprite","node":{"__id__":9},"_materials":[{"__uuid__":"ecpdLyjvZBwrvm+cedCcQy"}],"_spriteFrame":{"__uuid__":"60MeyJLKhFro0YbKvbjsMx"}}],"_prefab":{"__type__":"cc.PrefabInfo","root":{"__id__":1},"asset":{"__uuid__":"aaImauQvlI+q2dTwUGCwOH"},"fileId":"758W55MkRDR4p2grYgzJxU"},"_contentSize":{"__type__":"cc.Size","width":46,"height":46},"_trs":{"__type__":"TypedArray","ctor":"Float64Array","array":[-32.94499999999999,-2,0,0,0,0,1,1,1,1]}},{"__type__":"cc.Node","_name":"sumData","_parent":{"__id__":8},"_components":[{"__type__":"cc.Label","node":{"__id__":10},"_materials":[{"__uuid__":"ecpdLyjvZBwrvm+cedCcQy"}],"_useOriginalSize":false,"_string":"+20","_N$string":"+20","_fontSize":30,"_lineHeight":30,"_N$horizontalAlign":1,"_N$verticalAlign":1}],"_prefab":{"__type__":"cc.PrefabInfo","root":{"__id__":1},"asset":{"__uuid__":"aaImauQvlI+q2dTwUGCwOH"},"fileId":"e7hB1KtTVMe5FTaNHLZFqu"},"_color":{"__type__":"cc.Color","r":93,"g":44,"b":11},"_contentSize":{"__type__":"cc.Size","width":50.89,"height":37.8},"_trs":{"__type__":"TypedArray","ctor":"Float64Array","array":[30.500000000000007,0,0,0,0,0,1,1,1,1]}},{"__type__":"cc.Node","_name":"btn_anniu","_parent":{"__id__":3},"_children":[{"__id__":12},{"__id__":13}],"_components":[{"__type__":"cc.Sprite","node":{"__id__":11},"_materials":[{"__uuid__":"ecpdLyjvZBwrvm+cedCcQy"}],"_spriteFrame":{"__uuid__":"72vssc8EtLjbZBs4KWL+8I"},"_sizeMode":0},{"__type__":"cc.Button","node":{"__id__":11},"_normalMaterial":{"__uuid__":"ecpdLyjvZBwrvm+cedCcQy"},"zoomScale":0.9,"_N$transition":3,"transition":3},{"__type__":"cc.Layout","node":{"__id__":11},"_layoutSize":{"__type__":"cc.Size","width":234,"height":80},"_resize":1,"_N$layoutType":1,"_N$paddingLeft":35,"_N$paddingRight":35}],"_prefab":{"__type__":"cc.PrefabInfo","root":{"__id__":1},"asset":{"__uuid__":"aaImauQvlI+q2dTwUGCwOH"},"fileId":"76Pgc37wRH17kcIpQpFh2W"},"_contentSize":{"__type__":"cc.Size","width":234,"height":80},"_trs":{"__type__":"TypedArray","ctor":"Float64Array","array":[0,-227,0,0,0,0,1,1,1,1]}},{"__type__":"cc.Node","_name":"pic_shipin","_parent":{"__id__":11},"_components":[{"__type__":"cc.Sprite","node":{"__id__":12},"_materials":[{"__uuid__":"ecpdLyjvZBwrvm+cedCcQy"}],"_spriteFrame":{"__uuid__":"60b708aUFIEq/9zkd36Qih"}}],"_prefab":{"__type__":"cc.PrefabInfo","root":{"__id__":1},"asset":{"__uuid__":"aaImauQvlI+q2dTwUGCwOH"},"fileId":"92mMoKmihJfIl76D8o1WPt"},"_contentSize":{"__type__":"cc.Size","width":40,"height":40},"_trs":{"__type__":"TypedArray","ctor":"Float64Array","array":[-62,0,0,0,0,0,1,1,1,1]}},{"__type__":"cc.Node","_name":"btn_anniubal","_parent":{"__id__":11},"_components":[{"__type__":"41ebaVoPpRA4Kp67XEdHfZn","node":{"__id__":13},"_materials":[{"__uuid__":"ecpdLyjvZBwrvm+cedCcQy"}],"_string":"领取炮塔","_N$string":"领取炮塔","_fontSize":30,"_N$file":{"__uuid__":"farb0WbWZMgrGmuICOt0MU"},"_isSystemFontUsed":false,"_N$verticalAlign":1,"i18n_string":"getpao_layer_1_2"},{"__type__":"cc.LabelOutline","node":{"__id__":13},"_color":{"__type__":"cc.Color","r":49,"g":26,"b":10},"_width":2}],"_prefab":{"__type__":"cc.PrefabInfo","root":{"__id__":1},"asset":{"__uuid__":"aaImauQvlI+q2dTwUGCwOH"},"fileId":"e4TMqDC85CR4VK8z/nSLn8"},"_contentSize":{"__type__":"cc.Size","width":124,"height":54.4},"_trs":{"__type__":"TypedArray","ctor":"Float64Array","array":[20,2,0,0,0,0,1,1,1,1]}},{"__type__":"cc.Node","_name":"btn_anniu2","_parent":{"__id__":3},"_children":[{"__id__":15}],"_active":false,"_components":[{"__type__":"cc.Sprite","node":{"__id__":14},"_materials":[{"__uuid__":"ecpdLyjvZBwrvm+cedCcQy"}],"_spriteFrame":{"__uuid__":"72vssc8EtLjbZBs4KWL+8I"}},{"__type__":"cc.Button","node":{"__id__":14},"_normalMaterial":{"__uuid__":"ecpdLyjvZBwrvm+cedCcQy"},"zoomScale":0.9,"_N$transition":3,"transition":3}],"_prefab":{"__type__":"cc.PrefabInfo","root":{"__id__":1},"asset":{"__uuid__":"aaImauQvlI+q2dTwUGCwOH"},"fileId":"56zo+8jLRHhq9bKFG8PRsh"},"_contentSize":{"__type__":"cc.Size","width":230,"height":80},"_trs":{"__type__":"TypedArray","ctor":"Float64Array","array":[0,-227,0,0,0,0,1,1,1,1]}},{"__type__":"cc.Node","_name":"btn_anniubal2","_parent":{"__id__":14},"_components":[{"__type__":"41ebaVoPpRA4Kp67XEdHfZn","node":{"__id__":15},"_materials":[{"__uuid__":"ecpdLyjvZBwrvm+cedCcQy"}],"_string":"领取炮塔","_N$string":"领取炮塔","_fontSize":30,"_N$file":{"__uuid__":"farb0WbWZMgrGmuICOt0MU"},"_isSystemFontUsed":false,"_N$verticalAlign":1,"i18n_string":"getpao_layer_1_2"},{"__type__":"cc.LabelOutline","node":{"__id__":15},"_color":{"__type__":"cc.Color","r":49,"g":26,"b":10},"_width":2}],"_prefab":{"__type__":"cc.PrefabInfo","root":{"__id__":1},"asset":{"__uuid__":"aaImauQvlI+q2dTwUGCwOH"},"fileId":"599H0OCAhLdqg227u2MpjI"},"_contentSize":{"__type__":"cc.Size","width":124,"height":54.4},"_trs":{"__type__":"TypedArray","ctor":"Float64Array","array":[0,2,0,0,0,0,1,1,1,1]}},{"__type__":"cc.Node","_name":"ic_guanbi2","_parent":{"__id__":3},"_components":[{"__type__":"cc.Sprite","node":{"__id__":16},"_materials":[{"__uuid__":"ecpdLyjvZBwrvm+cedCcQy"}],"_spriteFrame":{"__uuid__":"5c4o7no3NMH7pZupb0latf"}},{"__type__":"cc.Button","node":{"__id__":16},"_normalMaterial":{"__uuid__":"ecpdLyjvZBwrvm+cedCcQy"},"zoomScale":0.9,"_N$transition":3,"transition":3}],"_prefab":{"__type__":"cc.PrefabInfo","root":{"__id__":1},"asset":{"__uuid__":"aaImauQvlI+q2dTwUGCwOH"},"fileId":"9dYu+dLZZOKYZNqh1u346j"},"_contentSize":{"__type__":"cc.Size","width":84,"height":84},"_trs":{"__type__":"TypedArray","ctor":"Float64Array","array":[287,274,0,0,0,0,1,1,1,1]}}],{"__type__":"cc.SpriteFrame","content":{"name":"img_title","texture":"36otX/aM1E4Zo+o68pRLtJ","rect":[1,1,304,110],"offset":[0,0],"originalSize":[304,110],"capInsets":[0,0,0,0]}}]