[{"__type__":"cc.SpriteFrame","content":{"name":"pic_qiandaoriqi","texture":"90336MbvlPP5QPSiMSWXYo","rect":[359,348,88,38],"offset":[0,0],"originalSize":[88,38],"capInsets":[20,10,50,20]}},{"__type__":"cc.SpriteFrame","content":{"name":"weixin","texture":"90336MbvlPP5QPSiMSWXYo","rect":[357,310,90,36],"offset":[0,0],"originalSize":[90,36],"capInsets":[0,0,0,0]}},{"__type__":"cc.SpriteFrame","content":{"name":"pic_duihao","texture":"90336MbvlPP5QPSiMSWXYo","rect":[539,152,28,24],"offset":[0,0],"originalSize":[28,24],"capInsets":[0,0,0,0]}},[{"__type__":"cc.Prefab","_name":"item_tixian","data":{"__id__":1}},{"__type__":"cc.Node","_name":"item_tixian","_children":[{"__id__":2}],"_components":[{"__type__":"142ed87LQ5E5q9W2tD8whCL","node":{"__id__":1}}],"_prefab":{"__type__":"cc.PrefabInfo","root":{"__id__":1},"asset":{"__uuid__":"88AIq37apEbLf6vzWibZYa"},"fileId":"acN4Wvrc1KS4yOO67iAryC"},"_contentSize":{"__type__":"cc.Size","width":168,"height":66},"_trs":{"__type__":"TypedArray","ctor":"Float64Array","array":[-181,0,0,0,0,0,1,1,1,1]}},{"__type__":"cc.Node","_name":"toggle_node","_parent":{"__id__":1},"_children":[{"__id__":3},{"__id__":4},{"__id__":7},{"__id__":8},{"__id__":9},{"__id__":11}],"_components":[{"__type__":"cc.Toggle","node":{"__id__":2},"_N$target":{"__id__":3},"_N$isChecked":false,"checkMark":{"__id__":6}}],"_prefab":{"__type__":"cc.PrefabInfo","root":{"__id__":1},"asset":{"__uuid__":"88AIq37apEbLf6vzWibZYa"},"fileId":"0bDVXHBpdBX7wvPDvENPdk"},"_contentSize":{"__type__":"cc.Size","width":168,"height":66},"_trs":{"__type__":"TypedArray","ctor":"Float64Array","array":[0,0,0,0,0,0,1,1,1,1]}},{"__type__":"cc.Node","_name":"Background","_parent":{"__id__":2},"_components":[{"__type__":"cc.Sprite","node":{"__id__":3},"_materials":[{"__uuid__":"ecpdLyjvZBwrvm+cedCcQy"}],"_spriteFrame":{"__uuid__":"9fJVy3bQFOq5HFp1zG5RSV"},"_type":1,"_sizeMode":0,"_isTrimmedMode":false}],"_prefab":{"__type__":"cc.PrefabInfo","root":{"__id__":1},"asset":{"__uuid__":"88AIq37apEbLf6vzWibZYa"},"fileId":"8a36y6BdhFTaWJFoNlieVs"},"_contentSize":{"__type__":"cc.Size","width":168,"height":66},"_trs":{"__type__":"TypedArray","ctor":"Float64Array","array":[0,0,0,0,0,0,1,1,1,1]}},{"__type__":"cc.Node","_name":"checkmark","_parent":{"__id__":2},"_children":[{"__id__":5}],"_active":false,"_components":[{"__id__":6}],"_prefab":{"__type__":"cc.PrefabInfo","root":{"__id__":1},"asset":{"__uuid__":"88AIq37apEbLf6vzWibZYa"},"fileId":"fbbPWkTPBAu4g7Dv4ihTAI"},"_contentSize":{"__type__":"cc.Size","width":166,"height":62},"_trs":{"__type__":"TypedArray","ctor":"Float64Array","array":[0,1,0,0,0,0,1,1,1,1]}},{"__type__":"cc.Node","_name":"pic_duihao","_parent":{"__id__":4},"_components":[{"__type__":"cc.Sprite","node":{"__id__":5},"_materials":[{"__uuid__":"ecpdLyjvZBwrvm+cedCcQy"}],"_spriteFrame":{"__uuid__":"6fWzCheOdPuogJlES3duys"}}],"_prefab":{"__type__":"cc.PrefabInfo","root":{"__id__":1},"asset":{"__uuid__":"88AIq37apEbLf6vzWibZYa"},"fileId":"77dzc45etFtpX3XLXyn+E+"},"_contentSize":{"__type__":"cc.Size","width":28,"height":24},"_trs":{"__type__":"TypedArray","ctor":"Float64Array","array":[63,18,0,0,0,0,1,1,1,1]}},{"__type__":"cc.Sprite","node":{"__id__":4},"_materials":[{"__uuid__":"ecpdLyjvZBwrvm+cedCcQy"}],"_spriteFrame":{"__uuid__":"a5OPtgk8BNi5JKw9cBaoBp"},"_sizeMode":0,"_isTrimmedMode":false},{"__type__":"cc.Node","_name":"weixin","_parent":{"__id__":2},"_active":false,"_components":[{"__type__":"cc.Sprite","node":{"__id__":7},"_materials":[{"__uuid__":"ecpdLyjvZBwrvm+cedCcQy"}],"_spriteFrame":{"__uuid__":"2fr314pmxGH6zEgdC1woUf"}}],"_prefab":{"__type__":"cc.PrefabInfo","root":{"__id__":1},"asset":{"__uuid__":"88AIq37apEbLf6vzWibZYa"},"fileId":"adWqHBOhVEWpjpxVBvGZU3"},"_contentSize":{"__type__":"cc.Size","width":90,"height":36},"_trs":{"__type__":"TypedArray","ctor":"Float64Array","array":[27.273,3,0,0,0,0,1,1.1,1.1,1.1]}},{"__type__":"cc.Node","_name":"sumData","_parent":{"__id__":2},"_active":false,"_components":[{"__type__":"cc.Label","node":{"__id__":8},"_materials":[{"__uuid__":"ecpdLyjvZBwrvm+cedCcQy"}],"_useOriginalSize":false,"_string":"0.3元","_N$string":"0.3元","_fontSize":30,"_lineHeight":30,"_N$horizontalAlign":1,"_N$verticalAlign":1}],"_prefab":{"__type__":"cc.PrefabInfo","root":{"__id__":1},"asset":{"__uuid__":"88AIq37apEbLf6vzWibZYa"},"fileId":"ccrzsKMnFJT4mG1uULqt3w"},"_contentSize":{"__type__":"cc.Size","width":71.7,"height":37.8},"_trs":{"__type__":"TypedArray","ctor":"Float64Array","array":[0,0,0,0,0,0,1,1,1,1]}},{"__type__":"cc.Node","_name":"pic_xinrenxiang","_parent":{"__id__":2},"_children":[{"__id__":10}],"_active":false,"_components":[{"__type__":"cc.Sprite","node":{"__id__":9},"_materials":[{"__uuid__":"ecpdLyjvZBwrvm+cedCcQy"}],"_spriteFrame":{"__uuid__":"bcXJ0AqyRDRZ0D7ahIRdQ/"},"_sizeMode":0},{"__type__":"cc.Layout","node":{"__id__":9},"_layoutSize":{"__type__":"cc.Size","width":84,"height":38},"_resize":1,"_N$layoutType":1,"_N$paddingLeft":10,"_N$paddingRight":10}],"_prefab":{"__type__":"cc.PrefabInfo","root":{"__id__":1},"asset":{"__uuid__":"88AIq37apEbLf6vzWibZYa"},"fileId":"5enjhZIclDz7D7tNz9bukl"},"_contentSize":{"__type__":"cc.Size","width":84,"height":38},"_trs":{"__type__":"TypedArray","ctor":"Float64Array","array":[5,40,0,0,0,0,1,1,1,1]}},{"__type__":"cc.Node","_name":"font_xinren","_parent":{"__id__":9},"_components":[{"__type__":"41ebaVoPpRA4Kp67XEdHfZn","node":{"__id__":10},"_materials":[{"__uuid__":"ecpdLyjvZBwrvm+cedCcQy"}],"_string":"新人专享","_N$string":"新人专享","_fontSize":16,"_lineHeight":16,"_N$horizontalAlign":1,"_N$verticalAlign":1,"i18n_string":"item_tixian_1_2"}],"_prefab":{"__type__":"cc.PrefabInfo","root":{"__id__":1},"asset":{"__uuid__":"88AIq37apEbLf6vzWibZYa"},"fileId":"b4eqo0OYRIM4mV6aDupd8q"},"_contentSize":{"__type__":"cc.Size","width":64,"height":20.16},"_trs":{"__type__":"TypedArray","ctor":"Float64Array","array":[0,4,0,0,0,0,1,1,1,1]}},{"__type__":"cc.Node","_name":"pic_qiandaoriqi","_parent":{"__id__":2},"_children":[{"__id__":12}],"_active":false,"_components":[{"__type__":"cc.Sprite","node":{"__id__":11},"_materials":[{"__uuid__":"ecpdLyjvZBwrvm+cedCcQy"}],"_spriteFrame":{"__uuid__":"034R6DKPdD05EBHij8A9zk"},"_type":1,"_sizeMode":0},{"__type__":"0405bnqvk5HFJtHRKXoK7qn","node":{"__id__":11},"weixin":{"__id__":7},"pic_xinrenxiang":{"__id__":9},"pic_qiandaoriqi":{"__id__":11}},{"__type__":"cc.Layout","node":{"__id__":11},"_layoutSize":{"__type__":"cc.Size","width":85.8,"height":38},"_resize":1,"_N$layoutType":1,"_N$paddingLeft":10,"_N$paddingRight":10}],"_prefab":{"__type__":"cc.PrefabInfo","root":{"__id__":1},"asset":{"__uuid__":"88AIq37apEbLf6vzWibZYa"},"fileId":"7f7xPVZ2lJargPMKvFUuuf"},"_contentSize":{"__type__":"cc.Size","width":85.8,"height":38},"_trs":{"__type__":"TypedArray","ctor":"Float64Array","array":[5,40,0,0,0,0,1,1,1,1]}},{"__type__":"cc.Node","_name":"font_15_tian","_parent":{"__id__":11},"_components":[{"__type__":"41ebaVoPpRA4Kp67XEdHfZn","node":{"__id__":12},"_materials":[{"__uuid__":"ecpdLyjvZBwrvm+cedCcQy"}],"_string":"签到15天","_N$string":"签到15天","_fontSize":16,"_lineHeight":16,"_N$horizontalAlign":1,"_N$verticalAlign":1,"i18n_string":"item_tixian_1_3"}],"_prefab":{"__type__":"cc.PrefabInfo","root":{"__id__":1},"asset":{"__uuid__":"88AIq37apEbLf6vzWibZYa"},"fileId":"25+iCBQx9DP7xdam0G8CBP"},"_contentSize":{"__type__":"cc.Size","width":65.8,"height":20.16},"_trs":{"__type__":"TypedArray","ctor":"Float64Array","array":[0,4,0,0,0,0,1,1,1,1]}}],{"__type__":"cc.SpriteFrame","content":{"name":"btn_weidianji","texture":"90336MbvlPP5QPSiMSWXYo","rect":[307,178,170,68],"offset":[0,0],"originalSize":[170,68],"capInsets":[81,0,81,0]}},{"__type__":"cc.SpriteFrame","content":{"name":"btn_dianji","texture":"90336MbvlPP5QPSiMSWXYo","rect":[307,248,164,60],"offset":[0,0],"originalSize":[164,60],"capInsets":[0,0,0,0]}},{"__type__":"cc.SpriteFrame","content":{"name":"pic_xinrenxiang","texture":"90336MbvlPP5QPSiMSWXYo","rect":[449,334,88,38],"offset":[0,0],"originalSize":[88,38],"capInsets":[20,10,50,20]}}]