[[{"__type__":"cc.Prefab","_name":"tipsItem","data":{"__id__":1}},{"__type__":"cc.Node","_name":"tipsItem","_children":[{"__id__":2}],"_components":[{"__type__":"3d560zbGIBFQLCIMpgcFG3L","node":{"__id__":1},"tipLabel":{"__id__":4}}],"_prefab":{"__type__":"cc.PrefabInfo","root":{"__id__":1},"asset":{"__uuid__":"dbWoW9jTRBr57IUtBs9BPB"},"fileId":"39XopAg49HiLgghsRRxVb6"},"_trs":{"__type__":"TypedArray","ctor":"Float64Array","array":[0,0,0,0,0,0,1,1,1,1]}},{"__type__":"cc.Node","_name":"TipsBg","_parent":{"__id__":1},"_children":[{"__id__":3}],"_components":[{"__type__":"cc.Sprite","node":{"__id__":2},"_materials":[{"__uuid__":"ecpdLyjvZBwrvm+cedCcQy"}],"_spriteFrame":{"__uuid__":"e6E42GNkFBr5azsZfgDUjA"},"_type":1,"_sizeMode":0},{"__type__":"cc.Layout","node":{"__id__":2},"_layoutSize":{"__type__":"cc.Size","width":40,"height":76.7},"_resize":1,"_N$paddingLeft":20,"_N$paddingRight":20,"_N$paddingTop":10,"_N$paddingBottom":10}],"_prefab":{"__type__":"cc.PrefabInfo","root":{"__id__":1},"asset":{"__uuid__":"dbWoW9jTRBr57IUtBs9BPB"},"fileId":"6b3ghiE7dOAaKuG2l8W15r"},"_contentSize":{"__type__":"cc.Size","width":40,"height":76.7},"_trs":{"__type__":"TypedArray","ctor":"Float64Array","array":[0,0,0,0,0,0,1,1,1,1]}},{"__type__":"cc.Node","_name":"Label","_parent":{"__id__":2},"_components":[{"__id__":4}],"_prefab":{"__type__":"cc.PrefabInfo","root":{"__id__":1},"asset":{"__uuid__":"dbWoW9jTRBr57IUtBs9BPB"},"fileId":"26cPLELx1FzqzZqmSLhiyQ"},"_contentSize":{"__type__":"cc.Size","height":56.7},"_trs":{"__type__":"TypedArray","ctor":"Float64Array","array":[0,0,0,0,0,0,1,1,1,1]}},{"__type__":"cc.Label","node":{"__id__":3},"_materials":[{"__uuid__":"ecpdLyjvZBwrvm+cedCcQy"}],"_useOriginalSize":false,"_fontSize":30,"_lineHeight":45,"_N$file":{"__uuid__":"farb0WbWZMgrGmuICOt0MU"},"_isSystemFontUsed":false,"_N$verticalAlign":1}],{"__type__":"cc.SpriteFrame","content":{"name":"tip","texture":"887bp4nJtGwbaw6sPVF90W","rect":[0,0,150,40],"offset":[0,0],"originalSize":[150,40],"capInsets":[15,15,15,15]}}]