[{"__type__":"cc.SpriteFrame","content":{"name":"bg_paowangjindu","texture":"cadhw0hxpN0pZAs3RLMN8l","rect":[1,193,580,170],"offset":[0,0],"originalSize":[580,170],"capInsets":[0,0,0,0]}},{"__type__":"cc.SpriteFrame","content":{"name":"pic_new","texture":"cadhw0hxpN0pZAs3RLMN8l","rect":[405,607,70,78],"offset":[0,0],"originalSize":[70,78],"capInsets":[0,0,0,0]}},{"__type__":"cc.SpriteFrame","content":{"name":"pic_dai_hong","texture":"cadhw0hxpN0pZAs3RLMN8l","rect":[307,463,310,96],"offset":[0,0],"originalSize":[310,96],"capInsets":[0,0,0,0]}},{"__type__":"cc.SpriteFrame","content":{"name":"pic_titlebg","texture":"cadhw0hxpN0pZAs3RLMN8l","rect":[1,589,280,66],"offset":[0,0],"originalSize":[280,66],"capInsets":[110,0,110,0]}},{"__type__":"cc.SpriteFrame","content":{"name":"pic_jindu","texture":"cadhw0hxpN0pZAs3RLMN8l","rect":[307,561,266,20],"offset":[0,0],"originalSize":[266,20],"capInsets":[10,0,10,0]}},{"__type__":"cc.SpriteFrame","content":{"name":"bg_gongxian","texture":"cadhw0hxpN0pZAs3RLMN8l","rect":[1,1,600,190],"offset":[0,0],"originalSize":[600,190],"capInsets":[0,0,0,0]}},{"__type__":"cc.SpriteFrame","content":{"name":"pic_fenhongpai","texture":"cadhw0hxpN0pZAs3RLMN8l","rect":[283,607,120,120],"offset":[0,0],"originalSize":[120,120],"capInsets":[0,0,0,0]}},{"__type__":"cc.SpriteFrame","content":{"name":"bg_riqi","texture":"cadhw0hxpN0pZAs3RLMN8l","rect":[1,657,140,50],"offset":[0,0],"originalSize":[140,50],"capInsets":[25,0,25,0]}},{"__type__":"cc.SpriteFrame","content":{"name":"btn_jindujiacheng","texture":"cadhw0hxpN0pZAs3RLMN8l","rect":[165,657,116,52],"offset":[0,0],"originalSize":[116,52],"capInsets":[0,0,0,0]}},{"__type__":"cc.SpriteAtlas","_name":"paowangLayer.plist","_spriteFrames":{"bg_gongxian":{"__uuid__":"78De0b2lRBJYsvTHO9wkij"},"bg_paowangjindu":{"__uuid__":"23UkoAsB5BNbGwjC9mRCqC"},"bg_riqi":{"__uuid__":"b0gPHpiTpOuY0frZjzgXfe"},"btn_jindujiacheng":{"__uuid__":"bc5x5Ds0VIuao2We5fntNS"},"pic_dai_hong":{"__uuid__":"5bzW2j5dpMmJal6H36HqOp"},"pic_dai_lan":{"__uuid__":"eeuDVmJo5OiK24r/hyJBTm"},"pic_fenhongpai":{"__uuid__":"86Z9oGWQJCkoJsl7f7keOi"},"pic_gongxianjilu":{"__uuid__":"d9mbl4fy5BqbPeaYmSzPiu"},"pic_jindu":{"__uuid__":"725FmAdE9BVpeA/gVkfvA4"},"pic_jindudi":{"__uuid__":"e5SPLXKr1EHLspqks1M8v9"},"pic_new":{"__uuid__":"24bXeLLQ1HG4PRXAmnWEFo"},"pic_paowang":{"__uuid__":"d2HfCytFlPWJUo7csr2y6P"},"pic_titlebg":{"__uuid__":"72TSdmOp5CwLpijvcUE9LI"}}},{"__type__":"cc.SpriteFrame","content":{"name":"pic_paowang","texture":"cadhw0hxpN0pZAs3RLMN8l","rect":[1,365,304,110],"offset":[0,0],"originalSize":[304,110],"capInsets":[0,0,0,0]}},{"__type__":"cc.SpriteFrame","content":{"name":"pic_gongxianjilu","texture":"cadhw0hxpN0pZAs3RLMN8l","rect":[1,477,304,110],"offset":[0,0],"originalSize":[304,110],"capInsets":[0,0,0,0]}},{"__type__":"cc.SpriteFrame","content":{"name":"pic_jindudi","texture":"cadhw0hxpN0pZAs3RLMN8l","rect":[307,583,262,22],"offset":[0,0],"originalSize":[262,22],"capInsets":[0,0,0,0]}},{"__type__":"cc.SpriteFrame","content":{"name":"pic_dai_lan","texture":"cadhw0hxpN0pZAs3RLMN8l","rect":[307,365,310,96],"offset":[0,0],"originalSize":[310,96],"capInsets":[0,0,0,0]}}]