[{"__type__":"cc.SpriteFrame","content":{"name":"fashe1","texture":"bfyZzYD5VF17a95lpbLwEx","rect":[1,53,50,50],"offset":[0,0],"originalSize":[50,50],"capInsets":[0,0,0,0]}},{"__type__":"cc.SpriteFrame","content":{"name":"fashe3","texture":"bfyZzYD5VF17a95lpbLwEx","rect":[53,53,50,50],"offset":[0,0],"originalSize":[50,50],"capInsets":[0,0,0,0]}},{"__type__":"cc.SpriteFrame","content":{"name":"fashe2","texture":"bfyZzYD5VF17a95lpbLwEx","rect":[53,1,50,50],"offset":[0,0],"originalSize":[50,50],"capInsets":[0,0,0,0]}},[{"__type__":"cc.Prefab","_name":"paodan5","data":{"__id__":1}},{"__type__":"cc.Node","_name":"paodan5","_children":[{"__id__":2},{"__id__":3},{"__id__":7},{"__id__":11},{"__id__":15}],"_components":[{"__type__":"f7d701kiRxBJZC9iIvmYxsQ","node":{"__id__":1}}],"_prefab":{"__type__":"cc.PrefabInfo","root":{"__id__":1},"asset":{"__uuid__":"7dk129byhG1YuyRxBtVVqp"},"fileId":"ecd7uEYC5Jyr88y889vHzB"},"_contentSize":{"__type__":"cc.Size","width":32,"height":66},"_trs":{"__type__":"TypedArray","ctor":"Float64Array","array":[0,0,0,0,0,0,1,1,1,1]}},{"__type__":"cc.Node","_name":"padanSpr","_parent":{"__id__":1},"_components":[{"__type__":"cc.Sprite","node":{"__id__":2},"_materials":[{"__uuid__":"ecpdLyjvZBwrvm+cedCcQy"}],"_spriteFrame":{"__uuid__":"a6IfeedydA6LaTR5c1QD33"}}],"_prefab":{"__type__":"cc.PrefabInfo","root":{"__id__":1},"asset":{"__uuid__":"7dk129byhG1YuyRxBtVVqp"},"fileId":"433lTvEDNHtIMjS9zT9uWG"},"_contentSize":{"__type__":"cc.Size","width":32,"height":66},"_trs":{"__type__":"TypedArray","ctor":"Float64Array","array":[0,0,0,0,0,0,1,1,1,1]}},{"__type__":"cc.Node","_name":"padan35","_parent":{"__id__":1},"_children":[{"__id__":4},{"__id__":5},{"__id__":6}],"_active":false,"_prefab":{"__type__":"cc.PrefabInfo","root":{"__id__":1},"asset":{"__uuid__":"7dk129byhG1YuyRxBtVVqp"},"fileId":"5bj5o5pRtJqJxXKqiK114Z"},"_trs":{"__type__":"TypedArray","ctor":"Float64Array","array":[0,0,0,0,0,0,1,1,1,1]}},{"__type__":"cc.Node","_name":"pao35_1","_parent":{"__id__":3},"_components":[{"__type__":"cc.Sprite","node":{"__id__":4},"_materials":[{"__uuid__":"ecpdLyjvZBwrvm+cedCcQy"}],"_spriteFrame":{"__uuid__":"a6IfeedydA6LaTR5c1QD33"}}],"_prefab":{"__type__":"cc.PrefabInfo","root":{"__id__":1},"asset":{"__uuid__":"7dk129byhG1YuyRxBtVVqp"},"fileId":"f8fTVdOG5ARIIy1FY6GOJ9"},"_contentSize":{"__type__":"cc.Size","width":32,"height":66},"_trs":{"__type__":"TypedArray","ctor":"Float64Array","array":[-25,0,0,0,0,0,1,1,1,1]}},{"__type__":"cc.Node","_name":"pao35_2","_parent":{"__id__":3},"_components":[{"__type__":"cc.Sprite","node":{"__id__":5},"_materials":[{"__uuid__":"ecpdLyjvZBwrvm+cedCcQy"}],"_spriteFrame":{"__uuid__":"a6IfeedydA6LaTR5c1QD33"}}],"_prefab":{"__type__":"cc.PrefabInfo","root":{"__id__":1},"asset":{"__uuid__":"7dk129byhG1YuyRxBtVVqp"},"fileId":"0cIH0OqKxAXpNg8/llBA+w"},"_contentSize":{"__type__":"cc.Size","width":32,"height":66},"_trs":{"__type__":"TypedArray","ctor":"Float64Array","array":[0,0,0,0,0,0,1,1,1,1]}},{"__type__":"cc.Node","_name":"pao35_3","_parent":{"__id__":3},"_components":[{"__type__":"cc.Sprite","node":{"__id__":6},"_materials":[{"__uuid__":"ecpdLyjvZBwrvm+cedCcQy"}],"_spriteFrame":{"__uuid__":"a6IfeedydA6LaTR5c1QD33"}}],"_prefab":{"__type__":"cc.PrefabInfo","root":{"__id__":1},"asset":{"__uuid__":"7dk129byhG1YuyRxBtVVqp"},"fileId":"79PZEIByhBDJq7Ox1ZYScX"},"_contentSize":{"__type__":"cc.Size","width":32,"height":66},"_trs":{"__type__":"TypedArray","ctor":"Float64Array","array":[25,0,0,0,0,0,1,1,1,1]}},{"__type__":"cc.Node","_name":"padan45","_parent":{"__id__":1},"_children":[{"__id__":8},{"__id__":9},{"__id__":10}],"_active":false,"_prefab":{"__type__":"cc.PrefabInfo","root":{"__id__":1},"asset":{"__uuid__":"7dk129byhG1YuyRxBtVVqp"},"fileId":"22leAI9uNGMJAvCWfuoTAG"},"_trs":{"__type__":"TypedArray","ctor":"Float64Array","array":[0,0,0,0,0,0,1,1,1,1]}},{"__type__":"cc.Node","_name":"pao45_1","_parent":{"__id__":7},"_components":[{"__type__":"cc.Sprite","node":{"__id__":8},"_materials":[{"__uuid__":"ecpdLyjvZBwrvm+cedCcQy"}],"_spriteFrame":{"__uuid__":"a6IfeedydA6LaTR5c1QD33"}}],"_prefab":{"__type__":"cc.PrefabInfo","root":{"__id__":1},"asset":{"__uuid__":"7dk129byhG1YuyRxBtVVqp"},"fileId":"18qfy8PopCSr+ixuXzNFFW"},"_contentSize":{"__type__":"cc.Size","width":32,"height":66},"_trs":{"__type__":"TypedArray","ctor":"Float64Array","array":[-25,-14,0,0,0,0,1,1,1,1]}},{"__type__":"cc.Node","_name":"pao45_2","_parent":{"__id__":7},"_components":[{"__type__":"cc.Sprite","node":{"__id__":9},"_materials":[{"__uuid__":"ecpdLyjvZBwrvm+cedCcQy"}],"_spriteFrame":{"__uuid__":"a6IfeedydA6LaTR5c1QD33"}}],"_prefab":{"__type__":"cc.PrefabInfo","root":{"__id__":1},"asset":{"__uuid__":"7dk129byhG1YuyRxBtVVqp"},"fileId":"435JTAmFJMkLEZTykbKIY0"},"_contentSize":{"__type__":"cc.Size","width":32,"height":66},"_trs":{"__type__":"TypedArray","ctor":"Float64Array","array":[0,0,0,0,0,0,1,1,1,1]}},{"__type__":"cc.Node","_name":"pao45_3","_parent":{"__id__":7},"_components":[{"__type__":"cc.Sprite","node":{"__id__":10},"_materials":[{"__uuid__":"ecpdLyjvZBwrvm+cedCcQy"}],"_spriteFrame":{"__uuid__":"a6IfeedydA6LaTR5c1QD33"}}],"_prefab":{"__type__":"cc.PrefabInfo","root":{"__id__":1},"asset":{"__uuid__":"7dk129byhG1YuyRxBtVVqp"},"fileId":"6eBG4tYtVM2qiEL7ZZzdvl"},"_contentSize":{"__type__":"cc.Size","width":32,"height":66},"_trs":{"__type__":"TypedArray","ctor":"Float64Array","array":[25,-14,0,0,0,0,1,1,1,1]}},{"__type__":"cc.Node","_name":"padan55","_parent":{"__id__":1},"_children":[{"__id__":12},{"__id__":13},{"__id__":14}],"_active":false,"_prefab":{"__type__":"cc.PrefabInfo","root":{"__id__":1},"asset":{"__uuid__":"7dk129byhG1YuyRxBtVVqp"},"fileId":"7f+wfzj9JJ8ruVq7+OAZXS"},"_trs":{"__type__":"TypedArray","ctor":"Float64Array","array":[0,0,0,0,0,0,1,1,1,1]}},{"__type__":"cc.Node","_name":"pao55_1","_parent":{"__id__":11},"_components":[{"__type__":"cc.Sprite","node":{"__id__":12},"_materials":[{"__uuid__":"ecpdLyjvZBwrvm+cedCcQy"}],"_spriteFrame":{"__uuid__":"a6IfeedydA6LaTR5c1QD33"}}],"_prefab":{"__type__":"cc.PrefabInfo","root":{"__id__":1},"asset":{"__uuid__":"7dk129byhG1YuyRxBtVVqp"},"fileId":"bbmv47bGFDJq/lLpj3uBp2"},"_contentSize":{"__type__":"cc.Size","width":32,"height":66},"_trs":{"__type__":"TypedArray","ctor":"Float64Array","array":[-22,-8,0,0,0,0,1,1,1,1]}},{"__type__":"cc.Node","_name":"pao55_2","_parent":{"__id__":11},"_components":[{"__type__":"cc.Sprite","node":{"__id__":13},"_materials":[{"__uuid__":"ecpdLyjvZBwrvm+cedCcQy"}],"_spriteFrame":{"__uuid__":"a6IfeedydA6LaTR5c1QD33"}}],"_prefab":{"__type__":"cc.PrefabInfo","root":{"__id__":1},"asset":{"__uuid__":"7dk129byhG1YuyRxBtVVqp"},"fileId":"75LmsveB9C+qCoVG93jP9G"},"_contentSize":{"__type__":"cc.Size","width":32,"height":66},"_trs":{"__type__":"TypedArray","ctor":"Float64Array","array":[0,6,0,0,0,0,1,1,1,1]}},{"__type__":"cc.Node","_name":"pao55_3","_parent":{"__id__":11},"_components":[{"__type__":"cc.Sprite","node":{"__id__":14},"_materials":[{"__uuid__":"ecpdLyjvZBwrvm+cedCcQy"}],"_spriteFrame":{"__uuid__":"a6IfeedydA6LaTR5c1QD33"}}],"_prefab":{"__type__":"cc.PrefabInfo","root":{"__id__":1},"asset":{"__uuid__":"7dk129byhG1YuyRxBtVVqp"},"fileId":"124buPFjZGrbqu88KB7U8W"},"_contentSize":{"__type__":"cc.Size","width":32,"height":66},"_trs":{"__type__":"TypedArray","ctor":"Float64Array","array":[22,-8,0,0,0,0,1,1,1,1]}},{"__type__":"cc.Node","_name":"padan65","_parent":{"__id__":1},"_children":[{"__id__":16},{"__id__":17},{"__id__":18}],"_active":false,"_prefab":{"__type__":"cc.PrefabInfo","root":{"__id__":1},"asset":{"__uuid__":"7dk129byhG1YuyRxBtVVqp"},"fileId":"f3OKFxCqhMHabupwnToIqC"},"_trs":{"__type__":"TypedArray","ctor":"Float64Array","array":[0,0,0,0,0,0,1,1,1,1]}},{"__type__":"cc.Node","_name":"pao65_1","_parent":{"__id__":15},"_components":[{"__type__":"cc.Sprite","node":{"__id__":16},"_materials":[{"__uuid__":"ecpdLyjvZBwrvm+cedCcQy"}],"_spriteFrame":{"__uuid__":"a6IfeedydA6LaTR5c1QD33"}}],"_prefab":{"__type__":"cc.PrefabInfo","root":{"__id__":1},"asset":{"__uuid__":"7dk129byhG1YuyRxBtVVqp"},"fileId":"33GMgq51NCzruMYdecveJh"},"_contentSize":{"__type__":"cc.Size","width":32,"height":66},"_trs":{"__type__":"TypedArray","ctor":"Float64Array","array":[-25,-8,0,0,0,0,1,1,1,1]}},{"__type__":"cc.Node","_name":"pao65_2","_parent":{"__id__":15},"_components":[{"__type__":"cc.Sprite","node":{"__id__":17},"_materials":[{"__uuid__":"ecpdLyjvZBwrvm+cedCcQy"}],"_spriteFrame":{"__uuid__":"a6IfeedydA6LaTR5c1QD33"}}],"_prefab":{"__type__":"cc.PrefabInfo","root":{"__id__":1},"asset":{"__uuid__":"7dk129byhG1YuyRxBtVVqp"},"fileId":"4c/oakLVNMNY9VeJN48ud5"},"_contentSize":{"__type__":"cc.Size","width":32,"height":66},"_trs":{"__type__":"TypedArray","ctor":"Float64Array","array":[0,6,0,0,0,0,1,1,1,1]}},{"__type__":"cc.Node","_name":"pao65_3","_parent":{"__id__":15},"_components":[{"__type__":"cc.Sprite","node":{"__id__":18},"_materials":[{"__uuid__":"ecpdLyjvZBwrvm+cedCcQy"}],"_spriteFrame":{"__uuid__":"a6IfeedydA6LaTR5c1QD33"}}],"_prefab":{"__type__":"cc.PrefabInfo","root":{"__id__":1},"asset":{"__uuid__":"7dk129byhG1YuyRxBtVVqp"},"fileId":"68nmKGLPdORJk4ig9IB+wg"},"_contentSize":{"__type__":"cc.Size","width":32,"height":66},"_trs":{"__type__":"TypedArray","ctor":"Float64Array","array":[25,-8,0,0,0,0,1,1,1,1]}}],{"__type__":"cc.SpriteAtlas","_name":"paodan5.plist","_spriteFrames":{"1":{"__uuid__":"a6IfeedydA6LaTR5c1QD33"},"fashe1":{"__uuid__":"21PAmEL/pFdJBneEpmx0KS"},"fashe2":{"__uuid__":"5cQ4V7z8dBi6j8BhbNXJBZ"},"fashe3":{"__uuid__":"5bQN95vW9PppNMFqtSMSsV"},"fashe4":{"__uuid__":"e2MM+wXpVMZ4PDw1ULs+t+"}}},{"__type__":"cc.SpriteFrame","content":{"name":"1","texture":"bfyZzYD5VF17a95lpbLwEx","rect":[105,1,32,66],"offset":[0,0],"originalSize":[32,66],"capInsets":[0,0,0,0]}},{"__type__":"cc.SpriteFrame","content":{"name":"fashe4","texture":"bfyZzYD5VF17a95lpbLwEx","rect":[1,1,50,50],"offset":[0,0],"originalSize":[50,50],"capInsets":[0,0,0,0]}}]