[{"__type__":"cc.SpriteFrame","content":{"name":"faguang","texture":"86sAUWEL1JA4NfjWzP3eEp","rect":[1,1,462,462],"offset":[0,0],"originalSize":[462,462],"capInsets":[0,0,0,0]}},{"__type__":"cc.SpriteFrame","content":{"name":"tixian","rect":[427,686,204,100],"offset":[0,0],"originalSize":[204,100],"capInsets":[0,0,0,0]}},{"__type__":"cc.SpriteFrame","content":{"name":"ic_shipin","texture":"86sAUWEL1JA4NfjWzP3eEp","rect":[1271,413,36,40],"offset":[0,0],"originalSize":[36,40],"capInsets":[0,0,0,0]}},[{"__type__":"cc.Prefab","_name":"reward_layer","data":{"__id__":1}},{"__type__":"cc.Node","_name":"reward_layer","_children":[{"__id__":2},{"__id__":3}],"_components":[{"__type__":"cc.Widget","node":{"__id__":1},"_alignFlags":45},{"__type__":"f4e76hB5dhJ+KizpFa7MZ46","node":{"__id__":1}}],"_prefab":{"__type__":"cc.PrefabInfo","root":{"__id__":1},"asset":{"__uuid__":"420tvvISJCbK/H5Xdqsn4N"},"fileId":"70891BClRJFbmvD0V48MQo"},"_contentSize":{"__type__":"cc.Size","width":750,"height":1334},"_trs":{"__type__":"TypedArray","ctor":"Float64Array","array":[375,667,0,0,0,0,1,1,1,1]}},{"__type__":"cc.Node","_name":"mask","_parent":{"__id__":1},"_components":[{"__type__":"cc.Sprite","node":{"__id__":2},"_materials":[{"__uuid__":"ecpdLyjvZBwrvm+cedCcQy"}],"_spriteFrame":{"__uuid__":"a2MjXRFdtLlYQ5ouAFv/+R"},"_sizeMode":0},{"__type__":"cc.Widget","node":{"__id__":2},"_alignFlags":45,"_originalWidth":40,"_originalHeight":36},{"__type__":"cc.BlockInputEvents","node":{"__id__":2}}],"_prefab":{"__type__":"cc.PrefabInfo","root":{"__id__":1},"asset":{"__uuid__":"420tvvISJCbK/H5Xdqsn4N"},"fileId":"3du+V/fnZAB4YJJ1Y25VRr"},"_opacity":200,"_color":{"__type__":"cc.Color"},"_contentSize":{"__type__":"cc.Size","width":750,"height":1334},"_trs":{"__type__":"TypedArray","ctor":"Float64Array","array":[0,0,0,0,0,0,1,1,1,1]}},{"__type__":"cc.Node","_name":"bgNode","_parent":{"__id__":1},"_children":[{"__id__":4},{"__id__":5},{"__id__":6},{"__id__":7},{"__id__":10},{"__id__":11},{"__id__":13},{"__id__":14},{"__id__":15}],"_components":[{"__type__":"cc.Sprite","node":{"__id__":3},"_materials":[{"__uuid__":"ecpdLyjvZBwrvm+cedCcQy"}],"_spriteFrame":{"__uuid__":"6dKZmCCbZLc43KxXa4Ujzz"}}],"_prefab":{"__type__":"cc.PrefabInfo","root":{"__id__":1},"asset":{"__uuid__":"420tvvISJCbK/H5Xdqsn4N"},"fileId":"3aXXLHQEBNhpnpkOMKvIXy"},"_contentSize":{"__type__":"cc.Size","width":464,"height":490},"_trs":{"__type__":"TypedArray","ctor":"Float64Array","array":[0,1,0,0,0,0,1,1,1,1]}},{"__type__":"cc.Node","_name":"faguang","_parent":{"__id__":3},"_components":[{"__type__":"cc.Sprite","node":{"__id__":4},"_materials":[{"__uuid__":"ecpdLyjvZBwrvm+cedCcQy"}],"_spriteFrame":{"__uuid__":"0149XaVRVKQrnjz3bgpTRq"}}],"_prefab":{"__type__":"cc.PrefabInfo","root":{"__id__":1},"asset":{"__uuid__":"420tvvISJCbK/H5Xdqsn4N"},"fileId":"e8O45Iqr9N0aM9JLLF5+/8"},"_contentSize":{"__type__":"cc.Size","width":462,"height":462},"_trs":{"__type__":"TypedArray","ctor":"Float64Array","array":[0,-122,0,0,0,0,1,1,1,1]}},{"__type__":"cc.Node","_name":"ic_hongbao","_parent":{"__id__":3},"_components":[{"__type__":"cc.Sprite","node":{"__id__":5},"_materials":[{"__uuid__":"ecpdLyjvZBwrvm+cedCcQy"}],"_spriteFrame":{"__uuid__":"belAQU2NpP/7JzJ6dTw0kf"}}],"_prefab":{"__type__":"cc.PrefabInfo","root":{"__id__":1},"asset":{"__uuid__":"420tvvISJCbK/H5Xdqsn4N"},"fileId":"1bZE27kiBLta0VwJpvJlkE"},"_contentSize":{"__type__":"cc.Size","width":54,"height":64},"_trs":{"__type__":"TypedArray","ctor":"Float64Array","array":[-87,70,0,0,0,0,1,1.5,1.5,1]}},{"__type__":"cc.Node","_name":"numData","_parent":{"__id__":3},"_components":[{"__type__":"cc.Label","node":{"__id__":6},"_materials":[{"__uuid__":"ecpdLyjvZBwrvm+cedCcQy"}],"_useOriginalSize":false,"_string":"100","_N$string":"100","_fontSize":60,"_lineHeight":60,"_N$horizontalAlign":1,"_N$verticalAlign":1}],"_prefab":{"__type__":"cc.PrefabInfo","root":{"__id__":1},"asset":{"__uuid__":"420tvvISJCbK/H5Xdqsn4N"},"fileId":"d75M63b8BA9qTM93rcWYrS"},"_color":{"__type__":"cc.Color","r":252,"g":28,"b":34},"_contentSize":{"__type__":"cc.Size","width":100.11,"height":75.6},"_trs":{"__type__":"TypedArray","ctor":"Float64Array","array":[44,70,0,0,0,0,1,1,1,1]}},{"__type__":"cc.Node","_name":"btn_lvda","_parent":{"__id__":3},"_children":[{"__id__":8},{"__id__":9}],"_components":[{"__type__":"cc.Sprite","node":{"__id__":7},"_materials":[{"__uuid__":"ecpdLyjvZBwrvm+cedCcQy"}],"_spriteFrame":{"__uuid__":"ddaLPpzOhJ8YOSdqDGWMZO"},"_sizeMode":0},{"__type__":"cc.Button","node":{"__id__":7},"_normalMaterial":{"__uuid__":"ecpdLyjvZBwrvm+cedCcQy"},"zoomScale":0.9,"_N$transition":3,"transition":3}],"_prefab":{"__type__":"cc.PrefabInfo","root":{"__id__":1},"asset":{"__uuid__":"420tvvISJCbK/H5Xdqsn4N"},"fileId":"66bgrEgGpEpaTXRc7RgjvO"},"_contentSize":{"__type__":"cc.Size","width":230,"height":80},"_trs":{"__type__":"TypedArray","ctor":"Float64Array","array":[-3,-369,0,0,0,0,1,1,1,1]}},{"__type__":"cc.Node","_name":"ic_shipin","_parent":{"__id__":7},"_components":[{"__type__":"cc.Sprite","node":{"__id__":8},"_materials":[{"__uuid__":"ecpdLyjvZBwrvm+cedCcQy"}],"_spriteFrame":{"__uuid__":"30H11AjrZKSqh+UDm8z1li"}}],"_prefab":{"__type__":"cc.PrefabInfo","root":{"__id__":1},"asset":{"__uuid__":"420tvvISJCbK/H5Xdqsn4N"},"fileId":"99N8Us/v9KDqUn8dLCNxsB"},"_contentSize":{"__type__":"cc.Size","width":36,"height":40},"_trs":{"__type__":"TypedArray","ctor":"Float64Array","array":[-74,-2,0,0,0,0,1,1,1,1]}},{"__type__":"cc.Node","_name":"btn_lvdabal","_parent":{"__id__":7},"_components":[{"__type__":"41ebaVoPpRA4Kp67XEdHfZn","node":{"__id__":9},"_materials":[{"__uuid__":"ecpdLyjvZBwrvm+cedCcQy"}],"_string":"翻倍领取","_N$string":"翻倍领取","_fontSize":30,"_lineHeight":30,"_N$horizontalAlign":1,"_N$verticalAlign":1,"i18n_string":"reward_layer_1_1"},{"__type__":"cc.LabelOutline","node":{"__id__":9},"_color":{"__type__":"cc.Color","r":49,"g":26,"b":10},"_width":2}],"_prefab":{"__type__":"cc.PrefabInfo","root":{"__id__":1},"asset":{"__uuid__":"420tvvISJCbK/H5Xdqsn4N"},"fileId":"f4hJdz2eVNPLLlz0aQI1bl"},"_contentSize":{"__type__":"cc.Size","width":124,"height":41.8},"_trs":{"__type__":"TypedArray","ctor":"Float64Array","array":[21,1,0,0,0,0,1,1,1,1]}},{"__type__":"cc.Node","_name":"btn_receive","_parent":{"__id__":3},"_components":[{"__type__":"41ebaVoPpRA4Kp67XEdHfZn","node":{"__id__":10},"_materials":[{"__uuid__":"ecpdLyjvZBwrvm+cedCcQy"}],"_string":"直接领取","_N$string":"直接领取","_fontSize":26,"_lineHeight":26,"_N$horizontalAlign":1,"_N$verticalAlign":1,"i18n_string":"reward_layer_1_2"},{"__type__":"cc.Button","node":{"__id__":10},"zoomScale":0.9,"_N$transition":3,"transition":3}],"_prefab":{"__type__":"cc.PrefabInfo","root":{"__id__":1},"asset":{"__uuid__":"420tvvISJCbK/H5Xdqsn4N"},"fileId":"512Oj8nIhI7pkup8XB+CJh"},"_contentSize":{"__type__":"cc.Size","width":104,"height":32.76},"_trs":{"__type__":"TypedArray","ctor":"Float64Array","array":[-1,-497,0,0,0,0,1,1,1,1]}},{"__type__":"cc.Node","_name":"tixian","_parent":{"__id__":3},"_children":[{"__id__":12}],"_components":[{"__type__":"cc.Sprite","node":{"__id__":11},"_materials":[{"__uuid__":"ecpdLyjvZBwrvm+cedCcQy"}],"_spriteFrame":{"__uuid__":"298S3MbaxAZ7j1LcW/iu8r"}}],"_prefab":{"__type__":"cc.PrefabInfo","root":{"__id__":1},"asset":{"__uuid__":"420tvvISJCbK/H5Xdqsn4N"},"fileId":"d8HzT5NIpODaMi93zJ0R/Z"},"_contentSize":{"__type__":"cc.Size","width":204,"height":100},"_trs":{"__type__":"TypedArray","ctor":"Float64Array","array":[130,181,0,0,0,0,1,1,1,1]}},{"__type__":"cc.Node","_name":"font_ketixian","_parent":{"__id__":11},"_components":[{"__type__":"41ebaVoPpRA4Kp67XEdHfZn","node":{"__id__":12},"_materials":[{"__uuid__":"ecpdLyjvZBwrvm+cedCcQy"}],"_string":"可提现","_N$string":"可提现","_fontSize":30,"_lineHeight":30,"_N$horizontalAlign":1,"_N$verticalAlign":1,"i18n_string":"reward_layer_1_3"}],"_prefab":{"__type__":"cc.PrefabInfo","root":{"__id__":1},"asset":{"__uuid__":"420tvvISJCbK/H5Xdqsn4N"},"fileId":"6dHWPcBnNIfYzV9E0b2Zt4"},"_contentSize":{"__type__":"cc.Size","width":90,"height":37.8},"_trs":{"__type__":"TypedArray","ctor":"Float64Array","array":[12.127,8.819,0,0,0,0,1,1,1,1]}},{"__type__":"cc.Node","_name":"font_gongxi","_parent":{"__id__":3},"_components":[{"__type__":"41ebaVoPpRA4Kp67XEdHfZn","node":{"__id__":13},"_materials":[{"__uuid__":"ecpdLyjvZBwrvm+cedCcQy"}],"_string":"恭喜获得红包","_N$string":"恭喜获得红包","_fontSize":80,"_lineHeight":80,"_styleFlags":1,"_N$horizontalAlign":1,"_N$verticalAlign":1,"i18n_string":"reward_layer_1_4"},{"__type__":"cc.LabelOutline","node":{"__id__":13},"_color":{"__type__":"cc.Color","r":89,"g":42,"b":9},"_width":5}],"_prefab":{"__type__":"cc.PrefabInfo","root":{"__id__":1},"asset":{"__uuid__":"420tvvISJCbK/H5Xdqsn4N"},"fileId":"58w5hRBa5FjalrvOBNErM/"},"_color":{"__type__":"cc.Color","r":254,"g":231,"b":91},"_contentSize":{"__type__":"cc.Size","width":490,"height":110.8},"_trs":{"__type__":"TypedArray","ctor":"Float64Array","array":[0,385.328,0,0,0,0,1,1,1,1]}},{"__type__":"cc.Node","_name":"text_zaixianjiangli","_parent":{"__id__":3},"_active":false,"_components":[{"__type__":"41ebaVoPpRA4Kp67XEdHfZn","node":{"__id__":14},"_materials":[{"__uuid__":"ecpdLyjvZBwrvm+cedCcQy"}],"_string":"在线奖励","_N$string":"在线奖励","_fontSize":60,"_lineHeight":60,"i18n_string":"reward_layer_1_5"},{"__type__":"cc.LabelOutline","node":{"__id__":14},"_color":{"__type__":"cc.Color","r":68,"g":37,"b":13},"_width":3}],"_prefab":{"__type__":"cc.PrefabInfo","root":{"__id__":1},"asset":{"__uuid__":"420tvvISJCbK/H5Xdqsn4N"},"fileId":"4d1sTQFuhIT7DeI7vtaff6"},"_color":{"__type__":"cc.Color","r":236,"g":191,"b":103},"_contentSize":{"__type__":"cc.Size","width":246,"height":81.6},"_trs":{"__type__":"TypedArray","ctor":"Float64Array","array":[0,-133,0,0,0,0,1,1,1,1]}},{"__type__":"cc.Node","_name":"text_hongbaojiangli","_parent":{"__id__":3},"_active":false,"_components":[{"__type__":"41ebaVoPpRA4Kp67XEdHfZn","node":{"__id__":15},"_materials":[{"__uuid__":"ecpdLyjvZBwrvm+cedCcQy"}],"_string":"红包奖励","_N$string":"红包奖励","_fontSize":60,"_lineHeight":60,"i18n_string":"reward_layer_1_6"},{"__type__":"cc.LabelOutline","node":{"__id__":15},"_color":{"__type__":"cc.Color","r":68,"g":37,"b":13},"_width":3}],"_prefab":{"__type__":"cc.PrefabInfo","root":{"__id__":1},"asset":{"__uuid__":"420tvvISJCbK/H5Xdqsn4N"},"fileId":"06t7BsfKxIOr9RDIki7azQ"},"_color":{"__type__":"cc.Color","r":236,"g":191,"b":103},"_contentSize":{"__type__":"cc.Size","width":246,"height":81.6},"_trs":{"__type__":"TypedArray","ctor":"Float64Array","array":[0,-133,0,0,0,0,1,1,1,1]}}],{"__type__":"cc.SpriteFrame","content":{"name":"pic_hb","texture":"f05325yBlI1LNzIF+uIelx","rect":[0,0,464,490],"offset":[0,0],"originalSize":[464,490],"capInsets":[0,0,0,0]}},{"__type__":"cc.SpriteFrame","content":{"name":"default_sprite_splash","texture":"02delMVqdBD70a/HSD99FK","rect":[0,0,2,2],"offset":[0,0],"originalSize":[2,2],"capInsets":[0,0,0,0]}},{"__type__":"cc.SpriteFrame","content":{"name":"ic_hongbao","texture":"86sAUWEL1JA4NfjWzP3eEp","rect":[719,413,54,64],"offset":[0,0],"originalSize":[54,64],"capInsets":[0,0,0,0]}},{"__type__":"cc.SpriteFrame","content":{"name":"btn_lvda","texture":"86sAUWEL1JA4NfjWzP3eEp","rect":[775,301,248,78],"offset":[0,0],"originalSize":[250,80],"capInsets":[0,0,0,0]}}]