[{"__type__":"cc.SpriteFrame","content":{"name":"default_sprite_splash","texture":"02delMVqdBD70a/HSD99FK","rect":[0,0,2,2],"offset":[0,0],"originalSize":[2,2],"capInsets":[0,0,0,0]}},{"__type__":"cc.SpriteFrame","content":{"name":"btn_anniu","texture":"70uZhxIuNEn4cyfrG7FT01","rect":[575,856,230,80],"offset":[0,0],"originalSize":[230,80],"capInsets":[50,30,50,28]}},[{"__type__":"cc.Prefab","_name":"tanchuang_layer","data":{"__id__":1}},{"__type__":"cc.Node","_name":"tanchuang_layer","_children":[{"__id__":2},{"__id__":3}],"_components":[{"__type__":"cc.Widget","node":{"__id__":1},"_alignFlags":45},{"__type__":"523d5uUOT5Ip55+uUKHkvtF","node":{"__id__":1}}],"_prefab":{"__type__":"cc.PrefabInfo","root":{"__id__":1},"asset":{"__uuid__":"b4EIzswYlFyK90GosJGOp4"},"fileId":"f5Ht9O2fZPPa5/hoDHE9O9"},"_contentSize":{"__type__":"cc.Size","width":750,"height":1334},"_trs":{"__type__":"TypedArray","ctor":"Float64Array","array":[375,667,0,0,0,0,1,1,1,1]}},{"__type__":"cc.Node","_name":"mask","_parent":{"__id__":1},"_components":[{"__type__":"cc.Sprite","node":{"__id__":2},"_materials":[{"__uuid__":"ecpdLyjvZBwrvm+cedCcQy"}],"_spriteFrame":{"__uuid__":"a2MjXRFdtLlYQ5ouAFv/+R"},"_sizeMode":0},{"__type__":"cc.Widget","node":{"__id__":2},"_alignFlags":45,"_originalWidth":40,"_originalHeight":36},{"__type__":"cc.BlockInputEvents","node":{"__id__":2}}],"_prefab":{"__type__":"cc.PrefabInfo","root":{"__id__":1},"asset":{"__uuid__":"b4EIzswYlFyK90GosJGOp4"},"fileId":"3aSUBxQ9JH9ox+MBHbuo/t"},"_opacity":130,"_color":{"__type__":"cc.Color"},"_contentSize":{"__type__":"cc.Size","width":750,"height":1334},"_trs":{"__type__":"TypedArray","ctor":"Float64Array","array":[0,0,0,0,0,0,1,1,1,1]}},{"__type__":"cc.Node","_name":"bgNode","_parent":{"__id__":1},"_children":[{"__id__":4},{"__id__":6},{"__id__":8}],"_components":[{"__type__":"cc.Sprite","node":{"__id__":3},"_materials":[{"__uuid__":"ecpdLyjvZBwrvm+cedCcQy"}],"_spriteFrame":{"__uuid__":"e4aI/gIBRJnYEmJ/ekuFLE"}}],"_prefab":{"__type__":"cc.PrefabInfo","root":{"__id__":1},"asset":{"__uuid__":"b4EIzswYlFyK90GosJGOp4"},"fileId":"efGtet6mhFw4duFGbGWJVn"},"_contentSize":{"__type__":"cc.Size","width":657,"height":640},"_trs":{"__type__":"TypedArray","ctor":"Float64Array","array":[0,129,0,0,0,0,1,1,1,1]}},{"__type__":"cc.Node","_name":"btn_queding","_parent":{"__id__":3},"_children":[{"__id__":5}],"_components":[{"__type__":"cc.Sprite","node":{"__id__":4},"_materials":[{"__uuid__":"ecpdLyjvZBwrvm+cedCcQy"}],"_spriteFrame":{"__uuid__":"a4ubWZ+5tD/5uKeRUTQzdm"}},{"__type__":"cc.Button","node":{"__id__":4},"_normalMaterial":{"__uuid__":"ecpdLyjvZBwrvm+cedCcQy"},"zoomScale":0.9,"_N$transition":3,"transition":3}],"_prefab":{"__type__":"cc.PrefabInfo","root":{"__id__":1},"asset":{"__uuid__":"b4EIzswYlFyK90GosJGOp4"},"fileId":"3dk72Vud1MH6euxh9buMwv"},"_contentSize":{"__type__":"cc.Size","width":230,"height":80},"_trs":{"__type__":"TypedArray","ctor":"Float64Array","array":[147.421,-233.134,0,0,0,0,1,1,1,1]}},{"__type__":"cc.Node","_name":"lab_anniubal","_parent":{"__id__":4},"_components":[{"__type__":"cc.Label","node":{"__id__":5},"_materials":[{"__uuid__":"ecpdLyjvZBwrvm+cedCcQy"}],"_string":"同意","_N$string":"同意"},{"__type__":"cc.LabelOutline","node":{"__id__":5},"_color":{"__type__":"cc.Color","r":51,"g":51,"b":51},"_width":2}],"_prefab":{"__type__":"cc.PrefabInfo","root":{"__id__":1},"asset":{"__uuid__":"b4EIzswYlFyK90GosJGOp4"},"fileId":"35sIAip5ZAbaeVB/zM9C+E"},"_contentSize":{"__type__":"cc.Size","width":84,"height":54.4},"_trs":{"__type__":"TypedArray","ctor":"Float64Array","array":[0,-3.826,0,0,0,0,1,1,1,1]}},{"__type__":"cc.Node","_name":"btn_quxiao","_parent":{"__id__":3},"_children":[{"__id__":7}],"_components":[{"__type__":"cc.Sprite","node":{"__id__":6},"_materials":[{"__uuid__":"ecpdLyjvZBwrvm+cedCcQy"}],"_spriteFrame":{"__uuid__":"a4ubWZ+5tD/5uKeRUTQzdm"}},{"__type__":"cc.Button","node":{"__id__":6},"_normalMaterial":{"__uuid__":"ecpdLyjvZBwrvm+cedCcQy"},"zoomScale":0.9,"_N$transition":3,"transition":3}],"_prefab":{"__type__":"cc.PrefabInfo","root":{"__id__":1},"asset":{"__uuid__":"b4EIzswYlFyK90GosJGOp4"},"fileId":"d6wZUlH4hHf6s3mc0ZsNb7"},"_contentSize":{"__type__":"cc.Size","width":230,"height":80},"_trs":{"__type__":"TypedArray","ctor":"Float64Array","array":[-123.253,-233.134,0,0,0,0,1,1,1,1]}},{"__type__":"cc.Node","_name":"lab_quxiao","_parent":{"__id__":6},"_components":[{"__type__":"cc.Label","node":{"__id__":7},"_materials":[{"__uuid__":"ecpdLyjvZBwrvm+cedCcQy"}],"_useOriginalSize":false,"_string":"拒绝","_N$string":"拒绝","_N$horizontalAlign":1,"_N$verticalAlign":1},{"__type__":"cc.LabelOutline","node":{"__id__":7},"_color":{"__type__":"cc.Color"},"_width":2}],"_prefab":{"__type__":"cc.PrefabInfo","root":{"__id__":1},"asset":{"__uuid__":"b4EIzswYlFyK90GosJGOp4"},"fileId":"e0BsrYljlIG4ej9qHZMDre"},"_contentSize":{"__type__":"cc.Size","width":84,"height":54.4},"_trs":{"__type__":"TypedArray","ctor":"Float64Array","array":[0,0,0,0,0,0,1,1,1,1]}},{"__type__":"cc.Node","_name":"ScrollView","_parent":{"__id__":3},"_children":[{"__id__":9}],"_components":[{"__type__":"cc.ScrollView","node":{"__id__":8},"horizontal":false,"brake":0.75,"bounceDuration":0.23,"_N$content":{"__id__":10},"content":{"__id__":10},"_N$horizontalScrollBar":null,"_N$verticalScrollBar":null}],"_prefab":{"__type__":"cc.PrefabInfo","root":{"__id__":1},"asset":{"__uuid__":"b4EIzswYlFyK90GosJGOp4"},"fileId":"e1xUgqeyBIeYyvKM3wd0s7"},"_contentSize":{"__type__":"cc.Size","width":600,"height":370},"_trs":{"__type__":"TypedArray","ctor":"Float64Array","array":[0,17.263,0,0,0,0,1,1,1,1]}},{"__type__":"cc.Node","_name":"view","_parent":{"__id__":8},"_children":[{"__id__":10}],"_components":[{"__type__":"cc.Mask","node":{"__id__":9},"_materials":[{"__uuid__":"ecpdLyjvZBwrvm+cedCcQy"}],"_N$alphaThreshold":0},{"__type__":"cc.Widget","node":{"__id__":9},"_alignFlags":45,"_originalWidth":240,"_originalHeight":250}],"_prefab":{"__type__":"cc.PrefabInfo","root":{"__id__":1},"asset":{"__uuid__":"b4EIzswYlFyK90GosJGOp4"},"fileId":"5fmFLWfA5Gdo+zGf3bMarS"},"_contentSize":{"__type__":"cc.Size","width":600,"height":370},"_trs":{"__type__":"TypedArray","ctor":"Float64Array","array":[0,0,0,0,0,0,1,1,1,1]}},{"__type__":"cc.Node","_name":"content","_parent":{"__id__":9},"_children":[{"__id__":11},{"__id__":12},{"__id__":13},{"__id__":14},{"__id__":15}],"_components":[{"__type__":"cc.Widget","node":{"__id__":10},"_alignFlags":41,"_originalWidth":220}],"_prefab":{"__type__":"cc.PrefabInfo","root":{"__id__":1},"asset":{"__uuid__":"b4EIzswYlFyK90GosJGOp4"},"fileId":"5crp7/0aNL/a7GHb+79X1j"},"_contentSize":{"__type__":"cc.Size","width":600,"height":1500},"_anchorPoint":{"__type__":"cc.Vec2","x":0.5,"y":1},"_trs":{"__type__":"TypedArray","ctor":"Float64Array","array":[0,185,0,0,0,0,1,1,1,1]}},{"__type__":"cc.Node","_name":"lab","_parent":{"__id__":10},"_components":[{"__type__":"cc.Label","node":{"__id__":11},"_materials":[{"__uuid__":"ecpdLyjvZBwrvm+cedCcQy"}],"_useOriginalSize":false,"_string":"欢迎使用魔性小怪兽，我们将通过","_N$string":"欢迎使用魔性小怪兽，我们将通过","_lineHeight":50,"_N$verticalAlign":1,"_N$overflow":3}],"_prefab":{"__type__":"cc.PrefabInfo","root":{"__id__":1},"asset":{"__uuid__":"b4EIzswYlFyK90GosJGOp4"},"fileId":"70tSS3UFlHQ4Vhc0V81Tnq"},"_contentSize":{"__type__":"cc.Size","width":600,"height":63},"_trs":{"__type__":"TypedArray","ctor":"Float64Array","array":[0,-37.729,0,0,0,0,1,1,1,1]}},{"__type__":"cc.Node","_name":"lab_zhengce","_parent":{"__id__":10},"_components":[{"__type__":"cc.Label","node":{"__id__":12},"_materials":[{"__uuid__":"ecpdLyjvZBwrvm+cedCcQy"}],"_useOriginalSize":false,"_string":"《隐私政策》","_N$string":"《隐私政策》","_fontSize":30,"_N$horizontalAlign":1,"_N$verticalAlign":1},{"__type__":"cc.Button","node":{"__id__":12},"duration":0,"zoomScale":0.9,"_N$transition":3,"transition":3}],"_prefab":{"__type__":"cc.PrefabInfo","root":{"__id__":1},"asset":{"__uuid__":"b4EIzswYlFyK90GosJGOp4"},"fileId":"3d1K6Z/O5JfI2n/1U1f5hQ"},"_color":{"__type__":"cc.Color","r":218,"g":22,"b":22},"_contentSize":{"__type__":"cc.Size","width":180,"height":50.4},"_trs":{"__type__":"TypedArray","ctor":"Float64Array","array":[-98.524,-95.423,0,0,0,0,1,1,1,1]}},{"__type__":"cc.Node","_name":"lab_font2","_parent":{"__id__":10},"_components":[{"__type__":"cc.Label","node":{"__id__":13},"_materials":[{"__uuid__":"ecpdLyjvZBwrvm+cedCcQy"}],"_useOriginalSize":false,"_string":"与","_N$string":"与","_lineHeight":50,"_N$horizontalAlign":1,"_N$verticalAlign":1}],"_prefab":{"__type__":"cc.PrefabInfo","root":{"__id__":1},"asset":{"__uuid__":"b4EIzswYlFyK90GosJGOp4"},"fileId":"86lAKK+NlO8478A1CouA6G"},"_contentSize":{"__type__":"cc.Size","width":40,"height":63},"_trs":{"__type__":"TypedArray","ctor":"Float64Array","array":[0.897,-95.22,0,0,0,0,1,1,1,1]}},{"__type__":"cc.Node","_name":"lab_xieyi","_parent":{"__id__":10},"_components":[{"__type__":"cc.Label","node":{"__id__":14},"_materials":[{"__uuid__":"ecpdLyjvZBwrvm+cedCcQy"}],"_useOriginalSize":false,"_string":"《用户协议》","_N$string":"《用户协议》","_fontSize":30,"_N$horizontalAlign":1,"_N$verticalAlign":1},{"__type__":"cc.Button","node":{"__id__":14},"duration":0,"zoomScale":0.9,"_N$transition":3,"transition":3}],"_prefab":{"__type__":"cc.PrefabInfo","root":{"__id__":1},"asset":{"__uuid__":"b4EIzswYlFyK90GosJGOp4"},"fileId":"dcr4HgUptA5KRjAqH5ISx3"},"_color":{"__type__":"cc.Color","r":218,"g":22,"b":22},"_contentSize":{"__type__":"cc.Size","width":180,"height":50.4},"_trs":{"__type__":"TypedArray","ctor":"Float64Array","array":[100.965,-95.22,0,0,0,0,1,1,1,1]}},{"__type__":"cc.Node","_name":"lab_font3","_parent":{"__id__":10},"_components":[{"__type__":"cc.Label","node":{"__id__":15},"_materials":[{"__uuid__":"ecpdLyjvZBwrvm+cedCcQy"}],"_useOriginalSize":false,"_string":"帮助您了解我们收集、使用、存储和共享个人信息的情况以及您享有的相关权利。\n1.我们会申请电话权限(设备标识信息)用于统计和帐户安全风控，您有权拒绝或取消授权，取消后将不影响您使用我们提供的其他服务;\n2.我们会申请定位信息权限，用于统计玩家地域分布情况，便于我司进行游戏推广，您有权拒绝或取消授权，取消后将不会影响您使用我们提供的其他服务;\n3.我们可能会申请相机权限，用于您在我们提供的其他服务;\n4.我们会采取业界先进的安全措施保护您的信息安全;\n5.未经您同意，我们不会从第三方获取、共享或向其提供您的信息;\n6.您可以访问、更正、删除您的个人信息及管理您的授权范围，我们也提供注销帐号的渠道。\n\n如果您同意请点击“同意并继续”按钮以接受我们的服务。\n*您可在APP内“我的\"页面查看《用户协议》、《隐私政策》详细条款。","_N$string":"帮助您了解我们收集、使用、存储和共享个人信息的情况以及您享有的相关权利。\n1.我们会申请电话权限(设备标识信息)用于统计和帐户安全风控，您有权拒绝或取消授权，取消后将不影响您使用我们提供的其他服务;\n2.我们会申请定位信息权限，用于统计玩家地域分布情况，便于我司进行游戏推广，您有权拒绝或取消授权，取消后将不会影响您使用我们提供的其他服务;\n3.我们可能会申请相机权限，用于您在我们提供的其他服务;\n4.我们会采取业界先进的安全措施保护您的信息安全;\n5.未经您同意，我们不会从第三方获取、共享或向其提供您的信息;\n6.您可以访问、更正、删除您的个人信息及管理您的授权范围，我们也提供注销帐号的渠道。\n\n如果您同意请点击“同意并继续”按钮以接受我们的服务。\n*您可在APP内“我的\"页面查看《用户协议》、《隐私政策》详细条款。","_lineHeight":50,"_N$verticalAlign":1,"_N$overflow":3}],"_prefab":{"__type__":"cc.PrefabInfo","root":{"__id__":1},"asset":{"__uuid__":"b4EIzswYlFyK90GosJGOp4"},"fileId":"7e4oNhVYROJ5dUNz6ALdKE"},"_contentSize":{"__type__":"cc.Size","width":600,"height":1413},"_trs":{"__type__":"TypedArray","ctor":"Float64Array","array":[0,-825.566,0,0,0,0,1,1,1,1]}}],{"__type__":"cc.SpriteFrame","content":{"name":"bg_xiao3","texture":"e410lwE1tIGozCzeQ+2I8E","rect":[0,0,657,640],"offset":[-0.5,0],"originalSize":[658,640],"capInsets":[0,0,0,0]}}]