[{"__type__":"cc.SpriteFrame","content":{"name":"ic_duihao","texture":"86sAUWEL1JA4NfjWzP3eEp","rect":[1327,353,50,40],"offset":[0,0],"originalSize":[50,40],"capInsets":[0,0,0,0]}},{"__type__":"cc.SpriteFrame","content":{"name":"bg_zaixianjiangli","texture":"86sAUWEL1JA4NfjWzP3eEp","rect":[465,1,618,274],"offset":[0,0],"originalSize":[618,274],"capInsets":[0,0,0,0]}},{"__type__":"cc.SpriteFrame","content":{"name":"ic_guanbi2","texture":"86sAUWEL1JA4NfjWzP3eEp","rect":[1185,413,84,84],"offset":[0,0],"originalSize":[84,84],"capInsets":[0,0,0,0]}},{"__type__":"cc.SpriteFrame","content":{"name":"btn_lv_yuan","texture":"36otX/aM1E4Zo+o68pRLtJ","rect":[307,1,140,58],"offset":[0,0],"originalSize":[140,58],"rotated":1,"capInsets":[0,0,0,0]}},{"__type__":"cc.SpriteFrame","content":{"name":"pb_dariqi","texture":"86sAUWEL1JA4NfjWzP3eEp","rect":[1253,1,166,350],"offset":[0,0],"originalSize":[166,350],"capInsets":[36,118,36,94]}},{"__type__":"cc.SpriteFrame","content":{"name":"bg_qiandao","texture":"e3WrwFb0pPDY6fBxzAYFBD","rect":[0,0,658,992],"offset":[0,0],"originalSize":[658,992],"capInsets":[0,0,0,0]}},{"__type__":"cc.SpriteFrame","content":{"name":"pb_dariqihui","texture":"86sAUWEL1JA4NfjWzP3eEp","rect":[1085,1,166,350],"offset":[0,0],"originalSize":[166,350],"capInsets":[36,118,36,94]}},{"__type__":"cc.SpriteFrame","content":{"name":"pb_xiaoriqi","texture":"86sAUWEL1JA4NfjWzP3eEp","rect":[1061,353,122,160],"offset":[0,0],"originalSize":[122,160],"capInsets":[0,0,0,0]}},{"__type__":"cc.SpriteFrame","content":{"name":"bg_jindubai","texture":"86sAUWEL1JA4NfjWzP3eEp","rect":[465,289,548,10],"offset":[0,0],"originalSize":[548,10],"capInsets":[20,0,20,0]}},{"__type__":"cc.SpriteFrame","content":{"name":"pg_xiaoriqihui","texture":"86sAUWEL1JA4NfjWzP3eEp","rect":[937,381,122,160],"offset":[0,0],"originalSize":[122,160],"capInsets":[0,0,0,0]}},{"__type__":"cc.SpriteFrame","content":{"name":"default_sprite_splash","texture":"02delMVqdBD70a/HSD99FK","rect":[0,0,2,2],"offset":[0,0],"originalSize":[2,2],"capInsets":[0,0,0,0]}},{"__type__":"cc.SpriteFrame","content":{"name":"ic_hongbaohui","texture":"86sAUWEL1JA4NfjWzP3eEp","rect":[1029,277,54,64],"offset":[0,0],"originalSize":[54,64],"capInsets":[0,0,0,0]}},{"__type__":"cc.SpriteFrame","content":{"name":"bg_qitianqiandao","texture":"f5WtLNStBORKijl9/BpPIY","rect":[0,0,618,634],"offset":[0,0],"originalSize":[618,634],"capInsets":[0,0,0,0]}},[{"__type__":"cc.Prefab","_name":"sign_layer","data":{"__id__":1}},{"__type__":"cc.Node","_name":"sign_layer","_children":[{"__id__":2},{"__id__":3}],"_components":[{"__type__":"cc.Widget","node":{"__id__":1},"_alignFlags":45},{"__type__":"f9264Yw6GlGyIEJd6HBCNmt","node":{"__id__":1}}],"_prefab":{"__type__":"cc.PrefabInfo","root":{"__id__":1},"asset":{"__uuid__":"b9E+V/ia9AlqD+RZai3Mp0"},"fileId":"66sSEbxFNHl6U+yu6MOtO6"},"_contentSize":{"__type__":"cc.Size","width":750,"height":1334},"_trs":{"__type__":"TypedArray","ctor":"Float64Array","array":[375,667,0,0,0,0,1,1,1,1]}},{"__type__":"cc.Node","_name":"mask","_parent":{"__id__":1},"_components":[{"__type__":"cc.Sprite","node":{"__id__":2},"_materials":[{"__uuid__":"ecpdLyjvZBwrvm+cedCcQy"}],"_spriteFrame":{"__uuid__":"a2MjXRFdtLlYQ5ouAFv/+R"},"_sizeMode":0},{"__type__":"cc.Widget","node":{"__id__":2},"_alignFlags":45,"_originalWidth":40,"_originalHeight":36},{"__type__":"cc.BlockInputEvents","node":{"__id__":2}}],"_prefab":{"__type__":"cc.PrefabInfo","root":{"__id__":1},"asset":{"__uuid__":"b9E+V/ia9AlqD+RZai3Mp0"},"fileId":"80r+TUUbNGGoAljz2/Lwbl"},"_opacity":130,"_color":{"__type__":"cc.Color"},"_contentSize":{"__type__":"cc.Size","width":750,"height":1334},"_trs":{"__type__":"TypedArray","ctor":"Float64Array","array":[0,0,0,0,0,0,1,1,1,1]}},{"__type__":"cc.Node","_name":"bgNode","_parent":{"__id__":1},"_children":[{"__id__":4},{"__id__":6},{"__id__":87},{"__id__":110}],"_components":[{"__type__":"cc.Sprite","node":{"__id__":3},"_materials":[{"__uuid__":"ecpdLyjvZBwrvm+cedCcQy"}],"_spriteFrame":{"__uuid__":"6cy2b7IyFOAKwHPUmha3SN"},"_sizeMode":0}],"_prefab":{"__type__":"cc.PrefabInfo","root":{"__id__":1},"asset":{"__uuid__":"b9E+V/ia9AlqD+RZai3Mp0"},"fileId":"4fIREHKeNIg5/2+vSjJeTK"},"_contentSize":{"__type__":"cc.Size","width":658,"height":985},"_trs":{"__type__":"TypedArray","ctor":"Float64Array","array":[0,-3,0,0,0,0,1,1,1,1]}},{"__type__":"cc.Node","_name":"pic_qiandaojiangli","_parent":{"__id__":3},"_children":[{"__id__":5}],"_components":[{"__type__":"cc.Sprite","node":{"__id__":4},"_materials":[{"__uuid__":"ecpdLyjvZBwrvm+cedCcQy"}],"_spriteFrame":{"__uuid__":"cdEvF//9tDQ7A6VuL1Xfzj"}}],"_prefab":{"__type__":"cc.PrefabInfo","root":{"__id__":1},"asset":{"__uuid__":"b9E+V/ia9AlqD+RZai3Mp0"},"fileId":"fdfArcqatNVo6OcEpQSQvX"},"_contentSize":{"__type__":"cc.Size","width":304,"height":110},"_trs":{"__type__":"TypedArray","ctor":"Float64Array","array":[0,462,0,0,0,0,1,1,1,1]}},{"__type__":"cc.Node","_name":"font_title","_parent":{"__id__":4},"_components":[{"__type__":"41ebaVoPpRA4Kp67XEdHfZn","node":{"__id__":5},"_materials":[{"__uuid__":"ecpdLyjvZBwrvm+cedCcQy"}],"_string":"签到奖励","_N$string":"签到奖励","_fontSize":50,"_lineHeight":50,"_N$file":{"__uuid__":"farb0WbWZMgrGmuICOt0MU"},"_isSystemFontUsed":false,"i18n_string":"sign_layer_1_1"},{"__type__":"cc.LabelOutline","node":{"__id__":5},"_color":{"__type__":"cc.Color","r":117,"g":59,"b":23},"_width":5}],"_prefab":{"__type__":"cc.PrefabInfo","root":{"__id__":1},"asset":{"__uuid__":"b9E+V/ia9AlqD+RZai3Mp0"},"fileId":"8ea5dT6OFEUJ91R1pIci1i"},"_contentSize":{"__type__":"cc.Size","width":210,"height":73},"_trs":{"__type__":"TypedArray","ctor":"Float64Array","array":[0,0,0,0,0,0,1,1,1,1]}},{"__type__":"cc.Node","_name":"bg_qitianqiandao","_parent":{"__id__":3},"_children":[{"__id__":7}],"_components":[{"__type__":"cc.Sprite","node":{"__id__":6},"_materials":[{"__uuid__":"ecpdLyjvZBwrvm+cedCcQy"}],"_spriteFrame":{"__uuid__":"aeybYbnYdETo/F07d/OaIc"},"_sizeMode":0}],"_prefab":{"__type__":"cc.PrefabInfo","root":{"__id__":1},"asset":{"__uuid__":"b9E+V/ia9AlqD+RZai3Mp0"},"fileId":"66ZfNJC2FJ66TuGIab6/VX"},"_contentSize":{"__type__":"cc.Size","width":618,"height":570},"_trs":{"__type__":"TypedArray","ctor":"Float64Array","array":[0,97,0,0,0,0,1,1,1,1]}},{"__type__":"cc.Node","_name":"bg_qitianqiandao1","_parent":{"__id__":6},"_children":[{"__id__":8},{"__id__":19},{"__id__":30},{"__id__":41},{"__id__":52},{"__id__":63},{"__id__":74},{"__id__":85}],"_components":[{"__type__":"cc.Widget","node":{"__id__":7},"_alignFlags":45}],"_prefab":{"__type__":"cc.PrefabInfo","root":{"__id__":1},"asset":{"__uuid__":"b9E+V/ia9AlqD+RZai3Mp0"},"fileId":"095+Jyk+ZPCo7EflFdLEZ5"},"_contentSize":{"__type__":"cc.Size","width":618,"height":570},"_trs":{"__type__":"TypedArray","ctor":"Float64Array","array":[0,0,0,0,0,0,1,1,1,1]}},{"__type__":"cc.Node","_name":"day1","_parent":{"__id__":7},"_children":[{"__id__":9},{"__id__":14}],"_prefab":{"__type__":"cc.PrefabInfo","root":{"__id__":1},"asset":{"__uuid__":"b9E+V/ia9AlqD+RZai3Mp0"},"fileId":"18iI+xIQBAtKxCYLKnATUE"},"_contentSize":{"__type__":"cc.Size","width":122,"height":160},"_trs":{"__type__":"TypedArray","ctor":"Float64Array","array":[-210,147.035,0,0,0,0,1,1,1,1]}},{"__type__":"cc.Node","_name":"pg_xiaoriqihui1","_parent":{"__id__":8},"_children":[{"__id__":10},{"__id__":11},{"__id__":12},{"__id__":13}],"_components":[{"__type__":"cc.Sprite","node":{"__id__":9},"_materials":[{"__uuid__":"ecpdLyjvZBwrvm+cedCcQy"}],"_spriteFrame":{"__uuid__":"95lUUTvEBB+6/yCC93Lq/v"}}],"_prefab":{"__type__":"cc.PrefabInfo","root":{"__id__":1},"asset":{"__uuid__":"b9E+V/ia9AlqD+RZai3Mp0"},"fileId":"8d7EO2IBhFvZ8FCThQI0L3"},"_contentSize":{"__type__":"cc.Size","width":122,"height":160},"_trs":{"__type__":"TypedArray","ctor":"Float64Array","array":[0,0,0,0,0,0,1,1,1,1]}},{"__type__":"cc.Node","_name":"Kdaybal1","_parent":{"__id__":9},"_components":[{"__type__":"41ebaVoPpRA4Kp67XEdHfZn","node":{"__id__":10},"_materials":[{"__uuid__":"ecpdLyjvZBwrvm+cedCcQy"}],"_string":"第一天","_N$string":"第一天","_fontSize":22,"_lineHeight":22,"_N$horizontalAlign":1,"_N$verticalAlign":1,"i18n_string":"sign_layer_1_2"}],"_prefab":{"__type__":"cc.PrefabInfo","root":{"__id__":1},"asset":{"__uuid__":"b9E+V/ia9AlqD+RZai3Mp0"},"fileId":"c8r6az2H5I7ZEhGKNrDimB"},"_color":{"__type__":"cc.Color","r":85,"g":85,"b":85},"_contentSize":{"__type__":"cc.Size","width":66,"height":27.72},"_trs":{"__type__":"TypedArray","ctor":"Float64Array","array":[0,60,0,0,0,0,1,1,1,1]}},{"__type__":"cc.Node","_name":"tp_ic_hongbaohui1","_parent":{"__id__":9},"_components":[{"__type__":"cc.Sprite","node":{"__id__":11},"_materials":[{"__uuid__":"ecpdLyjvZBwrvm+cedCcQy"}],"_spriteFrame":{"__uuid__":"a4v6QYJ6FFbKrtBKJRb6om"}}],"_prefab":{"__type__":"cc.PrefabInfo","root":{"__id__":1},"asset":{"__uuid__":"b9E+V/ia9AlqD+RZai3Mp0"},"fileId":"8bnuwQkkpI8oJWzVN6poNM"},"_contentSize":{"__type__":"cc.Size","width":54,"height":64},"_trs":{"__type__":"TypedArray","ctor":"Float64Array","array":[0,0,0,0,0,0,1,1,1,1]}},{"__type__":"cc.Node","_name":"Kcoin1","_parent":{"__id__":9},"_components":[{"__type__":"cc.Label","node":{"__id__":12},"_materials":[{"__uuid__":"ecpdLyjvZBwrvm+cedCcQy"}],"_useOriginalSize":false,"_string":"800","_N$string":"800","_fontSize":23,"_lineHeight":23,"_N$horizontalAlign":1,"_N$verticalAlign":1}],"_prefab":{"__type__":"cc.PrefabInfo","root":{"__id__":1},"asset":{"__uuid__":"b9E+V/ia9AlqD+RZai3Mp0"},"fileId":"9f9Vhx9eNPZZT4IgKKrzqf"},"_color":{"__type__":"cc.Color","r":85,"g":85,"b":85},"_contentSize":{"__type__":"cc.Size","width":38.37,"height":28.98},"_trs":{"__type__":"TypedArray","ctor":"Float64Array","array":[0,-60,0,0,0,0,1,1,1,1]}},{"__type__":"cc.Node","_name":"ic_duihao1","_parent":{"__id__":9},"_components":[{"__type__":"cc.Sprite","node":{"__id__":13},"_materials":[{"__uuid__":"ecpdLyjvZBwrvm+cedCcQy"}],"_spriteFrame":{"__uuid__":"13fgCIugBCrqbtUKjolPdP"}}],"_prefab":{"__type__":"cc.PrefabInfo","root":{"__id__":1},"asset":{"__uuid__":"b9E+V/ia9AlqD+RZai3Mp0"},"fileId":"8b8LxRFY5F+Yr0yn6N2pnk"},"_contentSize":{"__type__":"cc.Size","width":50,"height":40},"_trs":{"__type__":"TypedArray","ctor":"Float64Array","array":[24,29,0,0,0,0,1,1,1,1]}},{"__type__":"cc.Node","_name":"pb_xiaoriqi1","_parent":{"__id__":8},"_children":[{"__id__":15},{"__id__":16},{"__id__":17},{"__id__":18}],"_components":[{"__type__":"cc.Sprite","node":{"__id__":14},"_materials":[{"__uuid__":"ecpdLyjvZBwrvm+cedCcQy"}],"_spriteFrame":{"__uuid__":"80Chts7fJMH58fB51VSjMi"}}],"_prefab":{"__type__":"cc.PrefabInfo","root":{"__id__":1},"asset":{"__uuid__":"b9E+V/ia9AlqD+RZai3Mp0"},"fileId":"f7Q258/bdHtahAcK4cSC2g"},"_contentSize":{"__type__":"cc.Size","width":122,"height":160},"_trs":{"__type__":"TypedArray","ctor":"Float64Array","array":[0,0,0,0,0,0,1,1,1,1]}},{"__type__":"cc.Node","_name":"daybal1","_parent":{"__id__":14},"_components":[{"__type__":"41ebaVoPpRA4Kp67XEdHfZn","node":{"__id__":15},"_materials":[{"__uuid__":"ecpdLyjvZBwrvm+cedCcQy"}],"_string":"第一天","_N$string":"第一天","_fontSize":22,"_lineHeight":22,"_N$file":{"__uuid__":"farb0WbWZMgrGmuICOt0MU"},"_isSystemFontUsed":false,"_N$horizontalAlign":1,"_N$verticalAlign":1}],"_prefab":{"__type__":"cc.PrefabInfo","root":{"__id__":1},"asset":{"__uuid__":"b9E+V/ia9AlqD+RZai3Mp0"},"fileId":"a8GleHVYlIZKcBEkcBWIFF"},"_color":{"__type__":"cc.Color","r":159,"g":90,"b":25},"_contentSize":{"__type__":"cc.Size","width":66,"height":27.72},"_trs":{"__type__":"TypedArray","ctor":"Float64Array","array":[0,60,0,0,0,0,1,1,1,1]}},{"__type__":"cc.Node","_name":"daybal1_en","_parent":{"__id__":14},"_active":false,"_components":[{"__type__":"cc.Label","node":{"__id__":16},"_materials":[{"__uuid__":"ecpdLyjvZBwrvm+cedCcQy"}],"_string":"بىرىنچى كۈنى","_N$string":"بىرىنچى كۈنى","_fontSize":19,"_lineHeight":19,"_N$file":{"__uuid__":"farb0WbWZMgrGmuICOt0MU"},"_isSystemFontUsed":false,"_N$horizontalAlign":1,"_N$verticalAlign":1,"_N$overflow":1}],"_prefab":{"__type__":"cc.PrefabInfo","root":{"__id__":1},"asset":{"__uuid__":"b9E+V/ia9AlqD+RZai3Mp0"},"fileId":"28jjUGcEhC7KChJFxTlqkV"},"_color":{"__type__":"cc.Color","r":159,"g":90,"b":25},"_contentSize":{"__type__":"cc.Size","width":126.69,"height":36.72},"_trs":{"__type__":"TypedArray","ctor":"Float64Array","array":[-2,60,0,0,0,0,1,1,1,1]}},{"__type__":"cc.Node","_name":"tp_ic_hongbao1","_parent":{"__id__":14},"_components":[{"__type__":"cc.Sprite","node":{"__id__":17},"_materials":[{"__uuid__":"ecpdLyjvZBwrvm+cedCcQy"}],"_spriteFrame":{"__uuid__":"belAQU2NpP/7JzJ6dTw0kf"}}],"_prefab":{"__type__":"cc.PrefabInfo","root":{"__id__":1},"asset":{"__uuid__":"b9E+V/ia9AlqD+RZai3Mp0"},"fileId":"4eI3XZBgNBp5QviKUSBCg6"},"_contentSize":{"__type__":"cc.Size","width":54,"height":64},"_trs":{"__type__":"TypedArray","ctor":"Float64Array","array":[0,0,0,0,0,0,1,1,1,1]}},{"__type__":"cc.Node","_name":"coin1","_parent":{"__id__":14},"_components":[{"__type__":"cc.Label","node":{"__id__":18},"_materials":[{"__uuid__":"ecpdLyjvZBwrvm+cedCcQy"}],"_useOriginalSize":false,"_string":"0","_N$string":"0","_fontSize":23,"_lineHeight":23,"_N$horizontalAlign":1,"_N$verticalAlign":1}],"_prefab":{"__type__":"cc.PrefabInfo","root":{"__id__":1},"asset":{"__uuid__":"b9E+V/ia9AlqD+RZai3Mp0"},"fileId":"1bzcqHX0VEgbDGuUnsUmXx"},"_color":{"__type__":"cc.Color","r":159,"g":90,"b":25},"_contentSize":{"__type__":"cc.Size","width":12.79,"height":28.98},"_trs":{"__type__":"TypedArray","ctor":"Float64Array","array":[0,-60,0,0,0,0,1,1,1,1]}},{"__type__":"cc.Node","_name":"day2","_parent":{"__id__":7},"_children":[{"__id__":20},{"__id__":25}],"_prefab":{"__type__":"cc.PrefabInfo","root":{"__id__":1},"asset":{"__uuid__":"b9E+V/ia9AlqD+RZai3Mp0"},"fileId":"0ccGjz3VNOSJ0iurWKhc/T"},"_contentSize":{"__type__":"cc.Size","width":122,"height":160},"_trs":{"__type__":"TypedArray","ctor":"Float64Array","array":[-70,147.035,0,0,0,0,1,1,1,1]}},{"__type__":"cc.Node","_name":"pg_xiaoriqihui2","_parent":{"__id__":19},"_children":[{"__id__":21},{"__id__":22},{"__id__":23},{"__id__":24}],"_components":[{"__type__":"cc.Sprite","node":{"__id__":20},"_materials":[{"__uuid__":"ecpdLyjvZBwrvm+cedCcQy"}],"_spriteFrame":{"__uuid__":"95lUUTvEBB+6/yCC93Lq/v"}}],"_prefab":{"__type__":"cc.PrefabInfo","root":{"__id__":1},"asset":{"__uuid__":"b9E+V/ia9AlqD+RZai3Mp0"},"fileId":"41soAfbvZLe59GhKjUB8UR"},"_contentSize":{"__type__":"cc.Size","width":122,"height":160},"_trs":{"__type__":"TypedArray","ctor":"Float64Array","array":[0,0,0,0,0,0,1,1,1,1]}},{"__type__":"cc.Node","_name":"Kdaybal2","_parent":{"__id__":20},"_components":[{"__type__":"41ebaVoPpRA4Kp67XEdHfZn","node":{"__id__":21},"_materials":[{"__uuid__":"ecpdLyjvZBwrvm+cedCcQy"}],"_string":"第二天","_N$string":"第二天","_fontSize":22,"_lineHeight":22,"_N$horizontalAlign":1,"_N$verticalAlign":1,"i18n_string":"sign_layer_1_4"}],"_prefab":{"__type__":"cc.PrefabInfo","root":{"__id__":1},"asset":{"__uuid__":"b9E+V/ia9AlqD+RZai3Mp0"},"fileId":"1dO01cW6ZBTbs3QCkLDtAm"},"_color":{"__type__":"cc.Color","r":85,"g":85,"b":85},"_contentSize":{"__type__":"cc.Size","width":66,"height":27.72},"_trs":{"__type__":"TypedArray","ctor":"Float64Array","array":[0,60,0,0,0,0,1,1,1,1]}},{"__type__":"cc.Node","_name":"tp_ic_hongbaohui2","_parent":{"__id__":20},"_components":[{"__type__":"cc.Sprite","node":{"__id__":22},"_materials":[{"__uuid__":"ecpdLyjvZBwrvm+cedCcQy"}],"_spriteFrame":{"__uuid__":"a4v6QYJ6FFbKrtBKJRb6om"}}],"_prefab":{"__type__":"cc.PrefabInfo","root":{"__id__":1},"asset":{"__uuid__":"b9E+V/ia9AlqD+RZai3Mp0"},"fileId":"c1Wo1YaEpI8rb3SaVeDt0V"},"_contentSize":{"__type__":"cc.Size","width":54,"height":64},"_trs":{"__type__":"TypedArray","ctor":"Float64Array","array":[0,0,0,0,0,0,1,1,1,1]}},{"__type__":"cc.Node","_name":"Kcoin2","_parent":{"__id__":20},"_components":[{"__type__":"cc.Label","node":{"__id__":23},"_materials":[{"__uuid__":"ecpdLyjvZBwrvm+cedCcQy"}],"_useOriginalSize":false,"_string":"1500","_N$string":"1500","_fontSize":23,"_lineHeight":23,"_N$horizontalAlign":1,"_N$verticalAlign":1}],"_prefab":{"__type__":"cc.PrefabInfo","root":{"__id__":1},"asset":{"__uuid__":"b9E+V/ia9AlqD+RZai3Mp0"},"fileId":"479MKZhhhLIqaJn1XrxT+O"},"_color":{"__type__":"cc.Color","r":85,"g":85,"b":85},"_contentSize":{"__type__":"cc.Size","width":51.17,"height":28.98},"_trs":{"__type__":"TypedArray","ctor":"Float64Array","array":[0,-60,0,0,0,0,1,1,1,1]}},{"__type__":"cc.Node","_name":"ic_duihao2","_parent":{"__id__":20},"_components":[{"__type__":"cc.Sprite","node":{"__id__":24},"_materials":[{"__uuid__":"ecpdLyjvZBwrvm+cedCcQy"}],"_spriteFrame":{"__uuid__":"13fgCIugBCrqbtUKjolPdP"}}],"_prefab":{"__type__":"cc.PrefabInfo","root":{"__id__":1},"asset":{"__uuid__":"b9E+V/ia9AlqD+RZai3Mp0"},"fileId":"4fP9dC8CRJ5a1R2Z3sMhHH"},"_contentSize":{"__type__":"cc.Size","width":50,"height":40},"_trs":{"__type__":"TypedArray","ctor":"Float64Array","array":[24,29,0,0,0,0,1,1,1,1]}},{"__type__":"cc.Node","_name":"pb_xiaoriqi2","_parent":{"__id__":19},"_children":[{"__id__":26},{"__id__":27},{"__id__":28},{"__id__":29}],"_components":[{"__type__":"cc.Sprite","node":{"__id__":25},"_materials":[{"__uuid__":"ecpdLyjvZBwrvm+cedCcQy"}],"_spriteFrame":{"__uuid__":"80Chts7fJMH58fB51VSjMi"}}],"_prefab":{"__type__":"cc.PrefabInfo","root":{"__id__":1},"asset":{"__uuid__":"b9E+V/ia9AlqD+RZai3Mp0"},"fileId":"e47dRYPQlAVr3mbsj4ZOU5"},"_contentSize":{"__type__":"cc.Size","width":122,"height":160},"_trs":{"__type__":"TypedArray","ctor":"Float64Array","array":[0,0,0,0,0,0,1,1,1,1]}},{"__type__":"cc.Node","_name":"daybal2","_parent":{"__id__":25},"_components":[{"__type__":"41ebaVoPpRA4Kp67XEdHfZn","node":{"__id__":26},"_materials":[{"__uuid__":"ecpdLyjvZBwrvm+cedCcQy"}],"_string":"第二天","_N$string":"第二天","_fontSize":22,"_lineHeight":22,"_N$file":{"__uuid__":"farb0WbWZMgrGmuICOt0MU"},"_isSystemFontUsed":false,"_N$horizontalAlign":1,"_N$verticalAlign":1}],"_prefab":{"__type__":"cc.PrefabInfo","root":{"__id__":1},"asset":{"__uuid__":"b9E+V/ia9AlqD+RZai3Mp0"},"fileId":"64z6hwYCtGgKrWP7LZVw4d"},"_color":{"__type__":"cc.Color","r":159,"g":90,"b":25},"_contentSize":{"__type__":"cc.Size","width":66,"height":27.72},"_trs":{"__type__":"TypedArray","ctor":"Float64Array","array":[0,60,0,0,0,0,1,1,1,1]}},{"__type__":"cc.Node","_name":"daybal2_en","_parent":{"__id__":25},"_active":false,"_components":[{"__type__":"cc.Label","node":{"__id__":27},"_materials":[{"__uuid__":"ecpdLyjvZBwrvm+cedCcQy"}],"_string":"ئىككىنچى كۈنى","_N$string":"ئىككىنچى كۈنى","_fontSize":19,"_lineHeight":19,"_N$file":{"__uuid__":"farb0WbWZMgrGmuICOt0MU"},"_isSystemFontUsed":false,"_N$verticalAlign":1,"_N$overflow":1}],"_prefab":{"__type__":"cc.PrefabInfo","root":{"__id__":1},"asset":{"__uuid__":"b9E+V/ia9AlqD+RZai3Mp0"},"fileId":"0dfoSNsaxBrqyp5aGiC7Oo"},"_color":{"__type__":"cc.Color","r":159,"g":90,"b":25},"_contentSize":{"__type__":"cc.Size","width":126.69,"height":36.72},"_trs":{"__type__":"TypedArray","ctor":"Float64Array","array":[4,60,0,0,0,0,1,1,1,1]}},{"__type__":"cc.Node","_name":"tp_ic_hongbao2","_parent":{"__id__":25},"_components":[{"__type__":"cc.Sprite","node":{"__id__":28},"_materials":[{"__uuid__":"ecpdLyjvZBwrvm+cedCcQy"}],"_spriteFrame":{"__uuid__":"belAQU2NpP/7JzJ6dTw0kf"}}],"_prefab":{"__type__":"cc.PrefabInfo","root":{"__id__":1},"asset":{"__uuid__":"b9E+V/ia9AlqD+RZai3Mp0"},"fileId":"06q51WYUJFpZ9DSYmffRLJ"},"_contentSize":{"__type__":"cc.Size","width":54,"height":64},"_trs":{"__type__":"TypedArray","ctor":"Float64Array","array":[0,0,0,0,0,0,1,1,1,1]}},{"__type__":"cc.Node","_name":"coin2","_parent":{"__id__":25},"_components":[{"__type__":"cc.Label","node":{"__id__":29},"_materials":[{"__uuid__":"ecpdLyjvZBwrvm+cedCcQy"}],"_useOriginalSize":false,"_string":"1500","_N$string":"1500","_fontSize":23,"_lineHeight":23,"_N$horizontalAlign":1,"_N$verticalAlign":1}],"_prefab":{"__type__":"cc.PrefabInfo","root":{"__id__":1},"asset":{"__uuid__":"b9E+V/ia9AlqD+RZai3Mp0"},"fileId":"97wQ8fcYROKZAfN1GTrrh6"},"_color":{"__type__":"cc.Color","r":159,"g":90,"b":25},"_contentSize":{"__type__":"cc.Size","width":51.17,"height":28.98},"_trs":{"__type__":"TypedArray","ctor":"Float64Array","array":[0,-60,0,0,0,0,1,1,1,1]}},{"__type__":"cc.Node","_name":"day3","_parent":{"__id__":7},"_children":[{"__id__":31},{"__id__":36}],"_prefab":{"__type__":"cc.PrefabInfo","root":{"__id__":1},"asset":{"__uuid__":"b9E+V/ia9AlqD+RZai3Mp0"},"fileId":"3d7punBNJC3K/i9bX7UUml"},"_contentSize":{"__type__":"cc.Size","width":122,"height":160},"_trs":{"__type__":"TypedArray","ctor":"Float64Array","array":[70,147.035,0,0,0,0,1,1,1,1]}},{"__type__":"cc.Node","_name":"pg_xiaoriqihui3","_parent":{"__id__":30},"_children":[{"__id__":32},{"__id__":33},{"__id__":34},{"__id__":35}],"_components":[{"__type__":"cc.Sprite","node":{"__id__":31},"_materials":[{"__uuid__":"ecpdLyjvZBwrvm+cedCcQy"}],"_spriteFrame":{"__uuid__":"95lUUTvEBB+6/yCC93Lq/v"}}],"_prefab":{"__type__":"cc.PrefabInfo","root":{"__id__":1},"asset":{"__uuid__":"b9E+V/ia9AlqD+RZai3Mp0"},"fileId":"43JZK7nYhNb4fbqMLQn0Sn"},"_contentSize":{"__type__":"cc.Size","width":122,"height":160},"_trs":{"__type__":"TypedArray","ctor":"Float64Array","array":[0,0,0,0,0,0,1,1,1,1]}},{"__type__":"cc.Node","_name":"Kdaybal3","_parent":{"__id__":31},"_components":[{"__type__":"41ebaVoPpRA4Kp67XEdHfZn","node":{"__id__":32},"_materials":[{"__uuid__":"ecpdLyjvZBwrvm+cedCcQy"}],"_string":"第三天","_N$string":"第三天","_fontSize":22,"_lineHeight":22,"_N$horizontalAlign":1,"_N$verticalAlign":1,"i18n_string":"sign_layer_1_6"}],"_prefab":{"__type__":"cc.PrefabInfo","root":{"__id__":1},"asset":{"__uuid__":"b9E+V/ia9AlqD+RZai3Mp0"},"fileId":"5bFsXONxNN+LWhj/nfbpel"},"_color":{"__type__":"cc.Color","r":85,"g":85,"b":85},"_contentSize":{"__type__":"cc.Size","width":66,"height":27.72},"_trs":{"__type__":"TypedArray","ctor":"Float64Array","array":[0,60,0,0,0,0,1,1,1,1]}},{"__type__":"cc.Node","_name":"tp_ic_hongbaohui3","_parent":{"__id__":31},"_components":[{"__type__":"cc.Sprite","node":{"__id__":33},"_materials":[{"__uuid__":"ecpdLyjvZBwrvm+cedCcQy"}],"_spriteFrame":{"__uuid__":"a4v6QYJ6FFbKrtBKJRb6om"}}],"_prefab":{"__type__":"cc.PrefabInfo","root":{"__id__":1},"asset":{"__uuid__":"b9E+V/ia9AlqD+RZai3Mp0"},"fileId":"3et2cm2tVEUoMmW3lkl8Tg"},"_contentSize":{"__type__":"cc.Size","width":54,"height":64},"_trs":{"__type__":"TypedArray","ctor":"Float64Array","array":[0,0,0,0,0,0,1,1,1,1]}},{"__type__":"cc.Node","_name":"Kcoin3","_parent":{"__id__":31},"_components":[{"__type__":"cc.Label","node":{"__id__":34},"_materials":[{"__uuid__":"ecpdLyjvZBwrvm+cedCcQy"}],"_useOriginalSize":false,"_string":"2000","_N$string":"2000","_fontSize":23,"_lineHeight":23,"_N$horizontalAlign":1,"_N$verticalAlign":1}],"_prefab":{"__type__":"cc.PrefabInfo","root":{"__id__":1},"asset":{"__uuid__":"b9E+V/ia9AlqD+RZai3Mp0"},"fileId":"0cxrKt8LZGQbiFdWMYuQHL"},"_color":{"__type__":"cc.Color","r":85,"g":85,"b":85},"_contentSize":{"__type__":"cc.Size","width":51.17,"height":28.98},"_trs":{"__type__":"TypedArray","ctor":"Float64Array","array":[0,-60,0,0,0,0,1,1,1,1]}},{"__type__":"cc.Node","_name":"ic_duihao3","_parent":{"__id__":31},"_components":[{"__type__":"cc.Sprite","node":{"__id__":35},"_materials":[{"__uuid__":"ecpdLyjvZBwrvm+cedCcQy"}],"_spriteFrame":{"__uuid__":"13fgCIugBCrqbtUKjolPdP"}}],"_prefab":{"__type__":"cc.PrefabInfo","root":{"__id__":1},"asset":{"__uuid__":"b9E+V/ia9AlqD+RZai3Mp0"},"fileId":"31jxyDjQZF15XyDetfdIXO"},"_contentSize":{"__type__":"cc.Size","width":50,"height":40},"_trs":{"__type__":"TypedArray","ctor":"Float64Array","array":[24,29,0,0,0,0,1,1,1,1]}},{"__type__":"cc.Node","_name":"pb_xiaoriqi3","_parent":{"__id__":30},"_children":[{"__id__":37},{"__id__":38},{"__id__":39},{"__id__":40}],"_components":[{"__type__":"cc.Sprite","node":{"__id__":36},"_materials":[{"__uuid__":"ecpdLyjvZBwrvm+cedCcQy"}],"_spriteFrame":{"__uuid__":"80Chts7fJMH58fB51VSjMi"}}],"_prefab":{"__type__":"cc.PrefabInfo","root":{"__id__":1},"asset":{"__uuid__":"b9E+V/ia9AlqD+RZai3Mp0"},"fileId":"8bsdQqWoFCCIHsjdnOnqhB"},"_contentSize":{"__type__":"cc.Size","width":122,"height":160},"_trs":{"__type__":"TypedArray","ctor":"Float64Array","array":[0,0,0,0,0,0,1,1,1,1]}},{"__type__":"cc.Node","_name":"daybal3","_parent":{"__id__":36},"_components":[{"__type__":"41ebaVoPpRA4Kp67XEdHfZn","node":{"__id__":37},"_materials":[{"__uuid__":"ecpdLyjvZBwrvm+cedCcQy"}],"_string":"第三天","_N$string":"第三天","_fontSize":22,"_lineHeight":22,"_N$file":{"__uuid__":"farb0WbWZMgrGmuICOt0MU"},"_isSystemFontUsed":false,"_N$horizontalAlign":1,"_N$verticalAlign":1}],"_prefab":{"__type__":"cc.PrefabInfo","root":{"__id__":1},"asset":{"__uuid__":"b9E+V/ia9AlqD+RZai3Mp0"},"fileId":"f15hOPSY5O/ooy1vSIZkII"},"_color":{"__type__":"cc.Color","r":159,"g":90,"b":25},"_contentSize":{"__type__":"cc.Size","width":66,"height":27.72},"_trs":{"__type__":"TypedArray","ctor":"Float64Array","array":[0,60,0,0,0,0,1,1,1,1]}},{"__type__":"cc.Node","_name":"daybal3_en","_parent":{"__id__":36},"_active":false,"_components":[{"__type__":"cc.Label","node":{"__id__":38},"_materials":[{"__uuid__":"ecpdLyjvZBwrvm+cedCcQy"}],"_string":"چۈچىنچى كۈنى","_N$string":"چۈچىنچى كۈنى","_fontSize":19,"_lineHeight":19,"_N$file":{"__uuid__":"farb0WbWZMgrGmuICOt0MU"},"_isSystemFontUsed":false,"_N$verticalAlign":1,"_N$overflow":1}],"_prefab":{"__type__":"cc.PrefabInfo","root":{"__id__":1},"asset":{"__uuid__":"b9E+V/ia9AlqD+RZai3Mp0"},"fileId":"a6ajClaDlKqqesEf42DKHS"},"_color":{"__type__":"cc.Color","r":159,"g":90,"b":25},"_contentSize":{"__type__":"cc.Size","width":126.69,"height":36.72},"_trs":{"__type__":"TypedArray","ctor":"Float64Array","array":[4,60,0,0,0,0,1,1,1,1]}},{"__type__":"cc.Node","_name":"tp_ic_hongbao3","_parent":{"__id__":36},"_components":[{"__type__":"cc.Sprite","node":{"__id__":39},"_materials":[{"__uuid__":"ecpdLyjvZBwrvm+cedCcQy"}],"_spriteFrame":{"__uuid__":"belAQU2NpP/7JzJ6dTw0kf"}}],"_prefab":{"__type__":"cc.PrefabInfo","root":{"__id__":1},"asset":{"__uuid__":"b9E+V/ia9AlqD+RZai3Mp0"},"fileId":"ae4ggTURFCbZRjB07L3bKJ"},"_contentSize":{"__type__":"cc.Size","width":54,"height":64},"_trs":{"__type__":"TypedArray","ctor":"Float64Array","array":[0,0,0,0,0,0,1,1,1,1]}},{"__type__":"cc.Node","_name":"coin3","_parent":{"__id__":36},"_components":[{"__type__":"cc.Label","node":{"__id__":40},"_materials":[{"__uuid__":"ecpdLyjvZBwrvm+cedCcQy"}],"_useOriginalSize":false,"_string":"2000","_N$string":"2000","_fontSize":23,"_lineHeight":23,"_N$horizontalAlign":1,"_N$verticalAlign":1}],"_prefab":{"__type__":"cc.PrefabInfo","root":{"__id__":1},"asset":{"__uuid__":"b9E+V/ia9AlqD+RZai3Mp0"},"fileId":"796Tgw2khCCacnRBpG7mOt"},"_color":{"__type__":"cc.Color","r":159,"g":90,"b":25},"_contentSize":{"__type__":"cc.Size","width":51.17,"height":28.98},"_trs":{"__type__":"TypedArray","ctor":"Float64Array","array":[0,-60,0,0,0,0,1,1,1,1]}},{"__type__":"cc.Node","_name":"day4","_parent":{"__id__":7},"_children":[{"__id__":42},{"__id__":47}],"_prefab":{"__type__":"cc.PrefabInfo","root":{"__id__":1},"asset":{"__uuid__":"b9E+V/ia9AlqD+RZai3Mp0"},"fileId":"29TQo7Z11GH7ANpdKVijIH"},"_contentSize":{"__type__":"cc.Size","width":122,"height":160},"_trs":{"__type__":"TypedArray","ctor":"Float64Array","array":[210,147.035,0,0,0,0,1,1,1,1]}},{"__type__":"cc.Node","_name":"pg_xiaoriqihui4","_parent":{"__id__":41},"_children":[{"__id__":43},{"__id__":44},{"__id__":45},{"__id__":46}],"_components":[{"__type__":"cc.Sprite","node":{"__id__":42},"_materials":[{"__uuid__":"ecpdLyjvZBwrvm+cedCcQy"}],"_spriteFrame":{"__uuid__":"95lUUTvEBB+6/yCC93Lq/v"}}],"_prefab":{"__type__":"cc.PrefabInfo","root":{"__id__":1},"asset":{"__uuid__":"b9E+V/ia9AlqD+RZai3Mp0"},"fileId":"60Cjn5tHFM0r5u1m5kOyLM"},"_contentSize":{"__type__":"cc.Size","width":122,"height":160},"_trs":{"__type__":"TypedArray","ctor":"Float64Array","array":[0,0,0,0,0,0,1,1,1,1]}},{"__type__":"cc.Node","_name":"Kdaybal4","_parent":{"__id__":42},"_components":[{"__type__":"41ebaVoPpRA4Kp67XEdHfZn","node":{"__id__":43},"_materials":[{"__uuid__":"ecpdLyjvZBwrvm+cedCcQy"}],"_string":"第四天","_N$string":"第四天","_fontSize":22,"_lineHeight":22,"_N$horizontalAlign":1,"_N$verticalAlign":1,"i18n_string":"sign_layer_1_8"}],"_prefab":{"__type__":"cc.PrefabInfo","root":{"__id__":1},"asset":{"__uuid__":"b9E+V/ia9AlqD+RZai3Mp0"},"fileId":"3d/IxpC1JC3bYqGQgeAQ2d"},"_color":{"__type__":"cc.Color","r":85,"g":85,"b":85},"_contentSize":{"__type__":"cc.Size","width":66,"height":27.72},"_trs":{"__type__":"TypedArray","ctor":"Float64Array","array":[0,60,0,0,0,0,1,1,1,1]}},{"__type__":"cc.Node","_name":"tp_ic_hongbaohui4","_parent":{"__id__":42},"_components":[{"__type__":"cc.Sprite","node":{"__id__":44},"_materials":[{"__uuid__":"ecpdLyjvZBwrvm+cedCcQy"}],"_spriteFrame":{"__uuid__":"a4v6QYJ6FFbKrtBKJRb6om"}}],"_prefab":{"__type__":"cc.PrefabInfo","root":{"__id__":1},"asset":{"__uuid__":"b9E+V/ia9AlqD+RZai3Mp0"},"fileId":"97Sx48pypIW5E/HPqw3Ee7"},"_contentSize":{"__type__":"cc.Size","width":54,"height":64},"_trs":{"__type__":"TypedArray","ctor":"Float64Array","array":[0,0,0,0,0,0,1,1,1,1]}},{"__type__":"cc.Node","_name":"Kcoin4","_parent":{"__id__":42},"_components":[{"__type__":"cc.Label","node":{"__id__":45},"_materials":[{"__uuid__":"ecpdLyjvZBwrvm+cedCcQy"}],"_useOriginalSize":false,"_string":"3000","_N$string":"3000","_fontSize":23,"_lineHeight":23,"_N$horizontalAlign":1,"_N$verticalAlign":1}],"_prefab":{"__type__":"cc.PrefabInfo","root":{"__id__":1},"asset":{"__uuid__":"b9E+V/ia9AlqD+RZai3Mp0"},"fileId":"edFBox6uZEk4QvzJ/XByKX"},"_color":{"__type__":"cc.Color","r":85,"g":85,"b":85},"_contentSize":{"__type__":"cc.Size","width":51.17,"height":28.98},"_trs":{"__type__":"TypedArray","ctor":"Float64Array","array":[0,-60,0,0,0,0,1,1,1,1]}},{"__type__":"cc.Node","_name":"ic_duihao4","_parent":{"__id__":42},"_components":[{"__type__":"cc.Sprite","node":{"__id__":46},"_materials":[{"__uuid__":"ecpdLyjvZBwrvm+cedCcQy"}],"_spriteFrame":{"__uuid__":"13fgCIugBCrqbtUKjolPdP"}}],"_prefab":{"__type__":"cc.PrefabInfo","root":{"__id__":1},"asset":{"__uuid__":"b9E+V/ia9AlqD+RZai3Mp0"},"fileId":"5eynEDyqVGEIVAJDeHXDjv"},"_contentSize":{"__type__":"cc.Size","width":50,"height":40},"_trs":{"__type__":"TypedArray","ctor":"Float64Array","array":[24,29,0,0,0,0,1,1,1,1]}},{"__type__":"cc.Node","_name":"pb_xiaoriqi4","_parent":{"__id__":41},"_children":[{"__id__":48},{"__id__":49},{"__id__":50},{"__id__":51}],"_components":[{"__type__":"cc.Sprite","node":{"__id__":47},"_materials":[{"__uuid__":"ecpdLyjvZBwrvm+cedCcQy"}],"_spriteFrame":{"__uuid__":"80Chts7fJMH58fB51VSjMi"}}],"_prefab":{"__type__":"cc.PrefabInfo","root":{"__id__":1},"asset":{"__uuid__":"b9E+V/ia9AlqD+RZai3Mp0"},"fileId":"e0PuCnnRZCKK44uFyDcE4Y"},"_contentSize":{"__type__":"cc.Size","width":122,"height":160},"_trs":{"__type__":"TypedArray","ctor":"Float64Array","array":[0,0,0,0,0,0,1,1,1,1]}},{"__type__":"cc.Node","_name":"daybal4","_parent":{"__id__":47},"_components":[{"__type__":"41ebaVoPpRA4Kp67XEdHfZn","node":{"__id__":48},"_materials":[{"__uuid__":"ecpdLyjvZBwrvm+cedCcQy"}],"_string":"第四天","_N$string":"第四天","_fontSize":22,"_lineHeight":22,"_N$file":{"__uuid__":"farb0WbWZMgrGmuICOt0MU"},"_isSystemFontUsed":false,"_N$horizontalAlign":1,"_N$verticalAlign":1}],"_prefab":{"__type__":"cc.PrefabInfo","root":{"__id__":1},"asset":{"__uuid__":"b9E+V/ia9AlqD+RZai3Mp0"},"fileId":"b8sS0NfjZNW6KwISvaHFIO"},"_color":{"__type__":"cc.Color","r":159,"g":90,"b":25},"_contentSize":{"__type__":"cc.Size","width":66,"height":27.72},"_trs":{"__type__":"TypedArray","ctor":"Float64Array","array":[0,60,0,0,0,0,1,1,1,1]}},{"__type__":"cc.Node","_name":"daybal4_en","_parent":{"__id__":47},"_active":false,"_components":[{"__type__":"cc.Label","node":{"__id__":49},"_materials":[{"__uuid__":"ecpdLyjvZBwrvm+cedCcQy"}],"_string":"تۈتىنچى كۈنى","_N$string":"تۈتىنچى كۈنى","_fontSize":19,"_lineHeight":19,"_N$file":{"__uuid__":"farb0WbWZMgrGmuICOt0MU"},"_isSystemFontUsed":false,"_N$horizontalAlign":1,"_N$verticalAlign":1,"_N$overflow":1}],"_prefab":{"__type__":"cc.PrefabInfo","root":{"__id__":1},"asset":{"__uuid__":"b9E+V/ia9AlqD+RZai3Mp0"},"fileId":"feyekHLv1KyJlqklbua5tS"},"_color":{"__type__":"cc.Color","r":159,"g":90,"b":25},"_contentSize":{"__type__":"cc.Size","width":126.69,"height":36.72},"_trs":{"__type__":"TypedArray","ctor":"Float64Array","array":[-4,60,0,0,0,0,1,1,1,1]}},{"__type__":"cc.Node","_name":"tp_ic_hongbao4","_parent":{"__id__":47},"_components":[{"__type__":"cc.Sprite","node":{"__id__":50},"_materials":[{"__uuid__":"ecpdLyjvZBwrvm+cedCcQy"}],"_spriteFrame":{"__uuid__":"belAQU2NpP/7JzJ6dTw0kf"}}],"_prefab":{"__type__":"cc.PrefabInfo","root":{"__id__":1},"asset":{"__uuid__":"b9E+V/ia9AlqD+RZai3Mp0"},"fileId":"e7mcqEiahId7RFdekuIsoa"},"_contentSize":{"__type__":"cc.Size","width":54,"height":64},"_trs":{"__type__":"TypedArray","ctor":"Float64Array","array":[0,0,0,0,0,0,1,1,1,1]}},{"__type__":"cc.Node","_name":"coin4","_parent":{"__id__":47},"_components":[{"__type__":"cc.Label","node":{"__id__":51},"_materials":[{"__uuid__":"ecpdLyjvZBwrvm+cedCcQy"}],"_useOriginalSize":false,"_string":"3000","_N$string":"3000","_fontSize":23,"_lineHeight":23,"_N$horizontalAlign":1,"_N$verticalAlign":1}],"_prefab":{"__type__":"cc.PrefabInfo","root":{"__id__":1},"asset":{"__uuid__":"b9E+V/ia9AlqD+RZai3Mp0"},"fileId":"9dv/bY3FBB+7A7he3knieh"},"_color":{"__type__":"cc.Color","r":159,"g":90,"b":25},"_contentSize":{"__type__":"cc.Size","width":51.17,"height":28.98},"_trs":{"__type__":"TypedArray","ctor":"Float64Array","array":[0,-60,0,0,0,0,1,1,1,1]}},{"__type__":"cc.Node","_name":"day5","_parent":{"__id__":7},"_children":[{"__id__":53},{"__id__":58}],"_prefab":{"__type__":"cc.PrefabInfo","root":{"__id__":1},"asset":{"__uuid__":"b9E+V/ia9AlqD+RZai3Mp0"},"fileId":"913JQ6P9tD1r5SVBsRgcbF"},"_contentSize":{"__type__":"cc.Size","width":122,"height":160},"_trs":{"__type__":"TypedArray","ctor":"Float64Array","array":[-210,-42.965,0,0,0,0,1,1,1,1]}},{"__type__":"cc.Node","_name":"pg_xiaoriqihui5","_parent":{"__id__":52},"_children":[{"__id__":54},{"__id__":55},{"__id__":56},{"__id__":57}],"_components":[{"__type__":"cc.Sprite","node":{"__id__":53},"_materials":[{"__uuid__":"ecpdLyjvZBwrvm+cedCcQy"}],"_spriteFrame":{"__uuid__":"95lUUTvEBB+6/yCC93Lq/v"}}],"_prefab":{"__type__":"cc.PrefabInfo","root":{"__id__":1},"asset":{"__uuid__":"b9E+V/ia9AlqD+RZai3Mp0"},"fileId":"b6/hQBwGpKP7gwTGOAdpBs"},"_contentSize":{"__type__":"cc.Size","width":122,"height":160},"_trs":{"__type__":"TypedArray","ctor":"Float64Array","array":[0,0,0,0,0,0,1,1,1,1]}},{"__type__":"cc.Node","_name":"Kdaybal5","_parent":{"__id__":53},"_components":[{"__type__":"41ebaVoPpRA4Kp67XEdHfZn","node":{"__id__":54},"_materials":[{"__uuid__":"ecpdLyjvZBwrvm+cedCcQy"}],"_string":"第五天","_N$string":"第五天","_fontSize":22,"_lineHeight":22,"_N$horizontalAlign":1,"_N$verticalAlign":1,"i18n_string":"sign_layer_1_10"}],"_prefab":{"__type__":"cc.PrefabInfo","root":{"__id__":1},"asset":{"__uuid__":"b9E+V/ia9AlqD+RZai3Mp0"},"fileId":"52+i9TM7hLdLcZnGHLayEH"},"_color":{"__type__":"cc.Color","r":85,"g":85,"b":85},"_contentSize":{"__type__":"cc.Size","width":66,"height":27.72},"_trs":{"__type__":"TypedArray","ctor":"Float64Array","array":[0,60,0,0,0,0,1,1,1,1]}},{"__type__":"cc.Node","_name":"tp_ic_hongbaohui5","_parent":{"__id__":53},"_components":[{"__type__":"cc.Sprite","node":{"__id__":55},"_materials":[{"__uuid__":"ecpdLyjvZBwrvm+cedCcQy"}],"_spriteFrame":{"__uuid__":"a4v6QYJ6FFbKrtBKJRb6om"}}],"_prefab":{"__type__":"cc.PrefabInfo","root":{"__id__":1},"asset":{"__uuid__":"b9E+V/ia9AlqD+RZai3Mp0"},"fileId":"15f4aaKJZCNIlCn0EWLu7M"},"_contentSize":{"__type__":"cc.Size","width":54,"height":64},"_trs":{"__type__":"TypedArray","ctor":"Float64Array","array":[0,0,0,0,0,0,1,1,1,1]}},{"__type__":"cc.Node","_name":"Kcoin5","_parent":{"__id__":53},"_components":[{"__type__":"cc.Label","node":{"__id__":56},"_materials":[{"__uuid__":"ecpdLyjvZBwrvm+cedCcQy"}],"_useOriginalSize":false,"_string":"4000","_N$string":"4000","_fontSize":23,"_lineHeight":23,"_N$horizontalAlign":1,"_N$verticalAlign":1}],"_prefab":{"__type__":"cc.PrefabInfo","root":{"__id__":1},"asset":{"__uuid__":"b9E+V/ia9AlqD+RZai3Mp0"},"fileId":"d1+G8wtxRDV5DE5IKKkiu0"},"_color":{"__type__":"cc.Color","r":85,"g":85,"b":85},"_contentSize":{"__type__":"cc.Size","width":51.17,"height":28.98},"_trs":{"__type__":"TypedArray","ctor":"Float64Array","array":[0,-60,0,0,0,0,1,1,1,1]}},{"__type__":"cc.Node","_name":"ic_duihao5","_parent":{"__id__":53},"_components":[{"__type__":"cc.Sprite","node":{"__id__":57},"_materials":[{"__uuid__":"ecpdLyjvZBwrvm+cedCcQy"}],"_spriteFrame":{"__uuid__":"13fgCIugBCrqbtUKjolPdP"}}],"_prefab":{"__type__":"cc.PrefabInfo","root":{"__id__":1},"asset":{"__uuid__":"b9E+V/ia9AlqD+RZai3Mp0"},"fileId":"5bp+VPjupHV4Vtmam8640x"},"_contentSize":{"__type__":"cc.Size","width":50,"height":40},"_trs":{"__type__":"TypedArray","ctor":"Float64Array","array":[24,29,0,0,0,0,1,1,1,1]}},{"__type__":"cc.Node","_name":"pb_xiaoriqi5","_parent":{"__id__":52},"_children":[{"__id__":59},{"__id__":60},{"__id__":61},{"__id__":62}],"_components":[{"__type__":"cc.Sprite","node":{"__id__":58},"_materials":[{"__uuid__":"ecpdLyjvZBwrvm+cedCcQy"}],"_spriteFrame":{"__uuid__":"80Chts7fJMH58fB51VSjMi"}}],"_prefab":{"__type__":"cc.PrefabInfo","root":{"__id__":1},"asset":{"__uuid__":"b9E+V/ia9AlqD+RZai3Mp0"},"fileId":"3bxFG3AWRPsJNIWNZsnXtO"},"_contentSize":{"__type__":"cc.Size","width":122,"height":160},"_trs":{"__type__":"TypedArray","ctor":"Float64Array","array":[0,0,0,0,0,0,1,1,1,1]}},{"__type__":"cc.Node","_name":"daybal5","_parent":{"__id__":58},"_components":[{"__type__":"41ebaVoPpRA4Kp67XEdHfZn","node":{"__id__":59},"_materials":[{"__uuid__":"ecpdLyjvZBwrvm+cedCcQy"}],"_string":"第五天","_N$string":"第五天","_fontSize":22,"_lineHeight":22,"_N$file":{"__uuid__":"farb0WbWZMgrGmuICOt0MU"},"_isSystemFontUsed":false,"_N$horizontalAlign":1,"_N$verticalAlign":1}],"_prefab":{"__type__":"cc.PrefabInfo","root":{"__id__":1},"asset":{"__uuid__":"b9E+V/ia9AlqD+RZai3Mp0"},"fileId":"a6cUWwb7dNxqlerChpN8lu"},"_color":{"__type__":"cc.Color","r":159,"g":90,"b":25},"_contentSize":{"__type__":"cc.Size","width":66,"height":27.72},"_trs":{"__type__":"TypedArray","ctor":"Float64Array","array":[0,60,0,0,0,0,1,1,1,1]}},{"__type__":"cc.Node","_name":"daybal5_en","_parent":{"__id__":58},"_active":false,"_components":[{"__type__":"cc.Label","node":{"__id__":60},"_materials":[{"__uuid__":"ecpdLyjvZBwrvm+cedCcQy"}],"_string":"بەشىنچى كۈنى","_N$string":"بەشىنچى كۈنى","_fontSize":19,"_lineHeight":19,"_N$file":{"__uuid__":"farb0WbWZMgrGmuICOt0MU"},"_isSystemFontUsed":false,"_N$horizontalAlign":1,"_N$verticalAlign":1,"_N$overflow":1}],"_prefab":{"__type__":"cc.PrefabInfo","root":{"__id__":1},"asset":{"__uuid__":"b9E+V/ia9AlqD+RZai3Mp0"},"fileId":"9cg6aEmWBFw5A7qIPO6XMd"},"_color":{"__type__":"cc.Color","r":159,"g":90,"b":25},"_contentSize":{"__type__":"cc.Size","width":126.69,"height":36.72},"_trs":{"__type__":"TypedArray","ctor":"Float64Array","array":[-2,60,0,0,0,0,1,1,1,1]}},{"__type__":"cc.Node","_name":"tp_ic_hongbao5","_parent":{"__id__":58},"_components":[{"__type__":"cc.Sprite","node":{"__id__":61},"_materials":[{"__uuid__":"ecpdLyjvZBwrvm+cedCcQy"}],"_spriteFrame":{"__uuid__":"belAQU2NpP/7JzJ6dTw0kf"}}],"_prefab":{"__type__":"cc.PrefabInfo","root":{"__id__":1},"asset":{"__uuid__":"b9E+V/ia9AlqD+RZai3Mp0"},"fileId":"b4SacRjvZMeZq/CR2XAG6t"},"_contentSize":{"__type__":"cc.Size","width":54,"height":64},"_trs":{"__type__":"TypedArray","ctor":"Float64Array","array":[0,0,0,0,0,0,1,1,1,1]}},{"__type__":"cc.Node","_name":"coin5","_parent":{"__id__":58},"_components":[{"__type__":"cc.Label","node":{"__id__":62},"_materials":[{"__uuid__":"ecpdLyjvZBwrvm+cedCcQy"}],"_useOriginalSize":false,"_string":"4000","_N$string":"4000","_fontSize":23,"_lineHeight":23,"_N$horizontalAlign":1,"_N$verticalAlign":1}],"_prefab":{"__type__":"cc.PrefabInfo","root":{"__id__":1},"asset":{"__uuid__":"b9E+V/ia9AlqD+RZai3Mp0"},"fileId":"b08jNbuKpIHZ7GoYnHyLxX"},"_color":{"__type__":"cc.Color","r":159,"g":90,"b":25},"_contentSize":{"__type__":"cc.Size","width":51.17,"height":28.98},"_trs":{"__type__":"TypedArray","ctor":"Float64Array","array":[0,-60,0,0,0,0,1,1,1,1]}},{"__type__":"cc.Node","_name":"day6","_parent":{"__id__":7},"_children":[{"__id__":64},{"__id__":69}],"_prefab":{"__type__":"cc.PrefabInfo","root":{"__id__":1},"asset":{"__uuid__":"b9E+V/ia9AlqD+RZai3Mp0"},"fileId":"5fRASzXy9Iu5NEdHl3FF3K"},"_contentSize":{"__type__":"cc.Size","width":122,"height":160},"_trs":{"__type__":"TypedArray","ctor":"Float64Array","array":[-70,-42.965,0,0,0,0,1,1,1,1]}},{"__type__":"cc.Node","_name":"pg_xiaoriqihui6","_parent":{"__id__":63},"_children":[{"__id__":65},{"__id__":66},{"__id__":67},{"__id__":68}],"_components":[{"__type__":"cc.Sprite","node":{"__id__":64},"_materials":[{"__uuid__":"ecpdLyjvZBwrvm+cedCcQy"}],"_spriteFrame":{"__uuid__":"95lUUTvEBB+6/yCC93Lq/v"}}],"_prefab":{"__type__":"cc.PrefabInfo","root":{"__id__":1},"asset":{"__uuid__":"b9E+V/ia9AlqD+RZai3Mp0"},"fileId":"b2e3eKzp1O3aM4ZnLf0lP6"},"_contentSize":{"__type__":"cc.Size","width":122,"height":160},"_trs":{"__type__":"TypedArray","ctor":"Float64Array","array":[0,0,0,0,0,0,1,1,1,1]}},{"__type__":"cc.Node","_name":"Kdaybal6","_parent":{"__id__":64},"_components":[{"__type__":"41ebaVoPpRA4Kp67XEdHfZn","node":{"__id__":65},"_materials":[{"__uuid__":"ecpdLyjvZBwrvm+cedCcQy"}],"_string":"第六天","_N$string":"第六天","_fontSize":22,"_lineHeight":22,"_N$horizontalAlign":1,"_N$verticalAlign":1,"i18n_string":"sign_layer_1_12"}],"_prefab":{"__type__":"cc.PrefabInfo","root":{"__id__":1},"asset":{"__uuid__":"b9E+V/ia9AlqD+RZai3Mp0"},"fileId":"02g7wD1SdKL4uYSRMaRGk4"},"_color":{"__type__":"cc.Color","r":85,"g":85,"b":85},"_contentSize":{"__type__":"cc.Size","width":66,"height":27.72},"_trs":{"__type__":"TypedArray","ctor":"Float64Array","array":[0,60,0,0,0,0,1,1,1,1]}},{"__type__":"cc.Node","_name":"tp_ic_hongbaohui6","_parent":{"__id__":64},"_components":[{"__type__":"cc.Sprite","node":{"__id__":66},"_materials":[{"__uuid__":"ecpdLyjvZBwrvm+cedCcQy"}],"_spriteFrame":{"__uuid__":"a4v6QYJ6FFbKrtBKJRb6om"}}],"_prefab":{"__type__":"cc.PrefabInfo","root":{"__id__":1},"asset":{"__uuid__":"b9E+V/ia9AlqD+RZai3Mp0"},"fileId":"7eR8LeZx9Aqr0m/n12l5sN"},"_contentSize":{"__type__":"cc.Size","width":54,"height":64},"_trs":{"__type__":"TypedArray","ctor":"Float64Array","array":[0,0,0,0,0,0,1,1,1,1]}},{"__type__":"cc.Node","_name":"Kcoin6","_parent":{"__id__":64},"_components":[{"__type__":"cc.Label","node":{"__id__":67},"_materials":[{"__uuid__":"ecpdLyjvZBwrvm+cedCcQy"}],"_useOriginalSize":false,"_string":"6000","_N$string":"6000","_fontSize":23,"_lineHeight":23,"_N$horizontalAlign":1,"_N$verticalAlign":1}],"_prefab":{"__type__":"cc.PrefabInfo","root":{"__id__":1},"asset":{"__uuid__":"b9E+V/ia9AlqD+RZai3Mp0"},"fileId":"e8aPs3GlJMhK+xZQRutBuM"},"_color":{"__type__":"cc.Color","r":85,"g":85,"b":85},"_contentSize":{"__type__":"cc.Size","width":51.17,"height":28.98},"_trs":{"__type__":"TypedArray","ctor":"Float64Array","array":[0,-60,0,0,0,0,1,1,1,1]}},{"__type__":"cc.Node","_name":"ic_duihao6","_parent":{"__id__":64},"_components":[{"__type__":"cc.Sprite","node":{"__id__":68},"_materials":[{"__uuid__":"ecpdLyjvZBwrvm+cedCcQy"}],"_spriteFrame":{"__uuid__":"13fgCIugBCrqbtUKjolPdP"}}],"_prefab":{"__type__":"cc.PrefabInfo","root":{"__id__":1},"asset":{"__uuid__":"b9E+V/ia9AlqD+RZai3Mp0"},"fileId":"066AemkC1HRYAI47gyw8Ww"},"_contentSize":{"__type__":"cc.Size","width":50,"height":40},"_trs":{"__type__":"TypedArray","ctor":"Float64Array","array":[24,29,0,0,0,0,1,1,1,1]}},{"__type__":"cc.Node","_name":"pb_xiaoriqi6","_parent":{"__id__":63},"_children":[{"__id__":70},{"__id__":71},{"__id__":72},{"__id__":73}],"_components":[{"__type__":"cc.Sprite","node":{"__id__":69},"_materials":[{"__uuid__":"ecpdLyjvZBwrvm+cedCcQy"}],"_spriteFrame":{"__uuid__":"80Chts7fJMH58fB51VSjMi"}}],"_prefab":{"__type__":"cc.PrefabInfo","root":{"__id__":1},"asset":{"__uuid__":"b9E+V/ia9AlqD+RZai3Mp0"},"fileId":"d4Rp8xBZFAVbzwvQaE42sk"},"_contentSize":{"__type__":"cc.Size","width":122,"height":160},"_trs":{"__type__":"TypedArray","ctor":"Float64Array","array":[0,0,0,0,0,0,1,1,1,1]}},{"__type__":"cc.Node","_name":"daybal6","_parent":{"__id__":69},"_components":[{"__type__":"41ebaVoPpRA4Kp67XEdHfZn","node":{"__id__":70},"_materials":[{"__uuid__":"ecpdLyjvZBwrvm+cedCcQy"}],"_string":"第六天","_N$string":"第六天","_fontSize":22,"_lineHeight":22,"_N$file":{"__uuid__":"farb0WbWZMgrGmuICOt0MU"},"_isSystemFontUsed":false,"_N$horizontalAlign":1,"_N$verticalAlign":1}],"_prefab":{"__type__":"cc.PrefabInfo","root":{"__id__":1},"asset":{"__uuid__":"b9E+V/ia9AlqD+RZai3Mp0"},"fileId":"3fiZN6SQhE5q0T+SAO7Ydu"},"_color":{"__type__":"cc.Color","r":159,"g":90,"b":25},"_contentSize":{"__type__":"cc.Size","width":66,"height":27.72},"_trs":{"__type__":"TypedArray","ctor":"Float64Array","array":[0,60,0,0,0,0,1,1,1,1]}},{"__type__":"cc.Node","_name":"daybal6_en","_parent":{"__id__":69},"_active":false,"_components":[{"__type__":"cc.Label","node":{"__id__":71},"_materials":[{"__uuid__":"ecpdLyjvZBwrvm+cedCcQy"}],"_string":"ئالتىنچى كۈنى","_N$string":"ئالتىنچى كۈنى","_fontSize":19,"_lineHeight":19,"_N$file":{"__uuid__":"farb0WbWZMgrGmuICOt0MU"},"_isSystemFontUsed":false,"_N$horizontalAlign":1,"_N$verticalAlign":1,"_N$overflow":1}],"_prefab":{"__type__":"cc.PrefabInfo","root":{"__id__":1},"asset":{"__uuid__":"b9E+V/ia9AlqD+RZai3Mp0"},"fileId":"55RIayAAFIw4c3WAOWIcu/"},"_color":{"__type__":"cc.Color","r":159,"g":90,"b":25},"_contentSize":{"__type__":"cc.Size","width":126.69,"height":36.72},"_trs":{"__type__":"TypedArray","ctor":"Float64Array","array":[-7,60,0,0,0,0,1,1,1,1]}},{"__type__":"cc.Node","_name":"tp_ic_hongbao6","_parent":{"__id__":69},"_components":[{"__type__":"cc.Sprite","node":{"__id__":72},"_materials":[{"__uuid__":"ecpdLyjvZBwrvm+cedCcQy"}],"_spriteFrame":{"__uuid__":"belAQU2NpP/7JzJ6dTw0kf"}}],"_prefab":{"__type__":"cc.PrefabInfo","root":{"__id__":1},"asset":{"__uuid__":"b9E+V/ia9AlqD+RZai3Mp0"},"fileId":"c1aH/KtwFC3KmIR669znkb"},"_contentSize":{"__type__":"cc.Size","width":54,"height":64},"_trs":{"__type__":"TypedArray","ctor":"Float64Array","array":[0,0,0,0,0,0,1,1,1,1]}},{"__type__":"cc.Node","_name":"coin6","_parent":{"__id__":69},"_components":[{"__type__":"cc.Label","node":{"__id__":73},"_materials":[{"__uuid__":"ecpdLyjvZBwrvm+cedCcQy"}],"_useOriginalSize":false,"_string":"6000","_N$string":"6000","_fontSize":23,"_lineHeight":23,"_N$horizontalAlign":1,"_N$verticalAlign":1}],"_prefab":{"__type__":"cc.PrefabInfo","root":{"__id__":1},"asset":{"__uuid__":"b9E+V/ia9AlqD+RZai3Mp0"},"fileId":"85TxqBiIdPML6MfUiO0Hgo"},"_color":{"__type__":"cc.Color","r":159,"g":90,"b":25},"_contentSize":{"__type__":"cc.Size","width":51.17,"height":28.98},"_trs":{"__type__":"TypedArray","ctor":"Float64Array","array":[0,-60,0,0,0,0,1,1,1,1]}},{"__type__":"cc.Node","_name":"day7","_parent":{"__id__":7},"_children":[{"__id__":75},{"__id__":80}],"_prefab":{"__type__":"cc.PrefabInfo","root":{"__id__":1},"asset":{"__uuid__":"b9E+V/ia9AlqD+RZai3Mp0"},"fileId":"d12Y5BBoZBvLnsHrvlDgrn"},"_contentSize":{"__type__":"cc.Size","width":270,"height":160},"_trs":{"__type__":"TypedArray","ctor":"Float64Array","array":[140.311,-42.965,0,0,0,0,1,1,1,1]}},{"__type__":"cc.Node","_name":"pg_xiaoriqihui7","_parent":{"__id__":74},"_children":[{"__id__":76},{"__id__":77},{"__id__":78},{"__id__":79}],"_components":[{"__type__":"cc.Sprite","node":{"__id__":75},"_materials":[{"__uuid__":"ecpdLyjvZBwrvm+cedCcQy"}],"_spriteFrame":{"__uuid__":"71YoZYFG1F4aC+XYn/4rq0"},"_type":1,"_sizeMode":0}],"_prefab":{"__type__":"cc.PrefabInfo","root":{"__id__":1},"asset":{"__uuid__":"b9E+V/ia9AlqD+RZai3Mp0"},"fileId":"55fUhTIL9MnL4fwv2T70P5"},"_contentSize":{"__type__":"cc.Size","width":270,"height":160},"_trs":{"__type__":"TypedArray","ctor":"Float64Array","array":[0,0,0,0,0,0,1,1,1,1]}},{"__type__":"cc.Node","_name":"Kdaybal7","_parent":{"__id__":75},"_components":[{"__type__":"41ebaVoPpRA4Kp67XEdHfZn","node":{"__id__":76},"_materials":[{"__uuid__":"ecpdLyjvZBwrvm+cedCcQy"}],"_string":"第七天","_N$string":"第七天","_fontSize":22,"_lineHeight":22,"_N$horizontalAlign":1,"_N$verticalAlign":1,"i18n_string":"sign_layer_1_14"}],"_prefab":{"__type__":"cc.PrefabInfo","root":{"__id__":1},"asset":{"__uuid__":"b9E+V/ia9AlqD+RZai3Mp0"},"fileId":"e4k/dki6tLlaFAXGnbYKhK"},"_color":{"__type__":"cc.Color","r":85,"g":85,"b":85},"_contentSize":{"__type__":"cc.Size","width":66,"height":27.72},"_trs":{"__type__":"TypedArray","ctor":"Float64Array","array":[0,60,0,0,0,0,1,1,1,1]}},{"__type__":"cc.Node","_name":"tp_ic_hongbaohui7","_parent":{"__id__":75},"_components":[{"__type__":"cc.Sprite","node":{"__id__":77},"_materials":[{"__uuid__":"ecpdLyjvZBwrvm+cedCcQy"}],"_spriteFrame":{"__uuid__":"a4v6QYJ6FFbKrtBKJRb6om"}}],"_prefab":{"__type__":"cc.PrefabInfo","root":{"__id__":1},"asset":{"__uuid__":"b9E+V/ia9AlqD+RZai3Mp0"},"fileId":"0fVKwmGFdCl4RykPWPLaAS"},"_contentSize":{"__type__":"cc.Size","width":54,"height":64},"_trs":{"__type__":"TypedArray","ctor":"Float64Array","array":[0,0,0,0,0,0,1,1,1,1]}},{"__type__":"cc.Node","_name":"Kcoin7","_parent":{"__id__":75},"_components":[{"__type__":"cc.Label","node":{"__id__":78},"_materials":[{"__uuid__":"ecpdLyjvZBwrvm+cedCcQy"}],"_useOriginalSize":false,"_string":"8000","_N$string":"8000","_fontSize":23,"_lineHeight":23,"_N$horizontalAlign":1,"_N$verticalAlign":1}],"_prefab":{"__type__":"cc.PrefabInfo","root":{"__id__":1},"asset":{"__uuid__":"b9E+V/ia9AlqD+RZai3Mp0"},"fileId":"79dZUqKKNPfoajOjHf0nyh"},"_color":{"__type__":"cc.Color","r":85,"g":85,"b":85},"_contentSize":{"__type__":"cc.Size","width":51.17,"height":28.98},"_trs":{"__type__":"TypedArray","ctor":"Float64Array","array":[0,-60,0,0,0,0,1,1,1,1]}},{"__type__":"cc.Node","_name":"ic_duihao7","_parent":{"__id__":75},"_components":[{"__type__":"cc.Sprite","node":{"__id__":79},"_materials":[{"__uuid__":"ecpdLyjvZBwrvm+cedCcQy"}],"_spriteFrame":{"__uuid__":"13fgCIugBCrqbtUKjolPdP"}}],"_prefab":{"__type__":"cc.PrefabInfo","root":{"__id__":1},"asset":{"__uuid__":"b9E+V/ia9AlqD+RZai3Mp0"},"fileId":"ddjgGEmFJLBY0czMvtYlGb"},"_contentSize":{"__type__":"cc.Size","width":50,"height":40},"_trs":{"__type__":"TypedArray","ctor":"Float64Array","array":[24,29,0,0,0,0,1,1,1,1]}},{"__type__":"cc.Node","_name":"pb_xiaoriqi7","_parent":{"__id__":74},"_children":[{"__id__":81},{"__id__":82},{"__id__":83},{"__id__":84}],"_components":[{"__type__":"cc.Sprite","node":{"__id__":80},"_materials":[{"__uuid__":"ecpdLyjvZBwrvm+cedCcQy"}],"_spriteFrame":{"__uuid__":"62uieayl9DhIeh7r1Ej6mI"},"_type":1,"_sizeMode":0}],"_prefab":{"__type__":"cc.PrefabInfo","root":{"__id__":1},"asset":{"__uuid__":"b9E+V/ia9AlqD+RZai3Mp0"},"fileId":"5a5bjrfS1Bg7PxEHyh+yuX"},"_contentSize":{"__type__":"cc.Size","width":270,"height":160},"_trs":{"__type__":"TypedArray","ctor":"Float64Array","array":[0,0,0,0,0,0,1,1,1,1]}},{"__type__":"cc.Node","_name":"daybal7","_parent":{"__id__":80},"_components":[{"__type__":"41ebaVoPpRA4Kp67XEdHfZn","node":{"__id__":81},"_materials":[{"__uuid__":"ecpdLyjvZBwrvm+cedCcQy"}],"_string":"第七天","_N$string":"第七天","_fontSize":22,"_lineHeight":22,"_N$file":{"__uuid__":"farb0WbWZMgrGmuICOt0MU"},"_isSystemFontUsed":false,"_N$horizontalAlign":1,"_N$verticalAlign":1}],"_prefab":{"__type__":"cc.PrefabInfo","root":{"__id__":1},"asset":{"__uuid__":"b9E+V/ia9AlqD+RZai3Mp0"},"fileId":"24Lifv2YdA6YlXIxzLr8rg"},"_color":{"__type__":"cc.Color","r":159,"g":90,"b":25},"_contentSize":{"__type__":"cc.Size","width":66,"height":27.72},"_trs":{"__type__":"TypedArray","ctor":"Float64Array","array":[0,60,0,0,0,0,1,1,1,1]}},{"__type__":"cc.Node","_name":"daybal7_en","_parent":{"__id__":80},"_active":false,"_components":[{"__type__":"cc.Label","node":{"__id__":82},"_materials":[{"__uuid__":"ecpdLyjvZBwrvm+cedCcQy"}],"_string":"يەتتىنچى كۈنى","_N$string":"يەتتىنچى كۈنى","_fontSize":19,"_lineHeight":19,"_N$file":{"__uuid__":"farb0WbWZMgrGmuICOt0MU"},"_isSystemFontUsed":false,"_N$verticalAlign":1,"_N$overflow":1}],"_prefab":{"__type__":"cc.PrefabInfo","root":{"__id__":1},"asset":{"__uuid__":"b9E+V/ia9AlqD+RZai3Mp0"},"fileId":"5dlcRXU0VDxIwuSrbokk4O"},"_color":{"__type__":"cc.Color","r":159,"g":90,"b":25},"_contentSize":{"__type__":"cc.Size","width":126.69,"height":36.72},"_trs":{"__type__":"TypedArray","ctor":"Float64Array","array":[4,60,0,0,0,0,1,1,1,1]}},{"__type__":"cc.Node","_name":"tp_ic_hongbao7","_parent":{"__id__":80},"_components":[{"__type__":"cc.Sprite","node":{"__id__":83},"_materials":[{"__uuid__":"ecpdLyjvZBwrvm+cedCcQy"}],"_spriteFrame":{"__uuid__":"belAQU2NpP/7JzJ6dTw0kf"}}],"_prefab":{"__type__":"cc.PrefabInfo","root":{"__id__":1},"asset":{"__uuid__":"b9E+V/ia9AlqD+RZai3Mp0"},"fileId":"c9FcEJLu5NH69OGGSYIvn0"},"_contentSize":{"__type__":"cc.Size","width":54,"height":64},"_trs":{"__type__":"TypedArray","ctor":"Float64Array","array":[0,0,0,0,0,0,1,1,1,1]}},{"__type__":"cc.Node","_name":"coin7","_parent":{"__id__":80},"_components":[{"__type__":"cc.Label","node":{"__id__":84},"_materials":[{"__uuid__":"ecpdLyjvZBwrvm+cedCcQy"}],"_useOriginalSize":false,"_string":"8000","_N$string":"8000","_fontSize":23,"_lineHeight":23,"_N$horizontalAlign":1,"_N$verticalAlign":1}],"_prefab":{"__type__":"cc.PrefabInfo","root":{"__id__":1},"asset":{"__uuid__":"b9E+V/ia9AlqD+RZai3Mp0"},"fileId":"e9CrvzmkJA7oX8k830jZV4"},"_color":{"__type__":"cc.Color","r":159,"g":90,"b":25},"_contentSize":{"__type__":"cc.Size","width":51.17,"height":28.98},"_trs":{"__type__":"TypedArray","ctor":"Float64Array","array":[0,-60,0,0,0,0,1,1,1,1]}},{"__type__":"cc.Node","_name":"btn_lvda","_parent":{"__id__":7},"_children":[{"__id__":86}],"_components":[{"__type__":"cc.Sprite","node":{"__id__":85},"_materials":[{"__uuid__":"ecpdLyjvZBwrvm+cedCcQy"}],"_spriteFrame":{"__uuid__":"ddaLPpzOhJ8YOSdqDGWMZO"}},{"__type__":"cc.Button","node":{"__id__":85},"_normalMaterial":{"__uuid__":"ecpdLyjvZBwrvm+cedCcQy"},"_grayMaterial":{"__uuid__":"3ae7efMv1CLq2ilvUY/tQi"},"duration":0,"zoomScale":0.9,"_N$enableAutoGrayEffect":true,"_N$transition":3,"transition":3,"_N$target":{"__id__":85}}],"_prefab":{"__type__":"cc.PrefabInfo","root":{"__id__":1},"asset":{"__uuid__":"b9E+V/ia9AlqD+RZai3Mp0"},"fileId":"708gSfljBPYbNsnZkQYAZg"},"_contentSize":{"__type__":"cc.Size","width":248,"height":78},"_trs":{"__type__":"TypedArray","ctor":"Float64Array","array":[0,-229,0,0,0,0,1,1,1,1]}},{"__type__":"cc.Node","_name":"btn_lvdafont","_parent":{"__id__":85},"_components":[{"__type__":"41ebaVoPpRA4Kp67XEdHfZn","node":{"__id__":86},"_materials":[{"__uuid__":"ecpdLyjvZBwrvm+cedCcQy"}],"_string":"领取","_N$string":"领取","_fontSize":30,"_lineHeight":30,"_N$file":{"__uuid__":"farb0WbWZMgrGmuICOt0MU"},"_isSystemFontUsed":false,"_N$horizontalAlign":1,"_N$verticalAlign":1,"_N$overflow":1,"i18n_string":"sign_layer_1_16"},{"__type__":"cc.LabelOutline","node":{"__id__":86},"_color":{"__type__":"cc.Color","r":49,"g":26,"b":10},"_width":2}],"_prefab":{"__type__":"cc.PrefabInfo","root":{"__id__":1},"asset":{"__uuid__":"b9E+V/ia9AlqD+RZai3Mp0"},"fileId":"0bwaBzphZCXo+P33OMQmYb"},"_contentSize":{"__type__":"cc.Size","width":92.76,"height":54.8},"_trs":{"__type__":"TypedArray","ctor":"Float64Array","array":[0,1,0,0,0,0,1,1,1,1]}},{"__type__":"cc.Node","_name":"bg_zaixianjiangli","_parent":{"__id__":3},"_children":[{"__id__":88},{"__id__":89},{"__id__":91},{"__id__":94},{"__id__":97},{"__id__":100},{"__id__":103},{"__id__":106},{"__id__":107},{"__id__":108},{"__id__":109}],"_components":[{"__type__":"cc.Sprite","node":{"__id__":87},"_materials":[{"__uuid__":"ecpdLyjvZBwrvm+cedCcQy"}],"_spriteFrame":{"__uuid__":"44MO9zBXFCKZChKECHc//m"}}],"_prefab":{"__type__":"cc.PrefabInfo","root":{"__id__":1},"asset":{"__uuid__":"b9E+V/ia9AlqD+RZai3Mp0"},"fileId":"d3X6n9CGBCt5uZJxaDx6LB"},"_contentSize":{"__type__":"cc.Size","width":618,"height":274},"_trs":{"__type__":"TypedArray","ctor":"Float64Array","array":[0,-336.021,0,0,0,0,1,1,1,1]}},{"__type__":"cc.Node","_name":"zxjlbal","_parent":{"__id__":87},"_components":[{"__type__":"41ebaVoPpRA4Kp67XEdHfZn","node":{"__id__":88},"_materials":[{"__uuid__":"ecpdLyjvZBwrvm+cedCcQy"}],"_string":"在线奖励","_N$string":"在线奖励","_fontSize":36,"_lineHeight":36,"_N$file":{"__uuid__":"farb0WbWZMgrGmuICOt0MU"},"_isSystemFontUsed":false,"_N$verticalAlign":1,"_N$overflow":1,"i18n_string":"sign_layer_1_17"},{"__type__":"cc.LabelOutline","node":{"__id__":88},"_color":{"__type__":"cc.Color","r":254,"g":247,"b":133},"_width":2}],"_prefab":{"__type__":"cc.PrefabInfo","root":{"__id__":1},"asset":{"__uuid__":"b9E+V/ia9AlqD+RZai3Mp0"},"fileId":"32tGhA5XFD1rujzDX4jQGy"},"_color":{"__type__":"cc.Color","r":90,"g":45,"b":10},"_contentSize":{"__type__":"cc.Size","width":353.31,"height":49.36},"_anchorPoint":{"__type__":"cc.Vec2","y":0.5},"_trs":{"__type__":"TypedArray","ctor":"Float64Array","array":[-262,87,0,0,0,0,1,1,1,1]}},{"__type__":"cc.Node","_name":"btn_lingqu","_parent":{"__id__":87},"_children":[{"__id__":90}],"_components":[{"__type__":"cc.Sprite","node":{"__id__":89},"_materials":[{"__uuid__":"ecpdLyjvZBwrvm+cedCcQy"}],"_spriteFrame":{"__uuid__":"5el93pmmNG5IneNxAsWV91"}},{"__type__":"cc.Button","node":{"__id__":89},"_normalMaterial":{"__uuid__":"ecpdLyjvZBwrvm+cedCcQy"},"_grayMaterial":{"__uuid__":"3ae7efMv1CLq2ilvUY/tQi"},"zoomScale":0.9,"_N$enableAutoGrayEffect":true,"_N$transition":3,"transition":3}],"_prefab":{"__type__":"cc.PrefabInfo","root":{"__id__":1},"asset":{"__uuid__":"b9E+V/ia9AlqD+RZai3Mp0"},"fileId":"7fHTnGNZNDw4plLexAq/9M"},"_contentSize":{"__type__":"cc.Size","width":140,"height":58},"_trs":{"__type__":"TypedArray","ctor":"Float64Array","array":[205,86,0,0,0,0,1,1,1,1]}},{"__type__":"cc.Node","_name":"font_lingqu","_parent":{"__id__":89},"_components":[{"__type__":"41ebaVoPpRA4Kp67XEdHfZn","node":{"__id__":90},"_materials":[{"__uuid__":"ecpdLyjvZBwrvm+cedCcQy"}],"_string":"领取","_N$string":"领取","_fontSize":30,"_lineHeight":30,"_N$file":{"__uuid__":"farb0WbWZMgrGmuICOt0MU"},"_isSystemFontUsed":false,"_N$horizontalAlign":1,"_N$verticalAlign":1,"_N$overflow":1,"i18n_string":"sign_layer_1_18"}],"_prefab":{"__type__":"cc.PrefabInfo","root":{"__id__":1},"asset":{"__uuid__":"b9E+V/ia9AlqD+RZai3Mp0"},"fileId":"fasoX0SNlJ3opi+DwyKeRV"},"_color":{"__type__":"cc.Color","r":20,"g":108,"b":64},"_contentSize":{"__type__":"cc.Size","width":88.76,"height":48.8},"_trs":{"__type__":"TypedArray","ctor":"Float64Array","array":[0,1,0,0,0,0,1,1,1,1]}},{"__type__":"cc.Node","_name":"Progress","_parent":{"__id__":87},"_children":[{"__id__":92}],"_components":[{"__type__":"cc.Sprite","node":{"__id__":91},"_materials":[{"__uuid__":"ecpdLyjvZBwrvm+cedCcQy"}],"_spriteFrame":{"__uuid__":"f7Tyibl0dEV4m+DQsnA9zA"},"_type":1},{"__type__":"cc.ProgressBar","node":{"__id__":91},"_N$totalLength":548,"_N$barSprite":{"__id__":93},"_N$progress":0}],"_prefab":{"__type__":"cc.PrefabInfo","root":{"__id__":1},"asset":{"__uuid__":"b9E+V/ia9AlqD+RZai3Mp0"},"fileId":"63ShJGxLJLuqFJ7ViIaVmJ"},"_contentSize":{"__type__":"cc.Size","width":548,"height":10},"_trs":{"__type__":"TypedArray","ctor":"Float64Array","array":[3,-35,0,0,0,0,1,1,1,1]}},{"__type__":"cc.Node","_name":"bar","_parent":{"__id__":91},"_components":[{"__id__":93}],"_prefab":{"__type__":"cc.PrefabInfo","root":{"__id__":1},"asset":{"__uuid__":"b9E+V/ia9AlqD+RZai3Mp0"},"fileId":"880DNd9J1AUo7Er+My8D2B"},"_contentSize":{"__type__":"cc.Size","height":10},"_anchorPoint":{"__type__":"cc.Vec2","y":0.5},"_trs":{"__type__":"TypedArray","ctor":"Float64Array","array":[-274,0,0,0,0,0,1,1,1,1]}},{"__type__":"cc.Sprite","node":{"__id__":92},"_materials":[{"__uuid__":"ecpdLyjvZBwrvm+cedCcQy"}],"_spriteFrame":{"__uuid__":"93IvdVyGBFfa36WtToN70J"},"_type":1,"_sizeMode":0},{"__type__":"cc.Node","_name":"ic_hbnode1","_parent":{"__id__":87},"_children":[{"__id__":95},{"__id__":96}],"_prefab":{"__type__":"cc.PrefabInfo","root":{"__id__":1},"asset":{"__uuid__":"b9E+V/ia9AlqD+RZai3Mp0"},"fileId":"d4yNu26SVGs5l25HOsBQwf"},"_contentSize":{"__type__":"cc.Size","width":54,"height":64},"_trs":{"__type__":"TypedArray","ctor":"Float64Array","array":[-210,-20,0,0,0,0,1,1,1,1]}},{"__type__":"cc.Node","_name":"ic_hongbaohui1","_parent":{"__id__":94},"_components":[{"__type__":"cc.Sprite","node":{"__id__":95},"_materials":[{"__uuid__":"ecpdLyjvZBwrvm+cedCcQy"}],"_spriteFrame":{"__uuid__":"a4v6QYJ6FFbKrtBKJRb6om"}}],"_prefab":{"__type__":"cc.PrefabInfo","root":{"__id__":1},"asset":{"__uuid__":"b9E+V/ia9AlqD+RZai3Mp0"},"fileId":"d5+9ok5v9Am6hVwH4sFQKP"},"_contentSize":{"__type__":"cc.Size","width":54,"height":64},"_trs":{"__type__":"TypedArray","ctor":"Float64Array","array":[0,0,0,0,0,0,1,1,1,1]}},{"__type__":"cc.Node","_name":"ic_hongbao1","_parent":{"__id__":94},"_components":[{"__type__":"cc.Sprite","node":{"__id__":96},"_materials":[{"__uuid__":"ecpdLyjvZBwrvm+cedCcQy"}],"_spriteFrame":{"__uuid__":"belAQU2NpP/7JzJ6dTw0kf"}}],"_prefab":{"__type__":"cc.PrefabInfo","root":{"__id__":1},"asset":{"__uuid__":"b9E+V/ia9AlqD+RZai3Mp0"},"fileId":"46+d9ayxJFQLcI5Bt7qj4v"},"_contentSize":{"__type__":"cc.Size","width":54,"height":64},"_trs":{"__type__":"TypedArray","ctor":"Float64Array","array":[0,0,0,0,0,0,1,1,1,1]}},{"__type__":"cc.Node","_name":"ic_hbnode2","_parent":{"__id__":87},"_children":[{"__id__":98},{"__id__":99}],"_prefab":{"__type__":"cc.PrefabInfo","root":{"__id__":1},"asset":{"__uuid__":"b9E+V/ia9AlqD+RZai3Mp0"},"fileId":"0fCLHhueFHdK5ZiY+bCxdn"},"_contentSize":{"__type__":"cc.Size","width":54,"height":64},"_trs":{"__type__":"TypedArray","ctor":"Float64Array","array":[-68,-20,0,0,0,0,1,1,1,1]}},{"__type__":"cc.Node","_name":"ic_hongbaohui2","_parent":{"__id__":97},"_components":[{"__type__":"cc.Sprite","node":{"__id__":98},"_materials":[{"__uuid__":"ecpdLyjvZBwrvm+cedCcQy"}],"_spriteFrame":{"__uuid__":"a4v6QYJ6FFbKrtBKJRb6om"}}],"_prefab":{"__type__":"cc.PrefabInfo","root":{"__id__":1},"asset":{"__uuid__":"b9E+V/ia9AlqD+RZai3Mp0"},"fileId":"30VUuUBGpBcp6QtIDLV3HK"},"_contentSize":{"__type__":"cc.Size","width":54,"height":64},"_trs":{"__type__":"TypedArray","ctor":"Float64Array","array":[0,0,0,0,0,0,1,1,1,1]}},{"__type__":"cc.Node","_name":"ic_hongbao2","_parent":{"__id__":97},"_components":[{"__type__":"cc.Sprite","node":{"__id__":99},"_materials":[{"__uuid__":"ecpdLyjvZBwrvm+cedCcQy"}],"_spriteFrame":{"__uuid__":"belAQU2NpP/7JzJ6dTw0kf"}}],"_prefab":{"__type__":"cc.PrefabInfo","root":{"__id__":1},"asset":{"__uuid__":"b9E+V/ia9AlqD+RZai3Mp0"},"fileId":"60CaMMqupH+JSYjwl38YDW"},"_contentSize":{"__type__":"cc.Size","width":54,"height":64},"_trs":{"__type__":"TypedArray","ctor":"Float64Array","array":[0,0,0,0,0,0,1,1,1,1]}},{"__type__":"cc.Node","_name":"ic_hbnode3","_parent":{"__id__":87},"_children":[{"__id__":101},{"__id__":102}],"_prefab":{"__type__":"cc.PrefabInfo","root":{"__id__":1},"asset":{"__uuid__":"b9E+V/ia9AlqD+RZai3Mp0"},"fileId":"01+o+z3kNEjLxe/MoZ7fbB"},"_contentSize":{"__type__":"cc.Size","width":54,"height":64},"_trs":{"__type__":"TypedArray","ctor":"Float64Array","array":[75,-20,0,0,0,0,1,1,1,1]}},{"__type__":"cc.Node","_name":"ic_hongbaohui3","_parent":{"__id__":100},"_components":[{"__type__":"cc.Sprite","node":{"__id__":101},"_materials":[{"__uuid__":"ecpdLyjvZBwrvm+cedCcQy"}],"_spriteFrame":{"__uuid__":"a4v6QYJ6FFbKrtBKJRb6om"}}],"_prefab":{"__type__":"cc.PrefabInfo","root":{"__id__":1},"asset":{"__uuid__":"b9E+V/ia9AlqD+RZai3Mp0"},"fileId":"eaMALZ+q9OdrkkQ2QDyiJW"},"_contentSize":{"__type__":"cc.Size","width":54,"height":64},"_trs":{"__type__":"TypedArray","ctor":"Float64Array","array":[0,0,0,0,0,0,1,1,1,1]}},{"__type__":"cc.Node","_name":"ic_hongbao3","_parent":{"__id__":100},"_components":[{"__type__":"cc.Sprite","node":{"__id__":102},"_materials":[{"__uuid__":"ecpdLyjvZBwrvm+cedCcQy"}],"_spriteFrame":{"__uuid__":"belAQU2NpP/7JzJ6dTw0kf"}}],"_prefab":{"__type__":"cc.PrefabInfo","root":{"__id__":1},"asset":{"__uuid__":"b9E+V/ia9AlqD+RZai3Mp0"},"fileId":"e1NGXb/0pP64LPQ9WESTHL"},"_contentSize":{"__type__":"cc.Size","width":54,"height":64},"_trs":{"__type__":"TypedArray","ctor":"Float64Array","array":[0,0,0,0,0,0,1,1,1,1]}},{"__type__":"cc.Node","_name":"ic_hbnode4","_parent":{"__id__":87},"_children":[{"__id__":104},{"__id__":105}],"_prefab":{"__type__":"cc.PrefabInfo","root":{"__id__":1},"asset":{"__uuid__":"b9E+V/ia9AlqD+RZai3Mp0"},"fileId":"7bF9ydCWFOMIuPfnPaKAP0"},"_contentSize":{"__type__":"cc.Size","width":54,"height":64},"_trs":{"__type__":"TypedArray","ctor":"Float64Array","array":[217,-20,0,0,0,0,1,1,1,1]}},{"__type__":"cc.Node","_name":"ic_hongbaohui4","_parent":{"__id__":103},"_components":[{"__type__":"cc.Sprite","node":{"__id__":104},"_materials":[{"__uuid__":"ecpdLyjvZBwrvm+cedCcQy"}],"_spriteFrame":{"__uuid__":"a4v6QYJ6FFbKrtBKJRb6om"}}],"_prefab":{"__type__":"cc.PrefabInfo","root":{"__id__":1},"asset":{"__uuid__":"b9E+V/ia9AlqD+RZai3Mp0"},"fileId":"3fMJjnHbVKhoHWcTVRTYt+"},"_contentSize":{"__type__":"cc.Size","width":54,"height":64},"_trs":{"__type__":"TypedArray","ctor":"Float64Array","array":[0,0,0,0,0,0,1,1,1,1]}},{"__type__":"cc.Node","_name":"ic_hongbao4","_parent":{"__id__":103},"_components":[{"__type__":"cc.Sprite","node":{"__id__":105},"_materials":[{"__uuid__":"ecpdLyjvZBwrvm+cedCcQy"}],"_spriteFrame":{"__uuid__":"belAQU2NpP/7JzJ6dTw0kf"}}],"_prefab":{"__type__":"cc.PrefabInfo","root":{"__id__":1},"asset":{"__uuid__":"b9E+V/ia9AlqD+RZai3Mp0"},"fileId":"97gQflVJZGgop2V9+snyLR"},"_contentSize":{"__type__":"cc.Size","width":54,"height":64},"_trs":{"__type__":"TypedArray","ctor":"Float64Array","array":[0,0,0,0,0,0,1,1,1,1]}},{"__type__":"cc.Node","_name":"datfont1","_parent":{"__id__":87},"_components":[{"__type__":"41ebaVoPpRA4Kp67XEdHfZn","node":{"__id__":106},"_materials":[{"__uuid__":"ecpdLyjvZBwrvm+cedCcQy"}],"_string":"1分钟","_N$string":"1分钟","_fontSize":26,"_lineHeight":26,"_N$file":{"__uuid__":"farb0WbWZMgrGmuICOt0MU"},"_isSystemFontUsed":false,"_N$horizontalAlign":1,"_N$verticalAlign":1,"_N$overflow":1,"i18n_string":"sign_layer_1_19"}],"_prefab":{"__type__":"cc.PrefabInfo","root":{"__id__":1},"asset":{"__uuid__":"b9E+V/ia9AlqD+RZai3Mp0"},"fileId":"30m34decJIgJyey+wZTChD"},"_color":{"__type__":"cc.Color","r":234,"g":208,"b":115},"_contentSize":{"__type__":"cc.Size","width":120.9,"height":42.76},"_trs":{"__type__":"TypedArray","ctor":"Float64Array","array":[-213,-86,0,0,0,0,1,1,1,1]}},{"__type__":"cc.Node","_name":"datfont2","_parent":{"__id__":87},"_components":[{"__type__":"41ebaVoPpRA4Kp67XEdHfZn","node":{"__id__":107},"_materials":[{"__uuid__":"ecpdLyjvZBwrvm+cedCcQy"}],"_string":"2分钟","_N$string":"2分钟","_fontSize":26,"_lineHeight":26,"_N$file":{"__uuid__":"farb0WbWZMgrGmuICOt0MU"},"_isSystemFontUsed":false,"_N$horizontalAlign":1,"_N$verticalAlign":1,"_N$overflow":1,"i18n_string":"sign_layer_1_20"}],"_prefab":{"__type__":"cc.PrefabInfo","root":{"__id__":1},"asset":{"__uuid__":"b9E+V/ia9AlqD+RZai3Mp0"},"fileId":"4dWhzjFepBnqGBXBhzKVkf"},"_color":{"__type__":"cc.Color","r":234,"g":208,"b":115},"_contentSize":{"__type__":"cc.Size","width":120.9,"height":42.76},"_trs":{"__type__":"TypedArray","ctor":"Float64Array","array":[-69,-86,0,0,0,0,1,1,1,1]}},{"__type__":"cc.Node","_name":"datfont3","_parent":{"__id__":87},"_components":[{"__type__":"41ebaVoPpRA4Kp67XEdHfZn","node":{"__id__":108},"_materials":[{"__uuid__":"ecpdLyjvZBwrvm+cedCcQy"}],"_string":"5分钟","_N$string":"5分钟","_fontSize":26,"_lineHeight":26,"_N$file":{"__uuid__":"farb0WbWZMgrGmuICOt0MU"},"_isSystemFontUsed":false,"_N$horizontalAlign":1,"_N$verticalAlign":1,"_N$overflow":1,"i18n_string":"sign_layer_1_21"}],"_prefab":{"__type__":"cc.PrefabInfo","root":{"__id__":1},"asset":{"__uuid__":"b9E+V/ia9AlqD+RZai3Mp0"},"fileId":"35fB2ib4tFBJFukIuFYDkf"},"_color":{"__type__":"cc.Color","r":234,"g":208,"b":115},"_contentSize":{"__type__":"cc.Size","width":120.9,"height":42.76},"_trs":{"__type__":"TypedArray","ctor":"Float64Array","array":[76,-86,0,0,0,0,1,1,1,1]}},{"__type__":"cc.Node","_name":"datfont4","_parent":{"__id__":87},"_components":[{"__type__":"41ebaVoPpRA4Kp67XEdHfZn","node":{"__id__":109},"_materials":[{"__uuid__":"ecpdLyjvZBwrvm+cedCcQy"}],"_string":"10分钟","_N$string":"10分钟","_fontSize":26,"_lineHeight":26,"_N$file":{"__uuid__":"farb0WbWZMgrGmuICOt0MU"},"_isSystemFontUsed":false,"_N$horizontalAlign":1,"_N$verticalAlign":1,"_N$overflow":1,"i18n_string":"sign_layer_1_22"}],"_prefab":{"__type__":"cc.PrefabInfo","root":{"__id__":1},"asset":{"__uuid__":"b9E+V/ia9AlqD+RZai3Mp0"},"fileId":"006GefHAtHI6M3nxgWK707"},"_color":{"__type__":"cc.Color","r":234,"g":208,"b":115},"_contentSize":{"__type__":"cc.Size","width":120.9,"height":42.76},"_trs":{"__type__":"TypedArray","ctor":"Float64Array","array":[222,-86,0,0,0,0,1,1,1,1]}},{"__type__":"cc.Node","_name":"ic_guanbi2","_parent":{"__id__":3},"_components":[{"__type__":"cc.Sprite","node":{"__id__":110},"_materials":[{"__uuid__":"ecpdLyjvZBwrvm+cedCcQy"}],"_spriteFrame":{"__uuid__":"5bQXvGex9OOK6V9WCNFULc"}},{"__type__":"cc.Button","node":{"__id__":110},"_normalMaterial":{"__uuid__":"ecpdLyjvZBwrvm+cedCcQy"},"zoomScale":0.9,"_N$transition":3,"transition":3}],"_prefab":{"__type__":"cc.PrefabInfo","root":{"__id__":1},"asset":{"__uuid__":"b9E+V/ia9AlqD+RZai3Mp0"},"fileId":"fcoC8eeFhFyqvOB5rR0Yfz"},"_contentSize":{"__type__":"cc.Size","width":84,"height":84},"_trs":{"__type__":"TypedArray","ctor":"Float64Array","array":[288,444,0,0,0,0,1,1,1,1]}}],{"__type__":"cc.SpriteFrame","content":{"name":"ic_hongbao","texture":"86sAUWEL1JA4NfjWzP3eEp","rect":[719,413,54,64],"offset":[0,0],"originalSize":[54,64],"capInsets":[0,0,0,0]}},{"__type__":"cc.SpriteFrame","content":{"name":"img_title","texture":"36otX/aM1E4Zo+o68pRLtJ","rect":[1,1,304,110],"offset":[0,0],"originalSize":[304,110],"capInsets":[0,0,0,0]}},{"__type__":"cc.SpriteFrame","content":{"name":"btn_lvda","texture":"86sAUWEL1JA4NfjWzP3eEp","rect":[775,301,248,78],"offset":[0,0],"originalSize":[250,80],"capInsets":[0,0,0,0]}},{"__type__":"cc.SpriteFrame","content":{"name":"bg_jinduhui","texture":"86sAUWEL1JA4NfjWzP3eEp","rect":[465,277,548,10],"offset":[0,0],"originalSize":[548,10],"capInsets":[0,0,0,0]}}]