[[{"__type__":"cc.Prefab","_name":"tixianjilu_layer","data":{"__id__":1}},{"__type__":"cc.Node","_name":"tixianjilu_layer","_children":[{"__id__":2},{"__id__":3}],"_components":[{"__type__":"cc.Widget","node":{"__id__":1},"_alignFlags":45},{"__type__":"c9310YQh+1DQLLhh6mW4BOa","node":{"__id__":1},"item":{"__uuid__":"f9qu9A+P5AZ6zi81zL9jJ1"}}],"_prefab":{"__type__":"cc.PrefabInfo","root":{"__id__":1},"asset":{"__uuid__":"4dCKdRlNBMAJaNgP+HF/Xf"},"fileId":"36UIyxXG1FqbEI/eZy3vpn"},"_contentSize":{"__type__":"cc.Size","width":750,"height":1334},"_trs":{"__type__":"TypedArray","ctor":"Float64Array","array":[375,667,0,0,0,0,1,1,1,1]}},{"__type__":"cc.Node","_name":"mask","_parent":{"__id__":1},"_components":[{"__type__":"cc.Sprite","node":{"__id__":2},"_materials":[{"__uuid__":"ecpdLyjvZBwrvm+cedCcQy"}],"_spriteFrame":{"__uuid__":"a2MjXRFdtLlYQ5ouAFv/+R"},"_sizeMode":0},{"__type__":"cc.Widget","node":{"__id__":2},"_alignFlags":45,"_originalWidth":40,"_originalHeight":36},{"__type__":"cc.BlockInputEvents","node":{"__id__":2}}],"_prefab":{"__type__":"cc.PrefabInfo","root":{"__id__":1},"asset":{"__uuid__":"4dCKdRlNBMAJaNgP+HF/Xf"},"fileId":"90nWCijRZM/46Tq2g/AH8D"},"_opacity":130,"_color":{"__type__":"cc.Color"},"_contentSize":{"__type__":"cc.Size","width":750,"height":1334},"_trs":{"__type__":"TypedArray","ctor":"Float64Array","array":[0,0,0,0,0,0,1,1,1,1]}},{"__type__":"cc.Node","_name":"bgNode","_parent":{"__id__":1},"_children":[{"__id__":4},{"__id__":6},{"__id__":9}],"_components":[{"__type__":"cc.Sprite","node":{"__id__":3},"_materials":[{"__uuid__":"ecpdLyjvZBwrvm+cedCcQy"}],"_spriteFrame":{"__uuid__":"8bQAIH4/lHTZCCPkA5Aa+v"}}],"_prefab":{"__type__":"cc.PrefabInfo","root":{"__id__":1},"asset":{"__uuid__":"4dCKdRlNBMAJaNgP+HF/Xf"},"fileId":"951n4ssH1E56ENkJQZ/XWG"},"_contentSize":{"__type__":"cc.Size","width":657,"height":936},"_trs":{"__type__":"TypedArray","ctor":"Float64Array","array":[1,3,0,0,0,0,1,1,1,1]}},{"__type__":"cc.Node","_name":"pic_tixianmingxi","_parent":{"__id__":3},"_children":[{"__id__":5}],"_components":[{"__type__":"cc.Sprite","node":{"__id__":4},"_materials":[{"__uuid__":"ecpdLyjvZBwrvm+cedCcQy"}],"_spriteFrame":{"__uuid__":"cdEvF//9tDQ7A6VuL1Xfzj"}}],"_prefab":{"__type__":"cc.PrefabInfo","root":{"__id__":1},"asset":{"__uuid__":"4dCKdRlNBMAJaNgP+HF/Xf"},"fileId":"4eY1SBK8FFuKcpGdbzMKpm"},"_contentSize":{"__type__":"cc.Size","width":304,"height":110},"_trs":{"__type__":"TypedArray","ctor":"Float64Array","array":[0,433,0,0,0,0,1,1,1,1]}},{"__type__":"cc.Node","_name":"font_title","_parent":{"__id__":4},"_components":[{"__type__":"41ebaVoPpRA4Kp67XEdHfZn","node":{"__id__":5},"_materials":[{"__uuid__":"ecpdLyjvZBwrvm+cedCcQy"}],"_string":"提现明细","_N$string":"提现明细","_fontSize":50,"_lineHeight":50,"_N$file":{"__uuid__":"farb0WbWZMgrGmuICOt0MU"},"_isSystemFontUsed":false,"i18n_string":"tixianjilu_layer_1_1"},{"__type__":"cc.LabelOutline","node":{"__id__":5},"_color":{"__type__":"cc.Color","r":117,"g":59,"b":23},"_width":5}],"_prefab":{"__type__":"cc.PrefabInfo","root":{"__id__":1},"asset":{"__uuid__":"4dCKdRlNBMAJaNgP+HF/Xf"},"fileId":"03dEO2gy5DNKakMeqQtCeo"},"_contentSize":{"__type__":"cc.Size","width":210,"height":73},"_trs":{"__type__":"TypedArray","ctor":"Float64Array","array":[0,0,0,0,0,0,1,1,1,1]}},{"__type__":"cc.Node","_name":"ScrollView","_parent":{"__id__":3},"_children":[{"__id__":7}],"_components":[{"__type__":"cc.ScrollView","node":{"__id__":6},"horizontal":false,"inertia":false,"brake":0.75,"elastic":false,"bounceDuration":0.23,"_N$content":{"__id__":8},"content":{"__id__":8},"_N$horizontalScrollBar":null,"_N$verticalScrollBar":null}],"_prefab":{"__type__":"cc.PrefabInfo","root":{"__id__":1},"asset":{"__uuid__":"4dCKdRlNBMAJaNgP+HF/Xf"},"fileId":"18RRdq7etMfIF1vtOiqJ4T"},"_contentSize":{"__type__":"cc.Size","width":550,"height":750},"_trs":{"__type__":"TypedArray","ctor":"Float64Array","array":[0,-43,0,0,0,0,1,1,1,1]}},{"__type__":"cc.Node","_name":"view","_parent":{"__id__":6},"_children":[{"__id__":8}],"_components":[{"__type__":"cc.Mask","node":{"__id__":7},"_materials":[{"__uuid__":"ecpdLyjvZBwrvm+cedCcQy"}],"_N$alphaThreshold":0},{"__type__":"cc.Widget","node":{"__id__":7},"_alignFlags":45,"_originalWidth":240,"_originalHeight":250}],"_prefab":{"__type__":"cc.PrefabInfo","root":{"__id__":1},"asset":{"__uuid__":"4dCKdRlNBMAJaNgP+HF/Xf"},"fileId":"c5x0/7NwxAgZ5yvY88asje"},"_contentSize":{"__type__":"cc.Size","width":550,"height":750},"_anchorPoint":{"__type__":"cc.Vec2","x":0.5,"y":1},"_trs":{"__type__":"TypedArray","ctor":"Float64Array","array":[0,375,0,0,0,0,1,1,1,1]}},{"__type__":"cc.Node","_name":"content","_parent":{"__id__":7},"_components":[{"__type__":"cc.Layout","node":{"__id__":8},"_layoutSize":{"__type__":"cc.Size","width":550,"height":135},"_resize":1,"_N$layoutType":2},{"__type__":"cc.Widget","node":{"__id__":8},"_alignFlags":40,"_originalWidth":220}],"_prefab":{"__type__":"cc.PrefabInfo","root":{"__id__":1},"asset":{"__uuid__":"4dCKdRlNBMAJaNgP+HF/Xf"},"fileId":"3aIc3UIR9FlZqVYe0GflEj"},"_contentSize":{"__type__":"cc.Size","width":550,"height":135},"_anchorPoint":{"__type__":"cc.Vec2","x":0.5,"y":1},"_trs":{"__type__":"TypedArray","ctor":"Float64Array","array":[0,0,0,0,0,0,1,1,1,1]}},{"__type__":"cc.Node","_name":"ic_guanbi2","_parent":{"__id__":3},"_components":[{"__type__":"cc.Sprite","node":{"__id__":9},"_materials":[{"__uuid__":"ecpdLyjvZBwrvm+cedCcQy"}],"_spriteFrame":{"__uuid__":"5c4o7no3NMH7pZupb0latf"}},{"__type__":"cc.Button","node":{"__id__":9},"_normalMaterial":{"__uuid__":"ecpdLyjvZBwrvm+cedCcQy"},"zoomScale":0.9,"_N$transition":3,"transition":3}],"_prefab":{"__type__":"cc.PrefabInfo","root":{"__id__":1},"asset":{"__uuid__":"4dCKdRlNBMAJaNgP+HF/Xf"},"fileId":"5f0jm8TIBN3Zqe14OTUzE3"},"_contentSize":{"__type__":"cc.Size","width":84,"height":84},"_trs":{"__type__":"TypedArray","ctor":"Float64Array","array":[287,415,0,0,0,0,1,1,1,1]}}],{"__type__":"cc.SpriteFrame","content":{"name":"ic_guanbi2","texture":"02krqH8i1AdZB/lC2WegR2","rect":[789,371,84,84],"offset":[0,0],"originalSize":[84,84],"capInsets":[0,0,0,0]}},{"__type__":"cc.SpriteFrame","content":{"name":"bg_tixianmingxi","texture":"56HD2cT6xPmLECXuBM+EDD","rect":[1,0,657,936],"offset":[0.5,0],"originalSize":[658,936],"capInsets":[0,0,0,0]}},{"__type__":"cc.SpriteFrame","content":{"name":"default_sprite_splash","texture":"02delMVqdBD70a/HSD99FK","rect":[0,0,2,2],"offset":[0,0],"originalSize":[2,2],"capInsets":[0,0,0,0]}},{"__type__":"cc.SpriteFrame","content":{"name":"img_title","texture":"36otX/aM1E4Zo+o68pRLtJ","rect":[1,1,304,110],"offset":[0,0],"originalSize":[304,110],"capInsets":[0,0,0,0]}}]