[[{"__type__":"cc.Prefab","_name":"xieyi_layer","data":{"__id__":1}},{"__type__":"cc.Node","_name":"xieyi_layer","_children":[{"__id__":2},{"__id__":3}],"_components":[{"__type__":"cc.Widget","node":{"__id__":1},"_alignFlags":45},{"__type__":"8bab0BKYUtML5TofJkU9u7/","node":{"__id__":1}}],"_prefab":{"__type__":"cc.PrefabInfo","root":{"__id__":1},"asset":{"__uuid__":"52JcSOBgVEUYnfQnL15/n4"},"fileId":"6fD5D5hEpFuaT4qid5ruLO"},"_contentSize":{"__type__":"cc.Size","width":750,"height":1334},"_trs":{"__type__":"TypedArray","ctor":"Float64Array","array":[375,667,0,0,0,0,1,1,1,1]}},{"__type__":"cc.Node","_name":"mask","_parent":{"__id__":1},"_components":[{"__type__":"cc.Sprite","node":{"__id__":2},"_materials":[{"__uuid__":"ecpdLyjvZBwrvm+cedCcQy"}],"_spriteFrame":{"__uuid__":"a2MjXRFdtLlYQ5ouAFv/+R"},"_sizeMode":0},{"__type__":"cc.Widget","node":{"__id__":2},"_alignFlags":45,"_originalWidth":40,"_originalHeight":36},{"__type__":"cc.BlockInputEvents","node":{"__id__":2}}],"_prefab":{"__type__":"cc.PrefabInfo","root":{"__id__":1},"asset":{"__uuid__":"52JcSOBgVEUYnfQnL15/n4"},"fileId":"acVmt1tkNNG7faPxWicCD6"},"_opacity":130,"_color":{"__type__":"cc.Color"},"_contentSize":{"__type__":"cc.Size","width":750,"height":1334},"_trs":{"__type__":"TypedArray","ctor":"Float64Array","array":[0,0,0,0,0,0,1,1,1,1]}},{"__type__":"cc.Node","_name":"img_bg","_parent":{"__id__":1},"_children":[{"__id__":4},{"__id__":5},{"__id__":6}],"_components":[{"__type__":"cc.Sprite","node":{"__id__":3},"_materials":[{"__uuid__":"ecpdLyjvZBwrvm+cedCcQy"}],"_spriteFrame":{"__uuid__":"9b2jQyeOBEYIREx/CvH7GA"},"_type":1,"_sizeMode":0}],"_prefab":{"__type__":"cc.PrefabInfo","root":{"__id__":1},"asset":{"__uuid__":"52JcSOBgVEUYnfQnL15/n4"},"fileId":"87U+T48PRAtJWmNpmsIOdm"},"_contentSize":{"__type__":"cc.Size","width":657,"height":1060},"_trs":{"__type__":"TypedArray","ctor":"Float64Array","array":[0,0,0,0,0,0,1,1,1,1]}},{"__type__":"cc.Node","_name":"font_title","_parent":{"__id__":3},"_components":[{"__type__":"41ebaVoPpRA4Kp67XEdHfZn","node":{"__id__":4},"_materials":[{"__uuid__":"ecpdLyjvZBwrvm+cedCcQy"}],"_string":"说明","_N$string":"说明","_fontSize":50,"_lineHeight":50,"_N$file":{"__uuid__":"farb0WbWZMgrGmuICOt0MU"},"_isSystemFontUsed":false,"i18n_string":"shuoming_layer_3_1"},{"__type__":"cc.LabelOutline","node":{"__id__":4},"_color":{"__type__":"cc.Color","r":117,"g":59,"b":23},"_width":5}],"_prefab":{"__type__":"cc.PrefabInfo","root":{"__id__":1},"asset":{"__uuid__":"52JcSOBgVEUYnfQnL15/n4"},"fileId":"d59I0ZXQ9Jmbl3SwxvsJ+m"},"_contentSize":{"__type__":"cc.Size","width":110,"height":73},"_trs":{"__type__":"TypedArray","ctor":"Float64Array","array":[0,491.404,0,0,0,0,1,1,1,1]}},{"__type__":"cc.Node","_name":"ic_guanbi2","_parent":{"__id__":3},"_components":[{"__type__":"cc.Sprite","node":{"__id__":5},"_materials":[{"__uuid__":"ecpdLyjvZBwrvm+cedCcQy"}],"_spriteFrame":{"__uuid__":"5c4o7no3NMH7pZupb0latf"}},{"__type__":"cc.Button","node":{"__id__":5},"_normalMaterial":{"__uuid__":"ecpdLyjvZBwrvm+cedCcQy"},"duration":0,"zoomScale":0.9,"_N$transition":3,"transition":3}],"_prefab":{"__type__":"cc.PrefabInfo","root":{"__id__":1},"asset":{"__uuid__":"52JcSOBgVEUYnfQnL15/n4"},"fileId":"94jHu5Hq1OYLwOx7kq6M1f"},"_contentSize":{"__type__":"cc.Size","width":84,"height":84},"_trs":{"__type__":"TypedArray","ctor":"Float64Array","array":[274.354,453.965,0,0,0,0,1,1,1,1]}},{"__type__":"cc.Node","_name":"bg_xiao_nei","_parent":{"__id__":3},"_children":[{"__id__":7}],"_components":[{"__type__":"cc.Sprite","node":{"__id__":6},"_materials":[{"__uuid__":"ecpdLyjvZBwrvm+cedCcQy"}],"_spriteFrame":{"__uuid__":"7cf1UlLmNJEaR8GVffqggr"},"_type":1,"_sizeMode":0}],"_prefab":{"__type__":"cc.PrefabInfo","root":{"__id__":1},"asset":{"__uuid__":"52JcSOBgVEUYnfQnL15/n4"},"fileId":"63quodXttIW5JWJ+/qQOzj"},"_contentSize":{"__type__":"cc.Size","width":600,"height":910},"_trs":{"__type__":"TypedArray","ctor":"Float64Array","array":[0,-47,0,0,0,0,1,1,1,1]}},{"__type__":"cc.Node","_name":"scrollview","_parent":{"__id__":6},"_children":[{"__id__":8}],"_components":[{"__type__":"cc.ScrollView","node":{"__id__":7},"horizontal":false,"inertia":false,"brake":0.75,"bounceDuration":0.23,"_N$content":{"__id__":9},"content":{"__id__":9},"_N$horizontalScrollBar":null,"_N$verticalScrollBar":null}],"_prefab":{"__type__":"cc.PrefabInfo","root":{"__id__":1},"asset":{"__uuid__":"52JcSOBgVEUYnfQnL15/n4"},"fileId":"79VD4EvDNJ/bAe1/ZbwXo7"},"_contentSize":{"__type__":"cc.Size","width":550,"height":865},"_trs":{"__type__":"TypedArray","ctor":"Float64Array","array":[0,0,0,0,0,0,1,1,1,1]}},{"__type__":"cc.Node","_name":"view","_parent":{"__id__":7},"_children":[{"__id__":9}],"_components":[{"__type__":"cc.Mask","node":{"__id__":8},"_materials":[{"__uuid__":"ecpdLyjvZBwrvm+cedCcQy"}],"_N$alphaThreshold":0},{"__type__":"cc.Widget","node":{"__id__":8},"_alignFlags":45,"_originalWidth":240,"_originalHeight":250}],"_prefab":{"__type__":"cc.PrefabInfo","root":{"__id__":1},"asset":{"__uuid__":"52JcSOBgVEUYnfQnL15/n4"},"fileId":"29Rp1ufMpLAY3W1qmc6kKZ"},"_contentSize":{"__type__":"cc.Size","width":550,"height":865},"_anchorPoint":{"__type__":"cc.Vec2","x":0.5,"y":1},"_trs":{"__type__":"TypedArray","ctor":"Float64Array","array":[0,432.5,0,0,0,0,1,1,1,1]}},{"__type__":"cc.Node","_name":"content","_parent":{"__id__":8},"_children":[{"__id__":10},{"__id__":11}],"_components":[{"__type__":"cc.Layout","node":{"__id__":9},"_layoutSize":{"__type__":"cc.Size","width":550,"height":21984},"_resize":1,"_N$layoutType":2},{"__type__":"cc.Widget","node":{"__id__":9},"_alignFlags":45,"_bottom":-21119,"_originalWidth":220,"_originalHeight":-20}],"_prefab":{"__type__":"cc.PrefabInfo","root":{"__id__":1},"asset":{"__uuid__":"52JcSOBgVEUYnfQnL15/n4"},"fileId":"44vBlwLJFF1YxghK55m/EE"},"_contentSize":{"__type__":"cc.Size","width":550,"height":21984},"_anchorPoint":{"__type__":"cc.Vec2","x":0.5,"y":1},"_trs":{"__type__":"TypedArray","ctor":"Float64Array","array":[0,0,0,0,0,0,1,1,1,1]}},{"__type__":"cc.Node","_name":"lab1","_parent":{"__id__":9},"_components":[{"__type__":"cc.Label","node":{"__id__":10},"_materials":[{"__uuid__":"ecpdLyjvZBwrvm+cedCcQy"}],"_useOriginalSize":false,"_string":"《魔性小怪兽隐私协议》\n隐私政策\n提示条款\n魔性小怪兽游戏尊重并保护所有使用服务用户的个人隐私权。为了给您提供更准确、更有个性化的服务，本应用会按照本隐私权政策的规定使用和披露您的个人信息。但本应用将以高度的勤勉、审慎义务对待这些信息。除本隐私权政策另有规定外，在未征得您事先许可的情况下，本应用不会将这些信息对外披露或向第三方提供。本应用会不时更新本隐私权政策。 您在同意本应用服务使用协议之时，即视为您已经同意本隐私权政策全部内容。本隐私权政策属于本应用服务使用协议不可分割的一部分。\n\n1. 适用范围\n(a)基于提供本应用基本功能服务，在您注册本应用帐号时，可能会要求您提供移动电话号码；基于提供本应用防沉迷、充值付费等附加功能服务，会要求您根据本应用要求提供的身份证号码等个人注册信息\n\n(b)在您使用本应用网络服务，或访问本应用平台网页时，本应用自动接收并记录的您的浏览器和计算机上的信息，包括但不限于您的IP地址、浏览器的类型、使用的语言、访问日期和时间、软硬件特征信息及您需求的网页记录等数据\n\n(c)本应用通过合法途径从商业伙伴处取得的用户个人数据。您了解并同意，以下信息不适用本隐私权政策\n\n(d)您在使用本应用平台提供的搜索服务时输入的关键字信息\n\n(e)本应用收集到的您在本应用发布的有关信息数据，包括但不限于参与活动、成交信息及评价详情\n\n(f)违反法律规定或违反本应用规则行为及本应用已对您采取的措施\n\n2. 信息使用\n(a)本应用不会向任何无关第三方提供、出售、出租、分享或交易您的个人信息，除非事先得到您的许可，或该第三方和本应用（含本应用关联公司）单独或共同为您提供服务，且在该服务结束后，其将被禁止访问包括其以前能够访问的所有这些资料\n\n(b)本应用亦不允许任何第三方以任何手段收集、编辑、出售或者无偿传播您的个人信息。任何本应用平台用户如从事上述活动，一经发现，本应用有权立即终止与该用户的服务协议。\n\n(c)为服务用户的目的，本应用可能通过使用您的个人信息，向您提供您感兴趣的信息，包括但不限于向您发出产品和服务信息，或者与本应用合作伙伴共享信息以便他们向您发送有关其产品和服务的信息（后者需要您的事先同意）\n\n3. 信息披露\n在如下情况下，本应用将依据您的个人意愿或法律的规定全部或部分的披露您的个人信息\n\n(a)经您事先同意，向第三方披露\n\n(b)为提供您所要求的产品和服务，而必须和第三方分享您的个人信息\n\n(c)根据法律的有关规定，或者行政或司法机构的要求，向第三方或者行政、司法机构披露\n\n(d)如您出现违反中国有关法律、法规或者本应用服务协议或相关规则的情况，需要向第三方披露\n\n(e)如您是适格的知识产权投诉人并已提起投诉，应被投诉人要求，向被投诉人披露，以便双方处理可能的权利纠纷\n\n(f)在本应用平台上创建的某一交易中，如交易任何一方履行或部分履行了交易义务并提出信息披露请求的，本应用有权决定向该用户提供其交易对方的联络方式等必要信息，以促成交易的完成或纠纷的解决\n\n(g)其它本应用根据法律、法规或者网站本应用政策为保护其他合法权益认为合适的披露\n\n4. 信息存储和交换\n本应用收集的有关您的信息和资料将保存在本应用及（或）其关联公司的服务器上，这些信息和资料可能传送至您所在国家、地区或本应用收集信息和资料所在地的境外并在境外被访问、存储和展示\n\n5. Cookie的使用\n(a)在您未拒绝接受cookies的情况下，本应用会在您的计算机上设定或取用cookies ，以便您能登录或使用依赖于cookies的本应用平台服务或功能。本应用使用cookies可为您提供更加周到的个性化服务，包括推广服务\n\n(b)您有权选择接受或拒绝接受cookies。您可以通过修改浏览器设置的方式拒绝接受cookies。但如果您选择拒绝接受cookies，则您可能无法登录或使用依赖于cookies的本应用网络服务或功能\n\n(c)通过本应用所设cookies所取得的有关信息，将适用本政策\n\n6. 信息安全\n(a)本应用帐号均有安全保护功能，请妥善保管您的用户名及密码信息。本应用将通过对用户密码进行加密等安全措施确保您的信息不丢失，不被滥用和变造。尽管有前述安全措施，但同时也请您注意在信息网络上不存在“完善的安全措施”\n\n(b)在使用本应用网络服务进行网上交易时，您不可避免的要向交易对方或潜在的交易对方披露自己的信息，如联络方式或者邮政地址。请您妥善保管自己的信息，仅在必要的情形下向他人提供\n\n如您发现自己的个人信息泄密，尤其是本应用用户名及密码发生泄露，请您立即联络本应用客服，以便本应用采取相应措施。我们将按照法律法规的要求，及时向您告知：安全事件的基本情况和可能的影响、我们已采取或将要采取的处置措施、您可自主防范和降低风险的建议、对您的补救措施等。我们同时将及时将事件相关情况以邮件、信函、电话、推送通知等方式告知您，难以逐一告知信息主体时，我们会采取合理、有效的方式发布公告。同时，我们还将按照监管部门的要求，主动上报信息安全事件的处置情况\n\n(c)互联网并非绝对安全的环境，而且电子邮件、即时通讯、社交软件或其他服务软件等与其他用户的交流方式确定是否完全加密，建议您使用复杂密码，并注意保护您的信息安全\n\n7.年龄限制\n我们建议：任何未成年人参加网上活动应事先取得家长或其法定监护人（以下简称\"监护人\"）的同意。我们将根据国家相关法律法规的规定保护未成年人的相关信息v\n\n我们鼓励父母或监护人指导未满十八岁的未成年人使用我们的服务。我们建议未成年人鼓励他们的父母或监护人阅读本《隐私政策》，并建议未成年人在提交个人信息之前寻求父母或监护人的同意和指导\n\n8.本隐私政策的更改\n(a)如果决定更改隐私政策，我们会在本政策中、本公司网站中以及我们认为适当的位置发布这些更改，以便您了解我们如何收集、使用您的个人信息，哪些人可以访问这些信息，以及在什么情况下我们会透露这些信息\n\n(b)本公司保留随时修改本政策的权利，因此请您经常查看。如对本政策作出重大更改，本公司会通过网站通知或其他合理的形式告知\n\n为保障我们客户端的稳定运行、功能实现，使您能够使用和享受更多的服务及功能，我们的应用中会嵌入授权合作伙伴的SDK。我们会对授权合作伙伴获取有关信息的应用程序接口（API）、软件工具开发包（SDK）进行严格的安全检测，并与授权合作伙伴约定严格的数据保护措施，令其按照本政策以及其他任何相关的保密和安全措施来处理个人信息\n\nSDK名称：微信SDK\n\nSDK包名：com.tencent.mm、com.tencent.mm.opensdk\n\nSDK收集：腾讯公司\n\nandroid.permission.ACCESS_COARSE_LOCATION(（基于网络的）粗略位置) \n访问粗略的位置源（例如蜂窝网络数据库）以确定平板电脑（手机）的大体位置（如果可以）。恶意应用程序可借此确定您所处的大体位置。\nandroid.permission.MANAGE_ACCOUNTS(管理帐户列表) \n允许应用程序执行添加、删除帐户及删除其密码之类的操作。\nandroid.permission.RECORD_AUDIO(录音) \n允许应用程序访问录音路径。\nandroid.permission.CAMERA(拍摄照片和视频) \n允许应用程序使用相机拍摄照片和视频，这样应用程序可随时收集进入相机镜头中的图片。\n\nandroid.permission.READ_PHONE_STATE(读取手机状态和身份) \n允许应用程序访问设备的手机功能。有此权限的应用程序可确定此手机的号码和序列号，是否正在通话，以及对方的号码等。\nandroid.permission.WRITE_EXTERNAL_STORAGE(修改/删除 SD 卡中的内容) \n允许应用程序写入 USB 存储设备。\nandroid.permission.ACCESS_FINE_LOCATION(精准的(GPS)位置) \n访问精准的位置源，例如平板电脑（手机）上的全球定位系统（如果有）。恶意应用程序可能会借此确定您所处的位置，并可能消耗额外的电池电量\n\nSDK用途: 提供微信登录、微信分享能力\n\n隐私链接：https://open.weixin.qq.com/cgi-bin/frame?t=news/protocol_developer_tmpl\n\nSDK名称：穿山甲\n\nSDK包名：open_ad_sdk\n\nSDK收集：北京巨量引擎网络技术有限公司\n\nSDK用途: 激励视频\n\n隐私链接：https://www.pangle.cn/privacy?from=partner.oceanengine.com&\n\n9.我们如何收集和使用您的信息\n（一）我们会出于本政策所述的以下目的，收集您的个人信息：\n\n1、登录用户服务\n\n为了便于我们为您提供登录用户相关服务，您需要提供手机号码、电子邮箱地址等信息，并创建用户名和密码。如果您仅需使用浏览、搜索、下载免费应用等基本服务，您不需要登录及提供上述信息。\n\n您登录时，会向我们提供账号名称、昵称、密码、密码保护问题、电子邮件地址、手机号码等信息。\n\n2、为您展示和推送商品或服务\n\n为改善我们的产品或服务、向您提供个性化的服务，我们会根据您的浏览及搜索记录、点击记录、下载记录、收藏记录、设备信息、位置信息，提取您的浏览、搜索偏好、行为习惯、位置信息等信息作特征分析和用户画像，以便为您提供更合适您和您的设备的定制化服务。例如，向您展现或推荐相关程度更高的搜索结果、信息流或广告及推广信息。我们可能将您的画像信息与您授权的其他方的信息结合起来，更好的满足您的需求。\n\n如果您不想接受我们给您发送的商业广告，您可随时通过相应产品退订功能取消。\n\n3、向您提供商品或服务\n\n（1）您向我们提供的信息\n\n为便于向您交付商品或服务，您可能需提供姓名、地址、邮政编码、收货人联系电话，有时可能还需要您提供身份信息、联系方式、支付交易账号等个人敏感信息。\n\n（2）我们在您使用服务过程中收集的信息\n\n为向您提供更契合您需求的页面展示和搜索结果、了解产品适配性、识别账号异常状态，我们会收集关于您使用的服务以及使用方式的信息并将这些信息进行关联，这些信息包括：\n\n设备信息：我们会根据您在软件安装及使用中授予的具体权限，接收并记录您所使用的设备相关信息（例如设备型号、操作系统版本、设备设置、唯一设备标识符、设备中所其他应用程序的安装情况等软硬件特征信息）、设备所在位置相关信息（例如IP 地址、GPS位置以及能够提供相关信息的Wi-Fi 接入点、蓝牙和基站等传感器信息）。\n\n日志信息：当您使用我们的网站或客户端提供的产品或服务时，我们会自动收集您对我们服务的详细使用情况，作为有关网络日志保存。例如您的搜索查询内容、IP地址、浏览器的类型、电信运营商、使用的语言、访问日期和时间及您访问的网页记录等。\n\n请注意，单独的设备信息、日志信息等是无法识别特定自然人身份的信息。如果我们将这类非个人信息与其他信息结合用于识别特定自然人身份，或者将其与个人信息结合使用，则在结合使用期间，这类非个人信息将被视为个人信息，除取得您明确的授权或法律法规另有规定外，我们会将该类个人信息做匿名化、去标识化处理。\n\n当您与我们联系时，我们可能会保存您的通信/通话记录和内容或您留下的联系方式等信息，以便与您联系或帮助您解决问题，或记录相关问题的处理方案及结果。\n\n4、为您提供安全保障\n\n请注意，为确保用户身份真实性、向您提供更好的安全保障，您可以向我们提供身份证、手机号码等个人敏感信息完成实名认证。如您拒绝提供上述信息，可能无法使用相关服务。\n\n为提高您使用本产品提供服务的安全性，保护您或其他用户或公众的人身财产安全免遭侵害，更好地预防钓鱼网站、欺诈、网络漏洞、计算机病毒、网络攻击、网络侵入等安全风险，更准确地识别违反法律法规或本产品相关协议规则的情况，我们可能使用或整合您的会员信息、交易信息、设备信息、有关网络日志以及其它取得您授权或依据法律共享的信息，来综合判断您账户及交易风险、进行身份验证、检测及防范安全事件，并依法采取必要的记录、审计、分析、处置措施。\n\n5、其他用途\n\n我们将信息用于本政策未载明的其他用途，或者将基于特定目的收集而来的信息用于其他目的时，会事先征求您的明确同意。\n","_N$string":"《魔性小怪兽隐私协议》\n隐私政策\n提示条款\n魔性小怪兽游戏尊重并保护所有使用服务用户的个人隐私权。为了给您提供更准确、更有个性化的服务，本应用会按照本隐私权政策的规定使用和披露您的个人信息。但本应用将以高度的勤勉、审慎义务对待这些信息。除本隐私权政策另有规定外，在未征得您事先许可的情况下，本应用不会将这些信息对外披露或向第三方提供。本应用会不时更新本隐私权政策。 您在同意本应用服务使用协议之时，即视为您已经同意本隐私权政策全部内容。本隐私权政策属于本应用服务使用协议不可分割的一部分。\n\n1. 适用范围\n(a)基于提供本应用基本功能服务，在您注册本应用帐号时，可能会要求您提供移动电话号码；基于提供本应用防沉迷、充值付费等附加功能服务，会要求您根据本应用要求提供的身份证号码等个人注册信息\n\n(b)在您使用本应用网络服务，或访问本应用平台网页时，本应用自动接收并记录的您的浏览器和计算机上的信息，包括但不限于您的IP地址、浏览器的类型、使用的语言、访问日期和时间、软硬件特征信息及您需求的网页记录等数据\n\n(c)本应用通过合法途径从商业伙伴处取得的用户个人数据。您了解并同意，以下信息不适用本隐私权政策\n\n(d)您在使用本应用平台提供的搜索服务时输入的关键字信息\n\n(e)本应用收集到的您在本应用发布的有关信息数据，包括但不限于参与活动、成交信息及评价详情\n\n(f)违反法律规定或违反本应用规则行为及本应用已对您采取的措施\n\n2. 信息使用\n(a)本应用不会向任何无关第三方提供、出售、出租、分享或交易您的个人信息，除非事先得到您的许可，或该第三方和本应用（含本应用关联公司）单独或共同为您提供服务，且在该服务结束后，其将被禁止访问包括其以前能够访问的所有这些资料\n\n(b)本应用亦不允许任何第三方以任何手段收集、编辑、出售或者无偿传播您的个人信息。任何本应用平台用户如从事上述活动，一经发现，本应用有权立即终止与该用户的服务协议。\n\n(c)为服务用户的目的，本应用可能通过使用您的个人信息，向您提供您感兴趣的信息，包括但不限于向您发出产品和服务信息，或者与本应用合作伙伴共享信息以便他们向您发送有关其产品和服务的信息（后者需要您的事先同意）\n\n3. 信息披露\n在如下情况下，本应用将依据您的个人意愿或法律的规定全部或部分的披露您的个人信息\n\n(a)经您事先同意，向第三方披露\n\n(b)为提供您所要求的产品和服务，而必须和第三方分享您的个人信息\n\n(c)根据法律的有关规定，或者行政或司法机构的要求，向第三方或者行政、司法机构披露\n\n(d)如您出现违反中国有关法律、法规或者本应用服务协议或相关规则的情况，需要向第三方披露\n\n(e)如您是适格的知识产权投诉人并已提起投诉，应被投诉人要求，向被投诉人披露，以便双方处理可能的权利纠纷\n\n(f)在本应用平台上创建的某一交易中，如交易任何一方履行或部分履行了交易义务并提出信息披露请求的，本应用有权决定向该用户提供其交易对方的联络方式等必要信息，以促成交易的完成或纠纷的解决\n\n(g)其它本应用根据法律、法规或者网站本应用政策为保护其他合法权益认为合适的披露\n\n4. 信息存储和交换\n本应用收集的有关您的信息和资料将保存在本应用及（或）其关联公司的服务器上，这些信息和资料可能传送至您所在国家、地区或本应用收集信息和资料所在地的境外并在境外被访问、存储和展示\n\n5. Cookie的使用\n(a)在您未拒绝接受cookies的情况下，本应用会在您的计算机上设定或取用cookies ，以便您能登录或使用依赖于cookies的本应用平台服务或功能。本应用使用cookies可为您提供更加周到的个性化服务，包括推广服务\n\n(b)您有权选择接受或拒绝接受cookies。您可以通过修改浏览器设置的方式拒绝接受cookies。但如果您选择拒绝接受cookies，则您可能无法登录或使用依赖于cookies的本应用网络服务或功能\n\n(c)通过本应用所设cookies所取得的有关信息，将适用本政策\n\n6. 信息安全\n(a)本应用帐号均有安全保护功能，请妥善保管您的用户名及密码信息。本应用将通过对用户密码进行加密等安全措施确保您的信息不丢失，不被滥用和变造。尽管有前述安全措施，但同时也请您注意在信息网络上不存在“完善的安全措施”\n\n(b)在使用本应用网络服务进行网上交易时，您不可避免的要向交易对方或潜在的交易对方披露自己的信息，如联络方式或者邮政地址。请您妥善保管自己的信息，仅在必要的情形下向他人提供\n\n如您发现自己的个人信息泄密，尤其是本应用用户名及密码发生泄露，请您立即联络本应用客服，以便本应用采取相应措施。我们将按照法律法规的要求，及时向您告知：安全事件的基本情况和可能的影响、我们已采取或将要采取的处置措施、您可自主防范和降低风险的建议、对您的补救措施等。我们同时将及时将事件相关情况以邮件、信函、电话、推送通知等方式告知您，难以逐一告知信息主体时，我们会采取合理、有效的方式发布公告。同时，我们还将按照监管部门的要求，主动上报信息安全事件的处置情况\n\n(c)互联网并非绝对安全的环境，而且电子邮件、即时通讯、社交软件或其他服务软件等与其他用户的交流方式确定是否完全加密，建议您使用复杂密码，并注意保护您的信息安全\n\n7.年龄限制\n我们建议：任何未成年人参加网上活动应事先取得家长或其法定监护人（以下简称\"监护人\"）的同意。我们将根据国家相关法律法规的规定保护未成年人的相关信息v\n\n我们鼓励父母或监护人指导未满十八岁的未成年人使用我们的服务。我们建议未成年人鼓励他们的父母或监护人阅读本《隐私政策》，并建议未成年人在提交个人信息之前寻求父母或监护人的同意和指导\n\n8.本隐私政策的更改\n(a)如果决定更改隐私政策，我们会在本政策中、本公司网站中以及我们认为适当的位置发布这些更改，以便您了解我们如何收集、使用您的个人信息，哪些人可以访问这些信息，以及在什么情况下我们会透露这些信息\n\n(b)本公司保留随时修改本政策的权利，因此请您经常查看。如对本政策作出重大更改，本公司会通过网站通知或其他合理的形式告知\n\n为保障我们客户端的稳定运行、功能实现，使您能够使用和享受更多的服务及功能，我们的应用中会嵌入授权合作伙伴的SDK。我们会对授权合作伙伴获取有关信息的应用程序接口（API）、软件工具开发包（SDK）进行严格的安全检测，并与授权合作伙伴约定严格的数据保护措施，令其按照本政策以及其他任何相关的保密和安全措施来处理个人信息\n\nSDK名称：微信SDK\n\nSDK包名：com.tencent.mm、com.tencent.mm.opensdk\n\nSDK收集：腾讯公司\n\nandroid.permission.ACCESS_COARSE_LOCATION(（基于网络的）粗略位置) \n访问粗略的位置源（例如蜂窝网络数据库）以确定平板电脑（手机）的大体位置（如果可以）。恶意应用程序可借此确定您所处的大体位置。\nandroid.permission.MANAGE_ACCOUNTS(管理帐户列表) \n允许应用程序执行添加、删除帐户及删除其密码之类的操作。\nandroid.permission.RECORD_AUDIO(录音) \n允许应用程序访问录音路径。\nandroid.permission.CAMERA(拍摄照片和视频) \n允许应用程序使用相机拍摄照片和视频，这样应用程序可随时收集进入相机镜头中的图片。\n\nandroid.permission.READ_PHONE_STATE(读取手机状态和身份) \n允许应用程序访问设备的手机功能。有此权限的应用程序可确定此手机的号码和序列号，是否正在通话，以及对方的号码等。\nandroid.permission.WRITE_EXTERNAL_STORAGE(修改/删除 SD 卡中的内容) \n允许应用程序写入 USB 存储设备。\nandroid.permission.ACCESS_FINE_LOCATION(精准的(GPS)位置) \n访问精准的位置源，例如平板电脑（手机）上的全球定位系统（如果有）。恶意应用程序可能会借此确定您所处的位置，并可能消耗额外的电池电量\n\nSDK用途: 提供微信登录、微信分享能力\n\n隐私链接：https://open.weixin.qq.com/cgi-bin/frame?t=news/protocol_developer_tmpl\n\nSDK名称：穿山甲\n\nSDK包名：open_ad_sdk\n\nSDK收集：北京巨量引擎网络技术有限公司\n\nSDK用途: 激励视频\n\n隐私链接：https://www.pangle.cn/privacy?from=partner.oceanengine.com&\n\n9.我们如何收集和使用您的信息\n（一）我们会出于本政策所述的以下目的，收集您的个人信息：\n\n1、登录用户服务\n\n为了便于我们为您提供登录用户相关服务，您需要提供手机号码、电子邮箱地址等信息，并创建用户名和密码。如果您仅需使用浏览、搜索、下载免费应用等基本服务，您不需要登录及提供上述信息。\n\n您登录时，会向我们提供账号名称、昵称、密码、密码保护问题、电子邮件地址、手机号码等信息。\n\n2、为您展示和推送商品或服务\n\n为改善我们的产品或服务、向您提供个性化的服务，我们会根据您的浏览及搜索记录、点击记录、下载记录、收藏记录、设备信息、位置信息，提取您的浏览、搜索偏好、行为习惯、位置信息等信息作特征分析和用户画像，以便为您提供更合适您和您的设备的定制化服务。例如，向您展现或推荐相关程度更高的搜索结果、信息流或广告及推广信息。我们可能将您的画像信息与您授权的其他方的信息结合起来，更好的满足您的需求。\n\n如果您不想接受我们给您发送的商业广告，您可随时通过相应产品退订功能取消。\n\n3、向您提供商品或服务\n\n（1）您向我们提供的信息\n\n为便于向您交付商品或服务，您可能需提供姓名、地址、邮政编码、收货人联系电话，有时可能还需要您提供身份信息、联系方式、支付交易账号等个人敏感信息。\n\n（2）我们在您使用服务过程中收集的信息\n\n为向您提供更契合您需求的页面展示和搜索结果、了解产品适配性、识别账号异常状态，我们会收集关于您使用的服务以及使用方式的信息并将这些信息进行关联，这些信息包括：\n\n设备信息：我们会根据您在软件安装及使用中授予的具体权限，接收并记录您所使用的设备相关信息（例如设备型号、操作系统版本、设备设置、唯一设备标识符、设备中所其他应用程序的安装情况等软硬件特征信息）、设备所在位置相关信息（例如IP 地址、GPS位置以及能够提供相关信息的Wi-Fi 接入点、蓝牙和基站等传感器信息）。\n\n日志信息：当您使用我们的网站或客户端提供的产品或服务时，我们会自动收集您对我们服务的详细使用情况，作为有关网络日志保存。例如您的搜索查询内容、IP地址、浏览器的类型、电信运营商、使用的语言、访问日期和时间及您访问的网页记录等。\n\n请注意，单独的设备信息、日志信息等是无法识别特定自然人身份的信息。如果我们将这类非个人信息与其他信息结合用于识别特定自然人身份，或者将其与个人信息结合使用，则在结合使用期间，这类非个人信息将被视为个人信息，除取得您明确的授权或法律法规另有规定外，我们会将该类个人信息做匿名化、去标识化处理。\n\n当您与我们联系时，我们可能会保存您的通信/通话记录和内容或您留下的联系方式等信息，以便与您联系或帮助您解决问题，或记录相关问题的处理方案及结果。\n\n4、为您提供安全保障\n\n请注意，为确保用户身份真实性、向您提供更好的安全保障，您可以向我们提供身份证、手机号码等个人敏感信息完成实名认证。如您拒绝提供上述信息，可能无法使用相关服务。\n\n为提高您使用本产品提供服务的安全性，保护您或其他用户或公众的人身财产安全免遭侵害，更好地预防钓鱼网站、欺诈、网络漏洞、计算机病毒、网络攻击、网络侵入等安全风险，更准确地识别违反法律法规或本产品相关协议规则的情况，我们可能使用或整合您的会员信息、交易信息、设备信息、有关网络日志以及其它取得您授权或依据法律共享的信息，来综合判断您账户及交易风险、进行身份验证、检测及防范安全事件，并依法采取必要的记录、审计、分析、处置措施。\n\n5、其他用途\n\n我们将信息用于本政策未载明的其他用途，或者将基于特定目的收集而来的信息用于其他目的时，会事先征求您的明确同意。\n","_fontSize":30,"_lineHeight":32,"_N$verticalAlign":1,"_N$overflow":3,"_N$cacheMode":2}],"_prefab":{"__type__":"cc.PrefabInfo","root":{"__id__":1},"asset":{"__uuid__":"52JcSOBgVEUYnfQnL15/n4"},"fileId":"97FCaWtp5Lo77yFklkrF4m"},"_color":{"__type__":"cc.Color","r":51,"g":51,"b":51},"_contentSize":{"__type__":"cc.Size","width":500,"height":12608},"_trs":{"__type__":"TypedArray","ctor":"Float64Array","array":[0,-6304,0,0,0,0,1,1,1,1]}},{"__type__":"cc.Node","_name":"lab2","_parent":{"__id__":9},"_components":[{"__type__":"cc.Label","node":{"__id__":11},"_materials":[{"__uuid__":"ecpdLyjvZBwrvm+cedCcQy"}],"_useOriginalSize":false,"_string":"《魔性小怪兽服务协议》\n广西狮子互娱网络科技有限责任公司,在此特别提醒您（用户）在注册成为用户之前，请认真阅读本《用户协议》（以下简称“协议”），确保您充分理解本协议中各条款。请您审慎阅读并选择接受或不接受本协议。除非您接受本协议所有条款，否则您无权注册、登录或使用本协议所涉服务。您的注册、登录、使用等行为将视为对本协议的接受，并同意接受本协议各项条款的约束。\n本协议约定快付与用户之间关于“魔性小怪兽”软件服务（以下简称“服务”）的权利义务。“用户”是指注册、登录、使用本服务的个人。本协议可由快付随时更新，更新后的协议条款一旦公布即代替原来的协议条款，恕不再另行通知，用户可在本网站查阅最新版协议条款。在快付修改协议条款后，如果用户不接受修改后的条款，请立即停止使用快付提供的服务，用户继续使用快付提供的服务将被视为接受修改后的协议。\n《魔性小怪兽服务协议》目录\n一、服务内容\n1、本服务的具体内容由魔性小怪兽根据实际情况提供，包括但不限于授权用户通过其账号进行即时通讯、关注他人、发布留言。优单可以对其提供的服务予以变更，且优单提供的服务内容可能随时变更；用户将会收到优单关于服务变更的通知。\n2、魔性小怪兽提供的服务包含免费游戏服务。用户可通过玩游戏的方式获取一定金额的提现，具体方式为：用户通过合成塔防游戏行为的完成以微信提现的模式获取收益 。 \n二、帐户管理\n1、 “魔性小怪兽”账号的所有权归怪兽所有，用户完成申请注册手续后，获得“魔性小怪兽”账号的使用权，该使用权仅属于初始申请注册人，禁止赠与、借用、租用、转让或售卖。怪兽因经营需要，有权回收用户的“魔性小怪兽”账号。\n2、用户可以更改、删除“魔性小怪兽”帐户上的个人资料、注册信息及传送内容等，但需注意，删除有关信息的同时也会删除用户储存在系统中的文字和图片。用户需承担该风险。\n3、用户有责任妥善保管注册账号信息及账号密码的安全，因用户保管不善可能导致遭受盗号或密码失窃，责任由用户自行承担。用户需要对注册账号以及密码下的行为承担法律责任。用户同意在任何情况下不使用其他用户的账号或密码。在用户怀疑他人使用其账号或密码时，用户同意立即通知怪兽。\n4、用户应遵守本协议的各项条款，正确、适当地使用本服务，如因用户违反本协议中的任何条款，怪兽在通知用户后有权依据协议中断或终止对违约用户“魔性小怪兽”账号提供服务。如用户后续再次注册的，怪兽有权继续中断或终止对违约用户新注册的“魔性小怪兽”账号提供服务。同时，怪兽保留在任何时候收回“魔性小怪兽”账号、用户名的权利。\n5、如用户注册“魔性小怪兽”账号后一年不登录，通知用户后，怪兽可以收回该账号，以免造成资源浪费，由此造成的不利后果由用户自行承担。\n三、数据储存\n1、怪兽不对用户在本服务中相关数据的删除或储存失败负责。\n2、怪兽可以根据实际情况自行决定用户在本服务中数据的最长储存期限，并在服务器上为其分配数据最大存储空间等。用户可根据自己的需要自行备份本服务中的相关数据。\n3、如用户停止使用本服务或本服务终止，怪兽可以从服务器上永久地删除用户的数据。本服务停止、终止后，怪兽没有义务向用户返还任何数据。\n四、风险承担\n1、用户理解并同意，“魔性小怪兽”仅为用户提供信息分享、传送及获取的平台，用户必须为自己注册账号下的一切行为负责，包括用户所传送的任何内容以及由此产生的任何后果。用户应对“魔性小怪兽”及本服务中的内容自行加以判断，并承担因使用内容而引起的所有风险，包括因对内容的正确性、完整性或实用性的依赖而产生的风险。怪兽无法且不会对因用户行为而导致的任何损失或损害承担责任。 如果用户发现任何人违反本协议约定或以其他不当的方式使用本服务，请立即向怪兽举报或投诉，怪兽将依本协议约定进行处理。\n2、用户理解并同意，因业务发展需要，怪兽保留单方面对本服务的全部或部分服务内容变更、暂停、终止或撤销的权利，用户需承担此风险。\n五、知识产权声明\n1、除本服务中涉及广告的知识产权由相应广告商享有外，怪兽在本服务中提供的内容（包括但不限于网页、文字、图片、音频、视频、图表等）的知识产权均归怪兽所有，但用户在使用本服务前对自己发布的内容已合法取得知识产权的除外。\n2、除另有特别声明外，怪兽提供本服务时所依托软件的著作权、专利权及其他知识产权均归怪兽所有。\n3、怪兽在本服务中所涉及的图形、文字或其组成，以及其他怪兽标志及产品、服务名称（以下统称“怪兽标识”），其著作权或商标权归怪兽所有。未经怪兽事先书面同意，用户不得将怪兽标识以任何方式展示或使用或作其他处理，也不得向他人表明用户有权展示、使用、或其他有权处理怪兽标识的行为。\n4、上述及其他任何怪兽或相关广告商依法拥有的知识产权均受到法律保护，未经怪兽或相关广告商书面许可，用户不得以任何形式进行使用或创造相关衍生作品。\n六、法律责任\n1、如果怪兽发现或收到他人举报或投诉用户违反本协议约定的，怪兽有权不经通知随时对相关内容，包括但不限于用户资料、聊天记录进行审查、删除，并视情节轻重对违规账号处以包括但不限于警告、账号封禁 、设备封禁 、功能封禁 的处罚，且通知用户处理结果。\n2、因违反用户协议被封禁的用户，可以自行到客服处查询封禁期限，并在封禁期限届满后自助解封。其中，被实施功能封禁的用户会在封禁期届满后自动恢复被封禁功能。被封禁用户可向怪兽相关页面提交申诉，怪兽将对申诉进行审查，并自行合理判断决定是否变更处罚措施。\n3、用户理解并同意，怪兽有权依合理判断对违反有关法律法规或本协议规定的行为进行处罚，对违法违规的任何用户采取适当的法律行动，并依据法律法规保存有关信息向有关部门报告等，用户应承担由此而产生的一切法律责任。\n4、用户理解并同意，因用户违反本协议约定，导致或产生的任何第三方主张的任何索赔、要求或损失，包括合理的律师费，用户应当赔偿怪兽与合作公司、关联公司，并使之免受损害。\n七、不可抗力及其他免责事由\n1、用户理解并确认，在使用本服务的过程中，可能会遇到不可抗力等风险因素，使本服务发生中断。不可抗力是指不能预见、不能克服并不能避免且对一方或双方造成重大影响的客观事件，包括但不限于自然灾害如洪水、地震、瘟疫流行和风暴等以及社会事件如战争、动乱、政府行为等。出现上述情况时，怪兽将努力在第一时间与相关单位配合，及时进行修复，但是由此给用户或第三方造成的损失，怪兽及合作单位在法律允许的范围内免责。\n2、本服务同大多数互联网服务一样，受包括但不限于用户原因、网络服务质量、社会环境等因素的差异影响，可能受到各种安全问题的侵扰，如他人利用用户的资料，造成现实生活中的骚扰；用户下载安装的其它软件或访问的其他网站中含有“特洛伊木马”等病毒，威胁到用户的计算机信息和数据的安全，继而影响本服务的正常使用等等。用户应加强信息安全及使用者资料的保护意识，要注意加强密码保护，以免遭致损失和骚扰。\n3、用户理解并确认，本服务存在因不可抗力、计算机病毒或黑客攻击、系统不稳定、用户所在位置、用户关机以及其他任何技术、互联网络、通信线路原因等造成的服务中断或不能满足用户要求的风险，因此导致的用户或第三方任何损失，怪兽不承担任何责任。\n4、用户理解并确认，在使用本服务过程中存在来自任何他人的包括误导性的、欺骗性的、威胁性的、诽谤性的、令人反感的或非法的信息，或侵犯他人权利的匿名或冒名的信息，以及伴随该等信息的行为，因此导致的用户或第三方的任何损失，怪兽不承担任何责任。\n5、用户理解并确认，怪兽需要定期或不定期地对“魔性小怪兽”平台或相关的设备进行检修或者维护，如因此类情况而造成服务在合理时间内的中断，怪兽无需为此承担任何责任，但怪兽应事先进行通告。\n6、怪兽依据法律法规、本协议约定获得处理违法违规或违约内容的权利，该权利不构成怪兽的义务或承诺，怪兽不能保证及时发现违法违规或违约行为或进行相应处理。\n7、用户理解并确认，对于怪兽向用户提供的下列产品或者服务的质量缺陷及其引发的任何损失，怪兽无需承担任何责任：\n(1) 怪兽向用户免费提供的服务；\n(2) 怪兽向用户赠送的任何产品或者服务。\n8、用户理解并确认，怪兽会尽最大努力认真审核用户提交的所有认证资料，但由于是人工审核，不能保证每一个用户信息都是真实可靠的，仍需要用户在使用中自主鉴定其他用户的真实性。此外，用户需提交真实可靠的认证信息，由于用户造假所造成任何直接或间接问题，后果由该用户自己承担。\n9、在任何情况下，怪兽均不对任何间接性、后果性、惩罚性、偶然性、特殊性或刑罚性的损害，包括因用户使用“魔性小怪兽”或本服务而遭受的利润损失，承担责任（即使怪兽已被告知该等损失的可能性亦然）。尽管本协议中可能含有相悖的规定，怪兽对用户承担的全部责任，无论因何原因或何种行为方式，始终不超过用户因使用怪兽提供的服务而支付给怪兽的费用(如有)。\n八、服务的变更、中断、终止\n1、鉴于网络服务的特殊性，用户同意怪兽有权随时变更、中断或终止部分或全部的服务（包括收费服务）。怪兽变更、中断或终止的服务，怪兽应当在变更、中断或终止之前通知用户，并应向受影响的用户提供等值的替代性的服务；如用户不愿意接受替代性的服务，如果该用户已经向怪兽支付的魔性小怪兽币，怪兽应当按照该用户实际使用服务的情况扣除相应魔性小怪兽币之后将剩余的魔性小怪兽币退还用户的魔性小怪兽币账户中。\n2、如发生下列任何一种情形，怪兽有权变更、中断或终止向用户提供的免费服务或收费服务，而无需对用户或任何第三方承担任何责任：\n(1) 根据法律规定用户应提交真实信息，而用户提供的个人资料不真实、或与注册时信息不一致又未能提供合理证明；\n(2) 用户违反相关法律法规或本协议的约定；\n(3) 按照法律规定或有权机关的要求；\n(4) 出于安全的原因或其他必要的情形。\n九、服务说明与免责条款\n1、“魔性小怪兽”仅保证用户的个人信息在认证阶段时的真实性，但不保证时效性，对于用户的个人素养“魔性小怪兽”也不担保，所有用户在使用产品功能进行聊天交友时需自己判断对方用户的个人品德等，做好自我防护，对于因用户个人品行等问题造成的后果将由用户自己承担。\n十、其他\n1、怪兽郑重提醒用户注意本协议中免除怪兽责任和限制用户权利的条款，请用户仔细阅读，自主考虑风险。未成年人应在法定监护人的陪同下阅读本协议。\n2、本协议的效力、解释及纠纷的解决，适用于中华人民共和国法律。若用户和怪兽之间发生任何纠纷或争议，首先应友好协商解决，协商不成的，用户同意将纠纷或争议提交怪兽住所地有管辖权的人民法院管辖。\n3、本协议的任何条款无论因何种原因无效或不具可执行性，其余条款仍有效，对双方具有约束力。 长沙刷脸快付网络科技有限公司\n","_N$string":"《魔性小怪兽服务协议》\n广西狮子互娱网络科技有限责任公司,在此特别提醒您（用户）在注册成为用户之前，请认真阅读本《用户协议》（以下简称“协议”），确保您充分理解本协议中各条款。请您审慎阅读并选择接受或不接受本协议。除非您接受本协议所有条款，否则您无权注册、登录或使用本协议所涉服务。您的注册、登录、使用等行为将视为对本协议的接受，并同意接受本协议各项条款的约束。\n本协议约定快付与用户之间关于“魔性小怪兽”软件服务（以下简称“服务”）的权利义务。“用户”是指注册、登录、使用本服务的个人。本协议可由快付随时更新，更新后的协议条款一旦公布即代替原来的协议条款，恕不再另行通知，用户可在本网站查阅最新版协议条款。在快付修改协议条款后，如果用户不接受修改后的条款，请立即停止使用快付提供的服务，用户继续使用快付提供的服务将被视为接受修改后的协议。\n《魔性小怪兽服务协议》目录\n一、服务内容\n1、本服务的具体内容由魔性小怪兽根据实际情况提供，包括但不限于授权用户通过其账号进行即时通讯、关注他人、发布留言。优单可以对其提供的服务予以变更，且优单提供的服务内容可能随时变更；用户将会收到优单关于服务变更的通知。\n2、魔性小怪兽提供的服务包含免费游戏服务。用户可通过玩游戏的方式获取一定金额的提现，具体方式为：用户通过合成塔防游戏行为的完成以微信提现的模式获取收益 。 \n二、帐户管理\n1、 “魔性小怪兽”账号的所有权归怪兽所有，用户完成申请注册手续后，获得“魔性小怪兽”账号的使用权，该使用权仅属于初始申请注册人，禁止赠与、借用、租用、转让或售卖。怪兽因经营需要，有权回收用户的“魔性小怪兽”账号。\n2、用户可以更改、删除“魔性小怪兽”帐户上的个人资料、注册信息及传送内容等，但需注意，删除有关信息的同时也会删除用户储存在系统中的文字和图片。用户需承担该风险。\n3、用户有责任妥善保管注册账号信息及账号密码的安全，因用户保管不善可能导致遭受盗号或密码失窃，责任由用户自行承担。用户需要对注册账号以及密码下的行为承担法律责任。用户同意在任何情况下不使用其他用户的账号或密码。在用户怀疑他人使用其账号或密码时，用户同意立即通知怪兽。\n4、用户应遵守本协议的各项条款，正确、适当地使用本服务，如因用户违反本协议中的任何条款，怪兽在通知用户后有权依据协议中断或终止对违约用户“魔性小怪兽”账号提供服务。如用户后续再次注册的，怪兽有权继续中断或终止对违约用户新注册的“魔性小怪兽”账号提供服务。同时，怪兽保留在任何时候收回“魔性小怪兽”账号、用户名的权利。\n5、如用户注册“魔性小怪兽”账号后一年不登录，通知用户后，怪兽可以收回该账号，以免造成资源浪费，由此造成的不利后果由用户自行承担。\n三、数据储存\n1、怪兽不对用户在本服务中相关数据的删除或储存失败负责。\n2、怪兽可以根据实际情况自行决定用户在本服务中数据的最长储存期限，并在服务器上为其分配数据最大存储空间等。用户可根据自己的需要自行备份本服务中的相关数据。\n3、如用户停止使用本服务或本服务终止，怪兽可以从服务器上永久地删除用户的数据。本服务停止、终止后，怪兽没有义务向用户返还任何数据。\n四、风险承担\n1、用户理解并同意，“魔性小怪兽”仅为用户提供信息分享、传送及获取的平台，用户必须为自己注册账号下的一切行为负责，包括用户所传送的任何内容以及由此产生的任何后果。用户应对“魔性小怪兽”及本服务中的内容自行加以判断，并承担因使用内容而引起的所有风险，包括因对内容的正确性、完整性或实用性的依赖而产生的风险。怪兽无法且不会对因用户行为而导致的任何损失或损害承担责任。 如果用户发现任何人违反本协议约定或以其他不当的方式使用本服务，请立即向怪兽举报或投诉，怪兽将依本协议约定进行处理。\n2、用户理解并同意，因业务发展需要，怪兽保留单方面对本服务的全部或部分服务内容变更、暂停、终止或撤销的权利，用户需承担此风险。\n五、知识产权声明\n1、除本服务中涉及广告的知识产权由相应广告商享有外，怪兽在本服务中提供的内容（包括但不限于网页、文字、图片、音频、视频、图表等）的知识产权均归怪兽所有，但用户在使用本服务前对自己发布的内容已合法取得知识产权的除外。\n2、除另有特别声明外，怪兽提供本服务时所依托软件的著作权、专利权及其他知识产权均归怪兽所有。\n3、怪兽在本服务中所涉及的图形、文字或其组成，以及其他怪兽标志及产品、服务名称（以下统称“怪兽标识”），其著作权或商标权归怪兽所有。未经怪兽事先书面同意，用户不得将怪兽标识以任何方式展示或使用或作其他处理，也不得向他人表明用户有权展示、使用、或其他有权处理怪兽标识的行为。\n4、上述及其他任何怪兽或相关广告商依法拥有的知识产权均受到法律保护，未经怪兽或相关广告商书面许可，用户不得以任何形式进行使用或创造相关衍生作品。\n六、法律责任\n1、如果怪兽发现或收到他人举报或投诉用户违反本协议约定的，怪兽有权不经通知随时对相关内容，包括但不限于用户资料、聊天记录进行审查、删除，并视情节轻重对违规账号处以包括但不限于警告、账号封禁 、设备封禁 、功能封禁 的处罚，且通知用户处理结果。\n2、因违反用户协议被封禁的用户，可以自行到客服处查询封禁期限，并在封禁期限届满后自助解封。其中，被实施功能封禁的用户会在封禁期届满后自动恢复被封禁功能。被封禁用户可向怪兽相关页面提交申诉，怪兽将对申诉进行审查，并自行合理判断决定是否变更处罚措施。\n3、用户理解并同意，怪兽有权依合理判断对违反有关法律法规或本协议规定的行为进行处罚，对违法违规的任何用户采取适当的法律行动，并依据法律法规保存有关信息向有关部门报告等，用户应承担由此而产生的一切法律责任。\n4、用户理解并同意，因用户违反本协议约定，导致或产生的任何第三方主张的任何索赔、要求或损失，包括合理的律师费，用户应当赔偿怪兽与合作公司、关联公司，并使之免受损害。\n七、不可抗力及其他免责事由\n1、用户理解并确认，在使用本服务的过程中，可能会遇到不可抗力等风险因素，使本服务发生中断。不可抗力是指不能预见、不能克服并不能避免且对一方或双方造成重大影响的客观事件，包括但不限于自然灾害如洪水、地震、瘟疫流行和风暴等以及社会事件如战争、动乱、政府行为等。出现上述情况时，怪兽将努力在第一时间与相关单位配合，及时进行修复，但是由此给用户或第三方造成的损失，怪兽及合作单位在法律允许的范围内免责。\n2、本服务同大多数互联网服务一样，受包括但不限于用户原因、网络服务质量、社会环境等因素的差异影响，可能受到各种安全问题的侵扰，如他人利用用户的资料，造成现实生活中的骚扰；用户下载安装的其它软件或访问的其他网站中含有“特洛伊木马”等病毒，威胁到用户的计算机信息和数据的安全，继而影响本服务的正常使用等等。用户应加强信息安全及使用者资料的保护意识，要注意加强密码保护，以免遭致损失和骚扰。\n3、用户理解并确认，本服务存在因不可抗力、计算机病毒或黑客攻击、系统不稳定、用户所在位置、用户关机以及其他任何技术、互联网络、通信线路原因等造成的服务中断或不能满足用户要求的风险，因此导致的用户或第三方任何损失，怪兽不承担任何责任。\n4、用户理解并确认，在使用本服务过程中存在来自任何他人的包括误导性的、欺骗性的、威胁性的、诽谤性的、令人反感的或非法的信息，或侵犯他人权利的匿名或冒名的信息，以及伴随该等信息的行为，因此导致的用户或第三方的任何损失，怪兽不承担任何责任。\n5、用户理解并确认，怪兽需要定期或不定期地对“魔性小怪兽”平台或相关的设备进行检修或者维护，如因此类情况而造成服务在合理时间内的中断，怪兽无需为此承担任何责任，但怪兽应事先进行通告。\n6、怪兽依据法律法规、本协议约定获得处理违法违规或违约内容的权利，该权利不构成怪兽的义务或承诺，怪兽不能保证及时发现违法违规或违约行为或进行相应处理。\n7、用户理解并确认，对于怪兽向用户提供的下列产品或者服务的质量缺陷及其引发的任何损失，怪兽无需承担任何责任：\n(1) 怪兽向用户免费提供的服务；\n(2) 怪兽向用户赠送的任何产品或者服务。\n8、用户理解并确认，怪兽会尽最大努力认真审核用户提交的所有认证资料，但由于是人工审核，不能保证每一个用户信息都是真实可靠的，仍需要用户在使用中自主鉴定其他用户的真实性。此外，用户需提交真实可靠的认证信息，由于用户造假所造成任何直接或间接问题，后果由该用户自己承担。\n9、在任何情况下，怪兽均不对任何间接性、后果性、惩罚性、偶然性、特殊性或刑罚性的损害，包括因用户使用“魔性小怪兽”或本服务而遭受的利润损失，承担责任（即使怪兽已被告知该等损失的可能性亦然）。尽管本协议中可能含有相悖的规定，怪兽对用户承担的全部责任，无论因何原因或何种行为方式，始终不超过用户因使用怪兽提供的服务而支付给怪兽的费用(如有)。\n八、服务的变更、中断、终止\n1、鉴于网络服务的特殊性，用户同意怪兽有权随时变更、中断或终止部分或全部的服务（包括收费服务）。怪兽变更、中断或终止的服务，怪兽应当在变更、中断或终止之前通知用户，并应向受影响的用户提供等值的替代性的服务；如用户不愿意接受替代性的服务，如果该用户已经向怪兽支付的魔性小怪兽币，怪兽应当按照该用户实际使用服务的情况扣除相应魔性小怪兽币之后将剩余的魔性小怪兽币退还用户的魔性小怪兽币账户中。\n2、如发生下列任何一种情形，怪兽有权变更、中断或终止向用户提供的免费服务或收费服务，而无需对用户或任何第三方承担任何责任：\n(1) 根据法律规定用户应提交真实信息，而用户提供的个人资料不真实、或与注册时信息不一致又未能提供合理证明；\n(2) 用户违反相关法律法规或本协议的约定；\n(3) 按照法律规定或有权机关的要求；\n(4) 出于安全的原因或其他必要的情形。\n九、服务说明与免责条款\n1、“魔性小怪兽”仅保证用户的个人信息在认证阶段时的真实性，但不保证时效性，对于用户的个人素养“魔性小怪兽”也不担保，所有用户在使用产品功能进行聊天交友时需自己判断对方用户的个人品德等，做好自我防护，对于因用户个人品行等问题造成的后果将由用户自己承担。\n十、其他\n1、怪兽郑重提醒用户注意本协议中免除怪兽责任和限制用户权利的条款，请用户仔细阅读，自主考虑风险。未成年人应在法定监护人的陪同下阅读本协议。\n2、本协议的效力、解释及纠纷的解决，适用于中华人民共和国法律。若用户和怪兽之间发生任何纠纷或争议，首先应友好协商解决，协商不成的，用户同意将纠纷或争议提交怪兽住所地有管辖权的人民法院管辖。\n3、本协议的任何条款无论因何种原因无效或不具可执行性，其余条款仍有效，对双方具有约束力。 长沙刷脸快付网络科技有限公司\n","_fontSize":30,"_lineHeight":32,"_N$verticalAlign":1,"_N$overflow":3,"_N$cacheMode":2}],"_prefab":{"__type__":"cc.PrefabInfo","root":{"__id__":1},"asset":{"__uuid__":"52JcSOBgVEUYnfQnL15/n4"},"fileId":"c6DrLvKXxK2r60TFyhCCAE"},"_color":{"__type__":"cc.Color","r":51,"g":51,"b":51},"_contentSize":{"__type__":"cc.Size","width":500,"height":9376},"_trs":{"__type__":"TypedArray","ctor":"Float64Array","array":[0,-17296,0,0,0,0,1,1,1,1]}}],{"__type__":"cc.SpriteFrame","content":{"name":"ic_guanbi2","texture":"02krqH8i1AdZB/lC2WegR2","rect":[789,371,84,84],"offset":[0,0],"originalSize":[84,84],"capInsets":[0,0,0,0]}},{"__type__":"cc.SpriteFrame","content":{"name":"bg_xiao_nei","texture":"f4vjHC5+VGWrsOJQJq5mr0","rect":[0,0,600,489],"offset":[0,0.5],"originalSize":[600,490],"capInsets":[58,62.5,58,62.5]}},{"__type__":"cc.SpriteFrame","content":{"name":"bg_gerenzhongxin","texture":"25Od5NCF1P/ZBAgWfxIH9p","rect":[1,0,657,1100],"offset":[0.5,0],"originalSize":[658,1100],"capInsets":[268.5,490,268.5,490]}},{"__type__":"cc.SpriteFrame","content":{"name":"default_sprite_splash","texture":"02delMVqdBD70a/HSD99FK","rect":[0,0,2,2],"offset":[0,0],"originalSize":[2,2],"capInsets":[0,0,0,0]}}]