[{"__type__":"cc.SpriteFrame","content":{"name":"hb_1","rect":[1,1,466,430],"offset":[0,0],"originalSize":[466,430],"capInsets":[0,0,0,0]}},{"__type__":"cc.SpriteFrame","content":{"name":"tixian","rect":[427,686,204,100],"offset":[0,0],"originalSize":[204,100],"capInsets":[0,0,0,0]}},{"__type__":"cc.SpriteFrame","content":{"name":"ic_guanbi2","texture":"02krqH8i1AdZB/lC2WegR2","rect":[789,371,84,84],"offset":[0,0],"originalSize":[84,84],"capInsets":[0,0,0,0]}},{"__type__":"cc.SpriteFrame","content":{"name":"pic_shipin","texture":"1bGMIb4PFCPLdSEzxrUZ4h","rect":[891,234,40,40],"offset":[0,0],"originalSize":[40,40],"capInsets":[0,0,0,0]}},{"__type__":"cc.SpriteFrame","content":{"name":"hb_3","rect":[427,433,464,251],"offset":[0,0],"originalSize":[464,251],"capInsets":[0,0,0,0]}},{"__type__":"cc.SpriteFrame","content":{"name":"hb_2","rect":[1,433,424,448],"offset":[0,0],"originalSize":[424,448],"capInsets":[0,0,0,0]}},{"__type__":"cc.SpriteFrame","content":{"name":"default_sprite_splash","texture":"02delMVqdBD70a/HSD99FK","rect":[0,0,2,2],"offset":[0,0],"originalSize":[2,2],"capInsets":[0,0,0,0]}},{"__type__":"cc.SpriteFrame","content":{"name":"btn_anniu","texture":"70uZhxIuNEn4cyfrG7FT01","rect":[575,856,230,80],"offset":[0,0],"originalSize":[230,80],"capInsets":[50,30,50,28]}},{"__type__":"cc.SpriteFrame","content":{"name":"ic_hongbao","texture":"02krqH8i1AdZB/lC2WegR2","rect":[877,53,50,50],"offset":[0,0],"originalSize":[50,50],"capInsets":[0,0,0,0]}},{"__type__":"cc.SpriteFrame","content":{"name":"guang","texture":"c5ynhrmFpIuYjEwsXZ4All","rect":[7,0,455,459],"offset":[3.5,1.5],"originalSize":[462,462],"capInsets":[0,0,0,0]}},[{"__type__":"cc.Prefab","_name":"hongbao_layer","data":{"__id__":1}},{"__type__":"cc.Node","_name":"hongbao_layer","_children":[{"__id__":2},{"__id__":3},{"__id__":4},{"__id__":8},{"__id__":11},{"__id__":15},{"__id__":18},{"__id__":20},{"__id__":23},{"__id__":26},{"__id__":29},{"__id__":31},{"__id__":32},{"__id__":33}],"_components":[{"__type__":"cc.Widget","node":{"__id__":1},"_alignFlags":45},{"__type__":"032c87wTrtMeZeYHB9Axlng","node":{"__id__":1}}],"_prefab":{"__type__":"cc.PrefabInfo","root":{"__id__":1},"asset":{"__uuid__":"ff542/KQdKvLdF00xpuZX6"},"fileId":"b9ub3qhV9FUIZPfHmj/wuU"},"_contentSize":{"__type__":"cc.Size","width":750,"height":1334},"_trs":{"__type__":"TypedArray","ctor":"Float64Array","array":[375,667,0,0,0,0,1,1,1,1]}},{"__type__":"cc.Node","_name":"mask","_parent":{"__id__":1},"_components":[{"__type__":"cc.Sprite","node":{"__id__":2},"_materials":[{"__uuid__":"ecpdLyjvZBwrvm+cedCcQy"}],"_spriteFrame":{"__uuid__":"a2MjXRFdtLlYQ5ouAFv/+R"},"_sizeMode":0},{"__type__":"cc.Widget","node":{"__id__":2},"_alignFlags":45,"_originalWidth":40,"_originalHeight":36},{"__type__":"cc.BlockInputEvents","node":{"__id__":2}}],"_prefab":{"__type__":"cc.PrefabInfo","root":{"__id__":1},"asset":{"__uuid__":"ff542/KQdKvLdF00xpuZX6"},"fileId":"ec6YJsU6NGmL0S69qFF3e5"},"_opacity":200,"_color":{"__type__":"cc.Color"},"_contentSize":{"__type__":"cc.Size","width":750,"height":1334},"_trs":{"__type__":"TypedArray","ctor":"Float64Array","array":[0,0,0,0,0,0,1,1,1,1]}},{"__type__":"cc.Node","_name":"hb_1","_parent":{"__id__":1},"_components":[{"__type__":"cc.Sprite","node":{"__id__":3},"_materials":[{"__uuid__":"ecpdLyjvZBwrvm+cedCcQy"}],"_spriteFrame":{"__uuid__":"0fRB5C55lFUoGaBUlTEr28"}}],"_prefab":{"__type__":"cc.PrefabInfo","root":{"__id__":1},"asset":{"__uuid__":"ff542/KQdKvLdF00xpuZX6"},"fileId":"e7rOC96+FF/Y1xHtjnyC8E"},"_contentSize":{"__type__":"cc.Size","width":466,"height":430},"_trs":{"__type__":"TypedArray","ctor":"Float64Array","array":[0,-28,0,0,0,0,1,1,1,1]}},{"__type__":"cc.Node","_name":"hbmask","_parent":{"__id__":1},"_children":[{"__id__":5}],"_components":[{"__type__":"cc.Mask","node":{"__id__":4},"_materials":[{"__uuid__":"ecpdLyjvZBwrvm+cedCcQy"}]}],"_prefab":{"__type__":"cc.PrefabInfo","root":{"__id__":1},"asset":{"__uuid__":"ff542/KQdKvLdF00xpuZX6"},"fileId":"f2sXLUk9tD85xT+RKRRuVL"},"_contentSize":{"__type__":"cc.Size","width":424,"height":480},"_trs":{"__type__":"TypedArray","ctor":"Float64Array","array":[0,80.505,0,0,0,0,1,1,1,1]}},{"__type__":"cc.Node","_name":"hb_2","_parent":{"__id__":4},"_children":[{"__id__":6},{"__id__":7}],"_components":[{"__type__":"cc.Sprite","node":{"__id__":5},"_materials":[{"__uuid__":"ecpdLyjvZBwrvm+cedCcQy"}],"_spriteFrame":{"__uuid__":"9fl6Txod5InaCgvsrzHfMO"}}],"_prefab":{"__type__":"cc.PrefabInfo","root":{"__id__":1},"asset":{"__uuid__":"ff542/KQdKvLdF00xpuZX6"},"fileId":"f8/EqO0YNAALs3xsh3kbnR"},"_contentSize":{"__type__":"cc.Size","width":424,"height":448},"_trs":{"__type__":"TypedArray","ctor":"Float64Array","array":[0,-42.664,0,0,0,0,1,1,1,1]}},{"__type__":"cc.Node","_name":"ic_hongbao","_parent":{"__id__":5},"_components":[{"__type__":"cc.Sprite","node":{"__id__":6},"_materials":[{"__uuid__":"ecpdLyjvZBwrvm+cedCcQy"}],"_spriteFrame":{"__uuid__":"d7yO+rwDtPepaDOkmOet3q"},"_sizeMode":0}],"_prefab":{"__type__":"cc.PrefabInfo","root":{"__id__":1},"asset":{"__uuid__":"ff542/KQdKvLdF00xpuZX6"},"fileId":"2fVZw4t3xMd6YunCEJoHsa"},"_contentSize":{"__type__":"cc.Size","width":100,"height":103},"_trs":{"__type__":"TypedArray","ctor":"Float64Array","array":[-87,46,0,0,0,0,1,1,1,1]}},{"__type__":"cc.Node","_name":"moneydata","_parent":{"__id__":5},"_components":[{"__type__":"cc.Label","node":{"__id__":7},"_materials":[{"__uuid__":"ecpdLyjvZBwrvm+cedCcQy"}],"_useOriginalSize":false,"_string":"100","_N$string":"100","_fontSize":60,"_lineHeight":60,"_N$horizontalAlign":1,"_N$verticalAlign":1}],"_prefab":{"__type__":"cc.PrefabInfo","root":{"__id__":1},"asset":{"__uuid__":"ff542/KQdKvLdF00xpuZX6"},"fileId":"98ySOXyaVAI61Vk32E9j44"},"_color":{"__type__":"cc.Color","r":252,"g":28,"b":34},"_contentSize":{"__type__":"cc.Size","width":100.11,"height":75.6},"_trs":{"__type__":"TypedArray","ctor":"Float64Array","array":[44,46,0,0,0,0,1,1,1,1]}},{"__type__":"cc.Node","_name":"tixian","_parent":{"__id__":1},"_children":[{"__id__":9},{"__id__":10}],"_components":[{"__type__":"cc.Sprite","node":{"__id__":8},"_materials":[{"__uuid__":"ecpdLyjvZBwrvm+cedCcQy"}],"_spriteFrame":{"__uuid__":"298S3MbaxAZ7j1LcW/iu8r"}}],"_prefab":{"__type__":"cc.PrefabInfo","root":{"__id__":1},"asset":{"__uuid__":"ff542/KQdKvLdF00xpuZX6"},"fileId":"df47DGD79O8rw54rDjsHQh"},"_contentSize":{"__type__":"cc.Size","width":204,"height":100},"_trs":{"__type__":"TypedArray","ctor":"Float64Array","array":[130,182,0,0,0,0,1,1,1,1]}},{"__type__":"cc.Node","_name":"font_ketixian","_parent":{"__id__":8},"_components":[{"__type__":"41ebaVoPpRA4Kp67XEdHfZn","node":{"__id__":9},"_materials":[{"__uuid__":"ecpdLyjvZBwrvm+cedCcQy"}],"_string":"可提现","_N$string":"可提现","_fontSize":30,"_lineHeight":30,"_N$file":{"__uuid__":"farb0WbWZMgrGmuICOt0MU"},"_isSystemFontUsed":false,"_N$horizontalAlign":1,"_N$verticalAlign":1}],"_prefab":{"__type__":"cc.PrefabInfo","root":{"__id__":1},"asset":{"__uuid__":"ff542/KQdKvLdF00xpuZX6"},"fileId":"0cQZyN8hdCL4BAmvomLUT3"},"_contentSize":{"__type__":"cc.Size","width":90,"height":37.8},"_trs":{"__type__":"TypedArray","ctor":"Float64Array","array":[12.127,8.819,0,0,0,0,1,1,1,1]}},{"__type__":"cc.Node","_name":"font_ketixian_en","_parent":{"__id__":8},"_active":false,"_components":[{"__type__":"cc.Label","node":{"__id__":10},"_materials":[{"__uuid__":"ecpdLyjvZBwrvm+cedCcQy"}],"_string":"نەقلەشتۈرگىلى بولىدۇ ","_N$string":"نەقلەشتۈرگىلى بولىدۇ ","_fontSize":20,"_lineHeight":20,"_N$file":{"__uuid__":"farb0WbWZMgrGmuICOt0MU"},"_isSystemFontUsed":false}],"_prefab":{"__type__":"cc.PrefabInfo","root":{"__id__":1},"asset":{"__uuid__":"ff542/KQdKvLdF00xpuZX6"},"fileId":"90RdugiP1Jr7TYJDbsK/N7"},"_contentSize":{"__type__":"cc.Size","width":174.98,"height":25.2},"_trs":{"__type__":"TypedArray","ctor":"Float64Array","array":[13.127,5.819000000000001,0,0,0,0,1,1,1,1]}},{"__type__":"cc.Node","_name":"hb_3","_parent":{"__id__":1},"_children":[{"__id__":12},{"__id__":13},{"__id__":14}],"_components":[{"__type__":"cc.Sprite","node":{"__id__":11},"_materials":[{"__uuid__":"ecpdLyjvZBwrvm+cedCcQy"}],"_spriteFrame":{"__uuid__":"85wfISFi5OHLbTo8qRCnJK"}}],"_prefab":{"__type__":"cc.PrefabInfo","root":{"__id__":1},"asset":{"__uuid__":"ff542/KQdKvLdF00xpuZX6"},"fileId":"8d05PxVOBNNp6ljF7ezfGo"},"_contentSize":{"__type__":"cc.Size","width":464,"height":251},"_trs":{"__type__":"TypedArray","ctor":"Float64Array","array":[0,-119,0,0,0,0,1,1,1,1]}},{"__type__":"cc.Node","_name":"guang","_parent":{"__id__":11},"_components":[{"__type__":"cc.Sprite","node":{"__id__":12},"_materials":[{"__uuid__":"ecpdLyjvZBwrvm+cedCcQy"}],"_spriteFrame":{"__uuid__":"d78ICuEfRKarsHEcuI6RyS"}}],"_prefab":{"__type__":"cc.PrefabInfo","root":{"__id__":1},"asset":{"__uuid__":"ff542/KQdKvLdF00xpuZX6"},"fileId":"ebxWGq6QNHPYsMSNNuubpZ"},"_contentSize":{"__type__":"cc.Size","width":455,"height":459},"_trs":{"__type__":"TypedArray","ctor":"Float64Array","array":[0,0,0,0,0,0,1,1,1,1]}},{"__type__":"cc.Node","_name":"hbtype","_parent":{"__id__":11},"_components":[{"__type__":"41ebaVoPpRA4Kp67XEdHfZn","node":{"__id__":13},"_materials":[{"__uuid__":"ecpdLyjvZBwrvm+cedCcQy"}],"_string":"红包奖励","_N$string":"红包奖励","_fontSize":60,"_lineHeight":60,"_N$file":{"__uuid__":"farb0WbWZMgrGmuICOt0MU"},"_isSystemFontUsed":false,"_N$horizontalAlign":1,"_N$verticalAlign":1},{"__type__":"cc.LabelOutline","node":{"__id__":13},"_color":{"__type__":"cc.Color"},"_width":2}],"_prefab":{"__type__":"cc.PrefabInfo","root":{"__id__":1},"asset":{"__uuid__":"ff542/KQdKvLdF00xpuZX6"},"fileId":"4dXlJ/edlID4IrsECyopsZ"},"_color":{"__type__":"cc.Color","r":243,"g":223,"b":130},"_contentSize":{"__type__":"cc.Size","width":244,"height":79.6},"_trs":{"__type__":"TypedArray","ctor":"Float64Array","array":[-1,-6,0,0,0,0,1,1,1,1]}},{"__type__":"cc.Node","_name":"hbtype_en","_parent":{"__id__":11},"_active":false,"_components":[{"__type__":"cc.Label","node":{"__id__":14},"_materials":[{"__uuid__":"ecpdLyjvZBwrvm+cedCcQy"}],"_string":"قىزىل بولاق مۇكاپاتى ","_N$string":"قىزىل بولاق مۇكاپاتى ","_fontSize":50,"_lineHeight":50,"_N$file":{"__uuid__":"farb0WbWZMgrGmuICOt0MU"},"_isSystemFontUsed":false,"_N$horizontalAlign":1,"_N$verticalAlign":1,"_N$overflow":1},{"__type__":"cc.LabelOutline","node":{"__id__":14},"_color":{"__type__":"cc.Color"},"_width":2}],"_prefab":{"__type__":"cc.PrefabInfo","root":{"__id__":1},"asset":{"__uuid__":"ff542/KQdKvLdF00xpuZX6"},"fileId":"d7WknHBI5NEbktI4vc+lXv"},"_color":{"__type__":"cc.Color","r":243,"g":223,"b":130},"_contentSize":{"__type__":"cc.Size","width":456,"height":75},"_trs":{"__type__":"TypedArray","ctor":"Float64Array","array":[2,-8,0,0,0,0,1,1,1,1]}},{"__type__":"cc.Node","_name":"btn_anniu","_parent":{"__id__":1},"_children":[{"__id__":16},{"__id__":17}],"_components":[{"__type__":"cc.Sprite","node":{"__id__":15},"_materials":[{"__uuid__":"ecpdLyjvZBwrvm+cedCcQy"}],"_spriteFrame":{"__uuid__":"a4ubWZ+5tD/5uKeRUTQzdm"}},{"__type__":"cc.Button","node":{"__id__":15},"_normalMaterial":{"__uuid__":"ecpdLyjvZBwrvm+cedCcQy"},"zoomScale":0.9,"_N$transition":3,"transition":3}],"_prefab":{"__type__":"cc.PrefabInfo","root":{"__id__":1},"asset":{"__uuid__":"ff542/KQdKvLdF00xpuZX6"},"fileId":"5fJr5nbI1BzIHZFFojv7tX"},"_contentSize":{"__type__":"cc.Size","width":230,"height":80},"_trs":{"__type__":"TypedArray","ctor":"Float64Array","array":[-3,-368,0,0,0,0,1,1,1,1]}},{"__type__":"cc.Node","_name":"pic_shipin","_parent":{"__id__":15},"_components":[{"__type__":"cc.Sprite","node":{"__id__":16},"_materials":[{"__uuid__":"ecpdLyjvZBwrvm+cedCcQy"}],"_spriteFrame":{"__uuid__":"60b708aUFIEq/9zkd36Qih"}}],"_prefab":{"__type__":"cc.PrefabInfo","root":{"__id__":1},"asset":{"__uuid__":"ff542/KQdKvLdF00xpuZX6"},"fileId":"d3bFr56HxP+LrpA3nhmfdG"},"_contentSize":{"__type__":"cc.Size","width":40,"height":40},"_trs":{"__type__":"TypedArray","ctor":"Float64Array","array":[-39,-2,0,0,0,0,1,1,1,1]}},{"__type__":"cc.Node","_name":"btn_anniu_bal","_parent":{"__id__":15},"_components":[{"__type__":"41ebaVoPpRA4Kp67XEdHfZn","node":{"__id__":17},"_materials":[{"__uuid__":"ecpdLyjvZBwrvm+cedCcQy"}],"_string":"领取","_N$string":"领取","_fontSize":30,"_lineHeight":30,"_N$file":{"__uuid__":"farb0WbWZMgrGmuICOt0MU"},"_isSystemFontUsed":false,"i18n_string":"hongbao_layer_3_1"},{"__type__":"cc.LabelOutline","node":{"__id__":17},"_color":{"__type__":"cc.Color"},"_width":2}],"_prefab":{"__type__":"cc.PrefabInfo","root":{"__id__":1},"asset":{"__uuid__":"ff542/KQdKvLdF00xpuZX6"},"fileId":"0a/mjo7O5C1q3Dva3MI8Zc"},"_contentSize":{"__type__":"cc.Size","width":64,"height":41.8},"_trs":{"__type__":"TypedArray","ctor":"Float64Array","array":[17,-4,0,0,0,0,1,1,1,1]}},{"__type__":"cc.Node","_name":"btn_zhijie","_parent":{"__id__":1},"_children":[{"__id__":19}],"_active":false,"_components":[{"__type__":"cc.Sprite","node":{"__id__":18},"_materials":[{"__uuid__":"ecpdLyjvZBwrvm+cedCcQy"}],"_spriteFrame":{"__uuid__":"a4ubWZ+5tD/5uKeRUTQzdm"}},{"__type__":"cc.Button","node":{"__id__":18},"_normalMaterial":{"__uuid__":"ecpdLyjvZBwrvm+cedCcQy"},"zoomScale":0.9,"_N$transition":3,"transition":3}],"_prefab":{"__type__":"cc.PrefabInfo","root":{"__id__":1},"asset":{"__uuid__":"ff542/KQdKvLdF00xpuZX6"},"fileId":"be/RABy0ZCCbusIG6z09t/"},"_contentSize":{"__type__":"cc.Size","width":230,"height":80},"_trs":{"__type__":"TypedArray","ctor":"Float64Array","array":[-3,-368,0,0,0,0,1,1,1,1]}},{"__type__":"cc.Node","_name":"bal_zhijie","_parent":{"__id__":18},"_components":[{"__type__":"41ebaVoPpRA4Kp67XEdHfZn","node":{"__id__":19},"_materials":[{"__uuid__":"ecpdLyjvZBwrvm+cedCcQy"}],"_string":"直接领取","_N$string":"直接领取","_fontSize":30,"_lineHeight":30,"_N$file":{"__uuid__":"farb0WbWZMgrGmuICOt0MU"},"_isSystemFontUsed":false,"i18n_string":"hongbao_layer_3_2"},{"__type__":"cc.LabelOutline","node":{"__id__":19},"_color":{"__type__":"cc.Color"},"_width":2}],"_prefab":{"__type__":"cc.PrefabInfo","root":{"__id__":1},"asset":{"__uuid__":"ff542/KQdKvLdF00xpuZX6"},"fileId":"e2mcWXsa9JKJrdYphNOLcR"},"_contentSize":{"__type__":"cc.Size","width":124,"height":41.8},"_trs":{"__type__":"TypedArray","ctor":"Float64Array","array":[0,-2,0,0,0,0,1,1,1,1]}},{"__type__":"cc.Node","_name":"btn_shuangbei","_parent":{"__id__":1},"_children":[{"__id__":21},{"__id__":22}],"_active":false,"_components":[{"__type__":"cc.Sprite","node":{"__id__":20},"_materials":[{"__uuid__":"ecpdLyjvZBwrvm+cedCcQy"}],"_spriteFrame":{"__uuid__":"a4ubWZ+5tD/5uKeRUTQzdm"}},{"__type__":"cc.Button","node":{"__id__":20},"_normalMaterial":{"__uuid__":"ecpdLyjvZBwrvm+cedCcQy"},"zoomScale":0.9,"_N$transition":3,"transition":3}],"_prefab":{"__type__":"cc.PrefabInfo","root":{"__id__":1},"asset":{"__uuid__":"ff542/KQdKvLdF00xpuZX6"},"fileId":"6eEEGIni5AH6ZGyqu7ECKs"},"_contentSize":{"__type__":"cc.Size","width":230,"height":80},"_trs":{"__type__":"TypedArray","ctor":"Float64Array","array":[-3,-368,0,0,0,0,1,1,1,1]}},{"__type__":"cc.Node","_name":"pic_shipin_2","_parent":{"__id__":20},"_components":[{"__type__":"cc.Sprite","node":{"__id__":21},"_materials":[{"__uuid__":"ecpdLyjvZBwrvm+cedCcQy"}],"_spriteFrame":{"__uuid__":"60b708aUFIEq/9zkd36Qih"}}],"_prefab":{"__type__":"cc.PrefabInfo","root":{"__id__":1},"asset":{"__uuid__":"ff542/KQdKvLdF00xpuZX6"},"fileId":"10qWOwjjVPm7H+JHY4VRt+"},"_contentSize":{"__type__":"cc.Size","width":40,"height":40},"_trs":{"__type__":"TypedArray","ctor":"Float64Array","array":[-39,-2,0,0,0,0,1,1,1,1]}},{"__type__":"cc.Node","_name":"btn_shuangbei_bal","_parent":{"__id__":20},"_components":[{"__type__":"41ebaVoPpRA4Kp67XEdHfZn","node":{"__id__":22},"_materials":[{"__uuid__":"ecpdLyjvZBwrvm+cedCcQy"}],"_string":"领取","_N$string":"领取","_fontSize":30,"_lineHeight":30,"_N$file":{"__uuid__":"farb0WbWZMgrGmuICOt0MU"},"_isSystemFontUsed":false,"i18n_string":"hongbao_layer_3_3"},{"__type__":"cc.LabelOutline","node":{"__id__":22},"_color":{"__type__":"cc.Color"},"_width":2}],"_prefab":{"__type__":"cc.PrefabInfo","root":{"__id__":1},"asset":{"__uuid__":"ff542/KQdKvLdF00xpuZX6"},"fileId":"8foQ9U9ONKQLwmcfYcxwv/"},"_contentSize":{"__type__":"cc.Size","width":64,"height":41.8},"_trs":{"__type__":"TypedArray","ctor":"Float64Array","array":[17,-4,0,0,0,0,1,1,1,1]}},{"__type__":"cc.Node","_name":"btn_beishu","_parent":{"__id__":1},"_children":[{"__id__":24},{"__id__":25}],"_active":false,"_components":[{"__type__":"cc.Sprite","node":{"__id__":23},"_materials":[{"__uuid__":"ecpdLyjvZBwrvm+cedCcQy"}],"_spriteFrame":{"__uuid__":"a4ubWZ+5tD/5uKeRUTQzdm"},"_type":1,"_sizeMode":0},{"__type__":"cc.Button","node":{"__id__":23},"_normalMaterial":{"__uuid__":"ecpdLyjvZBwrvm+cedCcQy"},"zoomScale":0.9,"_N$transition":3,"transition":3},{"__type__":"cc.Layout","node":{"__id__":23},"_layoutSize":{"__type__":"cc.Size","width":320.74,"height":80},"_resize":1,"_N$layoutType":1,"_N$paddingLeft":30,"_N$paddingRight":30}],"_prefab":{"__type__":"cc.PrefabInfo","root":{"__id__":1},"asset":{"__uuid__":"ff542/KQdKvLdF00xpuZX6"},"fileId":"59Lf4dOYdPAahiNW7yqxL6"},"_contentSize":{"__type__":"cc.Size","width":320.74,"height":80},"_trs":{"__type__":"TypedArray","ctor":"Float64Array","array":[-3,-368,0,0,0,0,1,1,1,1]}},{"__type__":"cc.Node","_name":"pic_shipin_3","_parent":{"__id__":23},"_components":[{"__type__":"cc.Sprite","node":{"__id__":24},"_materials":[{"__uuid__":"ecpdLyjvZBwrvm+cedCcQy"}],"_spriteFrame":{"__uuid__":"60b708aUFIEq/9zkd36Qih"}}],"_prefab":{"__type__":"cc.PrefabInfo","root":{"__id__":1},"asset":{"__uuid__":"ff542/KQdKvLdF00xpuZX6"},"fileId":"b3KQjaRvJI87wsUNrI3vpf"},"_contentSize":{"__type__":"cc.Size","width":40,"height":40},"_trs":{"__type__":"TypedArray","ctor":"Float64Array","array":[-110.37,-2,0,0,0,0,1,1,1,1]}},{"__type__":"cc.Node","_name":"btn_beishu_bal","_parent":{"__id__":23},"_components":[{"__type__":"cc.Label","node":{"__id__":25},"_materials":[{"__uuid__":"ecpdLyjvZBwrvm+cedCcQy"}],"_useOriginalSize":false,"_string":"领取3000红包币","_N$string":"领取3000红包币","_fontSize":30,"_lineHeight":30,"_N$horizontalAlign":1,"_N$verticalAlign":1},{"__type__":"cc.LabelOutline","node":{"__id__":25},"_color":{"__type__":"cc.Color"},"_width":2}],"_prefab":{"__type__":"cc.PrefabInfo","root":{"__id__":1},"asset":{"__uuid__":"ff542/KQdKvLdF00xpuZX6"},"fileId":"39GCSag0dII75U4Z4GqtuM"},"_contentSize":{"__type__":"cc.Size","width":220.74,"height":41.8},"_trs":{"__type__":"TypedArray","ctor":"Float64Array","array":[20,1,0,0,0,0,1,1,1,1]}},{"__type__":"cc.Node","_name":"btn_beishu_en","_parent":{"__id__":1},"_children":[{"__id__":27},{"__id__":28}],"_active":false,"_components":[{"__type__":"cc.Sprite","node":{"__id__":26},"_materials":[{"__uuid__":"ecpdLyjvZBwrvm+cedCcQy"}],"_spriteFrame":{"__uuid__":"a4ubWZ+5tD/5uKeRUTQzdm"},"_type":1,"_sizeMode":0},{"__type__":"cc.Button","node":{"__id__":26},"_normalMaterial":{"__uuid__":"ecpdLyjvZBwrvm+cedCcQy"},"zoomScale":0.9,"_N$transition":3,"transition":3},{"__type__":"cc.Layout","node":{"__id__":26},"_layoutSize":{"__type__":"cc.Size","width":218.67000000000002,"height":80},"_resize":1,"_N$layoutType":1,"_N$paddingLeft":30,"_N$paddingRight":30}],"_prefab":{"__type__":"cc.PrefabInfo","root":{"__id__":1},"asset":{"__uuid__":"ff542/KQdKvLdF00xpuZX6"},"fileId":"60fw3L88tOjKULMRaZXtOL"},"_contentSize":{"__type__":"cc.Size","width":218.67000000000002,"height":80},"_trs":{"__type__":"TypedArray","ctor":"Float64Array","array":[-3,-368,0,0,0,0,1,1,1,1]}},{"__type__":"cc.Node","_name":"pic_shipin_3_en","_parent":{"__id__":26},"_components":[{"__type__":"cc.Sprite","node":{"__id__":27},"_materials":[{"__uuid__":"ecpdLyjvZBwrvm+cedCcQy"}],"_spriteFrame":{"__uuid__":"60b708aUFIEq/9zkd36Qih"}}],"_prefab":{"__type__":"cc.PrefabInfo","root":{"__id__":1},"asset":{"__uuid__":"ff542/KQdKvLdF00xpuZX6"},"fileId":"30uyxcW+1JSYHcyHsJxqsL"},"_contentSize":{"__type__":"cc.Size","width":40,"height":40},"_trs":{"__type__":"TypedArray","ctor":"Float64Array","array":[-59.33500000000001,-2,0,0,0,0,1,1,1,1]}},{"__type__":"cc.Node","_name":"btn_beishu_bal_en","_parent":{"__id__":26},"_components":[{"__type__":"cc.Label","node":{"__id__":28},"_materials":[{"__uuid__":"ecpdLyjvZBwrvm+cedCcQy"}],"_useOriginalSize":false,"_string":"بېلەت ئېلىش","_N$string":"بېلەت ئېلىش","_fontSize":30,"_lineHeight":30,"_N$horizontalAlign":1,"_N$verticalAlign":1},{"__type__":"cc.LabelOutline","node":{"__id__":28},"_color":{"__type__":"cc.Color"},"_width":2}],"_prefab":{"__type__":"cc.PrefabInfo","root":{"__id__":1},"asset":{"__uuid__":"ff542/KQdKvLdF00xpuZX6"},"fileId":"ae0tu//uBGo5pBVtdR8rd4"},"_contentSize":{"__type__":"cc.Size","width":118.67,"height":41.8},"_trs":{"__type__":"TypedArray","ctor":"Float64Array","array":[19.999999999999993,1,0,0,0,0,1,1,1,1]}},{"__type__":"cc.Node","_name":"getnode","_parent":{"__id__":1},"_children":[{"__id__":30}],"_active":false,"_components":[{"__type__":"cc.Button","node":{"__id__":29},"zoomScale":0.9,"_N$transition":3,"transition":3}],"_prefab":{"__type__":"cc.PrefabInfo","root":{"__id__":1},"asset":{"__uuid__":"ff542/KQdKvLdF00xpuZX6"},"fileId":"ceJSDchRtHtKsfv1AjdoBB"},"_contentSize":{"__type__":"cc.Size","width":150,"height":60},"_trs":{"__type__":"TypedArray","ctor":"Float64Array","array":[-2,-495,0,0,0,0,1,1,1,1]}},{"__type__":"cc.Node","_name":"getfont","_parent":{"__id__":29},"_components":[{"__type__":"41ebaVoPpRA4Kp67XEdHfZn","node":{"__id__":30},"_materials":[{"__uuid__":"ecpdLyjvZBwrvm+cedCcQy"}],"_string":"直接领取","_N$string":"直接领取","_fontSize":25,"_lineHeight":25,"_N$file":{"__uuid__":"farb0WbWZMgrGmuICOt0MU"},"_isSystemFontUsed":false,"i18n_string":"hongbao_layer_3_4"}],"_prefab":{"__type__":"cc.PrefabInfo","root":{"__id__":1},"asset":{"__uuid__":"ff542/KQdKvLdF00xpuZX6"},"fileId":"e7wKClqVhAo44VdwhPF8lA"},"_contentSize":{"__type__":"cc.Size","width":145.61,"height":31.5},"_trs":{"__type__":"TypedArray","ctor":"Float64Array","array":[0,0,0,0,0,0,1,1,1,1]}},{"__type__":"cc.Node","_name":"ic_guanbi2","_parent":{"__id__":1},"_active":false,"_components":[{"__type__":"cc.Sprite","node":{"__id__":31},"_materials":[{"__uuid__":"ecpdLyjvZBwrvm+cedCcQy"}],"_spriteFrame":{"__uuid__":"5c4o7no3NMH7pZupb0latf"}}],"_prefab":{"__type__":"cc.PrefabInfo","root":{"__id__":1},"asset":{"__uuid__":"ff542/KQdKvLdF00xpuZX6"},"fileId":"09fMXElZFLXZur21W6Ex3D"},"_contentSize":{"__type__":"cc.Size","width":84,"height":84},"_trs":{"__type__":"TypedArray","ctor":"Float64Array","array":[275,510,0,0,0,0,1,1,1,1]}},{"__type__":"cc.Node","_name":"font_gongxi","_parent":{"__id__":1},"_components":[{"__type__":"41ebaVoPpRA4Kp67XEdHfZn","node":{"__id__":32},"_materials":[{"__uuid__":"ecpdLyjvZBwrvm+cedCcQy"}],"_string":"恭喜获得红包","_N$string":"恭喜获得红包","_fontSize":80,"_lineHeight":80,"_styleFlags":1,"_N$horizontalAlign":1,"_N$verticalAlign":1},{"__type__":"cc.LabelOutline","node":{"__id__":32},"_color":{"__type__":"cc.Color","r":89,"g":42,"b":9},"_width":5}],"_prefab":{"__type__":"cc.PrefabInfo","root":{"__id__":1},"asset":{"__uuid__":"ff542/KQdKvLdF00xpuZX6"},"fileId":"35pgutAohCRrnk/ZQtdIdj"},"_color":{"__type__":"cc.Color","r":254,"g":231,"b":91},"_contentSize":{"__type__":"cc.Size","width":490,"height":110.8},"_trs":{"__type__":"TypedArray","ctor":"Float64Array","array":[0,386.328,0,0,0,0,1,1,1,1]}},{"__type__":"cc.Node","_name":"font_gongxi_en","_parent":{"__id__":1},"_active":false,"_components":[{"__type__":"cc.Label","node":{"__id__":33},"_materials":[{"__uuid__":"ecpdLyjvZBwrvm+cedCcQy"}],"_string":"قىزىل بولاققا ئېرىشكىنىڭىزگە مۇبارەك بولسۇن ","_N$string":"قىزىل بولاققا ئېرىشكىنىڭىزگە مۇبارەك بولسۇن ","_N$file":{"__uuid__":"farb0WbWZMgrGmuICOt0MU"},"_isSystemFontUsed":false,"_N$verticalAlign":1,"_N$overflow":1},{"__type__":"cc.LabelOutline","node":{"__id__":33},"_color":{"__type__":"cc.Color","r":89,"g":42,"b":9},"_width":2}],"_prefab":{"__type__":"cc.PrefabInfo","root":{"__id__":1},"asset":{"__uuid__":"ff542/KQdKvLdF00xpuZX6"},"fileId":"82TCakKZlEvbi0LGkspeIw"},"_color":{"__type__":"cc.Color","r":254,"g":231,"b":91},"_contentSize":{"__type__":"cc.Size","width":730.29,"height":54.4},"_trs":{"__type__":"TypedArray","ctor":"Float64Array","array":[5,386.328,0,0,0,0,1,1,1,1]}}]]