[{"__type__":"cc.SpriteFrame","content":{"name":"pao9","texture":"1fHDx1vAtNOLL25y+ojCCk","rect":[1,207,94,100],"offset":[0,-5],"originalSize":[110,110],"rotated":1,"capInsets":[0,0,0,0]}},{"__type__":"cc.SpriteFrame","content":{"name":"pao59","texture":"1fHDx1vAtNOLL25y+ojCCk","rect":[103,201,98,96],"offset":[-1,0],"originalSize":[110,110],"capInsets":[0,0,0,0]}},{"__type__":"cc.SpriteFrame","content":{"name":"pao70","texture":"1fHDx1vAtNOLL25y+ojCCk","rect":[89,571,94,90],"offset":[0,-4],"originalSize":[110,110],"capInsets":[0,0,0,0]}},{"__type__":"cc.SpriteFrame","content":{"name":"pao43","texture":"1fHDx1vAtNOLL25y+ojCCk","rect":[181,671,92,88],"offset":[0,0],"originalSize":[92,88],"capInsets":[0,0,0,0]}},{"__type__":"cc.SpriteFrame","content":{"name":"pao19","texture":"1fHDx1vAtNOLL25y+ojCCk","rect":[261,1035,82,88],"offset":[0,-9],"originalSize":[110,110],"capInsets":[0,0,0,0]}},{"__type__":"cc.SpriteFrame","content":{"name":"pao42","texture":"1fHDx1vAtNOLL25y+ojCCk","rect":[345,1105,82,88],"offset":[1,-8],"originalSize":[110,110],"capInsets":[0,0,0,0]}},{"__type__":"cc.SpriteFrame","content":{"name":"pao58","texture":"1fHDx1vAtNOLL25y+ojCCk","rect":[263,939,94,80],"offset":[-1,-8],"originalSize":[110,110],"rotated":1,"capInsets":[0,0,0,0]}},{"__type__":"cc.SpriteFrame","content":{"name":"pao36","texture":"1fHDx1vAtNOLL25y+ojCCk","rect":[1,1197,82,78],"offset":[0,-6],"originalSize":[110,110],"rotated":1,"capInsets":[0,0,0,0]}},{"__type__":"cc.SpriteFrame","content":{"name":"pao51","texture":"1fHDx1vAtNOLL25y+ojCCk","rect":[429,1111,90,76],"offset":[0,-8],"originalSize":[110,110],"rotated":1,"capInsets":[0,0,0,0]}},{"__type__":"cc.SpriteFrame","content":{"name":"pao41","texture":"1fHDx1vAtNOLL25y+ojCCk","rect":[357,935,92,82],"offset":[1,-7],"originalSize":[110,110],"capInsets":[0,0,0,0]}},{"__type__":"cc.SpriteFrame","content":{"name":"pao6","texture":"1fHDx1vAtNOLL25y+ojCCk","rect":[185,579,90,92],"offset":[0,-7],"originalSize":[110,110],"rotated":1,"capInsets":[0,0,0,0]}},{"__type__":"cc.SpriteFrame","content":{"name":"pao54","texture":"1fHDx1vAtNOLL25y+ojCCk","rect":[89,485,102,84],"offset":[0,-6],"originalSize":[110,110],"capInsets":[0,0,0,0]}},{"__type__":"cc.SpriteFrame","content":{"name":"pao52","texture":"1fHDx1vAtNOLL25y+ojCCk","rect":[1,109,96,100],"offset":[1,-5],"originalSize":[110,110],"rotated":1,"capInsets":[0,0,0,0]}},{"__type__":"cc.SpriteFrame","content":{"name":"pao17","texture":"1fHDx1vAtNOLL25y+ojCCk","rect":[371,677,96,84],"offset":[0,-8],"originalSize":[110,110],"capInsets":[0,0,0,0]}},{"__type__":"cc.SpriteFrame","content":{"name":"pao56","texture":"1fHDx1vAtNOLL25y+ojCCk","rect":[203,391,96,92],"offset":[0,-5],"originalSize":[110,110],"capInsets":[0,0,0,0]}},{"__type__":"cc.SpriteFrame","content":{"name":"pao34","texture":"1fHDx1vAtNOLL25y+ojCCk","rect":[425,1203,86,76],"offset":[-1,-17],"originalSize":[110,110],"rotated":1,"capInsets":[0,0,0,0]}},{"__type__":"cc.SpriteFrame","content":{"name":"pao44","texture":"1fHDx1vAtNOLL25y+ojCCk","rect":[1,399,100,86],"offset":[-1,-7],"originalSize":[110,110],"rotated":1,"capInsets":[0,0,0,0]}},{"__type__":"cc.SpriteFrame","content":{"name":"pao65","texture":"1fHDx1vAtNOLL25y+ojCCk","rect":[275,749,100,80],"offset":[1,-5],"originalSize":[110,110],"rotated":1,"capInsets":[0,0,0,0]}},{"__type__":"cc.SpriteFrame","content":{"name":"bg_lv","texture":"1fHDx1vAtNOLL25y+ojCCk","rect":[469,677,40,34],"offset":[0,0],"originalSize":[40,36],"rotated":1,"capInsets":[0,0,0,0]}},{"__type__":"cc.SpriteFrame","content":{"name":"pao46","texture":"1fHDx1vAtNOLL25y+ojCCk","rect":[203,295,98,94],"offset":[1,-4],"originalSize":[110,110],"capInsets":[0,0,0,0]}},{"__type__":"cc.SpriteFrame","content":{"name":"pao47","texture":"1fHDx1vAtNOLL25y+ojCCk","rect":[1,907,98,80],"offset":[0,-10],"originalSize":[110,110],"rotated":1,"capInsets":[0,0,0,0]}},{"__type__":"cc.SpriteFrame","content":{"name":"pao63","texture":"1fHDx1vAtNOLL25y+ojCCk","rect":[1,1,106,110],"offset":[2,0],"originalSize":[110,110],"rotated":1,"capInsets":[0,0,0,0]}},{"__type__":"cc.SpriteFrame","content":{"name":"pao49","texture":"1fHDx1vAtNOLL25y+ojCCk","rect":[381,589,96,86],"offset":[0,-1],"originalSize":[110,110],"capInsets":[0,0,0,0]}},{"__type__":"cc.SpriteFrame","content":{"name":"pao3","texture":"1fHDx1vAtNOLL25y+ojCCk","rect":[83,1017,86,84],"offset":[0,-2],"originalSize":[110,110],"capInsets":[0,0,0,0]}},{"__type__":"cc.SpriteFrame","content":{"name":"pao35","texture":"1fHDx1vAtNOLL25y+ojCCk","rect":[1,303,96,94],"offset":[0,2],"originalSize":[110,110],"capInsets":[0,0,0,0]}},{"__type__":"cc.SpriteFrame","content":{"name":"pao68","texture":"1fHDx1vAtNOLL25y+ojCCk","rect":[415,297,104,90],"offset":[-1,-8],"originalSize":[110,110],"rotated":1,"capInsets":[0,0,0,0]}},{"__type__":"cc.SpriteFrame","content":{"name":"pao50","texture":"1fHDx1vAtNOLL25y+ojCCk","rect":[177,863,84,92],"offset":[0,-4],"originalSize":[110,110],"capInsets":[0,0,0,0]}},{"__type__":"cc.SpriteFrame","content":{"name":"pao8","texture":"1fHDx1vAtNOLL25y+ojCCk","rect":[1,1007,96,80],"offset":[0,-7],"originalSize":[110,110],"rotated":1,"capInsets":[0,0,0,0]}},{"__type__":"cc.SpriteFrame","content":{"name":"pao15","texture":"1fHDx1vAtNOLL25y+ojCCk","rect":[1,1105,78,80],"offset":[0,-11],"originalSize":[110,110],"rotated":1,"capInsets":[0,0,0,0]}},{"__type__":"cc.SpriteFrame","content":{"name":"pao29","texture":"1fHDx1vAtNOLL25y+ojCCk","rect":[327,195,96,100],"offset":[0,0],"originalSize":[96,100],"rotated":1,"capInsets":[0,0,0,0]}},{"__type__":"cc.SpriteFrame","content":{"name":"pao72","texture":"1fHDx1vAtNOLL25y+ojCCk","rect":[181,761,100,80],"offset":[0,-7],"originalSize":[110,110],"rotated":1,"capInsets":[0,0,0,0]}},{"__type__":"cc.SpriteFrame","content":{"name":"pao37","texture":"1fHDx1vAtNOLL25y+ojCCk","rect":[103,109,106,90],"offset":[0,-3],"originalSize":[110,110],"capInsets":[0,0,0,0]}},{"__type__":"cc.SpriteFrame","content":{"name":"pao33","texture":"1fHDx1vAtNOLL25y+ojCCk","rect":[113,1,108,106],"offset":[1,-2],"originalSize":[110,110],"capInsets":[0,0,0,0]}},{"__type__":"cc.SpriteFrame","content":{"name":"pao13","texture":"1fHDx1vAtNOLL25y+ojCCk","rect":[85,753,86,94],"offset":[0,1],"originalSize":[110,110],"rotated":1,"capInsets":[0,0,0,0]}},{"__type__":"cc.SpriteFrame","content":{"name":"pao21","texture":"1fHDx1vAtNOLL25y+ojCCk","rect":[81,1197,84,74],"offset":[0,-10],"originalSize":[110,110],"rotated":1,"capInsets":[0,0,0,0]}},{"__type__":"cc.SpriteFrame","content":{"name":"pao60","texture":"1fHDx1vAtNOLL25y+ojCCk","rect":[83,929,90,86],"offset":[0,-6],"originalSize":[110,110],"capInsets":[0,0,0,0]}},{"__type__":"cc.SpriteFrame","content":{"name":"pao39","texture":"1fHDx1vAtNOLL25y+ojCCk","rect":[253,1125,80,88],"offset":[1,-9],"originalSize":[110,110],"rotated":1,"capInsets":[0,0,0,0]}},{"__type__":"cc.SpriteFrame","content":{"name":"pao64","texture":"1fHDx1vAtNOLL25y+ojCCk","rect":[429,195,100,78],"offset":[-1,-8],"originalSize":[110,110],"rotated":1,"capInsets":[0,0,0,0]}},{"__type__":"cc.SpriteFrame","content":{"name":"pao27","texture":"1fHDx1vAtNOLL25y+ojCCk","rect":[157,1215,78,74],"offset":[0,-10],"originalSize":[110,110],"capInsets":[0,0,0,0]}},{"__type__":"cc.SpriteFrame","content":{"name":"pao11","texture":"1fHDx1vAtNOLL25y+ojCCk","rect":[203,203,104,90],"offset":[1,1],"originalSize":[110,110],"capInsets":[0,0,0,0]}},{"__type__":"cc.SpriteFrame","content":{"name":"pao18","texture":"1fHDx1vAtNOLL25y+ojCCk","rect":[157,1139,88,74],"offset":[0,-7],"originalSize":[110,110],"capInsets":[0,0,0,0]}},{"__type__":"cc.SpriteFrame","content":{"name":"pao5","texture":"1fHDx1vAtNOLL25y+ojCCk","rect":[411,403,96,92],"offset":[0,0],"originalSize":[110,110],"capInsets":[0,0,0,0]}},{"__type__":"cc.SpriteFrame","content":{"name":"pao1","texture":"1fHDx1vAtNOLL25y+ojCCk","rect":[83,841,92,86],"offset":[0,0],"originalSize":[110,110],"capInsets":[0,0,0,0]}},{"__type__":"cc.SpriteFrame","content":{"name":"pao32","texture":"1fHDx1vAtNOLL25y+ojCCk","rect":[279,657,90,90],"offset":[-1,-10],"originalSize":[110,110],"capInsets":[0,0,0,0]}},{"__type__":"cc.SpriteFrame","content":{"name":"pao71","texture":"1fHDx1vAtNOLL25y+ojCCk","rect":[1,601,102,82],"offset":[-1,-5],"originalSize":[110,110],"rotated":1,"capInsets":[0,0,0,0]}},{"__type__":"cc.SpriteFrame","content":{"name":"pao67","texture":"1fHDx1vAtNOLL25y+ojCCk","rect":[303,385,106,84],"offset":[0,-8],"originalSize":[110,110],"capInsets":[0,0,0,0]}},{"__type__":"cc.SpriteFrame","content":{"name":"pao20","texture":"1fHDx1vAtNOLL25y+ojCCk","rect":[103,299,94,98],"offset":[-1,-4],"originalSize":[110,110],"rotated":1,"capInsets":[0,0,0,0]}},{"__type__":"cc.SpriteFrame","content":{"name":"pao61","texture":"1fHDx1vAtNOLL25y+ojCCk","rect":[1,805,100,80],"offset":[0,-7],"originalSize":[110,110],"rotated":1,"capInsets":[0,0,0,0]}},{"__type__":"cc.SpriteFrame","content":{"name":"pao53","texture":"1fHDx1vAtNOLL25y+ojCCk","rect":[329,1,106,94],"offset":[2,0],"originalSize":[110,110],"capInsets":[0,0,0,0]}},{"__type__":"cc.SpriteFrame","content":{"name":"pao69","texture":"1fHDx1vAtNOLL25y+ojCCk","rect":[301,471,92,94],"offset":[-1,4],"originalSize":[110,110],"rotated":1,"capInsets":[0,0,0,0]}},{"__type__":"cc.SpriteFrame","content":{"name":"pao2","texture":"1fHDx1vAtNOLL25y+ojCCk","rect":[397,497,90,96],"offset":[-1,1],"originalSize":[110,110],"rotated":1,"capInsets":[0,0,0,0]}},{"__type__":"cc.SpriteFrame","content":{"name":"pao57","texture":"1fHDx1vAtNOLL25y+ojCCk","rect":[433,97,96,74],"offset":[1,-8],"originalSize":[110,110],"rotated":1,"capInsets":[0,0,0,0]}},{"__type__":"cc.SpriteFrame","content":{"name":"pao45","texture":"1fHDx1vAtNOLL25y+ojCCk","rect":[99,395,98,88],"offset":[0,-8],"originalSize":[110,110],"capInsets":[0,0,0,0]}},{"__type__":"cc.SpriteFrame","content":{"name":"pao22","texture":"1fHDx1vAtNOLL25y+ojCCk","rect":[175,957,88,84],"offset":[0,-10],"originalSize":[110,110],"rotated":1,"capInsets":[0,0,0,0]}},{"__type__":"cc.SpriteFrame","content":{"name":"pao28","texture":"1fHDx1vAtNOLL25y+ojCCk","rect":[247,1207,88,74],"offset":[1,-10],"originalSize":[110,110],"capInsets":[0,0,0,0]}},{"__type__":"cc.SpriteFrame","content":{"name":"pao16","texture":"1fHDx1vAtNOLL25y+ojCCk","rect":[193,485,92,92],"offset":[-2,-4],"originalSize":[110,110],"capInsets":[0,0,0,0]}},{"__type__":"cc.SpriteFrame","content":{"name":"pao40","texture":"1fHDx1vAtNOLL25y+ojCCk","rect":[345,1019,84,86],"offset":[0,2],"originalSize":[110,110],"rotated":1,"capInsets":[0,0,0,0]}},{"__type__":"cc.SpriteFrame","content":{"name":"pao10","texture":"1fHDx1vAtNOLL25y+ojCCk","rect":[437,1,68,94],"offset":[0,-1],"originalSize":[110,110],"capInsets":[0,0,0,0]}},{"__type__":"cc.SpriteFrame","content":{"name":"pao7","texture":"1fHDx1vAtNOLL25y+ojCCk","rect":[287,565,92,90],"offset":[0,-8],"originalSize":[110,110],"capInsets":[0,0,0,0]}},{"__type__":"cc.SpriteFrame","content":{"name":"pao62","texture":"1fHDx1vAtNOLL25y+ojCCk","rect":[309,293,104,90],"offset":[0,-7],"originalSize":[110,110],"capInsets":[0,0,0,0]}},{"__type__":"cc.SpriteFrame","content":{"name":"pao25","texture":"1fHDx1vAtNOLL25y+ojCCk","rect":[1,501,98,86],"offset":[-1,-2],"originalSize":[110,110],"rotated":1,"capInsets":[0,0,0,0]}},{"__type__":"cc.SpriteFrame","content":{"name":"pao12","texture":"1fHDx1vAtNOLL25y+ojCCk","rect":[223,1,104,102],"offset":[0,2],"originalSize":[110,110],"capInsets":[0,0,0,0]}},{"__type__":"cc.SpriteFrame","content":{"name":"pao30","texture":"1fHDx1vAtNOLL25y+ojCCk","rect":[83,1103,72,92],"offset":[0,0],"originalSize":[110,110],"capInsets":[0,0,0,0]}},{"__type__":"cc.SpriteFrame","content":{"name":"pao55","texture":"1fHDx1vAtNOLL25y+ojCCk","rect":[171,1047,90,80],"offset":[1,-9],"originalSize":[110,110],"rotated":1,"capInsets":[0,0,0,0]}},{"__type__":"cc.SpriteFrame","content":{"name":"pao26","texture":"1fHDx1vAtNOLL25y+ojCCk","rect":[357,851,92,82],"offset":[1,-8],"originalSize":[110,110],"capInsets":[0,0,0,0]}},{"__type__":"cc.SpriteFrame","content":{"name":"pao14","texture":"1fHDx1vAtNOLL25y+ojCCk","rect":[85,663,94,88],"offset":[0,-8],"originalSize":[110,110],"capInsets":[0,0,0,0]}},{"__type__":"cc.SpriteFrame","content":{"name":"pao31","texture":"1fHDx1vAtNOLL25y+ojCCk","rect":[433,1019,90,74],"offset":[-1,-12],"originalSize":[110,110],"rotated":1,"capInsets":[0,0,0,0]}},{"__type__":"cc.SpriteFrame","content":{"name":"pao23","texture":"1fHDx1vAtNOLL25y+ojCCk","rect":[223,105,96,102],"offset":[1,2],"originalSize":[110,110],"rotated":1,"capInsets":[0,0,0,0]}},{"__type__":"cc.SpriteFrame","content":{"name":"pao38","texture":"1fHDx1vAtNOLL25y+ojCCk","rect":[343,1195,86,80],"offset":[1,-10],"originalSize":[110,110],"rotated":1,"capInsets":[0,0,0,0]}},{"__type__":"cc.SpriteAtlas","_name":"Paotai.plist","_spriteFrames":{"bg_lv":{"__uuid__":"41NpkPwgZP07jcZEuN8GrS"},"pao1":{"__uuid__":"88vvHEIotJ3KtZy2cARmGN"},"pao10":{"__uuid__":"c8hNtL5rFL0baCeZFj8dtX"},"pao11":{"__uuid__":"79nhIP+BFDRqhz/TKE9Ry9"},"pao12":{"__uuid__":"d4hIRXmV5EfqmFf+Zw6qYz"},"pao13":{"__uuid__":"66MqmNrKhLnYvFEb7srXqq"},"pao14":{"__uuid__":"e2royXxq1B3o+16wfuonDX"},"pao15":{"__uuid__":"57idlUtYpFGLplilX4alRP"},"pao16":{"__uuid__":"c2P/tWePZPCapX8rzpK+4m"},"pao17":{"__uuid__":"27hWFQ9vBFDJmgfFVKYuYQ"},"pao18":{"__uuid__":"7dFjFxdDFC2IejMW/z5HyC"},"pao19":{"__uuid__":"0cxQmkwQRFbooaHx6SvhWY"},"pao2":{"__uuid__":"a4aPNGbW1OpIYaJGJ4bQl3"},"pao20":{"__uuid__":"9bQwrlaIVEHargi5HWEZBL"},"pao21":{"__uuid__":"67Z3bI/2xIJqnC0PgX3W09"},"pao22":{"__uuid__":"bd6xKYV8dIvZ8liTEOgpdF"},"pao23":{"__uuid__":"ecRIHss/tKq5+L4N/hoCyf"},"pao24":{"__uuid__":"f6pbixT3RG8JInSpjBWwG8"},"pao25":{"__uuid__":"d3JQSf4NVL4Zyyq6kpWVyZ"},"pao26":{"__uuid__":"e1+856dT5GQ63G+BcMefGj"},"pao27":{"__uuid__":"78FTqFcSdId6zx5prcLDQK"},"pao28":{"__uuid__":"c03EJh8DpP2JLqFT1S5hfC"},"pao29":{"__uuid__":"5b1DI0uVlF8paGcQP4a/yX"},"pao3":{"__uuid__":"4csvyvpUxCcZ0Uwy1RHwDP"},"pao30":{"__uuid__":"d8DdA3aRFLVpdEKhSdSFhr"},"pao31":{"__uuid__":"eaggtguIFO2byjDe0Zv6X7"},"pao32":{"__uuid__":"8fRe/tFRNKM4fXBoqAF314"},"pao33":{"__uuid__":"625jku6UxJlLk0k1MDPsT4"},"pao34":{"__uuid__":"2dggUkAu5C97CAbT2BR9EE"},"pao35":{"__uuid__":"4eDzvtvoNLhqG4uZUfgWJe"},"pao36":{"__uuid__":"17N23UFcNIh4QDt2KiaspM"},"pao37":{"__uuid__":"5feFLjZnBCyooymz7F9hSu"},"pao38":{"__uuid__":"efxTI6iQhHcrCRx4/4o/hp"},"pao39":{"__uuid__":"71q6lNJFtJEaGjRO9UJwvM"},"pao4":{"__uuid__":"f6/lPWJe9O04Ic4lmWRqzi"},"pao40":{"__uuid__":"c6O7oLBj9LoaqJXUPi1zU5"},"pao41":{"__uuid__":"1e8rYHa0BBvaDfjbKLMdyT"},"pao42":{"__uuid__":"0dFhQKyepJZpa0Qgwke0Hg"},"pao43":{"__uuid__":"07t9BHVGdBdLYWB0+iZHhC"},"pao44":{"__uuid__":"34PmAnL+1JAaLNkHLxQkAg"},"pao45":{"__uuid__":"b1TVhiS8dI6aJPVNzlw7fk"},"pao46":{"__uuid__":"46//fv5XlEJq0SFrFcNM1x"},"pao47":{"__uuid__":"48A2yMerJG65svluecL/6C"},"pao48":{"__uuid__":"ffXFK7o4NEKpa72yj/A//c"},"pao49":{"__uuid__":"4beXJ16lFOQ6LCtixCH/Ur"},"pao5":{"__uuid__":"800Nt3XdVMiqW/SnM00F9R"},"pao50":{"__uuid__":"55vgmBgVpMwp/1ZFkXpird"},"pao51":{"__uuid__":"1baNBP4SJBba4utk903wHH"},"pao52":{"__uuid__":"26/Wp1zxZCNazX4SDc/C2a"},"pao53":{"__uuid__":"9d4v3HK4BNF60BJUg3cfc3"},"pao54":{"__uuid__":"234dd3EmZA+aj27HLsMB8c"},"pao55":{"__uuid__":"dd+iHA3N5Pa4K6WbY6OBHi"},"pao56":{"__uuid__":"2aQtdwsP1NgYnACyclsh3z"},"pao57":{"__uuid__":"a83W8RSzpJLK2zjKFOB9zT"},"pao58":{"__uuid__":"0fuS1dRfBEm7zXG2N9z/8I"},"pao59":{"__uuid__":"01a9dsxb5DyboynD9RL/tK"},"pao6":{"__uuid__":"21jASjQmhApL0T2U2pujyc"},"pao60":{"__uuid__":"6b5mMJhyxDUbxio+SBo0fB"},"pao61":{"__uuid__":"9dMlhZtCVDbKGeW/QiVCy5"},"pao62":{"__uuid__":"d2lzJ7AC1FfKyzm/uoD+9h"},"pao63":{"__uuid__":"48CGTf4NxNsroDI1yLenil"},"pao64":{"__uuid__":"72CjCAWyJPVLHsDpLSpJ0I"},"pao65":{"__uuid__":"41FhVajv1LUrVdFFovItZT"},"pao66":{"__uuid__":"f3PM6b6iZCspSnzXOZf9H4"},"pao67":{"__uuid__":"9awTtSRThB+aUbBndtBDOz"},"pao68":{"__uuid__":"55nbfbw2VKr49rz22QaV/E"},"pao69":{"__uuid__":"a2mPjXvE1DWal883BFV8hc"},"pao7":{"__uuid__":"cbgx4dvD9JMIA0bhSyEyZV"},"pao70":{"__uuid__":"07jgx1uI5ELrm2LfTJkka3"},"pao71":{"__uuid__":"9536mXOFZGE7vGvzJg5jbq"},"pao72":{"__uuid__":"5fI8puK05IXL+sh5b1encq"},"pao8":{"__uuid__":"56C8lYjlhHS6B59eV3kSeh"},"pao9":{"__uuid__":"000mpMq7JDmodu04OAIGqr"}}},{"__type__":"cc.SpriteFrame","content":{"name":"pao66","texture":"1fHDx1vAtNOLL25y+ojCCk","rect":[1,705,98,82],"offset":[0,-6],"originalSize":[110,110],"rotated":1,"capInsets":[0,0,0,0]}},{"__type__":"cc.SpriteFrame","content":{"name":"pao24","texture":"1fHDx1vAtNOLL25y+ojCCk","rect":[357,763,92,86],"offset":[0,-11],"originalSize":[110,110],"capInsets":[0,0,0,0]}},{"__type__":"cc.SpriteFrame","content":{"name":"pao4","texture":"1fHDx1vAtNOLL25y+ojCCk","rect":[263,851,92,86],"offset":[0,-2],"originalSize":[110,110],"capInsets":[0,0,0,0]}},{"__type__":"cc.SpriteFrame","content":{"name":"pao48","texture":"1fHDx1vAtNOLL25y+ojCCk","rect":[329,97,102,96],"offset":[0,-5],"originalSize":[110,110],"capInsets":[0,0,0,0]}}]