[{"__type__":"cc.Prefab","_name":"tips","data":{"__id__":1}},{"__type__":"cc.Node","_name":"tips","_components":[{"__type__":"fef06TGqzBP8aQeT33dU33i","node":{"__id__":1},"tipPrefab":{"__uuid__":"dbWoW9jTRBr57IUtBs9BPB"}},{"__type__":"cc.Widget","node":{"__id__":1},"_alignFlags":45,"_left":667,"_right":667,"_top":430,"_bottom":320,"_originalWidth":1334,"_originalHeight":750}],"_prefab":{"__type__":"cc.PrefabInfo","root":{"__id__":1},"asset":{"__uuid__":"0dbYwf5XNKk6iUMlh1KRSs"},"fileId":"fcB6rBhYZGhaPZVu4gftH3"},"_trs":{"__type__":"TypedArray","ctor":"Float64Array","array":[667,320,0,0,0,0,1,1,1,1]}}]