[{"__type__":"cc.SpriteFrame","content":{"name":"xiao9","texture":"892yo3yAJJAq05DsHjqiLf","rect":[1,103,100,100],"offset":[0,0],"originalSize":[100,100],"capInsets":[0,0,0,0]}},{"__type__":"cc.SpriteFrame","content":{"name":"xiao2","texture":"892yo3yAJJAq05DsHjqiLf","rect":[1,1,100,100],"offset":[0,0],"originalSize":[100,100],"capInsets":[0,0,0,0]}},{"__type__":"cc.SpriteFrame","content":{"name":"xiao4","texture":"892yo3yAJJAq05DsHjqiLf","rect":[1,205,100,100],"offset":[0,0],"originalSize":[100,100],"capInsets":[0,0,0,0]}},{"__type__":"cc.SpriteFrame","content":{"name":"xiao6","texture":"892yo3yAJJAq05DsHjqiLf","rect":[103,409,100,100],"offset":[0,0],"originalSize":[100,100],"capInsets":[0,0,0,0]}},{"__type__":"cc.SpriteFrame","content":{"name":"xiao10","texture":"892yo3yAJJAq05DsHjqiLf","rect":[103,1,100,100],"offset":[0,0],"originalSize":[100,100],"capInsets":[0,0,0,0]}},{"__type__":"cc.SpriteFrame","content":{"name":"xiao8","texture":"892yo3yAJJAq05DsHjqiLf","rect":[103,307,100,100],"offset":[0,0],"originalSize":[100,100],"capInsets":[0,0,0,0]}},{"__type__":"cc.SpriteFrame","content":{"name":"xiao5","texture":"892yo3yAJJAq05DsHjqiLf","rect":[103,205,100,100],"offset":[0,0],"originalSize":[100,100],"capInsets":[0,0,0,0]}},{"__type__":"cc.SpriteFrame","content":{"name":"pic_xuedi","texture":"892yo3yAJJAq05DsHjqiLf","rect":[63,523,70,10],"offset":[0,0],"originalSize":[70,10],"capInsets":[0,0,0,0]}},{"__type__":"cc.SpriteFrame","content":{"name":"xiao7","texture":"892yo3yAJJAq05DsHjqiLf","rect":[103,103,100,100],"offset":[0,0],"originalSize":[100,100],"capInsets":[0,0,0,0]}},{"__type__":"cc.SpriteFrame","content":{"name":"pic_guaidi1","texture":"892yo3yAJJAq05DsHjqiLf","rect":[1,511,60,36],"offset":[0,0],"originalSize":[60,36],"capInsets":[0,0,0,0]}},{"__type__":"cc.SpriteAtlas","_name":"guaipng.plist","_spriteFrames":{"pic_guaidi1":{"__uuid__":"e8Ev3GOjRNrYlxsch3ZK5F"},"pic_xue":{"__uuid__":"edNIeCKexCS5ZkHV+swdE2"},"pic_xuedi":{"__uuid__":"bdpMl4tT1KHLhZTY040foF"},"xiao1":{"__uuid__":"edlkLahVtH67S7wFKy29l0"},"xiao10":{"__uuid__":"6fWh5cMr9A7aClivMaB7su"},"xiao2":{"__uuid__":"1fmLaEdVVIv410U8S24T8d"},"xiao3":{"__uuid__":"faXMvglxNHaqVOT4GU8gM+"},"xiao4":{"__uuid__":"2fmfHotP1Ck4vSYvRZbf58"},"xiao5":{"__uuid__":"b5Mk//Zy5GObNxZgwC8AbG"},"xiao6":{"__uuid__":"3674Gd+JJNvYCaODRKKUoR"},"xiao7":{"__uuid__":"dfJjdCDwxLmKv09Fuv8A2V"},"xiao8":{"__uuid__":"a3hKOms/FMMr2okghqMl4h"},"xiao9":{"__uuid__":"19eOlTOltNl7/sefXfQMLk"}}},{"__type__":"cc.SpriteFrame","content":{"name":"pic_xue","texture":"892yo3yAJJAq05DsHjqiLf","rect":[63,511,70,10],"offset":[0,0],"originalSize":[70,10],"capInsets":[4,0,4,0]}},{"__type__":"cc.SpriteFrame","content":{"name":"xiao1","texture":"892yo3yAJJAq05DsHjqiLf","rect":[1,307,100,100],"offset":[0,0],"originalSize":[100,100],"capInsets":[0,0,0,0]}},{"__type__":"cc.SpriteFrame","content":{"name":"xiao3","texture":"892yo3yAJJAq05DsHjqiLf","rect":[1,409,100,100],"offset":[0,0],"originalSize":[100,100],"capInsets":[0,0,0,0]}}]