[{"__type__":"cc.SpriteFrame","content":{"name":"pic_zhizhen","texture":"b6QYdDxblP/K98GRR8e/vs","rect":[254,1,116,164],"offset":[0,0],"originalSize":[116,164],"capInsets":[0,0,0,0]}},{"__type__":"cc.SpriteFrame","content":{"name":"roll36","texture":"e6nMYGEbVM9KQ7t+GMhNU7","rect":[0,0,596,596],"offset":[0,0],"originalSize":[596,596],"capInsets":[0,0,0,0]}},{"__type__":"cc.SpriteFrame","content":{"name":"btn_huang","texture":"36otX/aM1E4Zo+o68pRLtJ","rect":[367,1,146,52],"offset":[0,0],"originalSize":[150,56],"rotated":1,"capInsets":[23,15,23,16]}},{"__type__":"cc.SpriteFrame","content":{"name":"pic_zhuanpandi","texture":"fcmbN2YEVMH6lj7dAnVl3c","rect":[0,0,672,859],"offset":[0,0.5],"originalSize":[672,860],"capInsets":[0,0,0,0]}},[{"__type__":"cc.Prefab","_name":"rollthirtysix_layer","data":{"__id__":1}},{"__type__":"cc.Node","_name":"rollthirtysix_layer","_children":[{"__id__":2},{"__id__":3},{"__id__":17},{"__id__":19}],"_components":[{"__type__":"cc.Widget","node":{"__id__":1},"_alignFlags":45},{"__type__":"001b9E5X9lJDoyJ3k3/IMqj","node":{"__id__":1}}],"_prefab":{"__type__":"cc.PrefabInfo","root":{"__id__":1},"asset":{"__uuid__":"64i3J91sVPKISagVcDniWU"},"fileId":"8eKlSNV/xEdr0QWk3japgp"},"_contentSize":{"__type__":"cc.Size","width":750,"height":1334},"_trs":{"__type__":"TypedArray","ctor":"Float64Array","array":[375,667,0,0,0,0,1,1,1,1]}},{"__type__":"cc.Node","_name":"mask","_parent":{"__id__":1},"_components":[{"__type__":"cc.Sprite","node":{"__id__":2},"_materials":[{"__uuid__":"ecpdLyjvZBwrvm+cedCcQy"}],"_spriteFrame":{"__uuid__":"a2MjXRFdtLlYQ5ouAFv/+R"},"_sizeMode":0},{"__type__":"cc.Widget","node":{"__id__":2},"_alignFlags":45,"_originalWidth":40,"_originalHeight":36},{"__type__":"cc.BlockInputEvents","node":{"__id__":2}}],"_prefab":{"__type__":"cc.PrefabInfo","root":{"__id__":1},"asset":{"__uuid__":"64i3J91sVPKISagVcDniWU"},"fileId":"644IdzTNBI1JUUaWvhtzfn"},"_opacity":130,"_color":{"__type__":"cc.Color"},"_contentSize":{"__type__":"cc.Size","width":750,"height":1334},"_trs":{"__type__":"TypedArray","ctor":"Float64Array","array":[0,0,0,0,0,0,1,1,1,1]}},{"__type__":"cc.Node","_name":"bgNode","_parent":{"__id__":1},"_children":[{"__id__":4},{"__id__":11},{"__id__":12},{"__id__":14}],"_components":[{"__type__":"cc.Sprite","node":{"__id__":3},"_materials":[{"__uuid__":"ecpdLyjvZBwrvm+cedCcQy"}],"_spriteFrame":{"__uuid__":"33Ri0ffFlI64Ws5kgKzZoo"}}],"_prefab":{"__type__":"cc.PrefabInfo","root":{"__id__":1},"asset":{"__uuid__":"64i3J91sVPKISagVcDniWU"},"fileId":"c8vKi+LvFPNLhXH18rQS4j"},"_contentSize":{"__type__":"cc.Size","width":672,"height":859},"_trs":{"__type__":"TypedArray","ctor":"Float64Array","array":[0,62,0,0,0,0,1,1,1,1]}},{"__type__":"cc.Node","_name":"pic_zhuanpan","_parent":{"__id__":3},"_children":[{"__id__":5},{"__id__":6},{"__id__":7},{"__id__":8},{"__id__":9},{"__id__":10}],"_components":[{"__type__":"cc.Sprite","node":{"__id__":4},"_materials":[{"__uuid__":"ecpdLyjvZBwrvm+cedCcQy"}],"_spriteFrame":{"__uuid__":"18Aw/cewpGbJvqWq1L+R3k"}}],"_prefab":{"__type__":"cc.PrefabInfo","root":{"__id__":1},"asset":{"__uuid__":"64i3J91sVPKISagVcDniWU"},"fileId":"73Ie9armdBB7b866im/UOV"},"_contentSize":{"__type__":"cc.Size","width":596,"height":596},"_trs":{"__type__":"TypedArray","ctor":"Float64Array","array":[0,18,0,0,0,0,1,1,1,1]}},{"__type__":"cc.Node","_name":"ic_jingli1","_parent":{"__id__":4},"_components":[{"__type__":"cc.Label","node":{"__id__":5},"_materials":[{"__uuid__":"ecpdLyjvZBwrvm+cedCcQy"}],"_useOriginalSize":false,"_string":"炮塔+20","_N$string":"炮塔+20","_fontSize":28,"_lineHeight":28,"_N$horizontalAlign":1,"_N$verticalAlign":1}],"_prefab":{"__type__":"cc.PrefabInfo","root":{"__id__":1},"asset":{"__uuid__":"64i3J91sVPKISagVcDniWU"},"fileId":"89z2yY/I9ABJoxsnt46PSW"},"_color":{"__type__":"cc.Color","r":104,"g":37,"b":14},"_contentSize":{"__type__":"cc.Size","width":103.5,"height":35.28},"_trs":{"__type__":"TypedArray","ctor":"Float64Array","array":[0,255,0,0,0,0,1,1,1,1]}},{"__type__":"cc.Node","_name":"lab_desc1","_parent":{"__id__":4},"_components":[{"__type__":"cc.Sprite","node":{"__id__":6},"_materials":[{"__uuid__":"ecpdLyjvZBwrvm+cedCcQy"}],"_spriteFrame":{"__uuid__":"d7yO+rwDtPepaDOkmOet3q"},"_sizeMode":0}],"_prefab":{"__type__":"cc.PrefabInfo","root":{"__id__":1},"asset":{"__uuid__":"64i3J91sVPKISagVcDniWU"},"fileId":"a4K0MsnHdC6J3bPsnx3c9r"},"_contentSize":{"__type__":"cc.Size","width":50,"height":50},"_trs":{"__type__":"TypedArray","ctor":"Float64Array","array":[1,145,0,0,0,0,1,1.5,1.5,1]}},{"__type__":"cc.Node","_name":"ic_jingli2","_parent":{"__id__":4},"_components":[{"__type__":"cc.Label","node":{"__id__":7},"_materials":[{"__uuid__":"ecpdLyjvZBwrvm+cedCcQy"}],"_useOriginalSize":false,"_string":"炮塔+15","_N$string":"炮塔+15","_fontSize":28,"_lineHeight":28,"_N$horizontalAlign":1,"_N$verticalAlign":1}],"_prefab":{"__type__":"cc.PrefabInfo","root":{"__id__":1},"asset":{"__uuid__":"64i3J91sVPKISagVcDniWU"},"fileId":"80QbfAjrVIDrXUkpQrN7Ua"},"_color":{"__type__":"cc.Color","r":104,"g":37,"b":14},"_contentSize":{"__type__":"cc.Size","width":103.5,"height":35.28},"_trs":{"__type__":"TypedArray","ctor":"Float64Array","array":[242,-42,0,0,0,0.7716245833877199,-0.6360782202777641,1,1,1]},"_eulerAngles":{"__type__":"cc.Vec3","z":259}},{"__type__":"cc.Node","_name":"lab_desc2","_parent":{"__id__":4},"_components":[{"__type__":"cc.Sprite","node":{"__id__":8},"_materials":[{"__uuid__":"ecpdLyjvZBwrvm+cedCcQy"}],"_spriteFrame":{"__uuid__":"d7yO+rwDtPepaDOkmOet3q"},"_sizeMode":0}],"_prefab":{"__type__":"cc.PrefabInfo","root":{"__id__":1},"asset":{"__uuid__":"64i3J91sVPKISagVcDniWU"},"fileId":"335P50pgNFy4LJRJ0Y08yG"},"_contentSize":{"__type__":"cc.Size","width":50,"height":50},"_trs":{"__type__":"TypedArray","ctor":"Float64Array","array":[135,-24,0,0,0,0.760405965600031,-0.6494480483301835,1.5,1.5,1]},"_eulerAngles":{"__type__":"cc.Vec3","z":261}},{"__type__":"cc.Node","_name":"ic_jingli3","_parent":{"__id__":4},"_components":[{"__type__":"cc.Label","node":{"__id__":9},"_materials":[{"__uuid__":"ecpdLyjvZBwrvm+cedCcQy"}],"_useOriginalSize":false,"_string":"红包+500","_N$string":"红包+500","_fontSize":28,"_lineHeight":28,"_N$horizontalAlign":1,"_N$verticalAlign":1}],"_prefab":{"__type__":"cc.PrefabInfo","root":{"__id__":1},"asset":{"__uuid__":"64i3J91sVPKISagVcDniWU"},"fileId":"c3RqU23QJMV6cLpCFzGa3r"},"_color":{"__type__":"cc.Color","r":104,"g":37,"b":14},"_contentSize":{"__type__":"cc.Size","width":119.07,"height":35.28},"_trs":{"__type__":"TypedArray","ctor":"Float64Array","array":[-242,-42,0,0,0,-0.7716245833877199,-0.6360782202777641,1,1,1]},"_eulerAngles":{"__type__":"cc.Vec3","z":-259}},{"__type__":"cc.Node","_name":"lab_desc3","_parent":{"__id__":4},"_components":[{"__type__":"cc.Sprite","node":{"__id__":10},"_materials":[{"__uuid__":"ecpdLyjvZBwrvm+cedCcQy"}],"_spriteFrame":{"__uuid__":"d7yO+rwDtPepaDOkmOet3q"},"_sizeMode":0}],"_prefab":{"__type__":"cc.PrefabInfo","root":{"__id__":1},"asset":{"__uuid__":"64i3J91sVPKISagVcDniWU"},"fileId":"33OZAXpBFKFpFnWFRC/lyS"},"_contentSize":{"__type__":"cc.Size","width":50,"height":50},"_trs":{"__type__":"TypedArray","ctor":"Float64Array","array":[-135,-24,0,0,0,-0.760405965600031,-0.6494480483301835,1.5,1.5,1]},"_eulerAngles":{"__type__":"cc.Vec3","z":-261}},{"__type__":"cc.Node","_name":"pic_zhizhen","_parent":{"__id__":3},"_components":[{"__type__":"cc.Sprite","node":{"__id__":11},"_materials":[{"__uuid__":"ecpdLyjvZBwrvm+cedCcQy"}],"_spriteFrame":{"__uuid__":"029lqZFdVJbau6wcIPLyv5"}}],"_prefab":{"__type__":"cc.PrefabInfo","root":{"__id__":1},"asset":{"__uuid__":"64i3J91sVPKISagVcDniWU"},"fileId":"absVYHXIVNdIbT2rS5ZnOF"},"_contentSize":{"__type__":"cc.Size","width":116,"height":164},"_trs":{"__type__":"TypedArray","ctor":"Float64Array","array":[1,41,0,0,0,0,1,1,1,1]}},{"__type__":"cc.Node","_name":"img_title","_parent":{"__id__":3},"_children":[{"__id__":13}],"_components":[{"__type__":"cc.Sprite","node":{"__id__":12},"_materials":[{"__uuid__":"ecpdLyjvZBwrvm+cedCcQy"}],"_spriteFrame":{"__uuid__":"cdEvF//9tDQ7A6VuL1Xfzj"},"_sizeMode":0}],"_prefab":{"__type__":"cc.PrefabInfo","root":{"__id__":1},"asset":{"__uuid__":"64i3J91sVPKISagVcDniWU"},"fileId":"7dQ+AnqjtHJbK0FweBLrhj"},"_contentSize":{"__type__":"cc.Size","width":309.3,"height":110},"_trs":{"__type__":"TypedArray","ctor":"Float64Array","array":[2,375.9,0,0,0,0,1,1,1,1]}},{"__type__":"cc.Node","_name":"font_title","_parent":{"__id__":12},"_components":[{"__type__":"41ebaVoPpRA4Kp67XEdHfZn","node":{"__id__":13},"_materials":[{"__uuid__":"ecpdLyjvZBwrvm+cedCcQy"}],"_string":"幸运大转盘","_N$string":"幸运大转盘","_fontSize":50,"_lineHeight":50},{"__type__":"cc.LabelOutline","node":{"__id__":13},"_color":{"__type__":"cc.Color","r":117,"g":59,"b":23},"_width":5}],"_prefab":{"__type__":"cc.PrefabInfo","root":{"__id__":1},"asset":{"__uuid__":"64i3J91sVPKISagVcDniWU"},"fileId":"06RWOjwf1PDYduJ9AS43nt"},"_contentSize":{"__type__":"cc.Size","width":260,"height":73},"_trs":{"__type__":"TypedArray","ctor":"Float64Array","array":[0,0,0,0,0,0,1,1,1,1]}},{"__type__":"cc.Node","_name":"pic_mask","_parent":{"__id__":3},"_children":[{"__id__":15},{"__id__":16}],"_components":[{"__type__":"cc.Sprite","node":{"__id__":14},"_materials":[{"__uuid__":"ecpdLyjvZBwrvm+cedCcQy"}],"_spriteFrame":{"__uuid__":"94pKnDahlEa67AyUld/xEP"},"_type":1,"_sizeMode":0}],"_prefab":{"__type__":"cc.PrefabInfo","root":{"__id__":1},"asset":{"__uuid__":"64i3J91sVPKISagVcDniWU"},"fileId":"8bOllVenVKcq9jCfPIcxu1"},"_contentSize":{"__type__":"cc.Size","width":340,"height":105},"_trs":{"__type__":"TypedArray","ctor":"Float64Array","array":[0,-351.691,0,0,0,0,1,1,1,1]}},{"__type__":"cc.Node","_name":"lab_info_zh","_parent":{"__id__":14},"_components":[{"__type__":"cc.Label","node":{"__id__":15},"_materials":[{"__uuid__":"ecpdLyjvZBwrvm+cedCcQy"}],"_useOriginalSize":false,"_string":"35级后，每升1级抽奖一次","_N$string":"35级后，每升1级抽奖一次","_fontSize":26,"_lineHeight":26,"_N$file":{"__uuid__":"farb0WbWZMgrGmuICOt0MU"},"_isSystemFontUsed":false,"_N$horizontalAlign":1,"_N$verticalAlign":1}],"_prefab":{"__type__":"cc.PrefabInfo","root":{"__id__":1},"asset":{"__uuid__":"64i3J91sVPKISagVcDniWU"},"fileId":"80Ky+WP/RPUbZKo3geiDzh"},"_contentSize":{"__type__":"cc.Size","width":301.74,"height":32.76},"_trs":{"__type__":"TypedArray","ctor":"Float64Array","array":[0,0,0,0,0,0,1,1,1,1]}},{"__type__":"cc.Node","_name":"lab_info_en","_parent":{"__id__":14},"_active":false,"_components":[{"__type__":"cc.Label","node":{"__id__":16},"_materials":[{"__uuid__":"ecpdLyjvZBwrvm+cedCcQy"}],"_useOriginalSize":false,"_string":"35-دەرىجىدىن كېيىن \n1 دەرىجە ئۆستۈرسىڭىز 1 قېتىم مۇكاپات تارتالايسىز ","_N$string":"35-دەرىجىدىن كېيىن \n1 دەرىجە ئۆستۈرسىڭىز 1 قېتىم مۇكاپات تارتالايسىز ","_fontSize":16,"_lineHeight":35,"_N$file":{"__uuid__":"farb0WbWZMgrGmuICOt0MU"},"_isSystemFontUsed":false,"_N$horizontalAlign":1,"_N$verticalAlign":1,"_N$overflow":1}],"_prefab":{"__type__":"cc.PrefabInfo","root":{"__id__":1},"asset":{"__uuid__":"64i3J91sVPKISagVcDniWU"},"fileId":"93GOShjaJGfpaFEaiPkIEo"},"_contentSize":{"__type__":"cc.Size","width":338,"height":93.76},"_trs":{"__type__":"TypedArray","ctor":"Float64Array","array":[0,0,0,0,0,0,1,1,1,1]}},{"__type__":"cc.Node","_name":"btn_kaishi","_parent":{"__id__":1},"_children":[{"__id__":18}],"_components":[{"__type__":"cc.Sprite","node":{"__id__":17},"_materials":[{"__uuid__":"ecpdLyjvZBwrvm+cedCcQy"}],"_spriteFrame":{"__uuid__":"31m6o8ff9Kf5rbYoqd2IHI"},"_sizeMode":0},{"__type__":"cc.Button","node":{"__id__":17},"_normalMaterial":{"__uuid__":"ecpdLyjvZBwrvm+cedCcQy"},"zoomScale":0.9,"_N$transition":3,"transition":3}],"_prefab":{"__type__":"cc.PrefabInfo","root":{"__id__":1},"asset":{"__uuid__":"64i3J91sVPKISagVcDniWU"},"fileId":"c7vKXIQ5pNQrqI+T9dj0QH"},"_contentSize":{"__type__":"cc.Size","width":250,"height":101},"_trs":{"__type__":"TypedArray","ctor":"Float64Array","array":[-1,-431,0,0,0,0,1,1,1,1]}},{"__type__":"cc.Node","_name":"font_kaishi","_parent":{"__id__":17},"_components":[{"__type__":"41ebaVoPpRA4Kp67XEdHfZn","node":{"__id__":18},"_materials":[{"__uuid__":"ecpdLyjvZBwrvm+cedCcQy"}],"_string":"开始","_N$string":"开始","_N$horizontalAlign":1,"_N$verticalAlign":1},{"__type__":"cc.LabelOutline","node":{"__id__":18},"_color":{"__type__":"cc.Color"},"_width":2}],"_prefab":{"__type__":"cc.PrefabInfo","root":{"__id__":1},"asset":{"__uuid__":"64i3J91sVPKISagVcDniWU"},"fileId":"85E8A5xfpAPpOaGARs8PF0"},"_contentSize":{"__type__":"cc.Size","width":84,"height":54.4},"_trs":{"__type__":"TypedArray","ctor":"Float64Array","array":[0,0,0,0,0,0,1,1,1,1]}},{"__type__":"cc.Node","_name":"ic_guanbi","_parent":{"__id__":1},"_components":[{"__type__":"cc.Sprite","node":{"__id__":19},"_materials":[{"__uuid__":"ecpdLyjvZBwrvm+cedCcQy"}],"_spriteFrame":{"__uuid__":"9024VapyNB2rlxXqeMBRNH"}},{"__type__":"cc.Button","node":{"__id__":19},"_normalMaterial":{"__uuid__":"ecpdLyjvZBwrvm+cedCcQy"},"duration":0,"zoomScale":0.9,"_N$transition":3,"transition":3}],"_prefab":{"__type__":"cc.PrefabInfo","root":{"__id__":1},"asset":{"__uuid__":"64i3J91sVPKISagVcDniWU"},"fileId":"2fbETlpuBJpp2jVSKijrYP"},"_contentSize":{"__type__":"cc.Size","width":76,"height":76},"_trs":{"__type__":"TypedArray","ctor":"Float64Array","array":[298,397,0,0,0,0,1,1,1,1]}}],{"__type__":"cc.SpriteFrame","content":{"name":"ic_guanbi","texture":"02krqH8i1AdZB/lC2WegR2","rect":[837,457,76,76],"offset":[0,0],"originalSize":[76,76],"capInsets":[0,0,0,0]}},{"__type__":"cc.SpriteFrame","content":{"name":"pic_mask","texture":"70uZhxIuNEn4cyfrG7FT01","rect":[606,244,112,120],"offset":[0,0],"originalSize":[112,120],"capInsets":[20,20,20,20]}},{"__type__":"cc.SpriteFrame","content":{"name":"default_sprite_splash","texture":"02delMVqdBD70a/HSD99FK","rect":[0,0,2,2],"offset":[0,0],"originalSize":[2,2],"capInsets":[0,0,0,0]}},{"__type__":"cc.SpriteFrame","content":{"name":"img_title","texture":"36otX/aM1E4Zo+o68pRLtJ","rect":[1,1,304,110],"offset":[0,0],"originalSize":[304,110],"capInsets":[0,0,0,0]}},{"__type__":"cc.SpriteFrame","content":{"name":"ic_hongbao","texture":"02krqH8i1AdZB/lC2WegR2","rect":[877,53,50,50],"offset":[0,0],"originalSize":[50,50],"capInsets":[0,0,0,0]}}]