[1,["fd1EcjvqFAJ7KwuhVW2gZO@6c48a","a7YStUNeNCOKGpSntUY1g5"],["mainTexture","_effectAsset"],[["cc.Material",["_name","_states","_defines","_props"],0,12]],[[0,0,1,2,3,4]],[[0,"mat_huntingground-2",[{"rasterizerState":{},"depthStencilState":{},"blendState":{"targets":[{}]}},{"rasterizerState":{},"depthStencilState":{},"blendState":{"targets":[{}]}},{"rasterizerState":{},"depthStencilState":{},"blendState":{"targets":[{}]}},{"rasterizerState":{},"depthStencilState":{},"blendState":{"targets":[{}]}}],[{},{"USE_BASE_COLOR_MAP":true,"BASE_COLOR_MAP_AS_SHADE_MAP_1":true,"BASE_COLOR_MAP_AS_SHADE_MAP_2":true},{},{}],[[{"lineWidth":30},[{"baseFeather":0.5,"shadeStep":0.61},"mainColor",8,[4,4293058227],"shadeColor1",8,[4,4294177779],"shadeColor2",8,[4,4285032560],"specular",8,[4,16777215],"mainTexture",6,0],{},{}],0,11,0,0]]],0,0,[0,0],[0,1],[0,1]]
