[{"__type__":"cc.SpriteFrame","content":{"name":"pic_mr_jdt 2","texture":"e5jx8XsWZNqKBAiaZQGoFe","rect":[0,0,42,30],"offset":[0,0],"originalSize":[42,30],"capInsets":[6,5,6,5]}},{"__type__":"cc.SpriteFrame","content":{"name":"pic_mr_xx10","texture":"43vW4bPZhCGI9KqsgcgDcQ","rect":[0,0,50,48],"offset":[0,0],"originalSize":[50,48]}},{"__type__":"cc.SpriteFrame","content":{"name":"pic_mr_dt","texture":"63V5ZySBVHoIKjCGXM/yum","rect":[0,0,75,75],"offset":[0,0],"originalSize":[75,75]}},{"__type__":"cc.SpriteFrame","content":{"name":"cm_tk","texture":"1acJPSbSJBTIJnjhLGat7s","rect":[0,0,676,994],"offset":[0,0],"originalSize":[676,994]}},{"__type__":"cc.SpriteFrame","content":{"name":"crown","texture":"4drgXqQPdKYYo7TGoHek7d","rect":[0,0,60,48],"offset":[0,0],"originalSize":[60,48]}},{"__type__":"cc.SpriteFrame","content":{"name":"btn3","texture":"0dEKtVsvVIXZeJ8lXA/XYV","rect":[0,0,256,83],"offset":[0,0],"originalSize":[256,83]}},{"__type__":"cc.SpriteFrame","content":{"name":"pic_mr_jdt","texture":"39ICmsEFZPMo5whodtzxFd","rect":[0,0,46,35],"offset":[0,0],"originalSize":[46,35],"capInsets":[6,7,8,7]}},{"__type__":"cc.SpriteFrame","content":{"name":"pic_mr_xx31","texture":"17ib/xZqVH36fZg3dpPTaj","rect":[0,0,50,48],"offset":[0,0],"originalSize":[50,48]}},{"__type__":"cc.SpriteFrame","content":{"name":"close","texture":"30Mb1h1W5B5Yy6QdHcaz4z","rect":[0,0,43,44],"offset":[0,0],"originalSize":[43,44]}},{"__type__":"cc.SpriteFrame","content":{"name":"pic_mr_xx20","texture":"ffop0LlxJMS7GGFsmGE06w","rect":[0,0,50,47],"offset":[0,0],"originalSize":[50,47]}},{"__type__":"cc.SpriteFrame","content":{"name":"default_sprite_splash","texture":"02delMVqdBD70a/HSD99FK","rect":[0,0,2,2],"offset":[0,0],"originalSize":[2,2]}},{"__type__":"cc.SpriteFrame","content":{"name":"pic_cm_xx","texture":"34eY6+xYBEeaxgQz3NmDJ1","rect":[0,0,30,29],"offset":[0,0],"originalSize":[30,29]}},[{"__type__":"cc.Prefab","_name":"SignNode","data":{"__id__":1},"asyncLoadAssets":null},{"__type__":"cc.Node","_name":"SignNode","_children":[{"__id__":2},{"__id__":3}],"_components":[{"__type__":"cc.Widget","node":{"__id__":1},"_alignFlags":45,"_originalWidth":750,"_originalHeight":1334},{"__type__":"085c7HFFw5GNpNfTZrPSZPq","node":{"__id__":1}}],"_prefab":{"__type__":"cc.PrefabInfo","root":{"__id__":1},"asset":{"__uuid__":"bev3BW0sNK3IhBUVi7WJEE"},"fileId":"8eWFe0kkdBC7nqKxcJRpDj"},"_contentSize":{"__type__":"cc.Size","width":750,"height":1334},"_position":{"__type__":"cc.Vec2","x":375,"y":667}},{"__type__":"cc.Node","_name":"bg","_parent":{"__id__":1},"_components":[{"__type__":"cc.Sprite","node":{"__id__":2},"_spriteFrame":{"__uuid__":"a2MjXRFdtLlYQ5ouAFv/+R"},"_sizeMode":0},{"__type__":"cc.Widget","node":{"__id__":2},"_alignFlags":45,"_originalWidth":750,"_originalHeight":1334},{"__type__":"cc.Button","node":{"__id__":2}}],"_prefab":{"__type__":"cc.PrefabInfo","root":{"__id__":1},"asset":{"__uuid__":"bev3BW0sNK3IhBUVi7WJEE"},"fileId":"b8y97HNDNIV523Fp+sozlA"},"_opacity":180,"_color":{"__type__":"cc.Color"},"_contentSize":{"__type__":"cc.Size","width":750,"height":1334}},{"__type__":"cc.Node","_name":"content","_parent":{"__id__":1},"_children":[{"__id__":4},{"__id__":5},{"__id__":14},{"__id__":25},{"__id__":26},{"__id__":50}],"_components":[{"__type__":"cc.Button","node":{"__id__":3}},{"__type__":"cc.Sprite","node":{"__id__":3},"_spriteFrame":{"__uuid__":"3dZtmJDvNMC5KbnbGJKFf+"}}],"_prefab":{"__type__":"cc.PrefabInfo","root":{"__id__":1},"asset":{"__uuid__":"bev3BW0sNK3IhBUVi7WJEE"},"fileId":"ebR2v28sVPNZKyFRkzKN4z"},"_contentSize":{"__type__":"cc.Size","width":676,"height":994}},{"__type__":"cc.Node","_name":"title","_parent":{"__id__":3},"_components":[{"__type__":"cc.Label","node":{"__id__":4},"_useOriginalSize":false,"_fontSize":48,"_lineHeight":56,"_N$string":"每日","_N$horizontalAlign":1,"_N$verticalAlign":1}],"_prefab":{"__type__":"cc.PrefabInfo","root":{"__id__":1},"asset":{"__uuid__":"bev3BW0sNK3IhBUVi7WJEE"},"fileId":"d5e4DqNg5NJZ+gsRONAD0T"},"_contentSize":{"__type__":"cc.Size","width":96,"height":56},"_position":{"__type__":"cc.Vec2","y":454}},{"__type__":"cc.Node","_name":"bottombg","_parent":{"__id__":3},"_children":[{"__id__":6},{"__id__":8},{"__id__":9},{"__id__":10},{"__id__":11}],"_components":[{"__type__":"cc.Sprite","node":{"__id__":5},"_spriteFrame":{"__uuid__":"c14/hH0JpPUpNV08oVFdoU"},"_type":1,"_sizeMode":0}],"_prefab":{"__type__":"cc.PrefabInfo","root":{"__id__":1},"asset":{"__uuid__":"bev3BW0sNK3IhBUVi7WJEE"},"fileId":"cfo2ywYNJPnYGKfufssPja"},"_contentSize":{"__type__":"cc.Size","width":630,"height":240},"_position":{"__type__":"cc.Vec2","y":-349}},{"__type__":"cc.Node","_name":"startgamebtn","_parent":{"__id__":5},"_children":[{"__id__":7}],"_components":[{"__type__":"cc.Sprite","node":{"__id__":6},"_spriteFrame":{"__uuid__":"82yWuQ5x1OFJLZ/aatlo/R"}},{"__type__":"cc.Button","node":{"__id__":6},"transition":3,"zoomScale":0.8}],"_prefab":{"__type__":"cc.PrefabInfo","root":{"__id__":1},"asset":{"__uuid__":"bev3BW0sNK3IhBUVi7WJEE"},"fileId":"d1duEerxVNz4vaQRLq62pg"},"_contentSize":{"__type__":"cc.Size","width":256,"height":83},"_position":{"__type__":"cc.Vec2","x":1,"y":-29}},{"__type__":"cc.Node","_name":"label","_parent":{"__id__":6},"_components":[{"__type__":"cc.Label","node":{"__id__":7},"_useOriginalSize":false,"_lineHeight":50,"_N$string":"开始游戏","_N$horizontalAlign":1,"_N$verticalAlign":1}],"_prefab":{"__type__":"cc.PrefabInfo","root":{"__id__":1},"asset":{"__uuid__":"bev3BW0sNK3IhBUVi7WJEE"},"fileId":"ceeCjXvyNHC7vYYyZK0mJD"},"_contentSize":{"__type__":"cc.Size","width":160,"height":50},"_position":{"__type__":"cc.Vec2","x":-2.5,"y":1.8}},{"__type__":"cc.Node","_name":"stateicon","_parent":{"__id__":5},"_components":[{"__type__":"cc.Sprite","node":{"__id__":8},"_spriteFrame":{"__uuid__":"57y3//MDJFkriB3NK+EgN2"},"_sizeMode":0}],"_prefab":{"__type__":"cc.PrefabInfo","root":{"__id__":1},"asset":{"__uuid__":"bev3BW0sNK3IhBUVi7WJEE"},"fileId":"a3PoOiQlZPH5WzAPPn3ZGf"},"_contentSize":{"__type__":"cc.Size","width":43.2,"height":32},"_position":{"__type__":"cc.Vec2","x":-38.5,"y":-95.8}},{"__type__":"cc.Node","_name":"statelabel","_parent":{"__id__":5},"_components":[{"__type__":"cc.Label","node":{"__id__":9},"_useOriginalSize":false,"_fontSize":24,"_lineHeight":32,"_N$string":"未解开","_N$horizontalAlign":1,"_N$verticalAlign":1}],"_prefab":{"__type__":"cc.PrefabInfo","root":{"__id__":1},"asset":{"__uuid__":"bev3BW0sNK3IhBUVi7WJEE"},"fileId":"313XUAXm5Pj4i27WiEU4EA"},"_anchorPoint":{"__type__":"cc.Vec2","y":0.5},"_contentSize":{"__type__":"cc.Size","width":72,"height":32},"_position":{"__type__":"cc.Vec2","x":-13.899999999999999,"y":-98.3}},{"__type__":"cc.Node","_name":"datelabel","_parent":{"__id__":5},"_components":[{"__type__":"cc.Label","node":{"__id__":10},"_useOriginalSize":false,"_fontSize":28,"_N$string":"07/27/2019","_N$horizontalAlign":1,"_N$verticalAlign":1}],"_prefab":{"__type__":"cc.PrefabInfo","root":{"__id__":1},"asset":{"__uuid__":"bev3BW0sNK3IhBUVi7WJEE"},"fileId":"bcMHrpElRKyqwQnddp6hqX"},"_anchorPoint":{"__type__":"cc.Vec2","y":0.5},"_contentSize":{"__type__":"cc.Size","width":140.14,"height":40},"_position":{"__type__":"cc.Vec2","x":-312,"y":138}},{"__type__":"cc.Node","_name":"htLayout","_parent":{"__id__":5},"_children":[{"__id__":12},{"__id__":13}],"_components":[{"__type__":"cc.Layout","node":{"__id__":11},"_layoutSize":{"__type__":"cc.Size","width":188.13,"height":50},"_resize":1,"_N$layoutType":1}],"_prefab":{"__type__":"cc.PrefabInfo","root":{"__id__":1},"asset":{"__uuid__":"bev3BW0sNK3IhBUVi7WJEE"},"fileId":"ff3qVk7MVN5J03egpjdQkL"},"_anchorPoint":{"__type__":"cc.Vec2","x":1,"y":0.5},"_contentSize":{"__type__":"cc.Size","width":188.13,"height":50},"_position":{"__type__":"cc.Vec2","x":310,"y":146}},{"__type__":"cc.Node","_name":"ht_icon","_parent":{"__id__":11},"_components":[{"__type__":"cc.Sprite","node":{"__id__":12},"_spriteFrame":{"__uuid__":"57y3//MDJFkriB3NK+EgN2"},"_sizeMode":0}],"_prefab":{"__type__":"cc.PrefabInfo","root":{"__id__":1},"asset":{"__uuid__":"bev3BW0sNK3IhBUVi7WJEE"},"fileId":"8ctmVCIYxC47TLNNx5Mefh"},"_contentSize":{"__type__":"cc.Size","width":45,"height":30},"_position":{"__type__":"cc.Vec2","x":-165.63,"y":-2}},{"__type__":"cc.Node","_name":"ht_num","_parent":{"__id__":11},"_components":[{"__type__":"cc.Label","node":{"__id__":13},"_useOriginalSize":false,"_fontSize":28,"_N$string":"历史累计: 0","_N$horizontalAlign":1,"_N$verticalAlign":1}],"_prefab":{"__type__":"cc.PrefabInfo","root":{"__id__":1},"asset":{"__uuid__":"bev3BW0sNK3IhBUVi7WJEE"},"fileId":"e3drONmyZJbbWNGCHaSgoP"},"_anchorPoint":{"__type__":"cc.Vec2","y":0.5},"_contentSize":{"__type__":"cc.Size","width":143.13,"height":40},"_position":{"__type__":"cc.Vec2","x":-143.13,"y":-3}},{"__type__":"cc.Node","_name":"progressnode","_parent":{"__id__":3},"_children":[{"__id__":15},{"__id__":18},{"__id__":19},{"__id__":20},{"__id__":21},{"__id__":22},{"__id__":23},{"__id__":24}],"_prefab":{"__type__":"cc.PrefabInfo","root":{"__id__":1},"asset":{"__uuid__":"bev3BW0sNK3IhBUVi7WJEE"},"fileId":"27nfnBGaBBvajXNZlYZv5e"},"_contentSize":{"__type__":"cc.Size","width":471,"height":35},"_position":{"__type__":"cc.Vec2","x":12.5,"y":-299}},{"__type__":"cc.Node","_name":"progress","_parent":{"__id__":14},"_children":[{"__id__":16}],"_components":[{"__type__":"cc.Sprite","node":{"__id__":15},"_spriteFrame":{"__uuid__":"831IvN3GhKUoWYCe7vO7QY"},"_type":1,"_sizeMode":0},{"__type__":"cc.ProgressBar","node":{"__id__":15},"_N$totalLength":470,"_N$barSprite":{"__id__":17},"_N$progress":0.1}],"_prefab":{"__type__":"cc.PrefabInfo","root":{"__id__":1},"asset":{"__uuid__":"bev3BW0sNK3IhBUVi7WJEE"},"fileId":"c42De8qKJNLIxE4hNLW36D"},"_contentSize":{"__type__":"cc.Size","width":470,"height":35}},{"__type__":"cc.Node","_name":"bar","_parent":{"__id__":15},"_components":[{"__id__":17}],"_prefab":{"__type__":"cc.PrefabInfo","root":{"__id__":1},"asset":{"__uuid__":"bev3BW0sNK3IhBUVi7WJEE"},"fileId":"70zfAfZmNLlZA/Wmiy6NCq"},"_anchorPoint":{"__type__":"cc.Vec2","y":0.5},"_contentSize":{"__type__":"cc.Size","width":47,"height":28},"_position":{"__type__":"cc.Vec2","x":-235}},{"__type__":"cc.Sprite","node":{"__id__":16},"_spriteFrame":{"__uuid__":"16boRV0O5MV4yMunUNCVZd"},"_type":1,"_sizeMode":0},{"__type__":"cc.Node","_name":"ht_icon","_parent":{"__id__":14},"_components":[{"__type__":"cc.Sprite","node":{"__id__":18},"_spriteFrame":{"__uuid__":"57y3//MDJFkriB3NK+EgN2"}}],"_prefab":{"__type__":"cc.PrefabInfo","root":{"__id__":1},"asset":{"__uuid__":"bev3BW0sNK3IhBUVi7WJEE"},"fileId":"32of5rnIlGIazcjJA0DrH2"},"_contentSize":{"__type__":"cc.Size","width":60,"height":48},"_position":{"__type__":"cc.Vec2","x":-274,"y":2.2}},{"__type__":"cc.Node","_name":"star","_parent":{"__id__":14},"_components":[{"__type__":"cc.Sprite","node":{"__id__":19},"_spriteFrame":{"__uuid__":"2eaZIpT99IopYX4KaQiUK6"},"_sizeMode":2}],"_prefab":{"__type__":"cc.PrefabInfo","root":{"__id__":1},"asset":{"__uuid__":"bev3BW0sNK3IhBUVi7WJEE"},"fileId":"ef1H9F8MhAgquxs4AuNv93"},"_contentSize":{"__type__":"cc.Size","width":50,"height":48},"_position":{"__type__":"cc.Vec2","x":-82.9,"y":2}},{"__type__":"cc.Node","_name":"star","_parent":{"__id__":14},"_components":[{"__type__":"cc.Sprite","node":{"__id__":20},"_spriteFrame":{"__uuid__":"95rYS9sOBOgYcZ5a7xbe2+"}}],"_prefab":{"__type__":"cc.PrefabInfo","root":{"__id__":1},"asset":{"__uuid__":"bev3BW0sNK3IhBUVi7WJEE"},"fileId":"6bkmmxfgxH94bhPv6cFfuc"},"_color":{"__type__":"cc.Color","r":252,"g":252,"b":252},"_contentSize":{"__type__":"cc.Size","width":50,"height":47},"_position":{"__type__":"cc.Vec2","x":71.6,"y":2}},{"__type__":"cc.Node","_name":"star","_parent":{"__id__":14},"_components":[{"__type__":"cc.Sprite","node":{"__id__":21},"_spriteFrame":{"__uuid__":"87St9Y4H1GSbsjOG2iK7Pb"}}],"_prefab":{"__type__":"cc.PrefabInfo","root":{"__id__":1},"asset":{"__uuid__":"bev3BW0sNK3IhBUVi7WJEE"},"fileId":"94Hh/ueQdCx5TiHjmrerPd"},"_contentSize":{"__type__":"cc.Size","width":50,"height":48},"_position":{"__type__":"cc.Vec2","x":223.8,"y":2}},{"__type__":"cc.Node","_name":"day1","_parent":{"__id__":14},"_components":[{"__type__":"cc.Label","node":{"__id__":22},"_useOriginalSize":false,"_fontSize":36,"_N$string":"10","_N$horizontalAlign":1,"_N$verticalAlign":1}],"_prefab":{"__type__":"cc.PrefabInfo","root":{"__id__":1},"asset":{"__uuid__":"bev3BW0sNK3IhBUVi7WJEE"},"fileId":"64KkUGv0BBXa2++w5Ion2M"},"_contentSize":{"__type__":"cc.Size","width":40.04,"height":40},"_position":{"__type__":"cc.Vec2","x":-82.6,"y":36}},{"__type__":"cc.Node","_name":"day2","_parent":{"__id__":14},"_components":[{"__type__":"cc.Label","node":{"__id__":23},"_useOriginalSize":false,"_fontSize":36,"_N$string":"20","_N$horizontalAlign":1,"_N$verticalAlign":1}],"_prefab":{"__type__":"cc.PrefabInfo","root":{"__id__":1},"asset":{"__uuid__":"bev3BW0sNK3IhBUVi7WJEE"},"fileId":"a1h2m7se1KdbydFbvtZI+L"},"_contentSize":{"__type__":"cc.Size","width":40.04,"height":40},"_position":{"__type__":"cc.Vec2","x":67.6,"y":36}},{"__type__":"cc.Node","_name":"day3","_parent":{"__id__":14},"_components":[{"__type__":"cc.Label","node":{"__id__":24},"_useOriginalSize":false,"_fontSize":36,"_N$string":"31","_N$horizontalAlign":1,"_N$verticalAlign":1}],"_prefab":{"__type__":"cc.PrefabInfo","root":{"__id__":1},"asset":{"__uuid__":"bev3BW0sNK3IhBUVi7WJEE"},"fileId":"c3OTgLEtxK5ouM1GU0ZtcD"},"_contentSize":{"__type__":"cc.Size","width":40.04,"height":40},"_position":{"__type__":"cc.Vec2","x":223.4,"y":36}},{"__type__":"cc.Node","_name":"pic_mr_xt","_parent":{"__id__":3},"_components":[{"__type__":"cc.Sprite","node":{"__id__":25},"_spriteFrame":{"__uuid__":"c9ECHOcLhIZpQDlC1xCG6D"}}],"_prefab":{"__type__":"cc.PrefabInfo","root":{"__id__":1},"asset":{"__uuid__":"bev3BW0sNK3IhBUVi7WJEE"},"fileId":"0aKX3DAVtOV6h7OHuCoKx3"},"_contentSize":{"__type__":"cc.Size","width":571,"height":3},"_position":{"__type__":"cc.Vec2","y":342}},{"__type__":"cc.Node","_name":"calendar","_parent":{"__id__":3},"_children":[{"__id__":27},{"__id__":34},{"__id__":42}],"_prefab":{"__type__":"cc.PrefabInfo","root":{"__id__":1},"asset":{"__uuid__":"bev3BW0sNK3IhBUVi7WJEE"},"fileId":"f3AE9YcsZB/6V2HGHKX02d"},"_contentSize":{"__type__":"cc.Size","width":560,"height":405},"_position":{"__type__":"cc.Vec2","x":6,"y":205}},{"__type__":"cc.Node","_name":"data","_parent":{"__id__":26},"_children":[{"__id__":28},{"__id__":29},{"__id__":31},{"__id__":33}],"_prefab":{"__type__":"cc.PrefabInfo","root":{"__id__":1},"asset":{"__uuid__":"bev3BW0sNK3IhBUVi7WJEE"},"fileId":"84A8k6t6BCPq5MSkNEPfLr"},"_color":{"__type__":"cc.Color","r":138,"g":71,"b":71},"_contentSize":{"__type__":"cc.Size","width":400,"height":60},"_position":{"__type__":"cc.Vec2","x":1,"y":172.5}},{"__type__":"cc.Node","_name":"star","_parent":{"__id__":27},"_components":[{"__type__":"cc.Sprite","node":{"__id__":28},"_spriteFrame":{"__uuid__":"bcrjW+QwFIGbet1kg/Q28p"}}],"_prefab":{"__type__":"cc.PrefabInfo","root":{"__id__":1},"asset":{"__uuid__":"bev3BW0sNK3IhBUVi7WJEE"},"fileId":"ecQKafUZpLo74dUdr5ckd9"},"_contentSize":{"__type__":"cc.Size","width":30,"height":29},"_position":{"__type__":"cc.Vec2","x":-63}},{"__type__":"cc.Node","_name":"forwardbtn","_parent":{"__id__":27},"_children":[{"__id__":30}],"_components":[{"__type__":"cc.Button","node":{"__id__":29}}],"_prefab":{"__type__":"cc.PrefabInfo","root":{"__id__":1},"asset":{"__uuid__":"bev3BW0sNK3IhBUVi7WJEE"},"fileId":"45an8JRdJLe4rX5lXa/IN2"},"_contentSize":{"__type__":"cc.Size","width":75,"height":75},"_position":{"__type__":"cc.Vec2","x":97}},{"__type__":"cc.Node","_name":"forward","_parent":{"__id__":29},"_components":[{"__type__":"cc.Sprite","node":{"__id__":30},"_spriteFrame":{"__uuid__":"c3LIoT2NlPQ6AZx24MN3bg"}}],"_prefab":{"__type__":"cc.PrefabInfo","root":{"__id__":1},"asset":{"__uuid__":"bev3BW0sNK3IhBUVi7WJEE"},"fileId":"4eo+2LUytB84e2ESoWZ1TN"},"_contentSize":{"__type__":"cc.Size","width":30,"height":41}},{"__type__":"cc.Node","_name":"backwardbtn","_parent":{"__id__":27},"_children":[{"__id__":32}],"_components":[{"__type__":"cc.Button","node":{"__id__":31}}],"_prefab":{"__type__":"cc.PrefabInfo","root":{"__id__":1},"asset":{"__uuid__":"bev3BW0sNK3IhBUVi7WJEE"},"fileId":"57BoUT4HVPabolznm5IWzK"},"_contentSize":{"__type__":"cc.Size","width":75,"height":75},"_position":{"__type__":"cc.Vec2","x":-130}},{"__type__":"cc.Node","_name":"backward","_parent":{"__id__":31},"_components":[{"__type__":"cc.Sprite","node":{"__id__":32},"_spriteFrame":{"__uuid__":"c3LIoT2NlPQ6AZx24MN3bg"}}],"_prefab":{"__type__":"cc.PrefabInfo","root":{"__id__":1},"asset":{"__uuid__":"bev3BW0sNK3IhBUVi7WJEE"},"fileId":"7cDG5SD69C5YlbSB3xNjRP"},"_contentSize":{"__type__":"cc.Size","width":30,"height":41}},{"__type__":"cc.Node","_name":"month","_parent":{"__id__":27},"_components":[{"__type__":"cc.Label","node":{"__id__":33},"_useOriginalSize":false,"_fontSize":38,"_lineHeight":42,"_N$string":"8月","_N$horizontalAlign":1,"_N$verticalAlign":1}],"_prefab":{"__type__":"cc.PrefabInfo","root":{"__id__":1},"asset":{"__uuid__":"bev3BW0sNK3IhBUVi7WJEE"},"fileId":"d6k2xzDEhCTYHcknukbsmB"},"_contentSize":{"__type__":"cc.Size","width":59.13,"height":42}},{"__type__":"cc.Node","_name":"xqtitle","_parent":{"__id__":26},"_children":[{"__id__":35},{"__id__":36},{"__id__":37},{"__id__":38},{"__id__":39},{"__id__":40},{"__id__":41}],"_components":[{"__type__":"cc.Layout","node":{"__id__":34},"_layoutSize":{"__type__":"cc.Size","width":613.22,"height":60},"_resize":1,"_N$layoutType":1,"_N$spacingX":10}],"_prefab":{"__type__":"cc.PrefabInfo","root":{"__id__":1},"asset":{"__uuid__":"bev3BW0sNK3IhBUVi7WJEE"},"fileId":"1cDi+iObBAbZ7CnLzUJboU"},"_contentSize":{"__type__":"cc.Size","width":613.22,"height":60},"_position":{"__type__":"cc.Vec2","x":-0.9,"y":97.5}},{"__type__":"cc.Node","_name":"item7","_parent":{"__id__":34},"_components":[{"__type__":"cc.Label","node":{"__id__":35},"_useOriginalSize":false,"_fontSize":26,"_lineHeight":30,"_N$string":"星期日","_N$horizontalAlign":1,"_N$verticalAlign":1,"_N$overflow":2}],"_prefab":{"__type__":"cc.PrefabInfo","root":{"__id__":1},"asset":{"__uuid__":"bev3BW0sNK3IhBUVi7WJEE"},"fileId":"c0LaUoa+ZHd4yH5z2bRJml"},"_contentSize":{"__type__":"cc.Size","width":78,"height":30},"_position":{"__type__":"cc.Vec2","x":-267.61}},{"__type__":"cc.Node","_name":"item1","_parent":{"__id__":34},"_components":[{"__type__":"cc.Label","node":{"__id__":36},"_useOriginalSize":false,"_fontSize":26,"_lineHeight":30,"_N$string":"星期一","_N$horizontalAlign":1,"_N$verticalAlign":1,"_N$overflow":2}],"_prefab":{"__type__":"cc.PrefabInfo","root":{"__id__":1},"asset":{"__uuid__":"bev3BW0sNK3IhBUVi7WJEE"},"fileId":"93s52bOhpFl6NpBWFkoDXm"},"_contentSize":{"__type__":"cc.Size","width":78,"height":30},"_position":{"__type__":"cc.Vec2","x":-179.61}},{"__type__":"cc.Node","_name":"item2","_parent":{"__id__":34},"_components":[{"__type__":"cc.Label","node":{"__id__":37},"_useOriginalSize":false,"_fontSize":26,"_lineHeight":30,"_N$string":"星期二","_N$horizontalAlign":1,"_N$verticalAlign":1,"_N$overflow":2}],"_prefab":{"__type__":"cc.PrefabInfo","root":{"__id__":1},"asset":{"__uuid__":"bev3BW0sNK3IhBUVi7WJEE"},"fileId":"97B20yVDdEAqwmSTNKr1uL"},"_contentSize":{"__type__":"cc.Size","width":78,"height":30},"_position":{"__type__":"cc.Vec2","x":-91.61000000000001}},{"__type__":"cc.Node","_name":"item3","_parent":{"__id__":34},"_components":[{"__type__":"cc.Label","node":{"__id__":38},"_useOriginalSize":false,"_fontSize":26,"_lineHeight":30,"_N$string":"星期三","_N$horizontalAlign":1,"_N$verticalAlign":1,"_N$overflow":2}],"_prefab":{"__type__":"cc.PrefabInfo","root":{"__id__":1},"asset":{"__uuid__":"bev3BW0sNK3IhBUVi7WJEE"},"fileId":"477SeW/iJGhr1I+HNzHs1l"},"_contentSize":{"__type__":"cc.Size","width":78,"height":30},"_position":{"__type__":"cc.Vec2","x":-3.6100000000000136}},{"__type__":"cc.Node","_name":"item4","_parent":{"__id__":34},"_components":[{"__type__":"cc.Label","node":{"__id__":39},"_useOriginalSize":false,"_fontSize":26,"_lineHeight":30,"_N$string":"星期四","_N$horizontalAlign":1,"_N$verticalAlign":1,"_N$overflow":2}],"_prefab":{"__type__":"cc.PrefabInfo","root":{"__id__":1},"asset":{"__uuid__":"bev3BW0sNK3IhBUVi7WJEE"},"fileId":"77E6lyW9lMN4ZxXbrYaXGS"},"_contentSize":{"__type__":"cc.Size","width":78,"height":30},"_position":{"__type__":"cc.Vec2","x":84.38999999999999}},{"__type__":"cc.Node","_name":"item5","_parent":{"__id__":34},"_components":[{"__type__":"cc.Label","node":{"__id__":40},"_useOriginalSize":false,"_fontSize":26,"_lineHeight":30,"_N$string":"星期五 ","_N$horizontalAlign":1,"_N$verticalAlign":1,"_N$overflow":2}],"_prefab":{"__type__":"cc.PrefabInfo","root":{"__id__":1},"asset":{"__uuid__":"bev3BW0sNK3IhBUVi7WJEE"},"fileId":"c1Uh1nlslAEJpH46FwBug7"},"_contentSize":{"__type__":"cc.Size","width":85.22,"height":30},"_position":{"__type__":"cc.Vec2","x":176}},{"__type__":"cc.Node","_name":"item6","_parent":{"__id__":34},"_components":[{"__type__":"cc.Label","node":{"__id__":41},"_useOriginalSize":false,"_fontSize":26,"_lineHeight":30,"_N$string":"星期六","_N$horizontalAlign":1,"_N$verticalAlign":1,"_N$overflow":2}],"_prefab":{"__type__":"cc.PrefabInfo","root":{"__id__":1},"asset":{"__uuid__":"bev3BW0sNK3IhBUVi7WJEE"},"fileId":"9fMhe2EJtHQqOYztf/JkuF"},"_contentSize":{"__type__":"cc.Size","width":78,"height":30},"_position":{"__type__":"cc.Vec2","x":267.61}},{"__type__":"cc.Node","_name":"listview","_parent":{"__id__":26},"_children":[{"__id__":43}],"_components":[{"__type__":"cc.ScrollView","node":{"__id__":42},"content":{"__id__":44},"horizontal":false,"brake":0.75,"elastic":false,"bounceDuration":0.23,"_N$horizontalScrollBar":null,"_N$verticalScrollBar":null}],"_prefab":{"__type__":"cc.PrefabInfo","root":{"__id__":1},"asset":{"__uuid__":"bev3BW0sNK3IhBUVi7WJEE"},"fileId":"7cDm8pYpJOLqKlW1UTV4dk"},"_anchorPoint":{"__type__":"cc.Vec2","x":0.5,"y":1},"_contentSize":{"__type__":"cc.Size","width":630,"height":440},"_position":{"__type__":"cc.Vec2","y":84.2}},{"__type__":"cc.Node","_name":"view","_parent":{"__id__":42},"_children":[{"__id__":44}],"_components":[{"__type__":"cc.Mask","node":{"__id__":43},"_N$alphaThreshold":0}],"_prefab":{"__type__":"cc.PrefabInfo","root":{"__id__":1},"asset":{"__uuid__":"bev3BW0sNK3IhBUVi7WJEE"},"fileId":"e6NT+q8pVGXaHmlfqqLWPY"},"_anchorPoint":{"__type__":"cc.Vec2","x":0.5,"y":1},"_contentSize":{"__type__":"cc.Size","width":630,"height":700}},{"__type__":"cc.Node","_name":"content","_parent":{"__id__":43},"_children":[{"__id__":45}],"_components":[{"__type__":"cc.Layout","node":{"__id__":44},"_layoutSize":{"__type__":"cc.Size","width":630,"height":75},"_resize":1,"_N$layoutType":3,"_N$spacingX":16}],"_prefab":{"__type__":"cc.PrefabInfo","root":{"__id__":1},"asset":{"__uuid__":"bev3BW0sNK3IhBUVi7WJEE"},"fileId":"d6B11y7wtHx6igNGrE3m93"},"_anchorPoint":{"__type__":"cc.Vec2","x":0.5,"y":1},"_contentSize":{"__type__":"cc.Size","width":630,"height":75}},{"__type__":"cc.Node","_name":"item","_parent":{"__id__":44},"_children":[{"__id__":46},{"__id__":47},{"__id__":48},{"__id__":49}],"_components":[{"__type__":"cc.Button","node":{"__id__":45},"clickEvents":[{"__type__":"cc.ClickEvent","target":{"__id__":1},"handler":"onItemClick"}]}],"_prefab":{"__type__":"cc.PrefabInfo","root":{"__id__":1},"asset":{"__uuid__":"bev3BW0sNK3IhBUVi7WJEE"},"fileId":"4a63JnP4dDLLUbqZeoLeN1"},"_contentSize":{"__type__":"cc.Size","width":75,"height":75},"_position":{"__type__":"cc.Vec2","x":-277.5,"y":-37.5}},{"__type__":"cc.Node","_name":"icon1","_parent":{"__id__":45},"_active":false,"_components":[{"__type__":"cc.Sprite","node":{"__id__":46},"_spriteFrame":{"__uuid__":"f0Te3ZuopLA6b8wznSKqJ5"}}],"_prefab":{"__type__":"cc.PrefabInfo","root":{"__id__":1},"asset":{"__uuid__":"bev3BW0sNK3IhBUVi7WJEE"},"fileId":"a4oi0ra9ZPlpK0U24QNHaX"},"_contentSize":{"__type__":"cc.Size","width":46,"height":46}},{"__type__":"cc.Node","_name":"icon2","_parent":{"__id__":45},"_active":false,"_components":[{"__type__":"cc.Sprite","node":{"__id__":47},"_spriteFrame":{"__uuid__":"34bzgoSmRLlqvYZQ776Xl4"}}],"_prefab":{"__type__":"cc.PrefabInfo","root":{"__id__":1},"asset":{"__uuid__":"bev3BW0sNK3IhBUVi7WJEE"},"fileId":"d8IZLNVNJO0aRr5s0gDURH"},"_contentSize":{"__type__":"cc.Size","width":75,"height":75}},{"__type__":"cc.Node","_name":"icon3","_parent":{"__id__":45},"_active":false,"_components":[{"__type__":"cc.Sprite","node":{"__id__":48},"_spriteFrame":{"__uuid__":"57y3//MDJFkriB3NK+EgN2"}}],"_prefab":{"__type__":"cc.PrefabInfo","root":{"__id__":1},"asset":{"__uuid__":"bev3BW0sNK3IhBUVi7WJEE"},"fileId":"82B3r1Td5KLIS/6Ul93drH"},"_contentSize":{"__type__":"cc.Size","width":60,"height":48}},{"__type__":"cc.Node","_name":"riqi","_parent":{"__id__":45},"_components":[{"__type__":"cc.Label","node":{"__id__":49},"_useOriginalSize":false,"_fontSize":28,"_lineHeight":32,"_N$string":"25","_N$horizontalAlign":1,"_N$verticalAlign":1,"_N$overflow":2}],"_prefab":{"__type__":"cc.PrefabInfo","root":{"__id__":1},"asset":{"__uuid__":"bev3BW0sNK3IhBUVi7WJEE"},"fileId":"18O/zskkRDgbbZ1xMoTOM0"},"_contentSize":{"__type__":"cc.Size","width":32,"height":32}},{"__type__":"cc.Node","_name":"closebtn","_parent":{"__id__":3},"_children":[{"__id__":51}],"_components":[{"__type__":"cc.Button","node":{"__id__":50},"transition":3,"zoomScale":0.8}],"_prefab":{"__type__":"cc.PrefabInfo","root":{"__id__":1},"asset":{"__uuid__":"bev3BW0sNK3IhBUVi7WJEE"},"fileId":"c8LLOmfIRKMb8bKxcOjqzU"},"_contentSize":{"__type__":"cc.Size","width":80,"height":80},"_position":{"__type__":"cc.Vec2","x":299,"y":455}},{"__type__":"cc.Node","_name":"close","_parent":{"__id__":50},"_components":[{"__type__":"cc.Sprite","node":{"__id__":51},"_spriteFrame":{"__uuid__":"8e/XDr911FmKK06jMb9shz"}}],"_prefab":{"__type__":"cc.PrefabInfo","root":{"__id__":1},"asset":{"__uuid__":"bev3BW0sNK3IhBUVi7WJEE"},"fileId":"46SCVC019DaaZ+dYZrf3K4"},"_contentSize":{"__type__":"cc.Size","width":43,"height":44}}],{"__type__":"cc.SpriteFrame","content":{"name":"itembg","texture":"afpe/RjMdHMa0fM3KKYmoA","rect":[0,0,50,50],"offset":[0,0],"originalSize":[50,50],"capInsets":[13,13,14,13]}},{"__type__":"cc.SpriteFrame","content":{"name":"arrow","texture":"ae3V1JOuBO7JjWv+Sb7qXD","rect":[0,0,30,41],"offset":[0,0],"originalSize":[30,41]}},{"__type__":"cc.SpriteFrame","content":{"name":"pic_mr_xt","texture":"6eeE4fDctOdp+dX9JIpN8B","rect":[0,0,571,3],"offset":[0,0],"originalSize":[571,3]}},{"__type__":"cc.SpriteFrame","content":{"name":"pic_mr_rqd","texture":"8cBIR5a4pPYLHkXqAIpqMS","rect":[0,0,46,46],"offset":[0,0],"originalSize":[46,46]}}]