[1,0,0,[["cc.JsonAsset",["_name","json"],1]],[[0,0,1,3]],[[0,"TableChipsDinoLevelRewardConfig",[{"level":1,"chipsReward":2500},{"level":2,"chipsReward":2550},{"level":3,"chipsReward":2600},{"level":4,"chipsReward":2650},{"level":5,"chipsReward":2700},{"level":6,"chipsReward":2750},{"level":7,"chipsReward":2800},{"level":8,"chipsReward":2850},{"level":9,"chipsReward":2900},{"level":10,"chipsReward":2950},{"level":11,"chipsReward":3000},{"level":12,"chipsReward":3050},{"level":13,"chipsReward":3100},{"level":14,"chipsReward":3150},{"level":15,"chipsReward":3200},{"level":16,"chipsReward":3250},{"level":17,"chipsReward":3300},{"level":18,"chipsReward":3350}]]],0,0,[],[],[]]
