[{"__type__":"cc.SpriteFrame","content":{"name":"fashe","texture":"edMNHh3AVA+YZYEquMi36d","rect":[1,110,42,42],"offset":[0,0],"originalSize":[42,42],"capInsets":[0,0,0,0]}},{"__type__":"cc.AnimationClip","_name":"lvl1","_duration":0.2833333333333333,"curveData":{"comps":{"cc.Sprite":{"spriteFrame":[{"frame":0,"value":{"__uuid__":"14mZB0NuVBCJl+lCo2b52k"}},{"frame":0.26666666666666666,"value":{"__uuid__":"14mZB0NuVBCJl+lCo2b52k"}}]}},"props":{"x":[{"frame":0,"value":1}],"y":[{"frame":0,"value":45}],"scale":[{"frame":0,"value":{"__type__":"cc.Vec2","x":1,"y":1}}]}}}]