[{"__type__":"cc.SpriteFrame","content":{"name":"touxiangdi","texture":"e0kPQXrAlLBp/dRPfCD6sk","rect":[515,543,70,88],"offset":[0,0],"originalSize":[70,88],"capInsets":[0,0,0,0]}},{"__type__":"cc.SpriteFrame","content":{"name":"pic_jindudi","texture":"e0kPQXrAlLBp/dRPfCD6sk","rect":[1,559,358,34],"offset":[0,0],"originalSize":[358,34],"capInsets":[0,0,0,0]}},{"__type__":"cc.SpriteFrame","content":{"name":"pic_q2","texture":"e0kPQXrAlLBp/dRPfCD6sk","rect":[309,625,110,42],"offset":[0,0],"originalSize":[110,42],"capInsets":[33,13,31,13]}},{"__type__":"cc.SpriteFrame","content":{"name":"touxiangkuang","texture":"e0kPQXrAlLBp/dRPfCD6sk","rect":[503,633,70,70],"offset":[0,0],"originalSize":[70,70],"capInsets":[0,0,0,0]}},{"__type__":"cc.SpriteFrame","content":{"name":"btn_anniu1","texture":"e0kPQXrAlLBp/dRPfCD6sk","rect":[361,559,152,58],"offset":[0,0],"originalSize":[152,58],"capInsets":[68,22,68,22]}},{"__type__":"cc.SpriteFrame","content":{"name":"pic_shengjitixian","texture":"e0kPQXrAlLBp/dRPfCD6sk","rect":[1,413,448,144],"offset":[0,0],"originalSize":[448,144],"capInsets":[0,0,0,0]}},{"__type__":"cc.SpriteFrame","content":{"name":"pic_q1","texture":"e0kPQXrAlLBp/dRPfCD6sk","rect":[329,669,90,34],"offset":[0,0],"originalSize":[90,34],"capInsets":[21,9,22,13]}},{"__type__":"cc.SpriteFrame","content":{"name":"hb","texture":"e0kPQXrAlLBp/dRPfCD6sk","rect":[575,633,32,32],"offset":[0,0],"originalSize":[32,32],"capInsets":[0,0,0,0]}},{"__type__":"cc.SpriteFrame","content":{"name":"bg_xiangqing2","texture":"e0kPQXrAlLBp/dRPfCD6sk","rect":[1,277,586,134],"offset":[0,0],"originalSize":[586,134],"capInsets":[0,31,0,47]}},{"__type__":"cc.SpriteFrame","content":{"name":"btn_anniu2","texture":"e0kPQXrAlLBp/dRPfCD6sk","rect":[155,625,152,58],"offset":[0,0],"originalSize":[152,58],"capInsets":[68,22,68,22]}},{"__type__":"cc.SpriteFrame","content":{"name":"bg_xiangqing1","texture":"e0kPQXrAlLBp/dRPfCD6sk","rect":[1,1,586,274],"offset":[0,0],"originalSize":[586,274],"capInsets":[0,0,0,0]}},{"__type__":"cc.SpriteAtlas","_name":"newup.plist","_spriteFrames":{"bg_xiangqing1":{"__uuid__":"c6vr/rxuRKuoXyqrE90jlW"},"bg_xiangqing2":{"__uuid__":"944ED2AspIqLInYlAAQNlN"},"btn_anniu1":{"__uuid__":"6behprY2BNSZzOZM8oMMB4"},"btn_anniu2":{"__uuid__":"b68LS54ClMA6ZPbh3SfhxY"},"btn_anniu3":{"__uuid__":"db+wZaTNxHnqrw2Ljjarjq"},"btn_ruheshengji":{"__uuid__":"e3gjKADI5AALjqcJqqOHTh"},"hb":{"__uuid__":"88DTR5EFFHbpPeEGJb73DR"},"pic_dengji":{"__uuid__":"d3szbdZQlN0LbmKn7UVZcM"},"pic_jindu":{"__uuid__":"eesuBtcoVK6IShqLMUscf/"},"pic_jindudi":{"__uuid__":"43Op49xVBGY5z5/mWfW9Ny"},"pic_q1":{"__uuid__":"7fPL7F2IRAuLSQtWTFBsp2"},"pic_q2":{"__uuid__":"47FeQJDhFJ0IYd66GEhUDO"},"pic_renwutouxiang":{"__uuid__":"f5i/xdayJJeqkYPpjyXK9q"},"pic_shengjitixian":{"__uuid__":"6dDSxQE1NL1rFMMQOiXpHj"},"touxiang":{"__uuid__":"d048izQVVL9oRMaFCVIAx4"},"touxiangdi":{"__uuid__":"20IU6BUUBBV6MYOFRk6ygf"},"touxiangkuang":{"__uuid__":"67mcVwXiRMta0ZN4+gjpfK"},"weixin":{"__uuid__":"cenXg9+n5FDaQzf98wbkDi"}}},{"__type__":"cc.SpriteFrame","content":{"name":"weixin","texture":"e0kPQXrAlLBp/dRPfCD6sk","rect":[573,437,32,32],"offset":[0,0],"originalSize":[32,32],"capInsets":[0,0,0,0]}},{"__type__":"cc.SpriteFrame","content":{"name":"touxiang","texture":"e0kPQXrAlLBp/dRPfCD6sk","rect":[533,471,70,70],"offset":[0,0],"originalSize":[70,70],"capInsets":[0,0,0,0]}},{"__type__":"cc.SpriteFrame","content":{"name":"pic_dengji","texture":"e0kPQXrAlLBp/dRPfCD6sk","rect":[421,619,80,70],"offset":[0,0],"originalSize":[80,70],"capInsets":[0,0,0,0]}},{"__type__":"cc.SpriteFrame","content":{"name":"btn_anniu3","texture":"e0kPQXrAlLBp/dRPfCD6sk","rect":[1,625,152,60],"offset":[0,0],"originalSize":[152,60],"capInsets":[12,12,12,12]}},{"__type__":"cc.SpriteFrame","content":{"name":"btn_ruheshengji","texture":"e0kPQXrAlLBp/dRPfCD6sk","rect":[451,413,120,46],"offset":[0,0],"originalSize":[120,46],"capInsets":[15,15,15,15]}},{"__type__":"cc.SpriteFrame","content":{"name":"pic_jindu","texture":"e0kPQXrAlLBp/dRPfCD6sk","rect":[1,595,352,28],"offset":[0,0],"originalSize":[352,28],"capInsets":[150,0,150,0]}},{"__type__":"cc.SpriteFrame","content":{"name":"pic_renwutouxiang","texture":"e0kPQXrAlLBp/dRPfCD6sk","rect":[451,461,80,80],"offset":[0,0],"originalSize":[80,80],"capInsets":[0,0,0,0]}}]