[{"__type__":"cc.AnimationClip","_name":"paodan_lvl2","_duration":0.1,"wrapMode":2,"curveData":{"comps":{"cc.Sprite":{"spriteFrame":[{"frame":0,"value":{"__uuid__":"a7s8+IiUZEna+wfmtgEidY"}},{"frame":0.08333333333333333,"value":{"__uuid__":"60CjSy+/RN9oGu4aEmAlX6"}}]}}}},[{"__type__":"cc.Prefab","_name":"paodan2","data":{"__id__":1}},{"__type__":"cc.Node","_name":"paodan2","_children":[{"__id__":2}],"_components":[{"__type__":"0c786ZnJjVNbo1Lx9NAwepM","node":{"__id__":1}}],"_prefab":{"__type__":"cc.PrefabInfo","root":{"__id__":1},"asset":{"__uuid__":"2cQ8u+bXlKGZe1TRS7gDWa"},"fileId":"ecd7uEYC5Jyr88y889vHzB"},"_contentSize":{"__type__":"cc.Size","width":50,"height":100},"_trs":{"__type__":"TypedArray","ctor":"Float64Array","array":[0,0,0,0,0,0,1,1,1,1]}},{"__type__":"cc.Node","_name":"padanSpr","_parent":{"__id__":1},"_children":[{"__id__":3}],"_components":[{"__type__":"cc.Sprite","node":{"__id__":2},"_materials":[{"__uuid__":"ecpdLyjvZBwrvm+cedCcQy"}],"_spriteFrame":{"__uuid__":"5dtX+oD7NFL5rlmukGEtP/"}}],"_prefab":{"__type__":"cc.PrefabInfo","root":{"__id__":1},"asset":{"__uuid__":"2cQ8u+bXlKGZe1TRS7gDWa"},"fileId":"433lTvEDNHtIMjS9zT9uWG"},"_contentSize":{"__type__":"cc.Size","width":110,"height":110},"_trs":{"__type__":"TypedArray","ctor":"Float64Array","array":[0,0,0,0,0,0,1,1,1,1]}},{"__type__":"cc.Node","_name":"weiyan","_parent":{"__id__":2},"_components":[{"__type__":"cc.Sprite","node":{"__id__":3},"_materials":[{"__uuid__":"ecpdLyjvZBwrvm+cedCcQy"}],"_spriteFrame":{"__uuid__":"a7s8+IiUZEna+wfmtgEidY"}},{"__type__":"cc.Animation","node":{"__id__":3},"_defaultClip":{"__uuid__":"0ctAqBRT5IL7gjUntM4uDo"},"_clips":[{"__uuid__":"0ctAqBRT5IL7gjUntM4uDo"}],"playOnLoad":true}],"_prefab":{"__type__":"cc.PrefabInfo","root":{"__id__":1},"asset":{"__uuid__":"2cQ8u+bXlKGZe1TRS7gDWa"},"fileId":"07viiryGVMI5ry63EHfWX2"},"_contentSize":{"__type__":"cc.Size","width":100,"height":100},"_trs":{"__type__":"TypedArray","ctor":"Float64Array","array":[-3,-79,0,0,0,-1,6.123233995736766e-17,1,1,1]},"_eulerAngles":{"__type__":"cc.Vec3","z":-180}}],{"__type__":"cc.SpriteFrame","content":{"name":"fashe32","texture":"a2li4ax0VFPK1y30Ic5PE1","rect":[1,113,110,110],"offset":[0,0],"originalSize":[110,110],"capInsets":[0,0,0,0]}},{"__type__":"cc.SpriteAtlas","_name":"paodan2.plist","_spriteFrames":{"fashe12":{"__uuid__":"e2VvWj5cpIDZTVzQZjriRA"},"fashe2":{"__uuid__":"5dtX+oD7NFL5rlmukGEtP/"},"fashe22":{"__uuid__":"58gCCFo1ZNOqA7+ArRQuQW"},"fashe32":{"__uuid__":"3enc8ypzJNUJn3EMp6+xRV"},"fashe42":{"__uuid__":"cdo1SQbyJKD6FQwjlSXtAJ"},"fashe52":{"__uuid__":"87jFTauBJBhrmWofQi+J4j"},"fashe62":{"__uuid__":"e2sNVnZc9GOLf2m/ui2RGj"},"huo1":{"__uuid__":"a7s8+IiUZEna+wfmtgEidY"},"huo2":{"__uuid__":"60CjSy+/RN9oGu4aEmAlX6"}}},{"__type__":"cc.SpriteFrame","content":{"name":"fashe22","texture":"a2li4ax0VFPK1y30Ic5PE1","rect":[1,1,110,110],"offset":[0,0],"originalSize":[110,110],"capInsets":[0,0,0,0]}},{"__type__":"cc.SpriteFrame","content":{"name":"fashe2","texture":"a2li4ax0VFPK1y30Ic5PE1","rect":[113,1,110,110],"offset":[0,0],"originalSize":[110,110],"capInsets":[0,0,0,0]}},{"__type__":"cc.SpriteFrame","content":{"name":"huo2","texture":"a2li4ax0VFPK1y30Ic5PE1","rect":[113,439,100,100],"offset":[0,0],"originalSize":[100,100],"capInsets":[0,0,0,0]}},{"__type__":"cc.SpriteFrame","content":{"name":"fashe52","texture":"a2li4ax0VFPK1y30Ic5PE1","rect":[113,113,110,110],"offset":[0,0],"originalSize":[110,110],"capInsets":[0,0,0,0]}},{"__type__":"cc.SpriteFrame","content":{"name":"huo1","texture":"a2li4ax0VFPK1y30Ic5PE1","rect":[113,337,100,100],"offset":[0,0],"originalSize":[100,100],"capInsets":[0,0,0,0]}},{"__type__":"cc.SpriteFrame","content":{"name":"fashe42","texture":"a2li4ax0VFPK1y30Ic5PE1","rect":[1,337,110,110],"offset":[0,0],"originalSize":[110,110],"capInsets":[0,0,0,0]}},{"__type__":"cc.SpriteFrame","content":{"name":"fashe12","texture":"a2li4ax0VFPK1y30Ic5PE1","rect":[1,225,110,110],"offset":[0,0],"originalSize":[110,110],"capInsets":[0,0,0,0]}},{"__type__":"cc.SpriteFrame","content":{"name":"fashe62","texture":"a2li4ax0VFPK1y30Ic5PE1","rect":[113,225,110,110],"offset":[0,0],"originalSize":[110,110],"capInsets":[0,0,0,0]}}]