[{"__type__":"cc.SpriteFrame","content":{"name":"pic_xuxian","texture":"90336MbvlPP5QPSiMSWXYo","rect":[1,1,543,1],"offset":[0,0],"originalSize":[543,1],"capInsets":[0,0,0,0]}},[{"__type__":"cc.Prefab","_name":"item_mingxi","data":{"__id__":1}},{"__type__":"cc.Node","_name":"item_mingxi","_children":[{"__id__":2},{"__id__":3},{"__id__":4},{"__id__":5}],"_components":[{"__type__":"e71ca7CL49Cx54wQax/WAw3","node":{"__id__":1}}],"_prefab":{"__type__":"cc.PrefabInfo","root":{"__id__":1},"asset":{"__uuid__":"f9qu9A+P5AZ6zi81zL9jJ1"},"fileId":"52DYYe/KlFUbG7MJwTRIiD"},"_color":{"__type__":"cc.Color"},"_contentSize":{"__type__":"cc.Size","width":550,"height":135},"_trs":{"__type__":"TypedArray","ctor":"Float64Array","array":[0,-67.5,0,0,0,0,1,1,1,1]}},{"__type__":"cc.Node","_name":"msgData","_parent":{"__id__":1},"_components":[{"__type__":"cc.Label","node":{"__id__":2},"_materials":[{"__uuid__":"ecpdLyjvZBwrvm+cedCcQy"}],"_useOriginalSize":false,"_string":"提现红包0.30元，实际到账0.3000元","_N$string":"提现红包0.30元，实际到账0.3000元","_fontSize":25,"_lineHeight":30,"_N$verticalAlign":1,"_N$overflow":3}],"_prefab":{"__type__":"cc.PrefabInfo","root":{"__id__":1},"asset":{"__uuid__":"f9qu9A+P5AZ6zi81zL9jJ1"},"fileId":"f8XDx7stFK2qG7ElUxGxvO"},"_color":{"__type__":"cc.Color","r":120,"g":50,"b":22},"_contentSize":{"__type__":"cc.Size","width":400,"height":67.8},"_anchorPoint":{"__type__":"cc.Vec2","y":1},"_trs":{"__type__":"TypedArray","ctor":"Float64Array","array":[-268,49,0,0,0,0,1,1,1,1]}},{"__type__":"cc.Node","_name":"timeData","_parent":{"__id__":1},"_components":[{"__type__":"cc.Label","node":{"__id__":3},"_materials":[{"__uuid__":"ecpdLyjvZBwrvm+cedCcQy"}],"_useOriginalSize":false,"_string":"time","_N$string":"time","_fontSize":25,"_lineHeight":25,"_N$horizontalAlign":1,"_N$verticalAlign":1}],"_prefab":{"__type__":"cc.PrefabInfo","root":{"__id__":1},"asset":{"__uuid__":"f9qu9A+P5AZ6zi81zL9jJ1"},"fileId":"d9GuZ2BltMsZTKcBKm2jIp"},"_color":{"__type__":"cc.Color","r":120,"g":50,"b":22},"_contentSize":{"__type__":"cc.Size","width":47.23,"height":31.5},"_anchorPoint":{"__type__":"cc.Vec2","y":0.5},"_trs":{"__type__":"TypedArray","ctor":"Float64Array","array":[-268,-30,0,0,0,0,1,1,1,1]}},{"__type__":"cc.Node","_name":"moneyData","_parent":{"__id__":1},"_components":[{"__type__":"cc.Label","node":{"__id__":4},"_materials":[{"__uuid__":"ecpdLyjvZBwrvm+cedCcQy"}],"_useOriginalSize":false,"_string":"￥-0.30","_N$string":"￥-0.30","_fontSize":25,"_lineHeight":25,"_N$horizontalAlign":1,"_N$verticalAlign":1}],"_prefab":{"__type__":"cc.PrefabInfo","root":{"__id__":1},"asset":{"__uuid__":"f9qu9A+P5AZ6zi81zL9jJ1"},"fileId":"83pufdIoFDDrXKd+8bV3rA"},"_color":{"__type__":"cc.Color","r":252,"g":31,"b":28},"_contentSize":{"__type__":"cc.Size","width":81.98,"height":31.5},"_anchorPoint":{"__type__":"cc.Vec2","x":1,"y":0.5},"_trs":{"__type__":"TypedArray","ctor":"Float64Array","array":[260,30,0,0,0,0,1,1,1,1]}},{"__type__":"cc.Node","_name":"pic_xuxian","_parent":{"__id__":1},"_components":[{"__type__":"cc.Sprite","node":{"__id__":5},"_materials":[{"__uuid__":"ecpdLyjvZBwrvm+cedCcQy"}],"_spriteFrame":{"__uuid__":"58lqQ3M/BHhKOGN333Mg8O"},"_sizeMode":0}],"_prefab":{"__type__":"cc.PrefabInfo","root":{"__id__":1},"asset":{"__uuid__":"f9qu9A+P5AZ6zi81zL9jJ1"},"fileId":"a0rOzu+epKDqSFC9tmtT6A"},"_contentSize":{"__type__":"cc.Size","width":543,"height":2},"_trs":{"__type__":"TypedArray","ctor":"Float64Array","array":[0,-66,0,0,0,0,1,1,1,1]}}]]