[{"__type__":"cc.SpriteFrame","content":{"name":"btn_tianshu2","texture":"65yMuZClZBsLNLtz06Gc9O","rect":[1,1705,116,78],"offset":[0,0],"originalSize":[116,78],"capInsets":[20,20,20,20]}},{"__type__":"cc.SpriteFrame","content":{"name":"bg_xiao2","texture":"a4RmNjUvpBAKuhLpAyaWvP","rect":[0,0,657,640],"offset":[-0.5,0],"originalSize":[658,640],"capInsets":[0,0,0,0]}},{"__type__":"cc.SpriteFrame","content":{"name":"pic_xuxian","texture":"1bGMIb4PFCPLdSEzxrUZ4h","rect":[1,1,543,1],"offset":[0,0],"originalSize":[543,1],"capInsets":[0,0,0,0]}},[{"__type__":"cc.Prefab","_name":"bindshangji_layer","data":{"__id__":1}},{"__type__":"cc.Node","_name":"bindshangji_layer","_children":[{"__id__":2},{"__id__":3}],"_components":[{"__type__":"cc.Widget","node":{"__id__":1},"_alignFlags":45},{"__type__":"b1bcdWxstdKsbIi8OXyLkrP","node":{"__id__":1}}],"_prefab":{"__type__":"cc.PrefabInfo","root":{"__id__":1},"asset":{"__uuid__":"48MuLTWj1P7bpBDY6uaJDE"},"fileId":"2bEnfk0/pGv7uSj00U9VbR"},"_contentSize":{"__type__":"cc.Size","width":750,"height":1334},"_trs":{"__type__":"TypedArray","ctor":"Float64Array","array":[375,667,0,0,0,0,1,1,1,1]}},{"__type__":"cc.Node","_name":"mask","_parent":{"__id__":1},"_components":[{"__type__":"cc.Sprite","node":{"__id__":2},"_materials":[{"__uuid__":"ecpdLyjvZBwrvm+cedCcQy"}],"_spriteFrame":{"__uuid__":"a2MjXRFdtLlYQ5ouAFv/+R"},"_sizeMode":0},{"__type__":"cc.Widget","node":{"__id__":2},"_alignFlags":45,"_originalWidth":40,"_originalHeight":36},{"__type__":"cc.BlockInputEvents","node":{"__id__":2}}],"_prefab":{"__type__":"cc.PrefabInfo","root":{"__id__":1},"asset":{"__uuid__":"48MuLTWj1P7bpBDY6uaJDE"},"fileId":"9aQrXzIOZFq5qrIrNB/CT4"},"_opacity":130,"_color":{"__type__":"cc.Color"},"_contentSize":{"__type__":"cc.Size","width":750,"height":1334},"_trs":{"__type__":"TypedArray","ctor":"Float64Array","array":[0,0,0,0,0,0,1,1,1,1]}},{"__type__":"cc.Node","_name":"img_bg","_parent":{"__id__":1},"_children":[{"__id__":4},{"__id__":5},{"__id__":6},{"__id__":7},{"__id__":9},{"__id__":10},{"__id__":16},{"__id__":18},{"__id__":20},{"__id__":21}],"_components":[{"__type__":"cc.Sprite","node":{"__id__":3},"_materials":[{"__uuid__":"ecpdLyjvZBwrvm+cedCcQy"}],"_spriteFrame":{"__uuid__":"17JBeRkjRCArfs0wQxUaLq"}}],"_prefab":{"__type__":"cc.PrefabInfo","root":{"__id__":1},"asset":{"__uuid__":"48MuLTWj1P7bpBDY6uaJDE"},"fileId":"e1aRO7/5NLioLGuPL7P/HP"},"_contentSize":{"__type__":"cc.Size","width":657,"height":640},"_trs":{"__type__":"TypedArray","ctor":"Float64Array","array":[0,0,0,0,0,0,1,1,1,1]}},{"__type__":"cc.Node","_name":"bg_bai","_parent":{"__id__":3},"_components":[{"__type__":"cc.Sprite","node":{"__id__":4},"_materials":[{"__uuid__":"ecpdLyjvZBwrvm+cedCcQy"}],"_spriteFrame":{"__uuid__":"ef3UVVgTJF6pp4WVJpkmCA"},"_type":1,"_sizeMode":0}],"_prefab":{"__type__":"cc.PrefabInfo","root":{"__id__":1},"asset":{"__uuid__":"48MuLTWj1P7bpBDY6uaJDE"},"fileId":"6f5VapMsVIv5de5L/b569L"},"_contentSize":{"__type__":"cc.Size","width":600,"height":490},"_trs":{"__type__":"TypedArray","ctor":"Float64Array","array":[0,-47,0,0,0,0,1,1,1,1]}},{"__type__":"cc.Node","_name":"font_yaoqingma","_parent":{"__id__":3},"_components":[{"__type__":"41ebaVoPpRA4Kp67XEdHfZn","node":{"__id__":5},"_materials":[{"__uuid__":"ecpdLyjvZBwrvm+cedCcQy"}],"_string":"我的邀请码:","_N$string":"我的邀请码:","_N$file":{"__uuid__":"farb0WbWZMgrGmuICOt0MU"},"_isSystemFontUsed":false,"_N$horizontalAlign":1,"_N$verticalAlign":1,"_N$overflow":1,"i18n_string":"bindshangji_layer_1_1"}],"_prefab":{"__type__":"cc.PrefabInfo","root":{"__id__":1},"asset":{"__uuid__":"48MuLTWj1P7bpBDY6uaJDE"},"fileId":"e2s1uVuVdExIsSO54cwPYx"},"_color":{"__type__":"cc.Color","r":74,"g":33,"b":11},"_contentSize":{"__type__":"cc.Size","width":253.49,"height":113.4},"_anchorPoint":{"__type__":"cc.Vec2","x":1,"y":0.5},"_trs":{"__type__":"TypedArray","ctor":"Float64Array","array":[-37,94,0,0,0,0,1,1,1,1]}},{"__type__":"cc.Node","_name":"lab_yaoqingma","_parent":{"__id__":3},"_components":[{"__type__":"cc.Label","node":{"__id__":6},"_materials":[{"__uuid__":"ecpdLyjvZBwrvm+cedCcQy"}],"_useOriginalSize":false,"_string":"12334345","_N$string":"12334345","_N$horizontalAlign":1,"_N$verticalAlign":1}],"_prefab":{"__type__":"cc.PrefabInfo","root":{"__id__":1},"asset":{"__uuid__":"48MuLTWj1P7bpBDY6uaJDE"},"fileId":"dcxdDmSeZAgLZjoJLZk9nA"},"_color":{"__type__":"cc.Color","r":74,"g":33,"b":11},"_contentSize":{"__type__":"cc.Size","width":177.97,"height":50.4},"_anchorPoint":{"__type__":"cc.Vec2","y":0.5},"_trs":{"__type__":"TypedArray","ctor":"Float64Array","array":[-28,94,0,0,0,0,1,1,1,1]}},{"__type__":"cc.Node","_name":"btn_anniu","_parent":{"__id__":3},"_children":[{"__id__":8}],"_components":[{"__type__":"cc.Sprite","node":{"__id__":7},"_materials":[{"__uuid__":"ecpdLyjvZBwrvm+cedCcQy"}],"_spriteFrame":{"__uuid__":"a4ubWZ+5tD/5uKeRUTQzdm"},"_type":1},{"__type__":"cc.Button","node":{"__id__":7},"_normalMaterial":{"__uuid__":"ecpdLyjvZBwrvm+cedCcQy"},"zoomScale":0.9,"_N$transition":3,"transition":3}],"_prefab":{"__type__":"cc.PrefabInfo","root":{"__id__":1},"asset":{"__uuid__":"48MuLTWj1P7bpBDY6uaJDE"},"fileId":"0b4vYEC7pPm4mh213iCj4Y"},"_contentSize":{"__type__":"cc.Size","width":230,"height":80},"_trs":{"__type__":"TypedArray","ctor":"Float64Array","array":[218,93,0,0,0,0,1,0.5,0.5,1]}},{"__type__":"cc.Node","_name":"btn_anniu_font","_parent":{"__id__":7},"_components":[{"__type__":"41ebaVoPpRA4Kp67XEdHfZn","node":{"__id__":8},"_materials":[{"__uuid__":"ecpdLyjvZBwrvm+cedCcQy"}],"_string":"复制","_N$string":"复制","_N$file":{"__uuid__":"farb0WbWZMgrGmuICOt0MU"},"_isSystemFontUsed":false,"_N$horizontalAlign":1,"_N$verticalAlign":1,"_N$overflow":1,"i18n_string":"bindshangji_layer_1_2"}],"_prefab":{"__type__":"cc.PrefabInfo","root":{"__id__":1},"asset":{"__uuid__":"48MuLTWj1P7bpBDY6uaJDE"},"fileId":"f1ReCqwpZCaaX1h8jm+Qsq"},"_contentSize":{"__type__":"cc.Size","width":186.96,"height":64.4},"_trs":{"__type__":"TypedArray","ctor":"Float64Array","array":[0,2,0,0,0,0,1,1,1,1]}},{"__type__":"cc.Node","_name":"pic_xuxian","_parent":{"__id__":3},"_components":[{"__type__":"cc.Sprite","node":{"__id__":9},"_materials":[{"__uuid__":"ecpdLyjvZBwrvm+cedCcQy"}],"_spriteFrame":{"__uuid__":"1b7Lrq2sZOZoDm4hZAFSOW"}}],"_prefab":{"__type__":"cc.PrefabInfo","root":{"__id__":1},"asset":{"__uuid__":"48MuLTWj1P7bpBDY6uaJDE"},"fileId":"70PXtI09xPhawKjnihIBo5"},"_contentSize":{"__type__":"cc.Size","width":543,"height":1},"_trs":{"__type__":"TypedArray","ctor":"Float64Array","array":[0,0,0,0,0,0,1,1,1,1]}},{"__type__":"cc.Node","_name":"btn_tianshu2","_parent":{"__id__":3},"_children":[{"__id__":11}],"_components":[{"__type__":"cc.Sprite","node":{"__id__":10},"_materials":[{"__uuid__":"ecpdLyjvZBwrvm+cedCcQy"}],"_spriteFrame":{"__uuid__":"15eAROFfBDqoQ+7Jx9rJgy"},"_type":1,"_sizeMode":0}],"_prefab":{"__type__":"cc.PrefabInfo","root":{"__id__":1},"asset":{"__uuid__":"48MuLTWj1P7bpBDY6uaJDE"},"fileId":"53dVVBInhIa7iu2SHYzeff"},"_contentSize":{"__type__":"cc.Size","width":450,"height":100},"_trs":{"__type__":"TypedArray","ctor":"Float64Array","array":[0,-121.783,0,0,0,0,1,1,1,1]}},{"__type__":"cc.Node","_name":"edit_yaoqingma","_parent":{"__id__":10},"_children":[{"__id__":12},{"__id__":14}],"_components":[{"__type__":"cc.EditBox","node":{"__id__":11},"_useOriginalSize":false,"maxLength":6,"_N$textLabel":{"__id__":13},"_N$placeholderLabel":{"__id__":15},"_N$inputMode":2}],"_prefab":{"__type__":"cc.PrefabInfo","root":{"__id__":1},"asset":{"__uuid__":"48MuLTWj1P7bpBDY6uaJDE"},"fileId":"cdoTlCGhhIC7P06Ukd0Clf"},"_color":{"__type__":"cc.Color","r":74,"g":33,"b":11},"_contentSize":{"__type__":"cc.Size","width":300,"height":80},"_trs":{"__type__":"TypedArray","ctor":"Float64Array","array":[0,0,0,0,0,0,1,1,1,1]}},{"__type__":"cc.Node","_name":"edit_TEXT_LABEL","_parent":{"__id__":11},"_active":false,"_components":[{"__id__":13},{"__type__":"cc.Widget","node":{"__id__":12},"alignMode":0,"_alignFlags":45,"_left":2,"_originalWidth":158,"_originalHeight":40}],"_prefab":{"__type__":"cc.PrefabInfo","root":{"__id__":1},"asset":{"__uuid__":"48MuLTWj1P7bpBDY6uaJDE"},"fileId":"42NmtmFXZFDpWTKFGyG7Tu"},"_color":{"__type__":"cc.Color","r":74,"g":33,"b":11},"_contentSize":{"__type__":"cc.Size","width":298,"height":80},"_anchorPoint":{"__type__":"cc.Vec2","y":1},"_trs":{"__type__":"TypedArray","ctor":"Float64Array","array":[-148,40,0,0,0,0,1,1,1,1]}},{"__type__":"cc.Label","node":{"__id__":12},"_materials":[{"__uuid__":"ecpdLyjvZBwrvm+cedCcQy"}],"_fontSize":30,"_lineHeight":30,"_enableWrapText":false,"_N$horizontalAlign":1,"_N$verticalAlign":1,"_N$overflow":1},{"__type__":"cc.Node","_name":"edit_PLACEHOLDER_LABEL","_parent":{"__id__":11},"_components":[{"__id__":15},{"__type__":"cc.Widget","node":{"__id__":14},"alignMode":0,"_alignFlags":45,"_left":2,"_right":28,"_bottom":42.2,"_originalWidth":158,"_originalHeight":40}],"_prefab":{"__type__":"cc.PrefabInfo","root":{"__id__":1},"asset":{"__uuid__":"48MuLTWj1P7bpBDY6uaJDE"},"fileId":"57lFYUf0RBI5CIxmRtjpWm"},"_color":{"__type__":"cc.Color","r":121,"g":70,"b":43},"_contentSize":{"__type__":"cc.Size","width":270,"height":37.8},"_anchorPoint":{"__type__":"cc.Vec2","y":1},"_trs":{"__type__":"TypedArray","ctor":"Float64Array","array":[-148,40,0,0,0,0,1,1,1,1]}},{"__type__":"cc.Label","node":{"__id__":14},"_materials":[{"__uuid__":"ecpdLyjvZBwrvm+cedCcQy"}],"_fontSize":30,"_lineHeight":30,"_enableWrapText":false,"_N$verticalAlign":1,"_N$overflow":1},{"__type__":"cc.Node","_name":"btn_anniu3","_parent":{"__id__":3},"_children":[{"__id__":17}],"_components":[{"__type__":"cc.Sprite","node":{"__id__":16},"_materials":[{"__uuid__":"ecpdLyjvZBwrvm+cedCcQy"}],"_spriteFrame":{"__uuid__":"f3y8IPiwRKX51WmAAOUIx9"}},{"__type__":"cc.Button","node":{"__id__":16},"_normalMaterial":{"__uuid__":"ecpdLyjvZBwrvm+cedCcQy"},"duration":0,"zoomScale":0.9,"_N$transition":3,"transition":3}],"_prefab":{"__type__":"cc.PrefabInfo","root":{"__id__":1},"asset":{"__uuid__":"48MuLTWj1P7bpBDY6uaJDE"},"fileId":"1cLbqrUCxKmqu7le6LAbew"},"_contentSize":{"__type__":"cc.Size","width":230,"height":80},"_trs":{"__type__":"TypedArray","ctor":"Float64Array","array":[0,-230.188,0,0,0,0,1,1,1,1]}},{"__type__":"cc.Node","_name":"btn_anniu3_font","_parent":{"__id__":16},"_components":[{"__type__":"41ebaVoPpRA4Kp67XEdHfZn","node":{"__id__":17},"_materials":[{"__uuid__":"ecpdLyjvZBwrvm+cedCcQy"}],"_string":"拜师","_N$string":"拜师","_N$file":{"__uuid__":"farb0WbWZMgrGmuICOt0MU"},"_isSystemFontUsed":false,"_N$horizontalAlign":1,"_N$verticalAlign":1,"i18n_string":"bindshangji_layer_1_3"}],"_prefab":{"__type__":"cc.PrefabInfo","root":{"__id__":1},"asset":{"__uuid__":"48MuLTWj1P7bpBDY6uaJDE"},"fileId":"5aPqnhUqlM9bF5V1fUvOuw"},"_color":{"__type__":"cc.Color","r":74,"g":33,"b":11},"_contentSize":{"__type__":"cc.Size","width":80,"height":50.4},"_trs":{"__type__":"TypedArray","ctor":"Float64Array","array":[0,0,0,0,0,0,1,1,1,1]}},{"__type__":"cc.Node","_name":"pic_fuwuxieyi","_parent":{"__id__":3},"_children":[{"__id__":19}],"_components":[{"__type__":"cc.Sprite","node":{"__id__":18},"_materials":[{"__uuid__":"ecpdLyjvZBwrvm+cedCcQy"}],"_spriteFrame":{"__uuid__":"cdEvF//9tDQ7A6VuL1Xfzj"}}],"_prefab":{"__type__":"cc.PrefabInfo","root":{"__id__":1},"asset":{"__uuid__":"48MuLTWj1P7bpBDY6uaJDE"},"fileId":"16+8wUgC5Es6Am/KOd1YNK"},"_contentSize":{"__type__":"cc.Size","width":304,"height":110},"_trs":{"__type__":"TypedArray","ctor":"Float64Array","array":[0,289,0,0,0,0,1,1,1,1]}},{"__type__":"cc.Node","_name":"title_font","_parent":{"__id__":18},"_components":[{"__type__":"41ebaVoPpRA4Kp67XEdHfZn","node":{"__id__":19},"_materials":[{"__uuid__":"ecpdLyjvZBwrvm+cedCcQy"}],"_string":"拜师","_N$string":"拜师","_fontSize":50,"_lineHeight":50,"_N$file":{"__uuid__":"farb0WbWZMgrGmuICOt0MU"},"_isSystemFontUsed":false,"i18n_string":"bindshangji_layer_1_4"},{"__type__":"cc.LabelOutline","node":{"__id__":19},"_color":{"__type__":"cc.Color","r":117,"g":59,"b":23},"_width":5}],"_prefab":{"__type__":"cc.PrefabInfo","root":{"__id__":1},"asset":{"__uuid__":"48MuLTWj1P7bpBDY6uaJDE"},"fileId":"dbeShZHvVPrrFpbQZKyWSP"},"_contentSize":{"__type__":"cc.Size","width":110,"height":73},"_trs":{"__type__":"TypedArray","ctor":"Float64Array","array":[0,0,0,0,0,0,1,1,1,1]}},{"__type__":"cc.Node","_name":"ic_guanbi2","_parent":{"__id__":3},"_components":[{"__type__":"cc.Sprite","node":{"__id__":20},"_materials":[{"__uuid__":"ecpdLyjvZBwrvm+cedCcQy"}],"_spriteFrame":{"__uuid__":"5c4o7no3NMH7pZupb0latf"}},{"__type__":"cc.Button","node":{"__id__":20},"_normalMaterial":{"__uuid__":"ecpdLyjvZBwrvm+cedCcQy"},"zoomScale":0.9,"_N$transition":3,"transition":3}],"_prefab":{"__type__":"cc.PrefabInfo","root":{"__id__":1},"asset":{"__uuid__":"48MuLTWj1P7bpBDY6uaJDE"},"fileId":"a8Kt7FX+BDsIi+WeNkv0Xn"},"_contentSize":{"__type__":"cc.Size","width":84,"height":84},"_trs":{"__type__":"TypedArray","ctor":"Float64Array","array":[280,276,0,0,0,0,1,1,1,1]}},{"__type__":"cc.Node","_name":"font_qingshuru","_parent":{"__id__":3},"_components":[{"__type__":"41ebaVoPpRA4Kp67XEdHfZn","node":{"__id__":21},"_materials":[{"__uuid__":"ecpdLyjvZBwrvm+cedCcQy"}],"_string":"请输入师傅的邀请码","_N$string":"请输入师傅的邀请码","_fontSize":30,"_lineHeight":30,"_N$file":{"__uuid__":"farb0WbWZMgrGmuICOt0MU"},"_isSystemFontUsed":false,"i18n_string":"bindshangji_layer_1_5"}],"_prefab":{"__type__":"cc.PrefabInfo","root":{"__id__":1},"asset":{"__uuid__":"48MuLTWj1P7bpBDY6uaJDE"},"fileId":"f6YTLS4DdPJqRP5y0wyh9R"},"_color":{"__type__":"cc.Color","r":121,"g":70,"b":43},"_contentSize":{"__type__":"cc.Size","width":270,"height":37.8},"_trs":{"__type__":"TypedArray","ctor":"Float64Array","array":[0,-40.361,0,0,0,0,1,1,1,1]}}],{"__type__":"cc.SpriteFrame","content":{"name":"ic_guanbi2","texture":"02krqH8i1AdZB/lC2WegR2","rect":[789,371,84,84],"offset":[0,0],"originalSize":[84,84],"capInsets":[0,0,0,0]}},{"__type__":"cc.SpriteFrame","content":{"name":"default_sprite_splash","texture":"02delMVqdBD70a/HSD99FK","rect":[0,0,2,2],"offset":[0,0],"originalSize":[2,2],"capInsets":[0,0,0,0]}},{"__type__":"cc.SpriteFrame","content":{"name":"btn_anniu","texture":"70uZhxIuNEn4cyfrG7FT01","rect":[575,856,230,80],"offset":[0,0],"originalSize":[230,80],"capInsets":[50,30,50,28]}},{"__type__":"cc.SpriteFrame","content":{"name":"img_title","texture":"36otX/aM1E4Zo+o68pRLtJ","rect":[1,1,304,110],"offset":[0,0],"originalSize":[304,110],"capInsets":[0,0,0,0]}},{"__type__":"cc.SpriteFrame","content":{"name":"bg_bai","texture":"7ay42iyKVAQ41J+IO+pzMZ","rect":[0,0,600,400],"offset":[0,0],"originalSize":[600,400],"capInsets":[54,54,54,54]}},{"__type__":"cc.SpriteFrame","content":{"name":"btn_anniu3","texture":"70uZhxIuNEn4cyfrG7FT01","rect":[1,936,230,80],"offset":[0,0],"originalSize":[230,80],"capInsets":[18,20,18,20]}}]