[{"__type__":"cc.SpriteFrame","content":{"name":"paodi","texture":"5c1Y1VASRHW7aBc0Y8Fa2+","rect":[1,1175,582,123],"offset":[0,0],"originalSize":[582,123],"capInsets":[0,0,0,0]}},[{"__type__":"cc.Prefab","_name":"item_tujian","data":{"__id__":1}},{"__type__":"cc.Node","_name":"item_tujian","_children":[{"__id__":2},{"__id__":3},{"__id__":5},{"__id__":6}],"_components":[{"__type__":"cc.Sprite","node":{"__id__":1},"_materials":[{"__uuid__":"ecpdLyjvZBwrvm+cedCcQy"}],"_spriteFrame":{"__uuid__":"03R7+c8ApNwap6ZUgp5bm9"}},{"__type__":"b9dd4GXF5xBMLVoTUN7EIJ+","node":{"__id__":1}},{"__type__":"fa6ccGhAUNNMKtRlfQ6odcA","node":{"__id__":1},"onEnterScorllViewEvents":[{"__type__":"cc.ClickEvent","target":{"__id__":1},"_componentId":"b9dd4GXF5xBMLVoTUN7EIJ+","handler":"onEnterSrcollView"}],"onExitScorllViewEvents":[{"__type__":"cc.ClickEvent","target":{"__id__":1},"_componentId":"b9dd4GXF5xBMLVoTUN7EIJ+","handler":"onExitScrollView"}]}],"_prefab":{"__type__":"cc.PrefabInfo","root":{"__id__":1},"asset":{"__uuid__":"bazPML7WhJ66a16v1bCwJU"},"fileId":"214w5TnOVH6b3DSmLAmX60"},"_contentSize":{"__type__":"cc.Size","width":582,"height":123},"_trs":{"__type__":"TypedArray","ctor":"Float64Array","array":[0,-81.5,0,0,0,0,1,1,1,1]}},{"__type__":"cc.Node","_name":"pic_pao","_parent":{"__id__":1},"_components":[{"__type__":"cc.Sprite","node":{"__id__":2},"_materials":[{"__uuid__":"ecpdLyjvZBwrvm+cedCcQy"}]}],"_prefab":{"__type__":"cc.PrefabInfo","root":{"__id__":1},"asset":{"__uuid__":"bazPML7WhJ66a16v1bCwJU"},"fileId":"50ypatmTFPErhWkFk8W//H"},"_contentSize":{"__type__":"cc.Size","width":68,"height":94},"_trs":{"__type__":"TypedArray","ctor":"Float64Array","array":[-223.435,3.972,0,0,0,0,1,1,1,1]}},{"__type__":"cc.Node","_name":"ic_lv","_parent":{"__id__":1},"_children":[{"__id__":4}],"_components":[{"__type__":"cc.Sprite","node":{"__id__":3},"_materials":[{"__uuid__":"ecpdLyjvZBwrvm+cedCcQy"}],"_spriteFrame":{"__uuid__":"ddw3UAgbBEmY1+1f+NTLym"}}],"_prefab":{"__type__":"cc.PrefabInfo","root":{"__id__":1},"asset":{"__uuid__":"bazPML7WhJ66a16v1bCwJU"},"fileId":"9cEM+DokdN543tWWFud5OC"},"_contentSize":{"__type__":"cc.Size","width":74,"height":24},"_trs":{"__type__":"TypedArray","ctor":"Float64Array","array":[-222.442,-29.791,0,0,0,0,1,1,1,1]}},{"__type__":"cc.Node","_name":"lab_lvl","_parent":{"__id__":3},"_components":[{"__type__":"cc.Label","node":{"__id__":4},"_materials":[{"__uuid__":"ecpdLyjvZBwrvm+cedCcQy"}],"_useOriginalSize":false,"_string":"Lv.1","_N$string":"Lv.1","_fontSize":16,"_lineHeight":16,"_N$file":{"__uuid__":"41fwEWuyVLWaqNiOyZwKIo"},"_isSystemFontUsed":false,"_N$horizontalAlign":1,"_N$verticalAlign":1}],"_prefab":{"__type__":"cc.PrefabInfo","root":{"__id__":1},"asset":{"__uuid__":"bazPML7WhJ66a16v1bCwJU"},"fileId":"a23B4MdG9ABpLfsbphGdDs"},"_contentSize":{"__type__":"cc.Size","width":33.6,"height":16},"_trs":{"__type__":"TypedArray","ctor":"Float64Array","array":[0,0,0,0,0,0,1,1,1,1]}},{"__type__":"cc.Node","_name":"lab_name","_parent":{"__id__":1},"_components":[{"__type__":"cc.Label","node":{"__id__":5},"_materials":[{"__uuid__":"ecpdLyjvZBwrvm+cedCcQy"}],"_useOriginalSize":false,"_string":"名字","_N$string":"名字","_fontSize":25,"_lineHeight":30,"_N$file":{"__uuid__":"farb0WbWZMgrGmuICOt0MU"},"_isSystemFontUsed":false,"_N$horizontalAlign":1,"_N$verticalAlign":1,"_N$cacheMode":2}],"_prefab":{"__type__":"cc.PrefabInfo","root":{"__id__":1},"asset":{"__uuid__":"bazPML7WhJ66a16v1bCwJU"},"fileId":"743gL/BmFA9pHFOiRd15hh"},"_contentSize":{"__type__":"cc.Size","width":50,"height":30},"_trs":{"__type__":"TypedArray","ctor":"Float64Array","array":[-21,26,0,0,0,0,1,1,1,1]}},{"__type__":"cc.Node","_name":"layout_footer","_parent":{"__id__":1},"_children":[{"__id__":7},{"__id__":8}],"_components":[{"__type__":"cc.Layout","node":{"__id__":6},"_layoutSize":{"__type__":"cc.Size","width":400,"height":32},"_resize":1,"_N$layoutType":1}],"_prefab":{"__type__":"cc.PrefabInfo","root":{"__id__":1},"asset":{"__uuid__":"bazPML7WhJ66a16v1bCwJU"},"fileId":"76clzjc8NCdL7J46asaRVH"},"_contentSize":{"__type__":"cc.Size","width":400,"height":32},"_anchorPoint":{"__type__":"cc.Vec2","y":0.5},"_trs":{"__type__":"TypedArray","ctor":"Float64Array","array":[-130.729,-15.945,0,0,0,0,1,1,1,1]}},{"__type__":"cc.Node","_name":"lab_shanghai","_parent":{"__id__":6},"_components":[{"__type__":"41ebaVoPpRA4Kp67XEdHfZn","node":{"__id__":7},"_materials":[{"__uuid__":"ecpdLyjvZBwrvm+cedCcQy"}],"_string":"伤害:10/每秒","_N$string":"伤害:10/每秒","_fontSize":20,"_lineHeight":25,"_N$file":{"__uuid__":"farb0WbWZMgrGmuICOt0MU"},"_isSystemFontUsed":false,"_N$verticalAlign":1,"_N$overflow":1,"i18n_string":"item_tujian_1_1","i18n_params":["10"]}],"_prefab":{"__type__":"cc.PrefabInfo","root":{"__id__":1},"asset":{"__uuid__":"bazPML7WhJ66a16v1bCwJU"},"fileId":"7cSN0wsrdA/ofkyWjiCm/r"},"_color":{"__type__":"cc.Color","r":110,"g":60,"b":14},"_contentSize":{"__type__":"cc.Size","width":210,"height":31.5},"_anchorPoint":{"__type__":"cc.Vec2","y":0.5},"_trs":{"__type__":"TypedArray","ctor":"Float64Array","array":[0,0,0,0,0,0,1,1,1,1]}},{"__type__":"cc.Node","_name":"lab_shesu","_parent":{"__id__":6},"_components":[{"__type__":"41ebaVoPpRA4Kp67XEdHfZn","node":{"__id__":8},"_materials":[{"__uuid__":"ecpdLyjvZBwrvm+cedCcQy"}],"_string":"射速:2/每秒","_N$string":"射速:2/每秒","_fontSize":20,"_lineHeight":25,"_N$file":{"__uuid__":"farb0WbWZMgrGmuICOt0MU"},"_isSystemFontUsed":false,"_N$verticalAlign":1,"_N$overflow":1,"i18n_string":"item_tujian_1_2","i18n_params":["2"]}],"_prefab":{"__type__":"cc.PrefabInfo","root":{"__id__":1},"asset":{"__uuid__":"bazPML7WhJ66a16v1bCwJU"},"fileId":"05O4cGxoVE1pIJYsactPtH"},"_color":{"__type__":"cc.Color","r":110,"g":60,"b":14},"_contentSize":{"__type__":"cc.Size","width":190,"height":31.5},"_anchorPoint":{"__type__":"cc.Vec2","y":0.5},"_trs":{"__type__":"TypedArray","ctor":"Float64Array","array":[210,0,0,0,0,0,1,1,1,1]}}],{"__type__":"cc.SpriteFrame","content":{"name":"ic_lv","texture":"5c1Y1VASRHW7aBc0Y8Fa2+","rect":[389,1424,74,24],"offset":[0,0],"originalSize":[74,24],"capInsets":[0,0,0,0]}}]