[{"__type__":"cc.SpriteFrame","content":{"name":"weixin","texture":"90336MbvlPP5QPSiMSWXYo","rect":[357,310,90,36],"offset":[0,0],"originalSize":[90,36],"capInsets":[0,0,0,0]}},{"__type__":"cc.SpriteFrame","content":{"name":"btn_huang","texture":"36otX/aM1E4Zo+o68pRLtJ","rect":[367,1,146,52],"offset":[0,0],"originalSize":[150,56],"rotated":1,"capInsets":[23,15,23,16]}},[{"__type__":"cc.Prefab","_name":"tixian_layer","data":{"__id__":1}},{"__type__":"cc.Node","_name":"tixian_layer","_children":[{"__id__":2},{"__id__":3},{"__id__":51}],"_components":[{"__type__":"cc.Widget","node":{"__id__":1},"_alignFlags":45},{"__type__":"a9ca7CErDhAvZgjfljn+J1G","node":{"__id__":1},"item":{"__uuid__":"88AIq37apEbLf6vzWibZYa"}}],"_prefab":{"__type__":"cc.PrefabInfo","root":{"__id__":1},"asset":{"__uuid__":"4ag2rWcgdAMqjIR6/SCTfP"},"fileId":"63bEsl96pHEqxiFnJIO58P"},"_contentSize":{"__type__":"cc.Size","width":750,"height":1334},"_trs":{"__type__":"TypedArray","ctor":"Float64Array","array":[375,667,0,0,0,0,1,1,1,1]}},{"__type__":"cc.Node","_name":"mask","_parent":{"__id__":1},"_components":[{"__type__":"cc.Sprite","node":{"__id__":2},"_materials":[{"__uuid__":"ecpdLyjvZBwrvm+cedCcQy"}],"_spriteFrame":{"__uuid__":"a2MjXRFdtLlYQ5ouAFv/+R"},"_sizeMode":0},{"__type__":"cc.Widget","node":{"__id__":2},"_alignFlags":45,"_originalWidth":40,"_originalHeight":36},{"__type__":"cc.BlockInputEvents","node":{"__id__":2}}],"_prefab":{"__type__":"cc.PrefabInfo","root":{"__id__":1},"asset":{"__uuid__":"4ag2rWcgdAMqjIR6/SCTfP"},"fileId":"e6Tlq2afhFz4i6d9d0ZTeR"},"_opacity":130,"_color":{"__type__":"cc.Color"},"_contentSize":{"__type__":"cc.Size","width":750,"height":1334},"_trs":{"__type__":"TypedArray","ctor":"Float64Array","array":[0,0,0,0,0,0,1,1,1,1]}},{"__type__":"cc.Node","_name":"bgNode","_parent":{"__id__":1},"_children":[{"__id__":4},{"__id__":17},{"__id__":36},{"__id__":45},{"__id__":47},{"__id__":49}],"_components":[{"__type__":"cc.Sprite","node":{"__id__":3},"_materials":[{"__uuid__":"ecpdLyjvZBwrvm+cedCcQy"}],"_spriteFrame":{"__uuid__":"90OXSwKmBJvbuTKB2sdFgl"}}],"_prefab":{"__type__":"cc.PrefabInfo","root":{"__id__":1},"asset":{"__uuid__":"4ag2rWcgdAMqjIR6/SCTfP"},"fileId":"b6tdT0uMFIPL1ivConcDqj"},"_contentSize":{"__type__":"cc.Size","width":657,"height":1126},"_trs":{"__type__":"TypedArray","ctor":"Float64Array","array":[1,37,0,0,0,0,1,1,1,1]}},{"__type__":"cc.Node","_name":"topnode","_parent":{"__id__":3},"_children":[{"__id__":5},{"__id__":7},{"__id__":8},{"__id__":11},{"__id__":13},{"__id__":15},{"__id__":16}],"_components":[{"__type__":"cc.Widget","node":{"__id__":4},"_alignFlags":45}],"_prefab":{"__type__":"cc.PrefabInfo","root":{"__id__":1},"asset":{"__uuid__":"4ag2rWcgdAMqjIR6/SCTfP"},"fileId":"95MNwDx99MApc/KNmdZgsV"},"_contentSize":{"__type__":"cc.Size","width":657,"height":1126},"_trs":{"__type__":"TypedArray","ctor":"Float64Array","array":[0,0,0,0,0,0,1,1,1,1]}},{"__type__":"cc.Node","_name":"pic_tixian","_parent":{"__id__":4},"_children":[{"__id__":6}],"_components":[{"__type__":"cc.Sprite","node":{"__id__":5},"_materials":[{"__uuid__":"ecpdLyjvZBwrvm+cedCcQy"}],"_spriteFrame":{"__uuid__":"cdEvF//9tDQ7A6VuL1Xfzj"}}],"_prefab":{"__type__":"cc.PrefabInfo","root":{"__id__":1},"asset":{"__uuid__":"4ag2rWcgdAMqjIR6/SCTfP"},"fileId":"c59BirXINLbrIbstG9RD1b"},"_contentSize":{"__type__":"cc.Size","width":304,"height":110},"_trs":{"__type__":"TypedArray","ctor":"Float64Array","array":[0,528,0,0,0,0,1,1,1,1]}},{"__type__":"cc.Node","_name":"font_title","_parent":{"__id__":5},"_components":[{"__type__":"41ebaVoPpRA4Kp67XEdHfZn","node":{"__id__":6},"_materials":[{"__uuid__":"ecpdLyjvZBwrvm+cedCcQy"}],"_string":"提现","_N$string":"提现","_fontSize":50,"_lineHeight":50,"_N$file":{"__uuid__":"farb0WbWZMgrGmuICOt0MU"},"_isSystemFontUsed":false,"i18n_string":"tixian_layer_1_1"},{"__type__":"cc.LabelOutline","node":{"__id__":6},"_color":{"__type__":"cc.Color","r":117,"g":59,"b":23},"_width":5}],"_prefab":{"__type__":"cc.PrefabInfo","root":{"__id__":1},"asset":{"__uuid__":"4ag2rWcgdAMqjIR6/SCTfP"},"fileId":"a08lepykROVY8JB8kxtxU/"},"_contentSize":{"__type__":"cc.Size","width":110,"height":73},"_trs":{"__type__":"TypedArray","ctor":"Float64Array","array":[0,0,0,0,0,0,1,1,1,1]}},{"__type__":"cc.Node","_name":"yueFont","_parent":{"__id__":4},"_components":[{"__type__":"41ebaVoPpRA4Kp67XEdHfZn","node":{"__id__":7},"_materials":[{"__uuid__":"ecpdLyjvZBwrvm+cedCcQy"}],"_string":"当前余额","_N$string":"当前余额","_fontSize":24,"_lineHeight":24,"_N$file":{"__uuid__":"farb0WbWZMgrGmuICOt0MU"},"_isSystemFontUsed":false,"_N$horizontalAlign":1,"_N$verticalAlign":1,"i18n_string":"tixian_layer_1_2"}],"_prefab":{"__type__":"cc.PrefabInfo","root":{"__id__":1},"asset":{"__uuid__":"4ag2rWcgdAMqjIR6/SCTfP"},"fileId":"6aMKQD6vhPvZurIRCq3D//"},"_color":{"__type__":"cc.Color","r":120,"g":50,"b":22},"_contentSize":{"__type__":"cc.Size","width":96,"height":30.24},"_trs":{"__type__":"TypedArray","ctor":"Float64Array","array":[-8,392,0,0,0,0,1,1,1,1]}},{"__type__":"cc.Node","_name":"jiage","_parent":{"__id__":4},"_children":[{"__id__":9},{"__id__":10}],"_components":[{"__type__":"cc.Sprite","node":{"__id__":8},"_materials":[{"__uuid__":"ecpdLyjvZBwrvm+cedCcQy"}],"_spriteFrame":{"__uuid__":"a7o+JrpDtNBJ3XKA8mhgfC"}}],"_prefab":{"__type__":"cc.PrefabInfo","root":{"__id__":1},"asset":{"__uuid__":"4ag2rWcgdAMqjIR6/SCTfP"},"fileId":"e4ZGJuxpxEjJnE9Ri2fxvU"},"_contentSize":{"__type__":"cc.Size","width":230,"height":90},"_trs":{"__type__":"TypedArray","ctor":"Float64Array","array":[-1,328,0,0,0,0,1,1,1,1]}},{"__type__":"cc.Node","_name":"ic_hongbao","_parent":{"__id__":8},"_components":[{"__type__":"cc.Sprite","node":{"__id__":9},"_materials":[{"__uuid__":"ecpdLyjvZBwrvm+cedCcQy"}],"_spriteFrame":{"__uuid__":"belAQU2NpP/7JzJ6dTw0kf"}}],"_prefab":{"__type__":"cc.PrefabInfo","root":{"__id__":1},"asset":{"__uuid__":"4ag2rWcgdAMqjIR6/SCTfP"},"fileId":"8c2gfVh3dIMYkOaA4fIgUe"},"_contentSize":{"__type__":"cc.Size","width":54,"height":64},"_trs":{"__type__":"TypedArray","ctor":"Float64Array","array":[-62.23,-8.123000000000001,0,0,0,0,1,0.7,0.7,1]}},{"__type__":"cc.Node","_name":"yueData","_parent":{"__id__":8},"_components":[{"__type__":"cc.Label","node":{"__id__":10},"_materials":[{"__uuid__":"ecpdLyjvZBwrvm+cedCcQy"}],"_useOriginalSize":false,"_string":"44444","_N$string":"44444","_fontSize":30,"_lineHeight":30,"_N$horizontalAlign":1,"_N$verticalAlign":1}],"_prefab":{"__type__":"cc.PrefabInfo","root":{"__id__":1},"asset":{"__uuid__":"4ag2rWcgdAMqjIR6/SCTfP"},"fileId":"aasqduuElENIb5h7Nc0g7J"},"_contentSize":{"__type__":"cc.Size","width":83.42,"height":37.8},"_trs":{"__type__":"TypedArray","ctor":"Float64Array","array":[20,-8,0,0,0,0,1,1,1,1]}},{"__type__":"cc.Node","_name":"btn_tixianmingxi","_parent":{"__id__":4},"_children":[{"__id__":12}],"_components":[{"__type__":"cc.Sprite","node":{"__id__":11},"_materials":[{"__uuid__":"ecpdLyjvZBwrvm+cedCcQy"}],"_spriteFrame":{"__uuid__":"31m6o8ff9Kf5rbYoqd2IHI"},"_type":1,"_sizeMode":0},{"__type__":"cc.Button","node":{"__id__":11},"_normalMaterial":{"__uuid__":"ecpdLyjvZBwrvm+cedCcQy"},"zoomScale":0.9,"_N$transition":3,"transition":3}],"_prefab":{"__type__":"cc.PrefabInfo","root":{"__id__":1},"asset":{"__uuid__":"4ag2rWcgdAMqjIR6/SCTfP"},"fileId":"e7C6kSJN9De7VjZlTNkMf1"},"_contentSize":{"__type__":"cc.Size","width":120,"height":40},"_anchorPoint":{"__type__":"cc.Vec2","x":1,"y":0.5},"_trs":{"__type__":"TypedArray","ctor":"Float64Array","array":[264.757,392,0,0,0,0,1,1,1,1]}},{"__type__":"cc.Node","_name":"font_tixianmingxi","_parent":{"__id__":11},"_components":[{"__type__":"41ebaVoPpRA4Kp67XEdHfZn","node":{"__id__":12},"_materials":[{"__uuid__":"ecpdLyjvZBwrvm+cedCcQy"}],"_string":"提现明细","_N$string":"提现明细","_fontSize":20,"_lineHeight":20,"_N$file":{"__uuid__":"farb0WbWZMgrGmuICOt0MU"},"_isSystemFontUsed":false,"_N$horizontalAlign":1,"_N$verticalAlign":1}],"_prefab":{"__type__":"cc.PrefabInfo","root":{"__id__":1},"asset":{"__uuid__":"4ag2rWcgdAMqjIR6/SCTfP"},"fileId":"aaYm9RgRJMEqtVSRjpDbe1"},"_color":{"__type__":"cc.Color","r":117,"g":59,"b":23},"_contentSize":{"__type__":"cc.Size","width":80,"height":25.2},"_trs":{"__type__":"TypedArray","ctor":"Float64Array","array":[-60,0,0,0,0,0,1,1,1,1]}},{"__type__":"cc.Node","_name":"btn_tixianmingxi_en","_parent":{"__id__":4},"_children":[{"__id__":14}],"_active":false,"_components":[{"__type__":"cc.Sprite","node":{"__id__":13},"_materials":[{"__uuid__":"ecpdLyjvZBwrvm+cedCcQy"}],"_spriteFrame":{"__uuid__":"31m6o8ff9Kf5rbYoqd2IHI"},"_type":1,"_sizeMode":0},{"__type__":"cc.Button","node":{"__id__":13},"_normalMaterial":{"__uuid__":"ecpdLyjvZBwrvm+cedCcQy"},"zoomScale":0.9,"_N$transition":3,"transition":3}],"_prefab":{"__type__":"cc.PrefabInfo","root":{"__id__":1},"asset":{"__uuid__":"4ag2rWcgdAMqjIR6/SCTfP"},"fileId":"b9Dq54LcJApLyJLecYOQR2"},"_contentSize":{"__type__":"cc.Size","width":209,"height":40},"_trs":{"__type__":"TypedArray","ctor":"Float64Array","array":[175.757,392,0,0,0,0,1,1,1,1]}},{"__type__":"cc.Node","_name":"font_tixianmingxi_en","_parent":{"__id__":13},"_components":[{"__type__":"cc.Label","node":{"__id__":14},"_materials":[{"__uuid__":"ecpdLyjvZBwrvm+cedCcQy"}],"_string":"نەخلەشتۈرۈش خاتىرىسى","_N$string":"نەخلەشتۈرۈش خاتىرىسى","_fontSize":20,"_lineHeight":20,"_N$file":{"__uuid__":"farb0WbWZMgrGmuICOt0MU"},"_isSystemFontUsed":false,"_N$horizontalAlign":1,"_N$verticalAlign":1,"_N$overflow":1}],"_prefab":{"__type__":"cc.PrefabInfo","root":{"__id__":1},"asset":{"__uuid__":"4ag2rWcgdAMqjIR6/SCTfP"},"fileId":"d2oHu3y0NK4q5Sgk9rv2x3"},"_color":{"__type__":"cc.Color","r":117,"g":59,"b":23},"_contentSize":{"__type__":"cc.Size","width":200.99,"height":25.2},"_trs":{"__type__":"TypedArray","ctor":"Float64Array","array":[-3,0,0,0,0,0,1,1,1,1]}},{"__type__":"cc.Node","_name":"hsData","_parent":{"__id__":4},"_components":[{"__type__":"cc.Label","node":{"__id__":15},"_materials":[{"__uuid__":"ecpdLyjvZBwrvm+cedCcQy"}],"_useOriginalSize":false,"_string":"≈4.48","_N$string":"≈4.48","_fontSize":25,"_lineHeight":25,"_N$horizontalAlign":1,"_N$verticalAlign":1}],"_prefab":{"__type__":"cc.PrefabInfo","root":{"__id__":1},"asset":{"__uuid__":"4ag2rWcgdAMqjIR6/SCTfP"},"fileId":"1dYHnTkYRNGZEeJU0RotMa"},"_color":{"__type__":"cc.Color","r":252,"g":12,"b":38},"_contentSize":{"__type__":"cc.Size","width":62.38,"height":31.5},"_trs":{"__type__":"TypedArray","ctor":"Float64Array","array":[-7,264,0,0,0,0,1,1,1,1]}},{"__type__":"cc.Node","_name":"pic_xuxian","_parent":{"__id__":4},"_components":[{"__type__":"cc.Sprite","node":{"__id__":16},"_materials":[{"__uuid__":"ecpdLyjvZBwrvm+cedCcQy"}],"_spriteFrame":{"__uuid__":"58lqQ3M/BHhKOGN333Mg8O"}}],"_prefab":{"__type__":"cc.PrefabInfo","root":{"__id__":1},"asset":{"__uuid__":"4ag2rWcgdAMqjIR6/SCTfP"},"fileId":"fclgP8XzJMQbH0eQt31eUB"},"_contentSize":{"__type__":"cc.Size","width":543,"height":1},"_trs":{"__type__":"TypedArray","ctor":"Float64Array","array":[0,229,0,0,0,0,1,1,1,1]}},{"__type__":"cc.Node","_name":"ScrollView","_parent":{"__id__":3},"_children":[{"__id__":18}],"_components":[{"__type__":"cc.ScrollView","node":{"__id__":17},"horizontal":false,"inertia":false,"brake":0.75,"elastic":false,"bounceDuration":0.23,"_N$content":{"__id__":19},"content":{"__id__":19},"_N$horizontalScrollBar":null,"_N$verticalScrollBar":null}],"_prefab":{"__type__":"cc.PrefabInfo","root":{"__id__":1},"asset":{"__uuid__":"4ag2rWcgdAMqjIR6/SCTfP"},"fileId":"0doEnTtrROu6++8anLbKE/"},"_contentSize":{"__type__":"cc.Size","width":590,"height":500},"_trs":{"__type__":"TypedArray","ctor":"Float64Array","array":[0,-30,0,0,0,0,1,1,1,1]}},{"__type__":"cc.Node","_name":"view","_parent":{"__id__":17},"_children":[{"__id__":19}],"_components":[{"__type__":"cc.Mask","node":{"__id__":18},"_materials":[{"__uuid__":"ecpdLyjvZBwrvm+cedCcQy"}],"_N$alphaThreshold":0},{"__type__":"cc.Widget","node":{"__id__":18},"_alignFlags":45,"_originalWidth":240,"_originalHeight":250}],"_prefab":{"__type__":"cc.PrefabInfo","root":{"__id__":1},"asset":{"__uuid__":"4ag2rWcgdAMqjIR6/SCTfP"},"fileId":"fcBjC5EkxMFobURArG+rHU"},"_contentSize":{"__type__":"cc.Size","width":590,"height":500},"_anchorPoint":{"__type__":"cc.Vec2","x":0.5,"y":1},"_trs":{"__type__":"TypedArray","ctor":"Float64Array","array":[0,250,0,0,0,0,1,1,1,1]}},{"__type__":"cc.Node","_name":"content","_parent":{"__id__":18},"_children":[{"__id__":20},{"__id__":30},{"__id__":33}],"_components":[{"__type__":"cc.Layout","node":{"__id__":19},"_layoutSize":{"__type__":"cc.Size","width":590,"height":103.2},"_resize":1,"_N$layoutType":2},{"__type__":"cc.Widget","node":{"__id__":19},"_alignFlags":40,"_originalWidth":220}],"_prefab":{"__type__":"cc.PrefabInfo","root":{"__id__":1},"asset":{"__uuid__":"4ag2rWcgdAMqjIR6/SCTfP"},"fileId":"99GMTq2hBApIpCsp0ZeNe8"},"_contentSize":{"__type__":"cc.Size","width":590,"height":103.2},"_anchorPoint":{"__type__":"cc.Vec2","x":0.5,"y":1},"_trs":{"__type__":"TypedArray","ctor":"Float64Array","array":[0,0,0,0,0,0,1,1,1,1]}},{"__type__":"cc.Node","_name":"item1","_parent":{"__id__":19},"_children":[{"__id__":21},{"__id__":22}],"_active":false,"_prefab":{"__type__":"cc.PrefabInfo","root":{"__id__":1},"asset":{"__uuid__":"4ag2rWcgdAMqjIR6/SCTfP"},"fileId":"28hkmkANFAc70i4BuhIMrN"},"_color":{"__type__":"cc.Color"},"_contentSize":{"__type__":"cc.Size","width":590,"height":120},"_trs":{"__type__":"TypedArray","ctor":"Float64Array","array":[0,-60,0,0,0,0,1,1,1,1]}},{"__type__":"cc.Node","_name":"itemfont1","_parent":{"__id__":20},"_components":[{"__type__":"41ebaVoPpRA4Kp67XEdHfZn","node":{"__id__":21},"_materials":[{"__uuid__":"ecpdLyjvZBwrvm+cedCcQy"}],"_string":"提现方式","_N$string":"提现方式","_fontSize":20,"_lineHeight":20,"_N$file":{"__uuid__":"farb0WbWZMgrGmuICOt0MU"},"_isSystemFontUsed":false,"_N$horizontalAlign":1,"_N$verticalAlign":1,"i18n_string":"tixian_layer_1_4"}],"_prefab":{"__type__":"cc.PrefabInfo","root":{"__id__":1},"asset":{"__uuid__":"4ag2rWcgdAMqjIR6/SCTfP"},"fileId":"00gqim5YNFBprOoL//S+/a"},"_color":{"__type__":"cc.Color","r":120,"g":50,"b":22},"_contentSize":{"__type__":"cc.Size","width":80,"height":25.2},"_anchorPoint":{"__type__":"cc.Vec2","y":0.5},"_trs":{"__type__":"TypedArray","ctor":"Float64Array","array":[-260,36,0,0,0,0,1,1,1,1]}},{"__type__":"cc.Node","_name":"dx1","_parent":{"__id__":20},"_children":[{"__id__":23}],"_components":[{"__type__":"cc.ToggleContainer","node":{"__id__":22},"_enabled":false}],"_prefab":{"__type__":"cc.PrefabInfo","root":{"__id__":1},"asset":{"__uuid__":"4ag2rWcgdAMqjIR6/SCTfP"},"fileId":"05jRz250lF34UsP8Nr0ATj"},"_contentSize":{"__type__":"cc.Size","width":221,"height":61},"_trs":{"__type__":"TypedArray","ctor":"Float64Array","array":[-150,-19,0,0,0,0,1,1,1,1]}},{"__type__":"cc.Node","_name":"toggle1","_parent":{"__id__":22},"_children":[{"__id__":24},{"__id__":25},{"__id__":28},{"__id__":29}],"_components":[{"__type__":"cc.Toggle","node":{"__id__":23},"_normalMaterial":{"__uuid__":"ecpdLyjvZBwrvm+cedCcQy"},"_N$interactable":false,"_N$transition":3,"transition":3,"_N$normalColor":{"__type__":"cc.Color","r":214,"g":214,"b":214},"_N$target":{"__id__":23},"checkMark":{"__id__":27}}],"_prefab":{"__type__":"cc.PrefabInfo","root":{"__id__":1},"asset":{"__uuid__":"4ag2rWcgdAMqjIR6/SCTfP"},"fileId":"afke2g3vNE+7ifGh15Ip0d"},"_contentSize":{"__type__":"cc.Size","width":166,"height":62},"_trs":{"__type__":"TypedArray","ctor":"Float64Array","array":[-29,1,0,0,0,0,1,1,1,1]}},{"__type__":"cc.Node","_name":"Background","_parent":{"__id__":23},"_components":[{"__type__":"cc.Sprite","node":{"__id__":24},"_materials":[{"__uuid__":"ecpdLyjvZBwrvm+cedCcQy"}],"_spriteFrame":{"__uuid__":"9fJVy3bQFOq5HFp1zG5RSV"},"_type":1,"_isTrimmedMode":false}],"_prefab":{"__type__":"cc.PrefabInfo","root":{"__id__":1},"asset":{"__uuid__":"4ag2rWcgdAMqjIR6/SCTfP"},"fileId":"feUvCQzT5F8LyEnfvdgR3P"},"_contentSize":{"__type__":"cc.Size","width":170,"height":68},"_trs":{"__type__":"TypedArray","ctor":"Float64Array","array":[0,0,0,0,0,0,1,1,1,1]}},{"__type__":"cc.Node","_name":"checkmark","_parent":{"__id__":23},"_children":[{"__id__":26}],"_components":[{"__id__":27}],"_prefab":{"__type__":"cc.PrefabInfo","root":{"__id__":1},"asset":{"__uuid__":"4ag2rWcgdAMqjIR6/SCTfP"},"fileId":"59Ikr+h5FDOLgS6tlrAZfu"},"_contentSize":{"__type__":"cc.Size","width":166,"height":62},"_trs":{"__type__":"TypedArray","ctor":"Float64Array","array":[0,1,0,0,0,0,1,1,1,1]}},{"__type__":"cc.Node","_name":"pic_duihao","_parent":{"__id__":25},"_components":[{"__type__":"cc.Sprite","node":{"__id__":26},"_materials":[{"__uuid__":"ecpdLyjvZBwrvm+cedCcQy"}],"_spriteFrame":{"__uuid__":"6fWzCheOdPuogJlES3duys"}}],"_prefab":{"__type__":"cc.PrefabInfo","root":{"__id__":1},"asset":{"__uuid__":"4ag2rWcgdAMqjIR6/SCTfP"},"fileId":"e5xl7B9nVD5p9uckHDK5s1"},"_contentSize":{"__type__":"cc.Size","width":28,"height":24},"_trs":{"__type__":"TypedArray","ctor":"Float64Array","array":[63,17,0,0,0,0,1,1,1,1]}},{"__type__":"cc.Sprite","node":{"__id__":25},"_materials":[{"__uuid__":"ecpdLyjvZBwrvm+cedCcQy"}],"_spriteFrame":{"__uuid__":"a5OPtgk8BNi5JKw9cBaoBp"},"_sizeMode":0,"_isTrimmedMode":false},{"__type__":"cc.Node","_name":"weixin","_parent":{"__id__":23},"_components":[{"__type__":"cc.Sprite","node":{"__id__":28},"_materials":[{"__uuid__":"ecpdLyjvZBwrvm+cedCcQy"}],"_spriteFrame":{"__uuid__":"2fr314pmxGH6zEgdC1woUf"}}],"_prefab":{"__type__":"cc.PrefabInfo","root":{"__id__":1},"asset":{"__uuid__":"4ag2rWcgdAMqjIR6/SCTfP"},"fileId":"89SyGS0Y1FhblOWtVY+KH2"},"_contentSize":{"__type__":"cc.Size","width":90,"height":36},"_trs":{"__type__":"TypedArray","ctor":"Float64Array","array":[-8.336,2,0,0,0,0,1,1.1,1.1,1.1]}},{"__type__":"cc.Node","_name":"font_wx","_parent":{"__id__":23},"_components":[{"__type__":"cc.Label","node":{"__id__":29},"_materials":[{"__uuid__":"ecpdLyjvZBwrvm+cedCcQy"}],"_useOriginalSize":false,"_string":"微信","_N$string":"微信","_fontSize":25,"_lineHeight":25,"_N$horizontalAlign":1,"_N$verticalAlign":1}],"_prefab":{"__type__":"cc.PrefabInfo","root":{"__id__":1},"asset":{"__uuid__":"4ag2rWcgdAMqjIR6/SCTfP"},"fileId":"8eII8UWHtPqqi9fcWltCbJ"},"_contentSize":{"__type__":"cc.Size","width":50,"height":31.5},"_trs":{"__type__":"TypedArray","ctor":"Float64Array","array":[20.764,0,0,0,0,0,1,1,1,1]}},{"__type__":"cc.Node","_name":"item2","_parent":{"__id__":19},"_children":[{"__id__":31},{"__id__":32}],"_active":false,"_components":[{"__type__":"cc.Layout","node":{"__id__":30},"_layoutSize":{"__type__":"cc.Size","width":590,"height":105.2},"_resize":1,"_N$layoutType":2,"_N$paddingTop":10,"_N$paddingBottom":20,"_N$spacingY":17}],"_prefab":{"__type__":"cc.PrefabInfo","root":{"__id__":1},"asset":{"__uuid__":"4ag2rWcgdAMqjIR6/SCTfP"},"fileId":"b8CqfxRzhE+Z32zIhC9kSQ"},"_color":{"__type__":"cc.Color"},"_contentSize":{"__type__":"cc.Size","width":590,"height":105.2},"_trs":{"__type__":"TypedArray","ctor":"Float64Array","array":[0,-172.6,0,0,0,0,1,1,1,1]}},{"__type__":"cc.Node","_name":"itemfont2","_parent":{"__id__":30},"_components":[{"__type__":"41ebaVoPpRA4Kp67XEdHfZn","node":{"__id__":31},"_materials":[{"__uuid__":"ecpdLyjvZBwrvm+cedCcQy"}],"_string":"快速提现","_N$string":"快速提现","_fontSize":20,"_lineHeight":20,"_N$file":{"__uuid__":"farb0WbWZMgrGmuICOt0MU"},"_isSystemFontUsed":false,"_N$horizontalAlign":1,"_N$verticalAlign":1,"i18n_string":"tixian_layer_1_5"}],"_prefab":{"__type__":"cc.PrefabInfo","root":{"__id__":1},"asset":{"__uuid__":"4ag2rWcgdAMqjIR6/SCTfP"},"fileId":"32mBbRETZEw7er8/ls/VGp"},"_color":{"__type__":"cc.Color","r":120,"g":50,"b":22},"_contentSize":{"__type__":"cc.Size","width":80,"height":25.2},"_anchorPoint":{"__type__":"cc.Vec2","y":0.5},"_trs":{"__type__":"TypedArray","ctor":"Float64Array","array":[-260,30,0,0,0,0,1,1,1,1]}},{"__type__":"cc.Node","_name":"item2Layout","_parent":{"__id__":30},"_components":[{"__type__":"cc.Layout","node":{"__id__":32},"_layoutSize":{"__type__":"cc.Size","width":590,"height":33},"_resize":1,"_N$layoutType":3,"_N$paddingLeft":30,"_N$spacingX":23,"_N$spacingY":33}],"_prefab":{"__type__":"cc.PrefabInfo","root":{"__id__":1},"asset":{"__uuid__":"4ag2rWcgdAMqjIR6/SCTfP"},"fileId":"e0/DjIHfxATbss+GSNcivX"},"_contentSize":{"__type__":"cc.Size","width":590,"height":33},"_trs":{"__type__":"TypedArray","ctor":"Float64Array","array":[0,-16.1,0,0,0,0,1,1,1,1]}},{"__type__":"cc.Node","_name":"item3","_parent":{"__id__":19},"_children":[{"__id__":34},{"__id__":35}],"_components":[{"__type__":"cc.Layout","node":{"__id__":33},"_layoutSize":{"__type__":"cc.Size","width":590,"height":103.2},"_resize":1,"_N$layoutType":2,"_N$paddingTop":10,"_N$paddingBottom":20,"_N$spacingY":15}],"_prefab":{"__type__":"cc.PrefabInfo","root":{"__id__":1},"asset":{"__uuid__":"4ag2rWcgdAMqjIR6/SCTfP"},"fileId":"5chnreO79HULPJmuMzHeh6"},"_color":{"__type__":"cc.Color"},"_contentSize":{"__type__":"cc.Size","width":590,"height":103.2},"_trs":{"__type__":"TypedArray","ctor":"Float64Array","array":[0,-51.6,0,0,0,0,1,1,1,1]}},{"__type__":"cc.Node","_name":"itemfont3","_parent":{"__id__":33},"_components":[{"__type__":"41ebaVoPpRA4Kp67XEdHfZn","node":{"__id__":34},"_materials":[{"__uuid__":"ecpdLyjvZBwrvm+cedCcQy"}],"_string":"提现金额","_N$string":"提现金额","_fontSize":20,"_lineHeight":20,"_N$file":{"__uuid__":"farb0WbWZMgrGmuICOt0MU"},"_isSystemFontUsed":false,"_N$horizontalAlign":1,"_N$verticalAlign":1,"i18n_string":"tixian_layer_1_6"}],"_prefab":{"__type__":"cc.PrefabInfo","root":{"__id__":1},"asset":{"__uuid__":"4ag2rWcgdAMqjIR6/SCTfP"},"fileId":"869axfM2BC377JD4gzSH6X"},"_color":{"__type__":"cc.Color","r":120,"g":50,"b":22},"_contentSize":{"__type__":"cc.Size","width":80,"height":25.2},"_anchorPoint":{"__type__":"cc.Vec2","y":0.5},"_trs":{"__type__":"TypedArray","ctor":"Float64Array","array":[-260,29,0,0,0,0,1,1,1,1]}},{"__type__":"cc.Node","_name":"item3Layout","_parent":{"__id__":33},"_components":[{"__type__":"cc.Layout","node":{"__id__":35},"_layoutSize":{"__type__":"cc.Size","width":590,"height":33},"_resize":1,"_N$layoutType":3,"_N$paddingLeft":30,"_N$spacingX":23,"_N$spacingY":33}],"_prefab":{"__type__":"cc.PrefabInfo","root":{"__id__":1},"asset":{"__uuid__":"4ag2rWcgdAMqjIR6/SCTfP"},"fileId":"9biwsuAI5Hd6kn+NF7ijiJ"},"_contentSize":{"__type__":"cc.Size","width":590,"height":33},"_trs":{"__type__":"TypedArray","ctor":"Float64Array","array":[0,-15.100000000000001,0,0,0,0,1,1,1,1]}},{"__type__":"cc.Node","_name":"footernode","_parent":{"__id__":3},"_children":[{"__id__":37},{"__id__":38},{"__id__":39},{"__id__":40},{"__id__":41},{"__id__":43}],"_active":false,"_components":[{"__type__":"cc.Widget","node":{"__id__":36},"_alignFlags":45}],"_prefab":{"__type__":"cc.PrefabInfo","root":{"__id__":1},"asset":{"__uuid__":"4ag2rWcgdAMqjIR6/SCTfP"},"fileId":"4aRsydItJHep8U/HoWcwcj"},"_contentSize":{"__type__":"cc.Size","width":657,"height":1126},"_trs":{"__type__":"TypedArray","ctor":"Float64Array","array":[0,0,0,0,0,0,1,1,1,1]}},{"__type__":"cc.Node","_name":"pic_xuxian1","_parent":{"__id__":36},"_components":[{"__type__":"cc.Sprite","node":{"__id__":37},"_materials":[{"__uuid__":"ecpdLyjvZBwrvm+cedCcQy"}],"_spriteFrame":{"__uuid__":"58lqQ3M/BHhKOGN333Mg8O"}}],"_prefab":{"__type__":"cc.PrefabInfo","root":{"__id__":1},"asset":{"__uuid__":"4ag2rWcgdAMqjIR6/SCTfP"},"fileId":"c1j1cmp3RDbImp6mkBAYfK"},"_contentSize":{"__type__":"cc.Size","width":543,"height":1},"_trs":{"__type__":"TypedArray","ctor":"Float64Array","array":[0,-289,0,0,0,0,1,1,1,1]}},{"__type__":"cc.Node","_name":"footerfont","_parent":{"__id__":36},"_components":[{"__type__":"41ebaVoPpRA4Kp67XEdHfZn","node":{"__id__":38},"_materials":[{"__uuid__":"ecpdLyjvZBwrvm+cedCcQy"}],"_string":"提现要求","_N$string":"提现要求","_fontSize":20,"_lineHeight":20,"_N$file":{"__uuid__":"farb0WbWZMgrGmuICOt0MU"},"_isSystemFontUsed":false,"_N$horizontalAlign":1,"_N$verticalAlign":1,"i18n_string":"tixian_layer_1_7"}],"_prefab":{"__type__":"cc.PrefabInfo","root":{"__id__":1},"asset":{"__uuid__":"4ag2rWcgdAMqjIR6/SCTfP"},"fileId":"3b8xgnfrpCIoOQrrdpzmhh"},"_color":{"__type__":"cc.Color","r":120,"g":50,"b":22},"_contentSize":{"__type__":"cc.Size","width":80,"height":25.2},"_anchorPoint":{"__type__":"cc.Vec2","y":0.5},"_trs":{"__type__":"TypedArray","ctor":"Float64Array","array":[-262,-326,0,0,0,0,1,1,1,1]}},{"__type__":"cc.Node","_name":"lab_qiandao_cishu","_parent":{"__id__":36},"_components":[{"__type__":"41ebaVoPpRA4Kp67XEdHfZn","node":{"__id__":39},"_materials":[{"__uuid__":"ecpdLyjvZBwrvm+cedCcQy"}],"_string":"需要签到#0次，已签到 #1","_N$string":"需要签到#0次，已签到 #1","_fontSize":20,"_lineHeight":25,"_N$file":{"__uuid__":"farb0WbWZMgrGmuICOt0MU"},"_isSystemFontUsed":false,"_N$verticalAlign":1,"_N$overflow":3,"i18n_string":"tixian_layer_1_8"}],"_prefab":{"__type__":"cc.PrefabInfo","root":{"__id__":1},"asset":{"__uuid__":"4ag2rWcgdAMqjIR6/SCTfP"},"fileId":"baVdb5OPxHXYkfjj5SOJsU"},"_color":{"__type__":"cc.Color","r":120,"g":50,"b":22},"_contentSize":{"__type__":"cc.Size","width":349,"height":31.5},"_anchorPoint":{"__type__":"cc.Vec2","y":0.5},"_trs":{"__type__":"TypedArray","ctor":"Float64Array","array":[-262,-371,0,0,0,0,1,1,1,1]}},{"__type__":"cc.Node","_name":"lab_qiandao_wancheng","_parent":{"__id__":36},"_active":false,"_components":[{"__type__":"41ebaVoPpRA4Kp67XEdHfZn","node":{"__id__":40},"_materials":[{"__uuid__":"ecpdLyjvZBwrvm+cedCcQy"}],"_string":"满足条件","_N$string":"满足条件","_fontSize":20,"_lineHeight":20}],"_prefab":{"__type__":"cc.PrefabInfo","root":{"__id__":1},"asset":{"__uuid__":"4ag2rWcgdAMqjIR6/SCTfP"},"fileId":"d6EF/qxNFER7hdJPfI9Crw"},"_color":{"__type__":"cc.Color","r":120,"g":50,"b":22},"_contentSize":{"__type__":"cc.Size","width":80,"height":25.2},"_anchorPoint":{"__type__":"cc.Vec2","y":0.5},"_trs":{"__type__":"TypedArray","ctor":"Float64Array","array":[-262,-363,0,0,0,0,1,1,1,1]}},{"__type__":"cc.Node","_name":"btn_qiandao","_parent":{"__id__":36},"_children":[{"__id__":42}],"_components":[{"__type__":"cc.Sprite","node":{"__id__":41},"_materials":[{"__uuid__":"ecpdLyjvZBwrvm+cedCcQy"}],"_spriteFrame":{"__uuid__":"31m6o8ff9Kf5rbYoqd2IHI"},"_sizeMode":0},{"__type__":"cc.Button","node":{"__id__":41},"_normalMaterial":{"__uuid__":"ecpdLyjvZBwrvm+cedCcQy"},"zoomScale":0.9,"_N$transition":3,"transition":3}],"_prefab":{"__type__":"cc.PrefabInfo","root":{"__id__":1},"asset":{"__uuid__":"4ag2rWcgdAMqjIR6/SCTfP"},"fileId":"aaRly/PWpAtIceFVRCUOV4"},"_contentSize":{"__type__":"cc.Size","width":118,"height":44},"_trs":{"__type__":"TypedArray","ctor":"Float64Array","array":[198,-396,0,0,0,0,1,1,1,1]}},{"__type__":"cc.Node","_name":"font_qiandao","_parent":{"__id__":41},"_components":[{"__type__":"41ebaVoPpRA4Kp67XEdHfZn","node":{"__id__":42},"_materials":[{"__uuid__":"ecpdLyjvZBwrvm+cedCcQy"}],"_string":"签到","_N$string":"签到","_fontSize":20,"_lineHeight":20,"_N$file":{"__uuid__":"farb0WbWZMgrGmuICOt0MU"},"_isSystemFontUsed":false,"_N$horizontalAlign":1,"_N$verticalAlign":1,"i18n_string":"tixian_layer_1_9"}],"_prefab":{"__type__":"cc.PrefabInfo","root":{"__id__":1},"asset":{"__uuid__":"4ag2rWcgdAMqjIR6/SCTfP"},"fileId":"27qUhKT8pAKryHkTXFggcC"},"_color":{"__type__":"cc.Color","r":117,"g":59,"b":23},"_contentSize":{"__type__":"cc.Size","width":40,"height":25.2},"_trs":{"__type__":"TypedArray","ctor":"Float64Array","array":[0,0,0,0,0,0,1,1,1,1]}},{"__type__":"cc.Node","_name":"btn_daka","_parent":{"__id__":36},"_children":[{"__id__":44}],"_components":[{"__type__":"cc.Sprite","node":{"__id__":43},"_materials":[{"__uuid__":"ecpdLyjvZBwrvm+cedCcQy"}],"_spriteFrame":{"__uuid__":"8bC0FXpN1ED7Lr21Sks+UZ"},"_sizeMode":0},{"__type__":"cc.Button","node":{"__id__":43},"_normalMaterial":{"__uuid__":"ecpdLyjvZBwrvm+cedCcQy"},"zoomScale":0.9,"_N$transition":3,"transition":3}],"_prefab":{"__type__":"cc.PrefabInfo","root":{"__id__":1},"asset":{"__uuid__":"4ag2rWcgdAMqjIR6/SCTfP"},"fileId":"3fz3P/62pIjLRfPBzYGa9m"},"_contentSize":{"__type__":"cc.Size","width":118,"height":44},"_trs":{"__type__":"TypedArray","ctor":"Float64Array","array":[198,-396,0,0,0,0,1,1,1,1]}},{"__type__":"cc.Node","_name":"font_daka","_parent":{"__id__":43},"_components":[{"__type__":"41ebaVoPpRA4Kp67XEdHfZn","node":{"__id__":44},"_materials":[{"__uuid__":"ecpdLyjvZBwrvm+cedCcQy"}],"_string":"打卡","_N$string":"打卡","_fontSize":20,"_lineHeight":20,"_N$file":{"__uuid__":"farb0WbWZMgrGmuICOt0MU"},"_isSystemFontUsed":false,"_N$horizontalAlign":1,"_N$verticalAlign":1,"_N$overflow":1,"i18n_string":"tixian_layer_3_1"}],"_prefab":{"__type__":"cc.PrefabInfo","root":{"__id__":1},"asset":{"__uuid__":"4ag2rWcgdAMqjIR6/SCTfP"},"fileId":"d74t4UnJhKpKsZWDSDudVN"},"_contentSize":{"__type__":"cc.Size","width":92.3,"height":29.2},"_trs":{"__type__":"TypedArray","ctor":"Float64Array","array":[0,0,0,0,0,0,1,1,1,1]}},{"__type__":"cc.Node","_name":"btn_anniu","_parent":{"__id__":3},"_children":[{"__id__":46}],"_components":[{"__type__":"cc.Sprite","node":{"__id__":45},"_materials":[{"__uuid__":"ecpdLyjvZBwrvm+cedCcQy"}],"_spriteFrame":{"__uuid__":"91KIo3vodMNJmgElFjOIyf"},"_sizeMode":0},{"__type__":"cc.Button","node":{"__id__":45},"_normalMaterial":{"__uuid__":"ecpdLyjvZBwrvm+cedCcQy"},"zoomScale":0.9,"_N$transition":3,"transition":3}],"_prefab":{"__type__":"cc.PrefabInfo","root":{"__id__":1},"asset":{"__uuid__":"4ag2rWcgdAMqjIR6/SCTfP"},"fileId":"69h5eJPBhOnoM59bzIaurJ"},"_contentSize":{"__type__":"cc.Size","width":231,"height":80},"_trs":{"__type__":"TypedArray","ctor":"Float64Array","array":[-17,-489,0,0,0,0,1,1,1,1]}},{"__type__":"cc.Node","_name":"btn_anniufont","_parent":{"__id__":45},"_components":[{"__type__":"41ebaVoPpRA4Kp67XEdHfZn","node":{"__id__":46},"_materials":[{"__uuid__":"ecpdLyjvZBwrvm+cedCcQy"}],"_string":"立即提现","_N$string":"立即提现","_fontSize":30,"_N$file":{"__uuid__":"farb0WbWZMgrGmuICOt0MU"},"_isSystemFontUsed":false,"_N$horizontalAlign":1,"_N$verticalAlign":1,"_N$overflow":2,"i18n_string":"tixian_layer_1_10"},{"__type__":"cc.LabelOutline","node":{"__id__":46},"_color":{"__type__":"cc.Color","r":49,"g":26,"b":10},"_width":2}],"_prefab":{"__type__":"cc.PrefabInfo","root":{"__id__":1},"asset":{"__uuid__":"4ag2rWcgdAMqjIR6/SCTfP"},"fileId":"7ebFdcl1tABpgJhTfFRahq"},"_contentSize":{"__type__":"cc.Size","width":125,"height":41.8},"_trs":{"__type__":"TypedArray","ctor":"Float64Array","array":[1,1,0,0,0,0,1,1,1,1]}},{"__type__":"cc.Node","_name":"btn_huanpao","_parent":{"__id__":3},"_children":[{"__id__":48}],"_components":[{"__type__":"cc.Sprite","node":{"__id__":47},"_materials":[{"__uuid__":"ecpdLyjvZBwrvm+cedCcQy"}],"_spriteFrame":{"__uuid__":"8bC0FXpN1ED7Lr21Sks+UZ"},"_type":1},{"__type__":"cc.Button","node":{"__id__":47},"_normalMaterial":{"__uuid__":"ecpdLyjvZBwrvm+cedCcQy"},"zoomScale":0.9,"_N$transition":3,"transition":3}],"_prefab":{"__type__":"cc.PrefabInfo","root":{"__id__":1},"asset":{"__uuid__":"4ag2rWcgdAMqjIR6/SCTfP"},"fileId":"2b8SL5HQBCTqioEaFE0nWl"},"_contentSize":{"__type__":"cc.Size","width":118,"height":52},"_trs":{"__type__":"TypedArray","ctor":"Float64Array","array":[205,-490,0,0,0,0,1,1,1,1]}},{"__type__":"cc.Node","_name":"font_huanfen_hongpao","_parent":{"__id__":47},"_components":[{"__type__":"41ebaVoPpRA4Kp67XEdHfZn","node":{"__id__":48},"_materials":[{"__uuid__":"ecpdLyjvZBwrvm+cedCcQy"}],"_string":"换分红炮","_N$string":"换分红炮","_fontSize":20,"_lineHeight":20,"_N$file":{"__uuid__":"farb0WbWZMgrGmuICOt0MU"},"_isSystemFontUsed":false,"_N$horizontalAlign":1,"_N$verticalAlign":1}],"_prefab":{"__type__":"cc.PrefabInfo","root":{"__id__":1},"asset":{"__uuid__":"4ag2rWcgdAMqjIR6/SCTfP"},"fileId":"1bimoiupZFA7kqCFInigLb"},"_contentSize":{"__type__":"cc.Size","width":80,"height":25.2},"_trs":{"__type__":"TypedArray","ctor":"Float64Array","array":[0,0,0,0,0,0,1,1,1,1]}},{"__type__":"cc.Node","_name":"btn_huanpao_en","_parent":{"__id__":3},"_children":[{"__id__":50}],"_active":false,"_components":[{"__type__":"cc.Sprite","node":{"__id__":49},"_materials":[{"__uuid__":"ecpdLyjvZBwrvm+cedCcQy"}],"_spriteFrame":{"__uuid__":"8bC0FXpN1ED7Lr21Sks+UZ"},"_type":1,"_sizeMode":0},{"__type__":"cc.Button","node":{"__id__":49},"_normalMaterial":{"__uuid__":"ecpdLyjvZBwrvm+cedCcQy"},"zoomScale":0.9,"_N$transition":3,"transition":3}],"_prefab":{"__type__":"cc.PrefabInfo","root":{"__id__":1},"asset":{"__uuid__":"4ag2rWcgdAMqjIR6/SCTfP"},"fileId":"60z3EOHTVOIY9UeBz0nAY1"},"_contentSize":{"__type__":"cc.Size","width":170,"height":52},"_trs":{"__type__":"TypedArray","ctor":"Float64Array","array":[205,-490,0,0,0,0,1,1,1,1]}},{"__type__":"cc.Node","_name":"font_huanfen_hongpao_en","_parent":{"__id__":49},"_components":[{"__type__":"cc.Label","node":{"__id__":50},"_materials":[{"__uuid__":"ecpdLyjvZBwrvm+cedCcQy"}],"_string":"پايدا ئايرىش\nزەمبىرىكىگە ئالماشتۇرۇش","_N$string":"پايدا ئايرىش\nزەمبىرىكىگە ئالماشتۇرۇش","_fontSize":15,"_lineHeight":20,"_N$file":{"__uuid__":"farb0WbWZMgrGmuICOt0MU"},"_isSystemFontUsed":false,"_N$horizontalAlign":1,"_N$verticalAlign":1,"_N$overflow":1}],"_prefab":{"__type__":"cc.PrefabInfo","root":{"__id__":1},"asset":{"__uuid__":"4ag2rWcgdAMqjIR6/SCTfP"},"fileId":"56b+ifY99Jc5eKF3lbv5Yq"},"_contentSize":{"__type__":"cc.Size","width":155.72,"height":49.9},"_trs":{"__type__":"TypedArray","ctor":"Float64Array","array":[-1,3,0,0,0,0,1,1,1,1]}},{"__type__":"cc.Node","_name":"ic_guanbi2","_parent":{"__id__":1},"_components":[{"__type__":"cc.Sprite","node":{"__id__":51},"_materials":[{"__uuid__":"ecpdLyjvZBwrvm+cedCcQy"}],"_spriteFrame":{"__uuid__":"5c4o7no3NMH7pZupb0latf"}},{"__type__":"cc.Button","node":{"__id__":51},"_normalMaterial":{"__uuid__":"ecpdLyjvZBwrvm+cedCcQy"},"zoomScale":0.9,"_N$transition":3,"transition":3}],"_prefab":{"__type__":"cc.PrefabInfo","root":{"__id__":1},"asset":{"__uuid__":"4ag2rWcgdAMqjIR6/SCTfP"},"fileId":"85dTDjrQVEnJ0SLuASsttp"},"_contentSize":{"__type__":"cc.Size","width":84,"height":84},"_trs":{"__type__":"TypedArray","ctor":"Float64Array","array":[288,547,0,0,0,0,1,1,1,1]}}],{"__type__":"cc.SpriteFrame","content":{"name":"pic_xuxian","texture":"90336MbvlPP5QPSiMSWXYo","rect":[1,1,543,1],"offset":[0,0],"originalSize":[543,1],"capInsets":[0,0,0,0]}},{"__type__":"cc.SpriteFrame","content":{"name":"ic_guanbi2","texture":"02krqH8i1AdZB/lC2WegR2","rect":[789,371,84,84],"offset":[0,0],"originalSize":[84,84],"capInsets":[0,0,0,0]}},{"__type__":"cc.SpriteFrame","content":{"name":"pic_duihao","texture":"90336MbvlPP5QPSiMSWXYo","rect":[539,152,28,24],"offset":[0,0],"originalSize":[28,24],"capInsets":[0,0,0,0]}},{"__type__":"cc.SpriteFrame","content":{"name":"btn_hong","texture":"36otX/aM1E4Zo+o68pRLtJ","rect":[149,113,118,52],"offset":[0,0],"originalSize":[118,52],"capInsets":[53,18,52,20]}},{"__type__":"cc.SpriteFrame","content":{"name":"bg_tixian","texture":"f0gwEr04JEgbXWCwM5SmPy","rect":[0,0,657,1126],"offset":[-0.5,0],"originalSize":[658,1126],"capInsets":[0,0,0,0]}},{"__type__":"cc.SpriteFrame","content":{"name":"btn_anniu","texture":"90336MbvlPP5QPSiMSWXYo","rect":[307,96,230,80],"offset":[0,0],"originalSize":[230,80],"capInsets":[25,0,25,0]}},{"__type__":"cc.SpriteFrame","content":{"name":"btn_weidianji","texture":"90336MbvlPP5QPSiMSWXYo","rect":[307,178,170,68],"offset":[0,0],"originalSize":[170,68],"capInsets":[81,0,81,0]}},{"__type__":"cc.SpriteFrame","content":{"name":"default_sprite_splash","texture":"02delMVqdBD70a/HSD99FK","rect":[0,0,2,2],"offset":[0,0],"originalSize":[2,2],"capInsets":[0,0,0,0]}},{"__type__":"cc.SpriteFrame","content":{"name":"btn_dianji","texture":"90336MbvlPP5QPSiMSWXYo","rect":[307,248,164,60],"offset":[0,0],"originalSize":[164,60],"capInsets":[0,0,0,0]}},{"__type__":"cc.SpriteFrame","content":{"name":"jiage","texture":"90336MbvlPP5QPSiMSWXYo","rect":[363,4,230,90],"offset":[0,0],"originalSize":[230,90],"capInsets":[32,0,33,0]}},{"__type__":"cc.SpriteFrame","content":{"name":"ic_hongbao","texture":"86sAUWEL1JA4NfjWzP3eEp","rect":[719,413,54,64],"offset":[0,0],"originalSize":[54,64],"capInsets":[0,0,0,0]}},{"__type__":"cc.SpriteFrame","content":{"name":"img_title","texture":"36otX/aM1E4Zo+o68pRLtJ","rect":[1,1,304,110],"offset":[0,0],"originalSize":[304,110],"capInsets":[0,0,0,0]}}]