[{"__type__":"cc.SpriteFrame","content":{"name":"help_4","texture":"22481VL3lHr5nrxQ8hDPjZ","rect":[0,0,500,225],"offset":[0,0],"originalSize":[500,225]}},{"__type__":"cc.SpriteFrame","content":{"name":"help_1","texture":"89kxDOqXBC94rvKuE0Bg55","rect":[0,0,500,225],"offset":[0,0],"originalSize":[500,225]}},{"__type__":"cc.SpriteFrame","content":{"name":"help_2","texture":"bbI+myKiJLsZZJZNuvB+2a","rect":[0,0,500,225],"offset":[0,0],"originalSize":[500,225]}},{"__type__":"cc.SpriteFrame","content":{"name":"help_3","texture":"acZI0ns81HIZ2yuSWbK+yV","rect":[0,0,500,225],"offset":[0,0],"originalSize":[500,225]}},{"__type__":"cc.SpriteFrame","content":{"name":"help_6","texture":"22gzYRWNlPeIT0XWg64EYW","rect":[0,0,500,225],"offset":[0,0],"originalSize":[500,225]}},[{"__type__":"cc.Prefab","_name":"HelpNode","data":{"__id__":1},"asyncLoadAssets":null},{"__type__":"cc.Node","_name":"HelpNode","_children":[{"__id__":2},{"__id__":3},{"__id__":4}],"_components":[{"__type__":"cc.Widget","node":{"__id__":1},"_alignFlags":45,"_originalWidth":750,"_originalHeight":1334},{"__type__":"722d4ogcClNc6mZeMnX7+9l","node":{"__id__":1}}],"_prefab":{"__type__":"cc.PrefabInfo","root":{"__id__":1},"asset":{"__uuid__":"81CgeAkgpKrJjy1S+hyh6T"},"fileId":"8eWFe0kkdBC7nqKxcJRpDj"},"_contentSize":{"__type__":"cc.Size","width":750,"height":1334},"_position":{"__type__":"cc.Vec2","x":375,"y":667}},{"__type__":"cc.Node","_name":"bg","_parent":{"__id__":1},"_components":[{"__type__":"cc.Sprite","node":{"__id__":2},"_spriteFrame":{"__uuid__":"a2MjXRFdtLlYQ5ouAFv/+R"},"_sizeMode":0},{"__type__":"cc.Widget","node":{"__id__":2},"_alignFlags":45,"_originalWidth":750,"_originalHeight":1334},{"__type__":"cc.Button","node":{"__id__":2}}],"_prefab":{"__type__":"cc.PrefabInfo","root":{"__id__":1},"asset":{"__uuid__":"81CgeAkgpKrJjy1S+hyh6T"},"fileId":"b8y97HNDNIV523Fp+sozlA"},"_opacity":180,"_color":{"__type__":"cc.Color"},"_contentSize":{"__type__":"cc.Size","width":750,"height":1334}},{"__type__":"cc.Node","_name":"title","_parent":{"__id__":1},"_active":false,"_components":[{"__type__":"cc.Label","node":{"__id__":3},"_useOriginalSize":false,"_lineHeight":50,"_N$string":"点击空白区域关闭弹窗","_N$horizontalAlign":1,"_N$verticalAlign":1}],"_prefab":{"__type__":"cc.PrefabInfo","root":{"__id__":1},"asset":{"__uuid__":"81CgeAkgpKrJjy1S+hyh6T"},"fileId":"914n1Ui9JD/5+KJW+Nao+i"},"_contentSize":{"__type__":"cc.Size","width":400,"height":50},"_position":{"__type__":"cc.Vec2","x":-6,"y":312}},{"__type__":"cc.Node","_name":"content","_parent":{"__id__":1},"_children":[{"__id__":5},{"__id__":6},{"__id__":24},{"__id__":26},{"__id__":28}],"_components":[{"__type__":"cc.Sprite","node":{"__id__":4},"_spriteFrame":{"__uuid__":"be7RIvkTpFdKbPG8lmkAB9"},"_type":1,"_sizeMode":0},{"__type__":"cc.Button","node":{"__id__":4}}],"_prefab":{"__type__":"cc.PrefabInfo","root":{"__id__":1},"asset":{"__uuid__":"81CgeAkgpKrJjy1S+hyh6T"},"fileId":"ebR2v28sVPNZKyFRkzKN4z"},"_contentSize":{"__type__":"cc.Size","width":560,"height":700}},{"__type__":"cc.Node","_name":"title","_parent":{"__id__":4},"_components":[{"__type__":"cc.Label","node":{"__id__":5},"_useOriginalSize":false,"_fontSize":48,"_lineHeight":56,"_N$string":"玩法介绍","_N$horizontalAlign":1,"_N$verticalAlign":1}],"_prefab":{"__type__":"cc.PrefabInfo","root":{"__id__":1},"asset":{"__uuid__":"81CgeAkgpKrJjy1S+hyh6T"},"fileId":"2bGO9gShlCmLIYu345Xkp7"},"_contentSize":{"__type__":"cc.Size","width":192,"height":56},"_position":{"__type__":"cc.Vec2","y":306}},{"__type__":"cc.Node","_name":"pageView","_parent":{"__id__":4},"_children":[{"__id__":7},{"__id__":21}],"_components":[{"__id__":23}],"_prefab":{"__type__":"cc.PrefabInfo","root":{"__id__":1},"asset":{"__uuid__":"81CgeAkgpKrJjy1S+hyh6T"},"fileId":"ae80Scn8tGibQUwKB99Ox8"},"_contentSize":{"__type__":"cc.Size","width":500,"height":450},"_position":{"__type__":"cc.Vec2","y":26}},{"__type__":"cc.Node","_name":"view","_parent":{"__id__":6},"_children":[{"__id__":8}],"_components":[{"__type__":"cc.Mask","node":{"__id__":7},"_N$alphaThreshold":0}],"_prefab":{"__type__":"cc.PrefabInfo","root":{"__id__":1},"asset":{"__uuid__":"81CgeAkgpKrJjy1S+hyh6T"},"fileId":"5aWPQd3eBLrrFi0hQMignR"},"_contentSize":{"__type__":"cc.Size","width":500,"height":450}},{"__type__":"cc.Node","_name":"content","_parent":{"__id__":7},"_children":[{"__id__":9},{"__id__":11},{"__id__":13},{"__id__":15},{"__id__":17},{"__id__":19}],"_components":[{"__type__":"cc.Layout","node":{"__id__":8},"_layoutSize":{"__type__":"cc.Size","width":3000,"height":450},"_resize":1,"_N$layoutType":1,"_N$spacingY":15}],"_prefab":{"__type__":"cc.PrefabInfo","root":{"__id__":1},"asset":{"__uuid__":"81CgeAkgpKrJjy1S+hyh6T"},"fileId":"a84D83w/VOIL31Vywm0UKl"},"_anchorPoint":{"__type__":"cc.Vec2","y":0.5},"_contentSize":{"__type__":"cc.Size","width":3000,"height":450},"_position":{"__type__":"cc.Vec2","x":-250}},{"__type__":"cc.Node","_name":"page","_parent":{"__id__":8},"_children":[{"__id__":10}],"_components":[{"__type__":"cc.Sprite","node":{"__id__":9},"_spriteFrame":{"__uuid__":"2asdFyZilLAbYlj2/BPoyV"}}],"_prefab":{"__type__":"cc.PrefabInfo","root":{"__id__":1},"asset":{"__uuid__":"81CgeAkgpKrJjy1S+hyh6T"},"fileId":"02lOBVtn1Fz5K0uPOG04cQ"},"_color":{"__type__":"cc.Color","r":255,"g":200,"b":200},"_contentSize":{"__type__":"cc.Size","width":500,"height":225},"_position":{"__type__":"cc.Vec2","x":250,"y":100}},{"__type__":"cc.Node","_name":"New Label","_parent":{"__id__":9},"_components":[{"__type__":"cc.Label","node":{"__id__":10},"_useOriginalSize":false,"_fontSize":32,"_lineHeight":50,"_N$string":"游戏目标：在左上方的收牌区构建四组按从小到大顺序排列的牌组，每组只能包含一个花色","_N$horizontalAlign":1,"_N$verticalAlign":1,"_N$overflow":2}],"_prefab":{"__type__":"cc.PrefabInfo","root":{"__id__":1},"asset":{"__uuid__":"81CgeAkgpKrJjy1S+hyh6T"},"fileId":"d12OYpQUlOtpiyDlIPEu5H"},"_color":{"__type__":"cc.Color","r":10},"_contentSize":{"__type__":"cc.Size","width":500,"height":150},"_position":{"__type__":"cc.Vec2","y":-210}},{"__type__":"cc.Node","_name":"page","_parent":{"__id__":8},"_children":[{"__id__":12}],"_components":[{"__type__":"cc.Sprite","node":{"__id__":11},"_spriteFrame":{"__uuid__":"2dfrC7qB9CV7dlc4cR0KuD"}}],"_prefab":{"__type__":"cc.PrefabInfo","root":{"__id__":1},"asset":{"__uuid__":"81CgeAkgpKrJjy1S+hyh6T"},"fileId":"f1E6V5Dd5N/7gfDP87bYuA"},"_color":{"__type__":"cc.Color","r":255,"g":200,"b":200},"_contentSize":{"__type__":"cc.Size","width":500,"height":225},"_position":{"__type__":"cc.Vec2","x":750,"y":100}},{"__type__":"cc.Node","_name":"New Label","_parent":{"__id__":11},"_components":[{"__type__":"cc.Label","node":{"__id__":12},"_useOriginalSize":false,"_fontSize":32,"_lineHeight":50,"_N$string":"游戏目标：在左上方的收牌区构建四组按从小到大顺序排列的牌组，每组只能包含一个花色","_N$horizontalAlign":1,"_N$verticalAlign":1,"_N$overflow":2}],"_prefab":{"__type__":"cc.PrefabInfo","root":{"__id__":1},"asset":{"__uuid__":"81CgeAkgpKrJjy1S+hyh6T"},"fileId":"065CvTMlhH/rbVuDJShqTh"},"_color":{"__type__":"cc.Color","r":10},"_contentSize":{"__type__":"cc.Size","width":400,"height":150},"_position":{"__type__":"cc.Vec2","y":-210}},{"__type__":"cc.Node","_name":"page","_parent":{"__id__":8},"_children":[{"__id__":14}],"_components":[{"__type__":"cc.Sprite","node":{"__id__":13},"_spriteFrame":{"__uuid__":"52y/qwKE1HPIRHxJSGmu2H"}}],"_prefab":{"__type__":"cc.PrefabInfo","root":{"__id__":1},"asset":{"__uuid__":"81CgeAkgpKrJjy1S+hyh6T"},"fileId":"35efu96CRF8KIfNOT6h6wT"},"_color":{"__type__":"cc.Color","r":255,"g":200,"b":200},"_contentSize":{"__type__":"cc.Size","width":500,"height":225},"_position":{"__type__":"cc.Vec2","x":1250,"y":100}},{"__type__":"cc.Node","_name":"New Label","_parent":{"__id__":13},"_components":[{"__type__":"cc.Label","node":{"__id__":14},"_useOriginalSize":false,"_fontSize":32,"_lineHeight":50,"_N$string":"游戏目标：在左上方的收牌区构建四组按从小到大顺序排列的牌组，每组只能包含一个花色","_N$horizontalAlign":1,"_N$verticalAlign":1,"_N$overflow":2}],"_prefab":{"__type__":"cc.PrefabInfo","root":{"__id__":1},"asset":{"__uuid__":"81CgeAkgpKrJjy1S+hyh6T"},"fileId":"c0bq8PV7lEhrXLiIh+MRSr"},"_color":{"__type__":"cc.Color","r":10},"_contentSize":{"__type__":"cc.Size","width":400,"height":150},"_position":{"__type__":"cc.Vec2","y":-210}},{"__type__":"cc.Node","_name":"page","_parent":{"__id__":8},"_children":[{"__id__":16}],"_components":[{"__type__":"cc.Sprite","node":{"__id__":15},"_spriteFrame":{"__uuid__":"1ezgHw4ONMhqRXS9KxDey/"}}],"_prefab":{"__type__":"cc.PrefabInfo","root":{"__id__":1},"asset":{"__uuid__":"81CgeAkgpKrJjy1S+hyh6T"},"fileId":"96kp7sB09H3ZmVwvFGlAgk"},"_color":{"__type__":"cc.Color","r":255,"g":200,"b":200},"_contentSize":{"__type__":"cc.Size","width":500,"height":225},"_position":{"__type__":"cc.Vec2","x":1750,"y":100}},{"__type__":"cc.Node","_name":"New Label","_parent":{"__id__":15},"_components":[{"__type__":"cc.Label","node":{"__id__":16},"_useOriginalSize":false,"_fontSize":32,"_lineHeight":50,"_N$string":"游戏目标：在左上方的收牌区构建四组按从小到大顺序排列的牌组，每组只能包含一个花色","_N$horizontalAlign":1,"_N$verticalAlign":1,"_N$overflow":2}],"_prefab":{"__type__":"cc.PrefabInfo","root":{"__id__":1},"asset":{"__uuid__":"81CgeAkgpKrJjy1S+hyh6T"},"fileId":"11VjLmDphBu5oKEqC2Ly0C"},"_color":{"__type__":"cc.Color","r":10},"_contentSize":{"__type__":"cc.Size","width":400,"height":150},"_position":{"__type__":"cc.Vec2","y":-210}},{"__type__":"cc.Node","_name":"page","_parent":{"__id__":8},"_children":[{"__id__":18}],"_components":[{"__type__":"cc.Sprite","node":{"__id__":17},"_spriteFrame":{"__uuid__":"b4o0EdUWxB1ZhtfdXmthRu"}}],"_prefab":{"__type__":"cc.PrefabInfo","root":{"__id__":1},"asset":{"__uuid__":"81CgeAkgpKrJjy1S+hyh6T"},"fileId":"d1NsoyqExJyqAvfMJMCbmJ"},"_color":{"__type__":"cc.Color","r":255,"g":200,"b":200},"_contentSize":{"__type__":"cc.Size","width":500,"height":225},"_position":{"__type__":"cc.Vec2","x":2250,"y":100}},{"__type__":"cc.Node","_name":"New Label","_parent":{"__id__":17},"_components":[{"__type__":"cc.Label","node":{"__id__":18},"_useOriginalSize":false,"_fontSize":32,"_lineHeight":50,"_N$string":"游戏目标：在左上方的收牌区构建四组按从小到大顺序排列的牌组，每组只能包含一个花色","_N$horizontalAlign":1,"_N$verticalAlign":1,"_N$overflow":2}],"_prefab":{"__type__":"cc.PrefabInfo","root":{"__id__":1},"asset":{"__uuid__":"81CgeAkgpKrJjy1S+hyh6T"},"fileId":"59EOEEdEBH8otUkv2aqpW8"},"_color":{"__type__":"cc.Color","r":10},"_contentSize":{"__type__":"cc.Size","width":400,"height":150},"_position":{"__type__":"cc.Vec2","y":-210}},{"__type__":"cc.Node","_name":"page","_parent":{"__id__":8},"_children":[{"__id__":20}],"_components":[{"__type__":"cc.Sprite","node":{"__id__":19},"_spriteFrame":{"__uuid__":"7e66RHVAlNY5GjjikcKtgN"}}],"_prefab":{"__type__":"cc.PrefabInfo","root":{"__id__":1},"asset":{"__uuid__":"81CgeAkgpKrJjy1S+hyh6T"},"fileId":"3aQulRxHpB0Yz+j/QJIVxL"},"_color":{"__type__":"cc.Color","r":255,"g":200,"b":200},"_contentSize":{"__type__":"cc.Size","width":500,"height":225},"_position":{"__type__":"cc.Vec2","x":2750,"y":100}},{"__type__":"cc.Node","_name":"New Label","_parent":{"__id__":19},"_components":[{"__type__":"cc.Label","node":{"__id__":20},"_useOriginalSize":false,"_fontSize":32,"_lineHeight":50,"_N$string":"游戏目标：在左上方的收牌区构建四组按从小到大顺序排列的牌组，每组只能包含一个花色","_N$horizontalAlign":1,"_N$verticalAlign":1,"_N$overflow":2}],"_prefab":{"__type__":"cc.PrefabInfo","root":{"__id__":1},"asset":{"__uuid__":"81CgeAkgpKrJjy1S+hyh6T"},"fileId":"08IdIrZJxDeagAxATUjfg8"},"_color":{"__type__":"cc.Color","r":10},"_contentSize":{"__type__":"cc.Size","width":400,"height":150},"_position":{"__type__":"cc.Vec2","y":-210}},{"__type__":"cc.Node","_name":"indicator","_parent":{"__id__":6},"_components":[{"__id__":22}],"_prefab":{"__type__":"cc.PrefabInfo","root":{"__id__":1},"asset":{"__uuid__":"81CgeAkgpKrJjy1S+hyh6T"},"fileId":"38g9r/brZA0I6MitGJ853O"},"_contentSize":{"__type__":"cc.Size","width":100,"height":27},"_position":{"__type__":"cc.Vec2","y":-221}},{"__type__":"cc.PageViewIndicator","node":{"__id__":21},"_pageView":{"__id__":23},"spriteFrame":{"__uuid__":"c9+lH/PwFGAY+AMl0bEdq3"},"cellSize":{"__type__":"cc.Size","width":10,"height":10},"spacing":10},{"__type__":"cc.PageView","node":{"__id__":6},"content":{"__id__":8},"bounceDuration":0.5,"_N$indicator":{"__id__":22}},{"__type__":"cc.Node","_name":"pageback","_parent":{"__id__":4},"_children":[{"__id__":25}],"_components":[{"__type__":"cc.Sprite","node":{"__id__":24},"_spriteFrame":{"__uuid__":"86bolqOs9LV7GMTyZ2At7x"},"_sizeMode":0},{"__type__":"cc.Button","node":{"__id__":24},"transition":3,"zoomScale":0.8,"clickEvents":[{"__type__":"cc.ClickEvent","target":{"__id__":1},"handler":"onPageBack"}],"_N$enableAutoGrayEffect":true}],"_prefab":{"__type__":"cc.PrefabInfo","root":{"__id__":1},"asset":{"__uuid__":"81CgeAkgpKrJjy1S+hyh6T"},"fileId":"51LKmnBONEkJW75WtzLVht"},"_contentSize":{"__type__":"cc.Size","width":200,"height":80},"_position":{"__type__":"cc.Vec2","x":-130,"y":-265}},{"__type__":"cc.Node","_name":"New Label","_parent":{"__id__":24},"_components":[{"__type__":"cc.Label","node":{"__id__":25},"_useOriginalSize":false,"_fontSize":36,"_N$string":"上一页","_N$horizontalAlign":1,"_N$verticalAlign":1}],"_prefab":{"__type__":"cc.PrefabInfo","root":{"__id__":1},"asset":{"__uuid__":"81CgeAkgpKrJjy1S+hyh6T"},"fileId":"fb/GUq5wFKDaV9VDIhZ+ir"},"_contentSize":{"__type__":"cc.Size","width":108,"height":40}},{"__type__":"cc.Node","_name":"pagefoward","_parent":{"__id__":4},"_children":[{"__id__":27}],"_components":[{"__type__":"cc.Sprite","node":{"__id__":26},"_spriteFrame":{"__uuid__":"86bolqOs9LV7GMTyZ2At7x"},"_sizeMode":0},{"__type__":"cc.Button","node":{"__id__":26},"transition":3,"zoomScale":0.8,"clickEvents":[{"__type__":"cc.ClickEvent","target":{"__id__":1},"handler":"onPageFoward"}],"_N$enableAutoGrayEffect":true}],"_prefab":{"__type__":"cc.PrefabInfo","root":{"__id__":1},"asset":{"__uuid__":"81CgeAkgpKrJjy1S+hyh6T"},"fileId":"9dIQSy8zFN9qCmTk4aDhKB"},"_contentSize":{"__type__":"cc.Size","width":200,"height":80},"_position":{"__type__":"cc.Vec2","x":130,"y":-265}},{"__type__":"cc.Node","_name":"New Label","_parent":{"__id__":26},"_components":[{"__type__":"cc.Label","node":{"__id__":27},"_useOriginalSize":false,"_fontSize":36,"_N$string":"下一页","_N$horizontalAlign":1,"_N$verticalAlign":1}],"_prefab":{"__type__":"cc.PrefabInfo","root":{"__id__":1},"asset":{"__uuid__":"81CgeAkgpKrJjy1S+hyh6T"},"fileId":"76NClbcElGEqaK6+JZQg+8"},"_contentSize":{"__type__":"cc.Size","width":108,"height":40}},{"__type__":"cc.Node","_name":"closebtn","_parent":{"__id__":4},"_children":[{"__id__":29}],"_components":[{"__type__":"cc.Button","node":{"__id__":28},"transition":3,"zoomScale":0.8}],"_prefab":{"__type__":"cc.PrefabInfo","root":{"__id__":1},"asset":{"__uuid__":"81CgeAkgpKrJjy1S+hyh6T"},"fileId":"c9BwJQcjpBOrdCDScryfHy"},"_contentSize":{"__type__":"cc.Size","width":80,"height":80},"_position":{"__type__":"cc.Vec2","x":238,"y":305}},{"__type__":"cc.Node","_name":"close","_parent":{"__id__":28},"_components":[{"__type__":"cc.Sprite","node":{"__id__":29},"_spriteFrame":{"__uuid__":"8e/XDr911FmKK06jMb9shz"}}],"_prefab":{"__type__":"cc.PrefabInfo","root":{"__id__":1},"asset":{"__uuid__":"81CgeAkgpKrJjy1S+hyh6T"},"fileId":"dcc/Tx169DrLtuHLDgR2Z9"},"_contentSize":{"__type__":"cc.Size","width":43,"height":44}}],{"__type__":"cc.SpriteFrame","content":{"name":"btn_2","texture":"cfayl1xI5ENbeRBjAT4uFW","rect":[0,0,256,83],"offset":[0,0],"originalSize":[256,83],"capInsets":[23,15,22,17]}},{"__type__":"cc.SpriteFrame","content":{"name":"close","texture":"30Mb1h1W5B5Yy6QdHcaz4z","rect":[0,0,43,44],"offset":[0,0],"originalSize":[43,44]}},{"__type__":"cc.SpriteFrame","content":{"name":"default_sprite_splash","texture":"02delMVqdBD70a/HSD99FK","rect":[0,0,2,2],"offset":[0,0],"originalSize":[2,2]}},{"__type__":"cc.SpriteFrame","content":{"name":"help_5","texture":"f4J427BvtHt7FBsXCPwpLL","rect":[0,0,500,225],"offset":[0,0],"originalSize":[500,225]}},{"__type__":"cc.SpriteFrame","content":{"name":"pic_cm_tk","texture":"d2lcvgscJBk5Zrc6fU4HmY","rect":[0,0,500,571],"offset":[0,0],"originalSize":[500,571],"capInsets":[94,161,87,120]}},{"__type__":"cc.SpriteFrame","content":{"name":"default_scrollbar_bg","texture":"4bq2fLGOZAmbhANV8Ec/iQ","rect":[0,0,30,15],"offset":[0,0],"originalSize":[30,15],"capInsets":[10,0,10,0]}}]