[{"__type__":"cc.SpriteFrame","content":{"name":"btn_3","texture":"45yC/HF1ROwY99Pfem8lDl","rect":[0,0,176,60],"offset":[0,0],"originalSize":[176,60],"capInsets":[23,17,24,16]}},{"__type__":"cc.SpriteFrame","content":{"name":"default_btn_disabled","texture":"71VhFCTINJM6/Ky3oX9nBT","rect":[0,0,40,40],"offset":[0,0],"originalSize":[40,40],"capInsets":[15,7,15,9]}},{"__type__":"cc.SpriteFrame","content":{"name":"cm_tk","texture":"1acJPSbSJBTIJnjhLGat7s","rect":[0,0,676,994],"offset":[0,0],"originalSize":[676,994]}},{"__type__":"cc.SpriteFrame","content":{"name":"default_scrollbar_vertical","texture":"d608qFRoFHwbXd0Dap056i","rect":[2,0,11,30],"offset":[0,0],"originalSize":[15,30],"capInsets":[0,5,0,5]}},{"__type__":"cc.SpriteFrame","content":{"name":"switch_open","texture":"6483H7fRNDDahjAYlqO5R3","rect":[0,0,162,65],"offset":[0,0],"originalSize":[162,65]}},{"__type__":"cc.SpriteFrame","content":{"name":"default_scrollbar_vertical_bg","texture":"61cyPdEfRN047sDK9rO0W5","rect":[0,0,15,30],"offset":[0,0],"originalSize":[15,30],"capInsets":[0,7,0,8]}},{"__type__":"cc.SpriteFrame","content":{"name":"btn_2","texture":"cfayl1xI5ENbeRBjAT4uFW","rect":[0,0,256,83],"offset":[0,0],"originalSize":[256,83],"capInsets":[23,15,22,17]}},{"__type__":"cc.SpriteFrame","content":{"name":"close","texture":"30Mb1h1W5B5Yy6QdHcaz4z","rect":[0,0,43,44],"offset":[0,0],"originalSize":[43,44]}},{"__type__":"cc.SpriteFrame","content":{"name":"switch_close","texture":"b8zmyCuZxOdKPinBbM2p+d","rect":[0,0,162,65],"offset":[0,0],"originalSize":[162,65]}},{"__type__":"cc.SpriteFrame","content":{"name":"default_sprite_splash","texture":"02delMVqdBD70a/HSD99FK","rect":[0,0,2,2],"offset":[0,0],"originalSize":[2,2]}},[{"__type__":"cc.Prefab","_name":"SettingNode","data":{"__id__":1},"asyncLoadAssets":null},{"__type__":"cc.Node","_name":"SettingNode","_children":[{"__id__":2},{"__id__":3}],"_components":[{"__type__":"cc.Widget","node":{"__id__":1},"_alignFlags":45,"_originalWidth":750,"_originalHeight":1334},{"__type__":"e95409isVhJOaqzZtH4hGUd","node":{"__id__":1}}],"_prefab":{"__type__":"cc.PrefabInfo","root":{"__id__":1},"asset":{"__uuid__":"ac0WCLlCRITJ5x9cVJGnut"},"fileId":"8eWFe0kkdBC7nqKxcJRpDj"},"_contentSize":{"__type__":"cc.Size","width":750,"height":1334},"_position":{"__type__":"cc.Vec2","x":375,"y":667}},{"__type__":"cc.Node","_name":"bg","_parent":{"__id__":1},"_components":[{"__type__":"cc.Sprite","node":{"__id__":2},"_spriteFrame":{"__uuid__":"a2MjXRFdtLlYQ5ouAFv/+R"},"_sizeMode":0},{"__type__":"cc.Widget","node":{"__id__":2},"_alignFlags":45,"_originalWidth":750,"_originalHeight":1334},{"__type__":"cc.Button","node":{"__id__":2}}],"_prefab":{"__type__":"cc.PrefabInfo","root":{"__id__":1},"asset":{"__uuid__":"ac0WCLlCRITJ5x9cVJGnut"},"fileId":"b4uLpD4y1Jj6Ci8sTMbjPH"},"_opacity":180,"_color":{"__type__":"cc.Color"},"_contentSize":{"__type__":"cc.Size","width":750,"height":1334}},{"__type__":"cc.Node","_name":"content","_parent":{"__id__":1},"_children":[{"__id__":4},{"__id__":5},{"__id__":22},{"__id__":24},{"__id__":26},{"__id__":28},{"__id__":30},{"__id__":31}],"_components":[{"__type__":"cc.Sprite","node":{"__id__":3},"_spriteFrame":{"__uuid__":"3dZtmJDvNMC5KbnbGJKFf+"}},{"__type__":"cc.Button","node":{"__id__":3}}],"_prefab":{"__type__":"cc.PrefabInfo","root":{"__id__":1},"asset":{"__uuid__":"ac0WCLlCRITJ5x9cVJGnut"},"fileId":"ebR2v28sVPNZKyFRkzKN4z"},"_contentSize":{"__type__":"cc.Size","width":676,"height":994}},{"__type__":"cc.Node","_name":"title","_parent":{"__id__":3},"_components":[{"__type__":"cc.Label","node":{"__id__":4},"_useOriginalSize":false,"_fontSize":48,"_lineHeight":56,"_N$string":"设置","_N$horizontalAlign":1,"_N$verticalAlign":1}],"_prefab":{"__type__":"cc.PrefabInfo","root":{"__id__":1},"asset":{"__uuid__":"ac0WCLlCRITJ5x9cVJGnut"},"fileId":"d5e4DqNg5NJZ+gsRONAD0T"},"_contentSize":{"__type__":"cc.Size","width":96,"height":56},"_position":{"__type__":"cc.Vec2","y":457}},{"__type__":"cc.Node","_name":"listview","_parent":{"__id__":3},"_children":[{"__id__":6},{"__id__":12}],"_components":[{"__id__":10}],"_prefab":{"__type__":"cc.PrefabInfo","root":{"__id__":1},"asset":{"__uuid__":"ac0WCLlCRITJ5x9cVJGnut"},"fileId":"a63yjH+r1Oc6JErs4zPwSx"},"_anchorPoint":{"__type__":"cc.Vec2","x":0.5,"y":1},"_contentSize":{"__type__":"cc.Size","width":640,"height":660},"_position":{"__type__":"cc.Vec2","y":409}},{"__type__":"cc.Node","_name":"scrollBar","_parent":{"__id__":5},"_children":[{"__id__":7}],"_components":[{"__id__":9},{"__type__":"cc.Widget","node":{"__id__":6},"_alignFlags":37,"_left":350.07654921020657,"_right":-14,"_originalHeight":237},{"__type__":"cc.Sprite","node":{"__id__":6},"_spriteFrame":{"__uuid__":"5f5dyqtRNNxaFmVzYns6FZ"},"_type":1,"_sizeMode":0}],"_prefab":{"__type__":"cc.PrefabInfo","root":{"__id__":1},"asset":{"__uuid__":"ac0WCLlCRITJ5x9cVJGnut"},"fileId":"a2iJ0oketL4rOrdoEj8oRb"},"_anchorPoint":{"__type__":"cc.Vec2","x":1,"y":1},"_contentSize":{"__type__":"cc.Size","width":12,"height":660},"_position":{"__type__":"cc.Vec2","x":334}},{"__type__":"cc.Node","_name":"bar","_parent":{"__id__":6},"_components":[{"__id__":8}],"_prefab":{"__type__":"cc.PrefabInfo","root":{"__id__":1},"asset":{"__uuid__":"ac0WCLlCRITJ5x9cVJGnut"},"fileId":"6cywWxDKNJiJaRdciKa5xI"},"_anchorPoint":{"__type__":"cc.Vec2","x":1,"y":1},"_contentSize":{"__type__":"cc.Size","width":10,"height":30}},{"__type__":"cc.Sprite","node":{"__id__":7},"_spriteFrame":{"__uuid__":"5cO7kybDxGj4ipyMYdRYZB"},"_type":1,"_sizeMode":0},{"__type__":"cc.Scrollbar","node":{"__id__":6},"_scrollView":{"__id__":10},"_N$handle":{"__id__":8},"_N$direction":1},{"__type__":"cc.ScrollView","node":{"__id__":5},"content":{"__id__":11},"horizontal":false,"brake":0.75,"elastic":false,"bounceDuration":0.23,"_N$horizontalScrollBar":null,"_N$verticalScrollBar":{"__id__":9}},{"__type__":"cc.Node","_name":"content","_parent":{"__id__":12},"_children":[{"__id__":13}],"_components":[{"__type__":"cc.Layout","node":{"__id__":11},"_layoutSize":{"__type__":"cc.Size","width":640,"height":90},"_resize":1,"_N$layoutType":2,"_N$paddingTop":10,"_N$spacingY":8}],"_prefab":{"__type__":"cc.PrefabInfo","root":{"__id__":1},"asset":{"__uuid__":"ac0WCLlCRITJ5x9cVJGnut"},"fileId":"8b8NgJRC5LF7PzdbYwBBOB"},"_anchorPoint":{"__type__":"cc.Vec2","x":0.5,"y":1},"_contentSize":{"__type__":"cc.Size","width":640,"height":90}},{"__type__":"cc.Node","_name":"view","_parent":{"__id__":5},"_children":[{"__id__":11}],"_components":[{"__type__":"cc.Mask","node":{"__id__":12},"_N$alphaThreshold":0}],"_prefab":{"__type__":"cc.PrefabInfo","root":{"__id__":1},"asset":{"__uuid__":"ac0WCLlCRITJ5x9cVJGnut"},"fileId":"94h8e1WB5G5bC02KKN8IAS"},"_anchorPoint":{"__type__":"cc.Vec2","x":0.5,"y":1},"_contentSize":{"__type__":"cc.Size","width":640,"height":660}},{"__type__":"cc.Node","_name":"item","_parent":{"__id__":11},"_children":[{"__id__":14},{"__id__":15},{"__id__":20}],"_components":[{"__type__":"cc.Sprite","node":{"__id__":13},"_spriteFrame":{"__uuid__":"c14/hH0JpPUpNV08oVFdoU"},"_type":1,"_sizeMode":0}],"_prefab":{"__type__":"cc.PrefabInfo","root":{"__id__":1},"asset":{"__uuid__":"ac0WCLlCRITJ5x9cVJGnut"},"fileId":"4d+Unt9IVMVo3ZcCfR1Pyb"},"_contentSize":{"__type__":"cc.Size","width":630,"height":80},"_position":{"__type__":"cc.Vec2","y":-50}},{"__type__":"cc.Node","_name":"name","_parent":{"__id__":13},"_components":[{"__type__":"cc.Label","node":{"__id__":14},"_fontSize":38,"_lineHeight":50,"_N$string":"音效","_N$horizontalAlign":1,"_N$verticalAlign":1}],"_prefab":{"__type__":"cc.PrefabInfo","root":{"__id__":1},"asset":{"__uuid__":"ac0WCLlCRITJ5x9cVJGnut"},"fileId":"23RDo6oXlMw5jtcgAeLlZK"},"_anchorPoint":{"__type__":"cc.Vec2","y":0.5},"_contentSize":{"__type__":"cc.Size","width":76,"height":50},"_position":{"__type__":"cc.Vec2","x":-304}},{"__type__":"cc.Node","_name":"switchbtn","_parent":{"__id__":13},"_children":[{"__id__":16},{"__id__":18}],"_components":[{"__type__":"cc.Button","node":{"__id__":15},"transition":3,"pressedColor":{"__type__":"cc.Color","r":255,"g":255,"b":255},"zoomScale":0.95,"clickEvents":[{"__type__":"cc.ClickEvent","target":{"__id__":1},"handler":"onSwitchBtn"}],"_N$normalColor":{"__type__":"cc.Color","r":255,"g":255,"b":255},"_N$disabledColor":{"__type__":"cc.Color","r":255,"g":255,"b":255},"_N$normalSprite":{"__uuid__":"f0BIwQ8D5Ml7nTNQbh1YlS"},"_N$pressedSprite":{"__uuid__":"e97GVMl6JHh5Ml5qEDdSGa"},"pressedSprite":{"__uuid__":"e97GVMl6JHh5Ml5qEDdSGa"},"_N$hoverSprite":{"__uuid__":"f0BIwQ8D5Ml7nTNQbh1YlS"},"hoverSprite":{"__uuid__":"f0BIwQ8D5Ml7nTNQbh1YlS"},"_N$disabledSprite":{"__uuid__":"29FYIk+N1GYaeWH/q1NxQO"}}],"_prefab":{"__type__":"cc.PrefabInfo","root":{"__id__":1},"asset":{"__uuid__":"ac0WCLlCRITJ5x9cVJGnut"},"fileId":"01/7cyaaVIVIrKoXRqeEDp"},"_contentSize":{"__type__":"cc.Size","width":120,"height":70},"_position":{"__type__":"cc.Vec2","x":228}},{"__type__":"cc.Node","_name":"switch_close","_parent":{"__id__":15},"_children":[{"__id__":17}],"_active":false,"_components":[{"__type__":"cc.Sprite","node":{"__id__":16},"_spriteFrame":{"__uuid__":"91w5gN8yZIZI6y6FHqV28Z"}}],"_prefab":{"__type__":"cc.PrefabInfo","root":{"__id__":1},"asset":{"__uuid__":"ac0WCLlCRITJ5x9cVJGnut"},"fileId":"b8CWmhLBRFZ7JShspeB/UY"},"_contentSize":{"__type__":"cc.Size","width":162,"height":65}},{"__type__":"cc.Node","_name":"New Label","_parent":{"__id__":16},"_components":[{"__type__":"cc.Label","node":{"__id__":17},"_useOriginalSize":false,"_fontSize":28,"_N$string":"OFF","_N$horizontalAlign":1,"_N$verticalAlign":1}],"_prefab":{"__type__":"cc.PrefabInfo","root":{"__id__":1},"asset":{"__uuid__":"ac0WCLlCRITJ5x9cVJGnut"},"fileId":"25db3tBjZCX5XEkyMljHJ/"},"_contentSize":{"__type__":"cc.Size","width":55.99,"height":40},"_position":{"__type__":"cc.Vec2","x":31}},{"__type__":"cc.Node","_name":"switch_open","_parent":{"__id__":15},"_children":[{"__id__":19}],"_components":[{"__type__":"cc.Sprite","node":{"__id__":18},"_spriteFrame":{"__uuid__":"5cPLSakBtGGpVSC5+2ERn4"}}],"_prefab":{"__type__":"cc.PrefabInfo","root":{"__id__":1},"asset":{"__uuid__":"ac0WCLlCRITJ5x9cVJGnut"},"fileId":"32e1fy6vhDIYaJLWAizs1K"},"_contentSize":{"__type__":"cc.Size","width":162,"height":65}},{"__type__":"cc.Node","_name":"New Label","_parent":{"__id__":18},"_components":[{"__type__":"cc.Label","node":{"__id__":19},"_useOriginalSize":false,"_fontSize":28,"_N$string":"ON","_N$horizontalAlign":1,"_N$verticalAlign":1}],"_prefab":{"__type__":"cc.PrefabInfo","root":{"__id__":1},"asset":{"__uuid__":"ac0WCLlCRITJ5x9cVJGnut"},"fileId":"4aPmpEOZlArLvqwF0t0O1+"},"_contentSize":{"__type__":"cc.Size","width":42,"height":40},"_position":{"__type__":"cc.Vec2","x":-36}},{"__type__":"cc.Node","_name":"shortcutbtn","_parent":{"__id__":13},"_children":[{"__id__":21}],"_active":false,"_components":[{"__type__":"cc.Button","node":{"__id__":20},"transition":3,"zoomScale":0.8,"clickEvents":[{"__type__":"cc.ClickEvent","target":{"__id__":1},"handler":"onShortCutBtn"}]}],"_prefab":{"__type__":"cc.PrefabInfo","root":{"__id__":1},"asset":{"__uuid__":"ac0WCLlCRITJ5x9cVJGnut"},"fileId":"35NJ2Knv5MnYa2KW8twwSw"},"_contentSize":{"__type__":"cc.Size","width":100,"height":80},"_position":{"__type__":"cc.Vec2","x":263}},{"__type__":"cc.Node","_name":"icon","_parent":{"__id__":20},"_components":[{"__type__":"cc.Sprite","node":{"__id__":21},"_spriteFrame":{"__uuid__":"c3LIoT2NlPQ6AZx24MN3bg"}}],"_prefab":{"__type__":"cc.PrefabInfo","root":{"__id__":1},"asset":{"__uuid__":"ac0WCLlCRITJ5x9cVJGnut"},"fileId":"23IIcnYZhJBbY5ZNSu16Nq"},"_contentSize":{"__type__":"cc.Size","width":22,"height":35}},{"__type__":"cc.Node","_name":"wanfabtn","_parent":{"__id__":3},"_children":[{"__id__":23}],"_components":[{"__type__":"cc.Sprite","node":{"__id__":22},"_spriteFrame":{"__uuid__":"86bolqOs9LV7GMTyZ2At7x"},"_type":1,"_sizeMode":0},{"__type__":"cc.Button","node":{"__id__":22},"transition":3,"zoomScale":0.8}],"_prefab":{"__type__":"cc.PrefabInfo","root":{"__id__":1},"asset":{"__uuid__":"ac0WCLlCRITJ5x9cVJGnut"},"fileId":"eeJdbxpZpIDbUgvj/8L01v"},"_contentSize":{"__type__":"cc.Size","width":260,"height":80},"_position":{"__type__":"cc.Vec2","x":-160,"y":-306}},{"__type__":"cc.Node","_name":"New Label","_parent":{"__id__":22},"_components":[{"__type__":"cc.Label","node":{"__id__":23},"_useOriginalSize":false,"_fontSize":42,"_lineHeight":50,"_N$string":"玩法介绍","_N$horizontalAlign":1,"_N$verticalAlign":1}],"_prefab":{"__type__":"cc.PrefabInfo","root":{"__id__":1},"asset":{"__uuid__":"ac0WCLlCRITJ5x9cVJGnut"},"fileId":"bdis6kY2NPAYrp4sUwwJsE"},"_contentSize":{"__type__":"cc.Size","width":168,"height":50}},{"__type__":"cc.Node","_name":"exitbtn","_parent":{"__id__":3},"_children":[{"__id__":25}],"_components":[{"__type__":"cc.Sprite","node":{"__id__":24},"_spriteFrame":{"__uuid__":"0e35IW/8hCrpaJH6aqXSxJ"},"_type":1,"_sizeMode":0},{"__type__":"cc.Button","node":{"__id__":24},"transition":3,"zoomScale":0.8}],"_prefab":{"__type__":"cc.PrefabInfo","root":{"__id__":1},"asset":{"__uuid__":"ac0WCLlCRITJ5x9cVJGnut"},"fileId":"9c9BnlHMNGApOtdkCsj1i4"},"_contentSize":{"__type__":"cc.Size","width":260,"height":80},"_position":{"__type__":"cc.Vec2","x":-160,"y":-413}},{"__type__":"cc.Node","_name":"New Label","_parent":{"__id__":24},"_components":[{"__type__":"cc.Label","node":{"__id__":25},"_useOriginalSize":false,"_fontSize":42,"_lineHeight":50,"_N$string":"退出","_N$horizontalAlign":1,"_N$verticalAlign":1}],"_prefab":{"__type__":"cc.PrefabInfo","root":{"__id__":1},"asset":{"__uuid__":"ac0WCLlCRITJ5x9cVJGnut"},"fileId":"9bLqQONMdPPZ9OHDKe2BwO"},"_contentSize":{"__type__":"cc.Size","width":84,"height":50}},{"__type__":"cc.Node","_name":"tjinfobtn","_parent":{"__id__":3},"_children":[{"__id__":27}],"_components":[{"__type__":"cc.Sprite","node":{"__id__":26},"_spriteFrame":{"__uuid__":"86bolqOs9LV7GMTyZ2At7x"},"_sizeMode":0},{"__type__":"cc.Button","node":{"__id__":26},"transition":3,"zoomScale":0.8}],"_prefab":{"__type__":"cc.PrefabInfo","root":{"__id__":1},"asset":{"__uuid__":"ac0WCLlCRITJ5x9cVJGnut"},"fileId":"6fOCjShjdLF5ITzqoVqliU"},"_contentSize":{"__type__":"cc.Size","width":260,"height":80},"_position":{"__type__":"cc.Vec2","x":160,"y":-306}},{"__type__":"cc.Node","_name":"New Label","_parent":{"__id__":26},"_components":[{"__type__":"cc.Label","node":{"__id__":27},"_useOriginalSize":false,"_fontSize":42,"_lineHeight":50,"_N$string":"统计信息","_N$horizontalAlign":1,"_N$verticalAlign":1}],"_prefab":{"__type__":"cc.PrefabInfo","root":{"__id__":1},"asset":{"__uuid__":"ac0WCLlCRITJ5x9cVJGnut"},"fileId":"85+1HkonBGWpyw2u7DWXnK"},"_contentSize":{"__type__":"cc.Size","width":168,"height":50}},{"__type__":"cc.Node","_name":"themebtn","_parent":{"__id__":3},"_children":[{"__id__":29}],"_components":[{"__type__":"cc.Sprite","node":{"__id__":28},"_spriteFrame":{"__uuid__":"86bolqOs9LV7GMTyZ2At7x"},"_sizeMode":0},{"__type__":"cc.Button","node":{"__id__":28},"transition":3,"zoomScale":0.8}],"_prefab":{"__type__":"cc.PrefabInfo","root":{"__id__":1},"asset":{"__uuid__":"ac0WCLlCRITJ5x9cVJGnut"},"fileId":"78nBaATUBAfp69WauKyU9e"},"_contentSize":{"__type__":"cc.Size","width":260,"height":80},"_position":{"__type__":"cc.Vec2","x":160,"y":-413}},{"__type__":"cc.Node","_name":"New Label","_parent":{"__id__":28},"_components":[{"__type__":"cc.Label","node":{"__id__":29},"_useOriginalSize":false,"_fontSize":42,"_lineHeight":50,"_N$string":"主题","_N$horizontalAlign":1,"_N$verticalAlign":1}],"_prefab":{"__type__":"cc.PrefabInfo","root":{"__id__":1},"asset":{"__uuid__":"ac0WCLlCRITJ5x9cVJGnut"},"fileId":"5d0rbJCtpLvLcIoKDQxTmv"},"_contentSize":{"__type__":"cc.Size","width":84,"height":50}},{"__type__":"cc.Node","_name":"version","_parent":{"__id__":3},"_components":[{"__type__":"cc.Label","node":{"__id__":30},"_useOriginalSize":false,"_fontSize":24,"_lineHeight":30,"_N$string":"V1.8","_N$horizontalAlign":1,"_N$verticalAlign":1}],"_prefab":{"__type__":"cc.PrefabInfo","root":{"__id__":1},"asset":{"__uuid__":"ac0WCLlCRITJ5x9cVJGnut"},"fileId":"04kBsv0XdK/IBcqGjqj6Dy"},"_contentSize":{"__type__":"cc.Size","width":49.37,"height":30},"_position":{"__type__":"cc.Vec2","y":-472}},{"__type__":"cc.Node","_name":"closebtn","_parent":{"__id__":3},"_children":[{"__id__":32}],"_components":[{"__type__":"cc.Button","node":{"__id__":31},"transition":3,"zoomScale":0.8}],"_prefab":{"__type__":"cc.PrefabInfo","root":{"__id__":1},"asset":{"__uuid__":"ac0WCLlCRITJ5x9cVJGnut"},"fileId":"4diyptWk5OxIZLZBD8ebmC"},"_contentSize":{"__type__":"cc.Size","width":80,"height":80},"_position":{"__type__":"cc.Vec2","x":299,"y":455}},{"__type__":"cc.Node","_name":"close","_parent":{"__id__":31},"_components":[{"__type__":"cc.Sprite","node":{"__id__":32},"_spriteFrame":{"__uuid__":"8e/XDr911FmKK06jMb9shz"}}],"_prefab":{"__type__":"cc.PrefabInfo","root":{"__id__":1},"asset":{"__uuid__":"ac0WCLlCRITJ5x9cVJGnut"},"fileId":"eaSBzgE6tFFrke4MLkVrRx"},"_contentSize":{"__type__":"cc.Size","width":43,"height":44}}],{"__type__":"cc.SpriteFrame","content":{"name":"itembg","texture":"afpe/RjMdHMa0fM3KKYmoA","rect":[0,0,50,50],"offset":[0,0],"originalSize":[50,50],"capInsets":[13,13,14,13]}},{"__type__":"cc.SpriteFrame","content":{"name":"arrow","texture":"ae3V1JOuBO7JjWv+Sb7qXD","rect":[0,0,30,41],"offset":[0,0],"originalSize":[30,41]}},{"__type__":"cc.SpriteFrame","content":{"name":"default_btn_pressed","texture":"b4P/PCArtIdIH38t6mlw8Y","rect":[0,0,40,40],"offset":[0,0],"originalSize":[40,40],"capInsets":[11,11,11,7]}},{"__type__":"cc.SpriteFrame","content":{"name":"default_btn_normal","texture":"e8Ueib+qJEhL6mXAHdnwbi","rect":[0,0,40,40],"offset":[0,0],"originalSize":[40,40],"capInsets":[8,11,7,9]}}]