[1,["6fKDhM4cBHUIciN69EskMW@6c48a","9bIKUUbMNJ3rIWtrhjBGJJ"],["normalMap","_effectAsset"],[["cc.Material",["_name","_defines","_states","_props"],1,12,12]],[[0,0,1,2,3,3]],[[0,"mat_ground-3",[{},{"USE_NORMAL_MAP":true,"BASE_COLOR_MAP_AS_SHADE_MAP_1":true,"BASE_COLOR_MAP_AS_SHADE_MAP_2":true},{},{}],[[[{"rasterizerState":{},"depthStencilState":{}},"blendState",11,[{"targets":[{}]},"blendColor",8,[4,4293848814]]],{"rasterizerState":{},"depthStencilState":{},"blendState":{"targets":[{}]}},{"rasterizerState":{},"depthStencilState":{},"blendState":{"targets":[{}]}},{"rasterizerState":{},"depthStencilState":{},"blendState":{"targets":[{}]}}],11,0,0,0],[[{"lineWidth":30},[{"baseStep":0.7,"baseFeather":-0.2,"shadeStep":0.61},"mainColor",8,[4,4282078854],"shadeColor1",8,[4,7500414],"shadeColor2",8,[4,9868950],"specular",8,[4,16250872],"normalMap",6,0],{},{}],0,11,0,0]]],0,0,[0,0],[0,1],[0,1]]
