[1,["57UgcWSMhKGYrPQcn4d3+w@f9941","fdqOAHT6ZI9Y17isHVMjjL@f9941","57UgcWSMhKGYrPQcn4d3+w@6c48a","fdqOAHT6ZI9Y17isHVMjjL@6c48a"],["node","_spriteFrame","_textureSource","root","loading","data"],["cc.SpriteFrame",["cc.Node",["_name","_layer","_components","_prefab","_children","_parent"],1,9,4,2,1],["cc.Widget",["_alignFlags","_originalWidth","_originalHeight","_name","node","__prefab"],-1,1,4],["cc.Sprite",["_sizeMode","_type","_name","node","__prefab","_spriteFrame","_color"],0,1,4,6,5],["cc.Prefab",["_name"],2],["cc.UITransform",["node","__prefab","_contentSize"],3,1,4,5],["cc.CompPrefabInfo",["fileId"],2],["26499XeX+dNy6vQE19F5+aB",["node","__prefab","loading"],3,1,4,1],["cc.PrefabInfo",["fileId","instance","targetOverrides","nestedPrefabInstanceRoots","root","asset"],-1,1,1]],[[6,0,2],[5,0,1,2,1],[8,0,1,2,3,4,5,5],[1,0,1,5,2,3,3],[4,0,2],[1,0,4,2,3,2],[2,0,1,2,4,5,4],[2,3,0,1,2,4,5,5],[7,0,1,2,1],[3,1,0,3,4,6,5,3],[3,2,0,3,4,5,3]],[[[[4,"netinstable"],[5,"netinstable",[-6,-7],[[1,-2,[0,"77N2cid5pKDpXplRH/AWEU"],[5,720,1280]],[6,45,2,2,-3,[0,"63zNQq8NlBQ5QWzOJ4Kgjs"]],[8,-5,[0,"5fLUH8OIpEH5ohSCbhPd/9"],-4]],[2,"a0daVw8DRLi6ToMaTA0VS2",null,null,null,-1,0]],[3,"bg",33554432,1,[[1,-8,[0,"fbb9ezFuVDaKU7Tqqncexy"],[5,720,1280]],[9,1,0,-9,[0,"1dTEwstYVMdL5jWZ5yFCIZ"],[4,1006632960],0],[7,"loading<Widget>",45,2,2,-10,[0,"a5eUOPMadAdp+Jl5/FXe3j"]]],[2,"c5KGHiK9REY4bg8g3FbCdj",null,null,null,1,0]],[3,"loading",33554432,1,[[1,-11,[0,"daXOgzkhFPR5dIT+JDB+2t"],[5,138,138]],[10,"loading<Sprite>",0,-12,[0,"3efK3xmdVFf4X3ErJtErAe"],1]],[2,"b4DOS8ivZJwbuvCM8qdysu",null,null,null,1,0]]],0,[0,3,1,0,0,1,0,0,1,0,4,3,0,0,1,0,-1,2,0,-2,3,0,0,2,0,0,2,0,0,2,0,0,3,0,0,3,0,5,1,12],[0,0],[1,1],[0,1]],[[{"name":"default_sprite","rect":{"x":0,"y":2,"width":40,"height":36},"offset":{"x":0,"y":0},"originalSize":{"width":40,"height":40},"rotated":false,"capInsets":[0,0,0,0],"vertices":{"rawPosition":[-20,-18,0,20,-18,0,-20,18,0,20,18,0],"indexes":[0,1,2,2,1,3],"uv":[0,38,40,38,0,2,40,2],"nuv":[0,0.05,1,0.05,0,0.95,1,0.95],"minPos":{"x":-20,"y":-18,"z":0},"maxPos":{"x":20,"y":18,"z":0}},"packable":true,"pixelsToUnit":100,"pivot":{"x":0.5,"y":0.5},"meshType":0}],[0],0,[0],[2],[2]],[[{"name":"loading","rect":{"x":0,"y":0,"width":138,"height":138},"offset":{"x":0,"y":0},"originalSize":{"width":138,"height":138},"rotated":false,"capInsets":[0,0,0,0],"vertices":{"rawPosition":[-69,-69,0,69,-69,0,-69,69,0,69,69,0],"indexes":[0,1,2,2,1,3],"uv":[0,138,138,138,0,0,138,0],"nuv":[0,0,1,0,0,1,1,1],"minPos":{"x":-69,"y":-69,"z":0},"maxPos":{"x":69,"y":69,"z":0}},"packable":true,"pixelsToUnit":100,"pivot":{"x":0.5,"y":0.5},"meshType":0}],[0],0,[0],[2],[3]]]]
