[1,["7b7hAKB2ZGaLznWeO1897z@f9941","c7jiHKhg9DnZeVzw1pVGVB@f9941","17fRJtlTNPo49tLyDD+2C4@6c48a","7b7hAKB2ZGaLznWeO1897z@6c48a","c7jiHKhg9DnZeVzw1pVGVB@6c48a","17fRJtlTNPo49tLyDD+2C4@f9941"],["node","_textureSource","_spriteFrame","_target","_normalSprite","root","lab_content","lab_title","data"],["cc.SpriteFrame",["cc.Node",["_name","_layer","_components","_prefab","_children","_parent","_lpos"],1,9,4,2,1,5],["cc.UITransform",["_name","node","__prefab","_contentSize"],2,1,4,5],["cc.Sprite",["_name","_type","_sizeMode","node","__prefab","_spriteFrame"],0,1,4,6],["cc.Widget",["_alignFlags","_bottom","_name","_left","_right","node","__prefab"],-2,1,4],["cc.Label",["_string","_actualFontSize","_fontSize","_overflow","node","__prefab"],-1,1,4],["cc.Prefab",["_name"],2],["cc.Node",["_name","_layer","_parent","_components","_prefab","_lpos"],1,1,12,4,5],["cc.CompPrefabInfo",["fileId"],2],["cee32FIxlhHQqV1UbXJXgPx",["node","__prefab","lab_title","lab_content"],3,1,4,1,1],["cc.PrefabInfo",["fileId","instance","targetOverrides","nestedPrefabInstanceRoots","root","asset"],-1,1,1],["cc.Button",["_name","_transition","_zoomScale","node","__prefab","clickEvents","_normalColor","_target","_normalSprite"],0,1,4,9,5,1,6],["cc.ClickEvent",["_componentId","handler","target"],1,1]],[[8,0,2],[10,0,1,2,3,4,5,5],[2,1,2,3,1],[1,0,1,5,2,3,6,3],[7,0,1,2,3,4,5,3],[2,0,1,2,3,2],[3,0,1,2,3,4,5,4],[11,0,1,2,3,4,5,6,7,8,4],[12,0,1,2,3],[6,0,2],[1,0,1,4,2,3,3],[3,3,4,5,1],[9,0,1,2,3,1],[4,2,0,3,1,5,6,5],[4,0,4,1,5,6,4],[5,0,1,2,4,5,4],[5,0,1,2,3,4,5,5]],[[[{"name":"bg_window","rect":{"x":0,"y":0,"width":516,"height":346},"offset":{"x":0,"y":0},"originalSize":{"width":516,"height":346},"rotated":false,"capInsets":[0,0,0,0],"vertices":{"rawPosition":[-258,-173,0,258,-173,0,-258,173,0,258,173,0],"indexes":[0,1,2,2,1,3],"uv":[0,346,516,346,0,0,516,0],"nuv":[0,0,1,0,0,1,1,1],"minPos":{"x":-258,"y":-173,"z":0},"maxPos":{"x":258,"y":173,"z":0}},"packable":true,"pixelsToUnit":100,"pivot":{"x":0.5,"y":0.5},"meshType":0}],[0],0,[0],[1],[2]],[[{"name":"btn_ok","rect":{"x":0,"y":0,"width":111,"height":52},"offset":{"x":0,"y":0},"originalSize":{"width":111,"height":52},"rotated":false,"capInsets":[0,0,0,0],"vertices":{"rawPosition":[-55.5,-26,0,55.5,-26,0,-55.5,26,0,55.5,26,0],"indexes":[0,1,2,2,1,3],"uv":[0,52,111,52,0,0,111,0],"nuv":[0,0,1,0,0,1,1,1],"minPos":{"x":-55.5,"y":-26,"z":0},"maxPos":{"x":55.5,"y":26,"z":0}},"packable":true,"pixelsToUnit":100,"pivot":{"x":0.5,"y":0.5},"meshType":0}],[0],0,[0],[1],[3]],[[{"name":"btn_cancel","rect":{"x":0,"y":0,"width":111,"height":52},"offset":{"x":0,"y":0},"originalSize":{"width":111,"height":52},"rotated":false,"capInsets":[0,0,0,0],"vertices":{"rawPosition":[-55.5,-26,0,55.5,-26,0,-55.5,26,0,55.5,26,0],"indexes":[0,1,2,2,1,3],"uv":[0,52,111,52,0,0,111,0],"nuv":[0,0,1,0,0,1,1,1],"minPos":{"x":-55.5,"y":-26,"z":0},"maxPos":{"x":55.5,"y":26,"z":0}},"packable":true,"pixelsToUnit":100,"pivot":{"x":0.5,"y":0.5},"meshType":0}],[0],0,[0],[1],[4]],[[[9,"window"],[10,"window",33554432,[-7,-8,-9,-10],[[2,-2,[0,"37o1ko8nFK1oK3xmkqtwMG"],[5,516,346]],[11,-3,[0,"a0vC/W2QdFb7e69t18Gf21"],4],[12,-6,[0,"8aB6RZi0FOpJZe30TNfzaG"],-5,-4]],[1,"c7ZN3fr+hJoZmUZs2A0Ye0",null,null,null,-1,0]],[3,"btn_ok",33554432,1,[[5,"btn_ok<UITransform>",-11,[0,"f7xQN8U0NKuYCTfCHfwIz2"],[5,111,52]],[6,"btn_ok<Sprite>",1,0,-12,[0,"3dr+KXw4lC5oS1lceuHGsr"],0],[7,"btn_ok<Button>",3,0.9,-14,[0,"64+udhPrdI4oLL+6S6rR5C"],[[8,"cee32FIxlhHQqV1UbXJXgPx","onTouchEnd",1]],[4,4292269782],-13,1],[13,"btn_ok<Widget>",12,94.5,30,-15,[0,"37gJva6bdFs6GgPAU1af2N"]]],[1,"fdFk91GVpJKo4VT/zlGejW",null,null,null,1,0],[1,-108,-117,0]],[3,"btn_cancel",33554432,1,[[5,"btn_cancel<UITransform>",-16,[0,"79W4eqKFxMapzMreg0cRB3"],[5,111,52]],[6,"btn_cancel<Sprite>",1,0,-17,[0,"08v+UeZXZH+a5Tu0BOuubs"],2],[7,"btn_cancel<Button>",3,0.9,-19,[0,"23mGTQh9JPcaNniCjfDZ/c"],[[8,"cee32FIxlhHQqV1UbXJXgPx","onTouchEnd",1]],[4,4292269782],-18,3],[14,36,94.5,30,-20,[0,"ffeyp+r3tEe67JwpieOoNw"]]],[1,"3aIfIm6bVFaK62tZkb2Iic",null,null,null,1,0],[1,108,-117,0]],[4,"lab_title",33554432,1,[[[2,-21,[0,"1c9xohlJtL3bm53voN5DeV"],[5,60,50.4]],-22],4,1],[1,"42TIPOfhhM7ra85tXw74QR",null,null,null,1,0],[1,0,139,0]],[4,"lab_content",33554432,1,[[[2,-23,[0,"49SU+NRCVFC7lotcT5Arsj"],[5,420,50.4]],-24],4,1],[1,"7fk7nP/NJBI7+oI60VkgZO",null,null,null,1,0],[1,0,12,0]],[15,"标题",30,30,4,[0,"26eZlgc6xJWqYRq4rBoG6R"]],[16,"内容",26,26,3,5,[0,"867mEteZhIVLc5LxzUTUW5"]]],0,[0,5,1,0,0,1,0,0,1,0,6,7,0,7,6,0,0,1,0,-1,4,0,-2,5,0,-3,2,0,-4,3,0,0,2,0,0,2,0,3,2,0,0,2,0,0,2,0,0,3,0,0,3,0,3,3,0,0,3,0,0,3,0,0,4,0,-2,6,0,0,5,0,-2,7,0,8,1,24],[0,0,0,0,0],[2,4,2,4,2],[0,0,1,1,5]]]]
