[1,["cbbMcnqYxNqKPar+IFes91@c6160"],["root","node","data","_mesh"],[["cc.Node",["_name","_prefab","_children","_parent","_components","_lpos","_lrot","_euler"],2,4,2,1,9,5,5,5],["cc.Mesh",["_native","_hash","_struct"],1,11],["cc.Prefab",[],3],["cc.PrefabInfo",["fileId","instance","targetOverrides","nestedPrefabInstanceRoots","root","asset"],-1,1,1],["cc.MeshRenderer",["_materials","node","__prefab","bakeSettings","_mesh"],2,1,4,4,6],["cc.CompPrefabInfo",["fileId"],2],["cc.ModelBakeSettings",[],3]],[[3,0,1,2,3,4,5,5],[1,0,1,2,3],[2,1],[0,0,2,1,2],[0,0,3,4,1,5,6,7,2],[4,0,1,2,3,4,2],[5,0,2],[6,1]],[[[[1,".bin",335419928,[{"primitives":[{"primitiveMode":7,"vertexBundelIndices":[0],"indexView":{"offset":672,"length":144,"count":36,"stride":4}}],"vertexBundles":[{"view":{"offset":0,"length":672,"count":14,"stride":48},"attributes":[{"name":"a_position","format":32,"isNormalized":false},{"name":"a_normal","format":32,"isNormalized":false},{"name":"a_texCoord","format":21,"isNormalized":false},{"name":"a_tangent","format":44,"isNormalized":false}]}]},"minPosition",8,[1,-0.1438789814710617,-0.12460285425186157,0],"maxPosition",8,[1,0.1438789814710617,0.12460285425186157,0.800000011920929]]],-1],0,0,[],[],[]],[[[2],[3,"scifi_hexagon_tube",[-2],[0,"30X4cWZjNXaobB9BGUhsgN",null,null,null,-1,0]],[4,"Cylinder001",1,[[5,[null],-3,[6,"ffVDVyBMFccq556dUOuY7K"],[7],0]],[0,"f9DA4etF1UsqpzhxIUFRb+",null,null,null,1,0],[1,0,0,0.02229217439889908],[3,-0.7071067811865476,0,0,0.7071067811865476],[1,-90.00000000000003,0,0]]],0,[0,0,1,0,-1,2,0,1,2,0,2,1,3],[0],[3],[0]]]]
