[1,["1brw/JvvpFnIvdrxpFCgMZ","63OhUMb3JJorN7FTFtVoRi@d90a4","63OhUMb3JJorN7FTFtVoRi@ed2f9"],["_effectAsset","root","node","data","_mesh"],[["cc.Material",["_name","_states","_defines","_props"],0,12],["cc.Mesh",["_native","_hash","_struct"],1,11],["cc.Prefab",[],3],["cc.Node",["_name","_components","_prefab"],2,9,4],["cc.MeshRenderer",["node","__prefab","_materials","bakeSettings","_mesh"],3,1,4,3,4,6],["cc.CompPrefabInfo",["fileId"],2],["cc.ModelBakeSettings",[],3],["cc.PrefabInfo",["fileId","instance","targetOverrides","nestedPrefabInstanceRoots","root","asset"],-1,1,1]],[[0,0,1,2,3,4],[1,0,1,2,3],[2,1],[3,0,1,2,2],[4,0,1,2,3,4,1],[5,0,2],[6,1],[7,0,1,2,3,4,5,5]],[[[[0,"01 - Default",[{"rasterizerState":{},"blendState":{"targets":[{}]},"depthStencilState":{}}],[{}],[[[{"metallic":0.4000000059604645,"roughness":0.7071067690849304},"albedoScale",8,[1,0.5882353186607361,0.5882353186607361,0.5882353186607361]]],11]]],0,0,[0],[0],[0]],[[[1,".bin",3833729401,[{"primitives":[{"primitiveMode":7,"vertexBundelIndices":[0],"indexView":{"offset":26688,"length":4368,"count":1092,"stride":4}}],"vertexBundles":[{"view":{"offset":0,"length":26688,"count":556,"stride":48},"attributes":[{"name":"a_position","format":32,"isNormalized":false},{"name":"a_normal","format":32,"isNormalized":false},{"name":"a_texCoord","format":21,"isNormalized":false},{"name":"a_tangent","format":44,"isNormalized":false}]}]},"minPosition",8,[1,-0.4800572693347931,-4.1203648493137734e-8,-0.26795336604118347],"maxPosition",8,[1,0.4800572693347931,0.8844146728515625,0.24886423349380493]]],-1],0,0,[],[],[]],[[[2],[3,"CashierDesk",[[4,-2,[5,"17b1VE8ftb1p5SVOkyhfBL"],[0],[6],1]],[7,"68/zMaEqNcFq0n7aQuM6nJ",null,null,null,-1,0]]],0,[0,1,1,0,2,1,0,3,1,2],[0,0],[-1,4],[1,2]]]]
