[1,["c0WP7oxklENYnXpB/DunLO@f9941","c0WP7oxklENYnXpB/DunLO@6c48a"],["spriteFrame","_textureSource"],["cc.SpriteFrame",["cc.LabelAtlas",["_name","fontSize","fntConfig"],0]],[[1,0,1,2,4]],[[[[0,"pink",49.28,{"commonHeight":56,"fontSize":49,"atlasName":"pink","fontDefDictionary":{"48":{"xOffset":0,"yOffset":0,"xAdvance":42,"rect":{"x":0,"y":0,"width":42,"height":56}},"49":{"xOffset":0,"yOffset":0,"xAdvance":42,"rect":{"x":42,"y":0,"width":42,"height":56}},"50":{"xOffset":0,"yOffset":0,"xAdvance":42,"rect":{"x":84,"y":0,"width":42,"height":56}},"51":{"xOffset":0,"yOffset":0,"xAdvance":42,"rect":{"x":126,"y":0,"width":42,"height":56}},"52":{"xOffset":0,"yOffset":0,"xAdvance":42,"rect":{"x":168,"y":0,"width":42,"height":56}},"53":{"xOffset":0,"yOffset":0,"xAdvance":42,"rect":{"x":210,"y":0,"width":42,"height":56}},"54":{"xOffset":0,"yOffset":0,"xAdvance":42,"rect":{"x":252,"y":0,"width":42,"height":56}},"55":{"xOffset":0,"yOffset":0,"xAdvance":42,"rect":{"x":294,"y":0,"width":42,"height":56}},"56":{"xOffset":0,"yOffset":0,"xAdvance":42,"rect":{"x":336,"y":0,"width":42,"height":56}},"57":{"xOffset":0,"yOffset":0,"xAdvance":42,"rect":{"x":378,"y":0,"width":42,"height":56}}},"kerningDict":{}}]],0,0,[0],[0],[0]],[[{"name":"pink","rect":{"x":3,"y":3,"width":413,"height":51},"offset":{"x":-0.5,"y":-0.5},"originalSize":{"width":420,"height":56},"rotated":false,"capInsets":[0,0,0,0],"vertices":{"rawPosition":[-206.5,-25.5,0,206.5,-25.5,0,-206.5,25.5,0,206.5,25.5,0],"indexes":[0,1,2,2,1,3],"uv":[3,53,416,53,3,2,416,2],"nuv":[0.007142857142857143,0.03571428571428571,0.9904761904761905,0.03571428571428571,0.007142857142857143,0.9464285714285714,0.9904761904761905,0.9464285714285714],"minPos":{"x":-206.5,"y":-25.5,"z":0},"maxPos":{"x":206.5,"y":25.5,"z":0}},"packable":true,"pixelsToUnit":100,"pivot":{"x":0.5,"y":0.5},"meshType":0}],[0],0,[0],[1],[1]]]]
