[1,["5eiiQ39GdEdbPkuQiIA3l+@f9941","5eiiQ39GdEdbPkuQiIA3l+@6c48a","7dj5uJT9FMn6OrOOx83tfK@f9941","20g1ukYUVPvKWKBRznAKo+@f9941","54TknWPwVPqJqeCR+Y/Czo@f9941","95EkngnxZFbYuFpsqVTaFr@f9941","9bd9bdZ6hMyrH4faQLlxDY@f9941","9bd9bdZ6hMyrH4faQLlxDY@6c48a"],["node","_spriteFrame","_textureSource","root","spriteSplash","_target","data","_normalSprite","_hoverSprite","_pressedSprite","_disabledSprite"],[["cc.Node",["_name","_layer","_components","_prefab","_parent","_lpos","_children","_lscale"],1,9,4,1,5,2,5],["cc.Sprite",["_sizeMode","_type","node","__prefab","_spriteFrame","_color"],1,1,4,6,5],"cc.SpriteFrame",["cc.Prefab",["_name"],2],["cc.UITransform",["node","__prefab","_contentSize"],3,1,4,5],["cc.CompPrefabInfo",["fileId"],2],["cc.Widget",["_alignFlags","_originalWidth","_originalHeight","node","__prefab"],0,1,4],["7439dGMMOFNfLBgawijvtP3",["node","__prefab","spriteSplash"],3,1,4,1],["cc.PrefabInfo",["fileId","instance","targetOverrides","nestedPrefabInstanceRoots","root","asset"],-1,1,1],["cc.BlockInputEvents",["node","__prefab"],3,1,4],["cc.Button",["_transition","node","__prefab","clickEvents","_normalColor","_target","_normalSprite","_hoverSprite","_pressedSprite","_disabledSprite"],2,1,4,9,5,1,6,6,6,6],["cc.ClickEvent",["_componentId","handler","target"],1,1],["cc.Label",["_string","_actualFontSize","_fontSize","node","__prefab"],0,1,4]],[[5,0,2],[4,0,1,2,1],[8,0,1,2,3,4,5,5],[6,0,1,2,3,4,4],[3,0,2],[0,0,1,6,2,3,3],[0,0,1,4,6,2,3,5,3],[0,0,1,4,2,3,3],[0,0,1,4,2,3,5,7,3],[0,0,1,4,2,3,5,3],[7,0,1,2,1],[1,2,3,4,1],[1,0,2,3,5,4,2],[1,1,0,2,3,4,3],[9,0,1,1],[10,0,1,2,3,4,5,6,7,8,9,2],[11,0,1,2,3],[12,0,1,2,3,4,4]],[[[{"name":"btn_share_video","rect":{"x":0,"y":0,"width":316,"height":126},"offset":{"x":0,"y":0},"originalSize":{"width":316,"height":126},"rotated":false,"capInsets":[0,0,0,0],"vertices":{"rawPosition":[-158,-63,0,158,-63,0,-158,63,0,158,63,0],"indexes":[0,1,2,2,1,3],"uv":[0,126,316,126,0,0,316,0],"nuv":[0,0,1,0,0,1,1,1],"minPos":{"x":-158,"y":-63,"z":0},"maxPos":{"x":158,"y":63,"z":0}},"packable":true,"pixelsToUnit":100,"pivot":{"x":0.5,"y":0.5},"meshType":0}],[2],0,[0],[2],[1]],[[[4,"ShareRecordView"],[5,"ShareRecordView",33554432,[-6,-7],[[1,-2,[0,"3exqry/I1A1rm5roJa0uyl"],[5,720,1280]],[3,45,720,1280,-3,[0,"d3E8gSnTVER6q5Zl/q6Mmh"]],[10,-5,[0,"6eRJRSXmtDZ6Ho5MtsqrjQ"],-4]],[2,"69x3saP5JL77EQN86XsAdn",null,null,null,-1,0]],[6,"Sprite",33554432,1,[-11,-12],[[1,-8,[0,"d17DqYb/BBmLRzeebWFqj/"],[5,461,583]],[11,-9,[0,"3dSJDLDgpDRZsOjHMSPh65"],6],[14,-10,[0,"38V42Re1BLCYiJR7if3vxf"]]],[2,"2cQFusIXRGALKreGrvovtO",null,null,null,1,0],[1,0,69.353,0]],[7,"SpriteSplash",33554432,1,[[1,-13,[0,"01gAZFjvtHZIFYe7KDoEGn"],[5,720,1280]],[12,0,-14,[0,"3cKWL/VPlLFZKfOlJ1dd2S"],[4,2516582400],0],[3,45,720,1280,-15,[0,"beMqCS8clKH4uKo4iyM+3l"]]],[2,"29vuSSlL5HM5aBFqm+my/3",null,null,null,1,0]],[8,"shareBtn",33554432,2,[[1,-16,[0,"88GeCI6T9LTJP1akyJaO4e"],[5,100,40]],[13,1,0,-17,[0,"ed1eeojTtJEJ8rOxR9srvt"],1],[15,3,-19,[0,"9e2wqrS2BEc5khoQQKM6UK"],[[16,"7439dGMMOFNfLBgawijvtP3","onShareEvent",1]],[4,4292269782],-18,2,3,4,5]],[2,"f1mAdRz85EhbVuyqR5twMq",null,null,null,1,0],[1,0,-51.875,0],[1,2.5,2.5,1]],[9,"Label",33554432,2,[[1,-20,[0,"b4cMlUAzFJq5zADiqtd7yW"],[5,300,50.4]],[17,"点击任意空白处可关闭",30,30,-21,[0,"50Acxj3UlJYZEfrc6S0l+c"]]],[2,"86j1GmAqhPAr3ezBz3XkpK",null,null,null,1,0],[1,0,-337.307,0]]],0,[0,3,1,0,0,1,0,0,1,0,4,3,0,0,1,0,-1,3,0,-2,2,0,0,2,0,0,2,0,0,2,0,-1,4,0,-2,5,0,0,3,0,0,3,0,0,3,0,0,4,0,0,4,0,5,4,0,0,4,0,0,5,0,0,5,0,6,1,21],[0,0,0,0,0,0,0],[1,1,7,8,9,10,1],[2,0,0,3,4,5,6]],[[{"name":"share_bg","rect":{"x":0,"y":0,"width":461,"height":583},"offset":{"x":0,"y":0},"originalSize":{"width":461,"height":583},"rotated":false,"capInsets":[0,0,0,0],"vertices":{"rawPosition":[-230.5,-291.5,0,230.5,-291.5,0,-230.5,291.5,0,230.5,291.5,0],"indexes":[0,1,2,2,1,3],"uv":[0,583,461,583,0,0,461,0],"nuv":[0,0,1,0,0,1,1,1],"minPos":{"x":-230.5,"y":-291.5,"z":0},"maxPos":{"x":230.5,"y":291.5,"z":0}},"packable":true,"pixelsToUnit":100,"pivot":{"x":0.5,"y":0.5},"meshType":0}],[2],0,[0],[2],[7]]]]
