[1,["52Sn3IipJO64DLKdnFyt7K@50b4e","52Sn3IipJO64DLKdnFyt7K@3a2e3","1brw/JvvpFnIvdrxpFCgMZ"],["root","node","data","_mesh","_effectAsset"],[["cc.Prefab",[],3],["cc.Node",["_name","_components","_prefab"],2,9,4],["cc.MeshRenderer",["node","__prefab","_materials","bakeSettings","_mesh"],3,1,4,3,4,6],["cc.CompPrefabInfo",["fileId"],2],["cc.ModelBakeSettings",[],3],["cc.PrefabInfo",["fileId","instance","targetOverrides","nestedPrefabInstanceRoots","root","asset"],-1,1,1],["cc.Mesh",["_native","_hash","_struct"],1,11],["cc.Material",["_name","_states","_defines","_props"],0,12]],[[0,1],[1,0,1,2,2],[2,0,1,2,3,4,1],[3,0,2],[4,1],[5,0,1,2,3,4,5,5],[6,0,1,2,3],[7,0,1,2,3,4]],[[[[0],[1,"kennel",[[2,-2,[3,"76nLnQo/RV0J6SxUgBbvun"],[0],[4],1]],[5,"e0Px1nmIVb97ElDiAg+5Lr",null,null,null,-1,0]]],0,[0,0,1,0,1,1,0,2,1,2],[0,0],[-1,3],[0,1]],[[[6,".bin",2531418914,[{"primitives":[{"primitiveMode":7,"vertexBundelIndices":[0],"indexView":{"offset":39120,"length":6036,"count":1509,"stride":4}}],"vertexBundles":[{"view":{"offset":0,"length":39120,"count":815,"stride":48},"attributes":[{"name":"a_position","format":32,"isNormalized":false},{"name":"a_normal","format":32,"isNormalized":false},{"name":"a_texCoord","format":21,"isNormalized":false},{"name":"a_tangent","format":44,"isNormalized":false}]}]},"minPosition",8,[1,9.904047012329102,-0.01817384734749794,-6.7055253982543945],"maxPosition",8,[1,12.298537254333496,1.142662525177002,-2.3558509349823]]],-1],0,0,[],[],[]],[[[7,"10 - Default",[{"rasterizerState":{},"blendState":{"targets":[{}]},"depthStencilState":{}}],[{}],[[[{"metallic":0.4000000059604645,"roughness":0.7071067690849304},"albedoScale",8,[1,0.5882353186607361,0.5882353186607361,0.5882353186607361]]],11]]],0,0,[0],[4],[2]]]]
