[1,["2bwkQBxLRAmIW8/+VbnVw2@47ad3","2bwkQBxLRAmIW8/+VbnVw2@c136f","1brw/JvvpFnIvdrxpFCgMZ"],["root","node","data","_mesh","_effectAsset"],[["cc.Prefab",[],3],["cc.Node",["_name","_components","_prefab","_lpos"],2,9,4,5],["cc.MeshRenderer",["node","__prefab","_materials","bakeSettings","_mesh"],3,1,4,3,4,6],["cc.CompPrefabInfo",["fileId"],2],["cc.ModelBakeSettings",[],3],["cc.PrefabInfo",["fileId","instance","targetOverrides","nestedPrefabInstanceRoots","root","asset"],-1,1,1],["cc.Material",["_name","_states","_defines","_props"],0,12],["cc.Mesh",["_native","_hash","_struct"],1,11]],[[0,1],[1,0,1,2,3,2],[2,0,1,2,3,4,1],[3,0,2],[4,1],[5,0,1,2,3,4,5,5],[6,0,1,2,3,4],[7,0,1,2,3]],[[[[0],[1,"DinosaurEgg_5",[[2,-2,[3,"c4z/uJi5ZcP75/JxJ9lGNR"],[0],[4],1]],[5,"330Ki+xnldGZS/8TLpcbvr",null,null,null,-1,0],[1,0,-1.216027953887533e-7,-0.00011848597205244005]]],0,[0,0,1,0,1,1,0,2,1,2],[0,0],[-1,3],[0,1]],[[[6,"04 - Default",[{"rasterizerState":{},"blendState":{"targets":[{}]},"depthStencilState":{}}],[{}],[[[{"metallic":0.4000000059604645,"roughness":0.7071067690849304},"albedoScale",8,[1,0.5882353186607361,0.5882353186607361,0.5882353186607361]]],11]]],0,0,[0],[4],[2]],[[[7,".bin",1311253328,[{"primitives":[{"primitiveMode":7,"vertexBundelIndices":[0],"indexView":{"offset":10128,"length":4752,"count":1188,"stride":4}}],"vertexBundles":[{"view":{"offset":0,"length":10128,"count":211,"stride":48},"attributes":[{"name":"a_position","format":32,"isNormalized":false},{"name":"a_normal","format":32,"isNormalized":false},{"name":"a_texCoord","format":21,"isNormalized":false},{"name":"a_tangent","format":44,"isNormalized":false}]}]},"minPosition",8,[1,-0.14713174104690552,-0.18097665905952454,-0.1448965221643448],"maxPosition",8,[1,0.14713169634342194,0.1809767484664917,0.1448965072631836]]],-1],0,0,[],[],[]]]]
