[1,["32VxU5gV1KEZjWY/ViQAMU@883e3","32VxU5gV1KEZjWY/ViQAMU@0af0b","1brw/JvvpFnIvdrxpFCgMZ"],["root","node","data","_mesh","_effectAsset"],[["cc.Mesh",["_native","_hash","_struct"],1,11],["cc.Prefab",[],3],["cc.Node",["_name","_components","_prefab"],2,9,4],["cc.MeshRenderer",["node","__prefab","_materials","bakeSettings","_mesh"],3,1,4,3,4,6],["cc.CompPrefabInfo",["fileId"],2],["cc.ModelBakeSettings",[],3],["cc.PrefabInfo",["fileId","instance","targetOverrides","nestedPrefabInstanceRoots","root","asset"],-1,1,1],["cc.Material",["_name","_states","_defines","_props"],0,12]],[[0,0,1,2,3],[1,1],[2,0,1,2,2],[3,0,1,2,3,4,1],[4,0,2],[5,1],[6,0,1,2,3,4,5,5],[7,0,1,2,3,4]],[[[[0,".bin",1563501268,[{"primitives":[{"primitiveMode":7,"vertexBundelIndices":[0],"indexView":{"offset":192,"length":24,"count":6,"stride":4}}],"vertexBundles":[{"view":{"offset":0,"length":192,"count":4,"stride":48},"attributes":[{"name":"a_position","format":32,"isNormalized":false},{"name":"a_normal","format":32,"isNormalized":false},{"name":"a_texCoord","format":21,"isNormalized":false},{"name":"a_tangent","format":44,"isNormalized":false}]}]},"minPosition",8,[1,-557.7117309570312,-0.050172265619039536,-537.0447998046875],"maxPosition",8,[1,537.0169067382812,-0.04983891174197197,792.7430419921875]]],-1],0,0,[],[],[]],[[[1],[2,"ground",[[3,-2,[4,"74De7eUAdb9Ly1OrZyVXld"],[0],[5],1]],[6,"0dbpdUWKdV57/5BohZgCIy",null,null,null,-1,0]]],0,[0,0,1,0,1,1,0,2,1,2],[0,0],[-1,3],[0,1]],[[[7,"14 - Default",[{"rasterizerState":{},"blendState":{"targets":[{}]},"depthStencilState":{}}],[{}],[[[{"metallic":0.4000000059604645,"roughness":0.7071067690849304},"albedoScale",8,[1,0.5882353186607361,0.5882353186607361,0.5882353186607361]]],11]]],0,0,[0],[4],[2]]]]
