[1,["673wp2ZoVNTYQmBhT/umfB@d90a4","673wp2ZoVNTYQmBhT/umfB@30188","1brw/JvvpFnIvdrxpFCgMZ"],["root","node","data","_mesh","_effectAsset"],[["cc.Mesh",["_native","_hash","_struct"],1,11],["cc.Prefab",[],3],["cc.Node",["_name","_components","_prefab"],2,9,4],["cc.MeshRenderer",["node","__prefab","_materials","bakeSettings","_mesh"],3,1,4,3,4,6],["cc.CompPrefabInfo",["fileId"],2],["cc.ModelBakeSettings",[],3],["cc.PrefabInfo",["fileId","instance","targetOverrides","nestedPrefabInstanceRoots","root","asset"],-1,1,1],["cc.Material",["_name","_states","_defines","_props"],0,12]],[[0,0,1,2,3],[1,1],[2,0,1,2,2],[3,0,1,2,3,4,1],[4,0,2],[5,1],[6,0,1,2,3,4,5,5],[7,0,1,2,3,4]],[[[[0,".bin",3571310390,[{"primitives":[{"primitiveMode":7,"vertexBundelIndices":[0],"indexView":{"offset":66192,"length":12792,"count":3198,"stride":4}}],"vertexBundles":[{"view":{"offset":0,"length":66192,"count":1379,"stride":48},"attributes":[{"name":"a_position","format":32,"isNormalized":false},{"name":"a_normal","format":32,"isNormalized":false},{"name":"a_texCoord","format":21,"isNormalized":false},{"name":"a_tangent","format":44,"isNormalized":false}]}]},"minPosition",8,[1,-0.03323216736316681,-0.01999024860560894,-1.1629633903503418],"maxPosition",8,[1,2.5616865158081055,0.6785324811935425,1.716074824333191]]],-1],0,0,[],[],[]],[[[1],[2,"LivestockFarm",[[3,-2,[4,"beTcKAZ+JZEpzdbHIKpPdz"],[0],[5],1]],[6,"8fh9+rJwlW1Z7ps0eWJ48q",null,null,null,-1,0]]],0,[0,0,1,0,1,1,0,2,1,2],[0,0],[-1,3],[0,1]],[[[7,"01 - Default",[{"rasterizerState":{},"blendState":{"targets":[{}]},"depthStencilState":{}}],[{}],[[[{"metallic":0.4000000059604645,"roughness":0.7071067690849304},"albedoScale",8,[1,0.5882353186607361,0.5882353186607361,0.5882353186607361]]],11]]],0,0,[0],[4],[2]]]]
