[1,0,0,[["cc.JsonAsset",["_name","json"],1]],[[0,0,1,3]],[[0,"TableGlobalConfig",[{"initMoney":300,"initBagNum":4,"maxSpeed1":3.5,"maxSpeed2":2.4,"fanDegree":95,"fanRadius":2.5,"fanMaxDegree":145,"fanMaxRadius":3.8,"mountSpeed":0.8,"buyProbab":40,"vipNpcNum":10,"mountInPlayerLevelLimit":3,"dayTaskList":[[2,6,11,21,18],[1,8,15,19,22],[3,12,16,21,23],[24,4,7,13,15],[16,15,14,1,4],[5,7,10,14,24],[2,3,4,5,6],[9,15,17,20,23],[17,19,24,7,10]],"customerInterval":[8,12],"customerEnterNums":[0,3],"vipNpcStayTime":[12,24]}]]],0,0,[],[],[]]
