[1,["ab2wspaZFMaJu3pYKNN7J8@6c48a"],["_textureSource"],["cc.SpriteFrame"],0,[{"name":"frame_figure","rect":{"x":1,"y":2,"width":94,"height":20},"offset":{"x":0,"y":-0.5},"originalSize":{"width":96,"height":23},"rotated":false,"capInsets":[0,0,0,0],"vertices":{"rawPosition":[-47,-10,0,47,-10,0,-47,10,0,47,10,0],"indexes":[0,1,2,2,1,3],"uv":[1,21,95,21,1,1,95,1],"nuv":[0.010416666666666666,0.043478260869565216,0.9895833333333334,0.043478260869565216,0.010416666666666666,0.9130434782608695,0.9895833333333334,0.9130434782608695],"minPos":{"x":-47,"y":-10,"z":0},"maxPos":{"x":47,"y":10,"z":0}},"packable":true,"pixelsToUnit":100,"pivot":{"x":0.5,"y":0.5},"meshType":0}],[0],0,[0],[0],[0]]
