{"imports":{"virtual:///prerequisite-imports/internal":"chunks:///_virtual/internal","virtual:///prerequisite-imports/resources":"chunks:///_virtual/resources","virtual:///prerequisite-imports/main":"chunks:///_virtual/main","virtual:///prerequisite-imports/ui":"chunks:///_virtual/ui","virtual:///prerequisite-imports/map":"chunks:///_virtual/map","virtual:///prerequisite-imports/objects":"chunks:///_virtual/objects","virtual:///prerequisite-imports/objects1":"chunks:///_virtual/objects1","virtual:///prerequisite-imports/objects2":"chunks:///_virtual/objects2","virtual:///prerequisite-imports/objects3":"chunks:///_virtual/objects3","virtual:///prerequisite-imports/Effect":"chunks:///_virtual/Effect","virtual:///prerequisite-imports/prefabs":"chunks:///_virtual/prefabs","virtual:///prerequisite-imports/sound":"chunks:///_virtual/sound","cc":"./../cocos-js/cc.js","wait-for-ammo-instantiation":"./../cocos-js/wait-for-ammo-instantiation.js"}}