[1,["10cHjPfdZA0aC1b2tENbe9@6c48a","42/Q/iltFEeKxCn6hNmWZb@6c48a","55W8ELgS1IwZksaui83XQ6@6c48a","95SlPKxXNMw5P2Mwtoh3T9@6c48a","42/Q/iltFEeKxCn6hNmWZb@f9941","95SlPKxXNMw5P2Mwtoh3T9@f9941","10cHjPfdZA0aC1b2tENbe9@f9941","55W8ELgS1IwZksaui83XQ6@f9941"],["node","_textureSource","_spriteFrame","root","_barSprite","data"],[["cc.Node",["_name","_layer","_active","_components","_prefab","_parent","_lpos","_children"],0,9,4,1,5,2],"cc.SpriteFrame",["cc.Sprite",["_sizeMode","_type","_name","_fillRange","node","__prefab","_spriteFrame"],-1,1,4,6],["cc.UITransform",["_name","node","__prefab","_contentSize","_anchorPoint"],2,1,4,5,5],["cc.Widget",["_alignFlags","_originalWidth","_originalHeight","_bottom","node","__prefab"],-1,1,4],["cc.Label",["_name","_string","_actualFontSize","_fontSize","_isBold","node","__prefab"],-2,1,4],["cc.Prefab",["_name"],2],["cc.Node",["_name","_layer","_parent","_components","_prefab","_lpos"],1,1,12,4,5],["cc.CompPrefabInfo",["fileId"],2],["cc.PrefabInfo",["fileId","instance","targetOverrides","nestedPrefabInstanceRoots","root","asset"],-1,1,1],["cc.ProgressBar",["_mode","_progress","node","__prefab","_barSprite"],1,1,4,1],["cc.LabelOutline",["node","__prefab"],3,1,4]],[[8,0,2],[9,0,1,2,3,4,5,5],[3,0,1,2,3,2],[3,1,2,3,1],[0,0,1,5,3,4,6,3],[11,0,1,1],[6,0,2],[0,0,1,7,3,4,3],[0,0,1,5,7,3,4,6,3],[0,0,1,5,3,4,3],[0,0,2,1,5,3,4,6,4],[7,0,1,2,3,4,5,3],[3,0,1,2,3,4,2],[4,0,1,2,4,5,4],[4,0,3,4,5,3],[2,0,4,5,6,2],[2,1,0,4,5,6,3],[2,4,5,6,1],[2,2,1,0,3,4,5,5],[10,0,1,2,3,4,3],[5,0,1,2,3,5,6,5],[5,0,1,2,3,4,5,6,6]],[[[{"name":"loading_bg","rect":{"x":0,"y":0,"width":534,"height":36},"offset":{"x":0,"y":0},"originalSize":{"width":534,"height":36},"rotated":false,"capInsets":[0,0,0,0],"vertices":{"rawPosition":[-267,-18,0,267,-18,0,-267,18,0,267,18,0],"indexes":[0,1,2,2,1,3],"uv":[0,36,534,36,0,0,534,0],"nuv":[0,0,1,0,0,1,1,1],"minPos":{"x":-267,"y":-18,"z":0},"maxPos":{"x":267,"y":18,"z":0}},"packable":true,"pixelsToUnit":100,"pivot":{"x":0.5,"y":0.5},"meshType":0}],[1],0,[0],[1],[0]],[[{"name":"starup_bg","rect":{"x":0,"y":0,"width":720,"height":1597},"offset":{"x":0,"y":1.5},"originalSize":{"width":720,"height":1600},"rotated":false,"capInsets":[0,0,0,0],"vertices":{"rawPosition":[-360,-798.5,0,360,-798.5,0,-360,798.5,0,360,798.5,0],"indexes":[0,1,2,2,1,3],"uv":[0,1600,720,1600,0,3,720,3],"nuv":[0,0.001875,1,0.001875,0,1,1,1],"minPos":{"x":-360,"y":-798.5,"z":0},"maxPos":{"x":360,"y":798.5,"z":0}},"packable":true,"pixelsToUnit":100,"pivot":{"x":0.5,"y":0.5},"meshType":0}],[1],0,[0],[1],[1]],[[{"name":"loading","rect":{"x":0,"y":0,"width":188,"height":26},"offset":{"x":0,"y":0},"originalSize":{"width":188,"height":26},"rotated":false,"capInsets":[64,0,64,0],"vertices":{"rawPosition":[-94,-13,0,94,-13,0,-94,13,0,94,13,0],"indexes":[0,1,2,2,1,3],"uv":[0,26,188,26,0,0,188,0],"nuv":[0,0,1,0,0,1,1,1],"minPos":{"x":-94,"y":-13,"z":0},"maxPos":{"x":94,"y":13,"z":0}},"packable":true,"pixelsToUnit":100,"pivot":{"x":0.5,"y":0.5},"meshType":0}],[1],0,[0],[1],[2]],[[{"name":"logo","rect":{"x":0,"y":0,"width":600,"height":234},"offset":{"x":0,"y":0},"originalSize":{"width":600,"height":234},"rotated":false,"capInsets":[0,0,0,0],"vertices":{"rawPosition":[-300,-117,0,300,-117,0,-300,117,0,300,117,0],"indexes":[0,1,2,2,1,3],"uv":[0,234,600,234,0,0,600,0],"nuv":[0,0,1,0,0,1,1,1],"minPos":{"x":-300,"y":-117,"z":0},"maxPos":{"x":300,"y":117,"z":0}},"packable":true,"pixelsToUnit":100,"pivot":{"x":0.5,"y":0.5},"meshType":0}],[1],0,[0],[1],[3]],[[[6,"loading"],[7,"loading",33554432,[-4,-5,-6],[[2,"loading<UITransform>",-2,[0,"dcwRyrrAFJIZu8cg5N9Q7q"],[5,720,1280]],[13,45,1280,720,-3,[0,"26ZokSfFxPFr+5cT88/8nR"]]],[1,"65Pe/9AIJMgIjcSkJv5QHh",null,null,null,-1,0]],[8,"progress",33554432,1,[-12,-13,-14],[[3,-7,[0,"82bjtghDJB8YqPMxJfJ5Rr"],[5,534,36]],[15,0,-8,[0,"c6r2/EbkJLgZKG1NvbxXiz"],2],[19,2,1,-10,[0,"d8F8xTDrRJ2aYLMRDN1Csc"],-9],[14,20,111.47300000000001,-11,[0,"7cjLANFmdN6aV+qs7kuNy2"]]],[1,"ecgn8y3TJCyrNvvrmyHnya",null,null,null,1,0],[1,0,-510.52700000000004,0]],[4,"prompt",33554432,2,[[2,"lab_progress<UITransform>",-15,[0,"37WpHB35ZA8KJNfmflUmio"],[5,108,54.4]],[20,"lab_progress<Label>","状态提示",26,26,-16,[0,"18xXPm7ZRGtJOVkw0KWRyI"]],[5,-17,[0,"bfTjeen/RO8Z25U0XoQYb0"]]],[1,"a4Hlk39nNMV7QG9p+cKfSl",null,null,null,1,0],[1,0,-46.27,0]],[4,"value",33554432,2,[[2,"lab_progress<UITransform>",-18,[0,"59IJ+5vLRHKrxqAzljTkOL"],[5,75.61,54.4]],[21,"lab_progress<Label>","100%",28,28,true,-19,[0,"fcepWL0LBALrW5rf6BD7MO"]],[5,-20,[0,"6auaUje5JKw65o5hEPEyWR"]]],[1,"8ebP9wp/lHdpbk2hOCdLkX",null,null,null,1,0],[1,0,1,0]],[9,"bg",33554432,1,[[3,-21,[0,"f7NISe7HdAD68SLfhnddy8"],[5,720,1600]],[16,1,0,-22,[0,"e71ctEmpxFC4KlSYRZNz/a"],0]],[1,"7cza7A3O1NDLUuQQdasqMx",null,null,null,1,0]],[10,"logo",false,33554432,1,[[3,-23,[0,"52zuFcrKVI7Lkj7f2H3Yy8"],[5,600,234]],[17,-24,[0,"92COFx+IJOKbvD/rbTYpB7"],1]],[1,"dbv7JPua9Kb4VvE1M+6fsn",null,null,null,1,0],[1,0,416.196,0]],[11,"bar",33554432,2,[[[12,"Sprite<UITransform>",-25,[0,"bexms9rIVO1aqwsiKpx7p+"],[5,528,30],[0,0,0.5]],-26],4,1],[1,"3dI6CU5MVPS4+WmiQzY0D3",null,null,null,1,0],[1,-264.048,0,0]],[18,"Sprite<Sprite>",1,0,1,7,[0,"0fN5X9mM5MyL1PjGl22OSC"]]],0,[0,3,1,0,0,1,0,0,1,0,-1,5,0,-2,6,0,-3,2,0,0,2,0,0,2,0,4,8,0,0,2,0,0,2,0,-1,3,0,-2,7,0,-3,4,0,0,3,0,0,3,0,0,3,0,0,4,0,0,4,0,0,4,0,0,5,0,0,5,0,0,6,0,0,6,0,0,7,0,-2,8,0,5,1,26],[0,0,0,8],[2,2,2,2],[4,5,6,7]]]]
