[1,["02J8C3EidALqvC4Cf+tdxe@73b7f","02J8C3EidALqvC4Cf+tdxe@78e21","02J8C3EidALqvC4Cf+tdxe@1d034","02J8C3EidALqvC4Cf+tdxe@438fe","1brw/JvvpFnIvdrxpFCgMZ"],["_parent","node","root","data","_mesh","_skeleton","_defaultClip","_effectAsset"],[["cc.Node",["_name","_prefab","_children","_parent","_lpos","_components","_lrot","_euler"],2,4,2,1,5,9,5,5],["cc.Node",["_name","_parent","_children","_prefab","_lpos","_lrot","_euler"],2,1,9,4,5,5,5],["cc.Mesh",["_native","_hash","_struct"],1,11],["cc.Skeleton",["_name","_hash","_joints","_bindposes"],0,12],["cc.Prefab",[],3],["cc.SkeletalAnimation",["node","__prefab","_clips","_defaultClip"],3,1,4,3,6],["cc.CompPrefabInfo",["fileId"],2],["cc.PrefabInfo",["fileId","instance","targetOverrides","nestedPrefabInstanceRoots","root","asset"],-1,1,1],["cc.SkinnedMeshRenderer",["node","__prefab","_materials","bakeSettings","_skinningRoot","_mesh","_skeleton"],3,1,4,3,4,1,6,6],["cc.ModelBakeSettings",[],3],["cc.Material",["_name","_states","_defines","_props"],0,12]],[[7,0,1,2,3,4,5,5],[0,0,3,2,1,4,6,7,2],[0,0,3,1,4,2],[1,0,1,2,3,4,5,6,2],[6,0,2],[2,0,1,2,3],[3,0,1,2,3,4],[4,1],[0,0,2,5,1,2],[0,0,2,1,4,2],[0,0,3,5,1,2],[0,0,3,2,1,4,2],[1,0,1,2,3,4,2],[5,0,1,2,3,1],[8,0,1,2,3,4,5,6,1],[9,1],[10,0,1,2,3,4]],[[[[5,".bin",1905227772,[{"primitives":[{"primitiveMode":7,"jointMapIndex":0,"vertexBundelIndices":[0],"indexView":{"offset":84600,"length":20952,"count":5238,"stride":4}}],"vertexBundles":[{"view":{"offset":0,"length":84600,"count":1175,"stride":72},"attributes":[{"name":"a_position","format":32,"isNormalized":false},{"name":"a_normal","format":32,"isNormalized":false},{"name":"a_texCoord","format":21,"isNormalized":false},{"name":"a_tangent","format":44,"isNormalized":false},{"name":"a_joints","format":42,"isNormalized":false},{"name":"a_weights","format":44,"isNormalized":false}]}],"jointMaps":[[0,1,2,3,4,5,6,7,8,9,10,11,12,13,14,15,16,17,18,19,20,21,22,23,24,25,26,27]]},"minPosition",8,[1,-0.5677725076675415,0.00011289941903669387,-0.1722220629453659],"maxPosition",8,[1,0.5677725076675415,1.0900176763534546,0.18075881898403168]]],-1],0,0,[],[],[]],[[[6,"Skin-0",492816694,["mixamorig:Hips/mixamorig:LeftUpLeg","mixamorig:Hips","mixamorig:Hips/mixamorig:RightUpLeg","mixamorig:Hips/mixamorig:Spine","mixamorig:Hips/mixamorig:Spine/mixamorig:Spine1","mixamorig:Hips/mixamorig:Spine/mixamorig:Spine1/mixamorig:Spine2","mixamorig:Hips/mixamorig:Spine/mixamorig:Spine1/mixamorig:Spine2/mixamorig:Neck/mixamorig:Head","mixamorig:Hips/mixamorig:Spine/mixamorig:Spine1/mixamorig:Spine2/mixamorig:LeftShoulder","mixamorig:Hips/mixamorig:Spine/mixamorig:Spine1/mixamorig:Spine2/mixamorig:LeftShoulder/mixamorig:LeftArm","mixamorig:Hips/mixamorig:Spine/mixamorig:Spine1/mixamorig:Spine2/mixamorig:Neck","mixamorig:Hips/mixamorig:LeftUpLeg/mixamorig:LeftLeg","mixamorig:Hips/mixamorig:LeftUpLeg/mixamorig:LeftLeg/mixamorig:LeftFoot","mixamorig:Hips/mixamorig:LeftUpLeg/mixamorig:LeftLeg/mixamorig:LeftFoot/mixamorig:LeftToeBase","mixamorig:Hips/mixamorig:Spine/mixamorig:Spine1/mixamorig:Spine2/mixamorig:LeftShoulder/mixamorig:LeftArm/mixamorig:LeftForeArm","mixamorig:Hips/mixamorig:Spine/mixamorig:Spine1/mixamorig:Spine2/mixamorig:LeftShoulder/mixamorig:LeftArm/mixamorig:LeftForeArm/mixamorig:LeftHand","mixamorig:Hips/mixamorig:Spine/mixamorig:Spine1/mixamorig:Spine2/mixamorig:LeftShoulder/mixamorig:LeftArm/mixamorig:LeftForeArm/mixamorig:LeftHand/mixamorig:LeftHandIndex1","mixamorig:Hips/mixamorig:Spine/mixamorig:Spine1/mixamorig:Spine2/mixamorig:LeftShoulder/mixamorig:LeftArm/mixamorig:LeftForeArm/mixamorig:LeftHand/mixamorig:LeftHandIndex1/mixamorig:LeftHandIndex2","mixamorig:Hips/mixamorig:Spine/mixamorig:Spine1/mixamorig:Spine2/mixamorig:LeftShoulder/mixamorig:LeftArm/mixamorig:LeftForeArm/mixamorig:LeftHand/mixamorig:LeftHandIndex1/mixamorig:LeftHandIndex2/mixamorig:LeftHandIndex3","mixamorig:Hips/mixamorig:Spine/mixamorig:Spine1/mixamorig:Spine2/mixamorig:RightShoulder","mixamorig:Hips/mixamorig:Spine/mixamorig:Spine1/mixamorig:Spine2/mixamorig:RightShoulder/mixamorig:RightArm","mixamorig:Hips/mixamorig:RightUpLeg/mixamorig:RightLeg","mixamorig:Hips/mixamorig:RightUpLeg/mixamorig:RightLeg/mixamorig:RightFoot","mixamorig:Hips/mixamorig:RightUpLeg/mixamorig:RightLeg/mixamorig:RightFoot/mixamorig:RightToeBase","mixamorig:Hips/mixamorig:Spine/mixamorig:Spine1/mixamorig:Spine2/mixamorig:RightShoulder/mixamorig:RightArm/mixamorig:RightForeArm","mixamorig:Hips/mixamorig:Spine/mixamorig:Spine1/mixamorig:Spine2/mixamorig:RightShoulder/mixamorig:RightArm/mixamorig:RightForeArm/mixamorig:RightHand","mixamorig:Hips/mixamorig:Spine/mixamorig:Spine1/mixamorig:Spine2/mixamorig:RightShoulder/mixamorig:RightArm/mixamorig:RightForeArm/mixamorig:RightHand/mixamorig:RightHandIndex1","mixamorig:Hips/mixamorig:Spine/mixamorig:Spine1/mixamorig:Spine2/mixamorig:RightShoulder/mixamorig:RightArm/mixamorig:RightForeArm/mixamorig:RightHand/mixamorig:RightHandIndex1/mixamorig:RightHandIndex2","mixamorig:Hips/mixamorig:Spine/mixamorig:Spine1/mixamorig:Spine2/mixamorig:RightShoulder/mixamorig:RightArm/mixamorig:RightForeArm/mixamorig:RightHand/mixamorig:RightHandIndex1/mixamorig:RightHandIndex2/mixamorig:RightHandIndex3"],[[[7,-0.9994776248931885,0.03231944516301155,6.0384254020606765e-12,0,-0.03231924772262573,-0.9994715452194214,0.0034770583733916283,0,0.00011237660510232672,0.0034752420615404844,0.9999939203262329,0,0.0826827734708786,0.3671089708805084,-0.0009525900240987539,1],[7,1,0,0,0,0,1,4.371138828673793e-8,0,0,-4.371138828673793e-8,1,0,0,-0.4046180546283722,0.0007011723355390131,1],[7,-0.9994776844978333,-0.032316964119672775,4.3419493694907274e-11,0,0.03231428191065788,-0.9993947148323059,0.012884746305644512,0,-0.0004163958365097642,0.01287801656872034,0.9999170303344727,0,-0.08268122375011444,0.3670894503593445,-0.0039955792017281055,1],[7,1,0,0,0,0,0.9999966621398926,0.002571567427366972,0,0,-0.002571567427366972,0.9999966621398926,0,0,-0.46765628457069397,-0.0003393149236217141,1],[7,1,0,0,0,0,0.9999966621398926,0.0025715683586895466,0,0,-0.0025715683586895466,0.9999966621398926,0,0,-0.5412003993988037,-0.0003393154183868319,1],[7,1,0,0,0,0,0.9999966621398926,0.0025715683586895466,0,0,-0.0025715683586895466,0.9999966621398926,0,0,-0.6252507567405701,-0.0003393154183868319,1],[7,1,0,0,0,0,1,4.371138828673793e-8,0,0,-4.371138828673793e-8,1,0,0,-0.7359504699707031,0.0012568712700158358,1],[7,-0.0032927473075687885,0.9477030038833618,-0.3191365897655487,0,-0.002580010797828436,-0.3191452920436859,-0.9477022886276245,0,-0.999991238117218,-0.0022971683647483587,0.0034959488548338413,0,0.0003446009068284184,0.19377663731575012,0.682089626789093,1],[7,-0.017942054197192192,0.9993187785148621,-0.03225020691752434,0,0.002353681717067957,-0.03221309557557106,-0.9994782209396362,0,-0.999836266040802,-0.018008599057793617,-0.0017741092015057802,0,-0.0015325313434004784,-0.080490842461586,0.6881211400032043,1],[7,1,0,0,0,0,1,4.371138828673793e-8,0,0,-4.371138828673793e-8,1,0,0,-0.719805896282196,0.0015116882277652621,1],[7,-0.999988853931427,0.0047180443070828915,0.00015363235434051603,0,-0.004720516502857208,-0.9995661973953247,-0.029069695621728897,0,0.00001641361268411856,-0.029070096090435982,0.9995773434638977,0,0.07692946493625641,0.20942756533622742,0.0058664362877607346,1],[7,-0.9999876618385315,0.0012015433749184012,-0.004829250741750002,0,-0.004670029506087303,-0.5618484616279602,0.827226996421814,0,-0.00171935826074332,0.8272392749786377,0.5618471503257751,0,0.07691916078329086,0.051725637167692184,-0.06997562944889069,1],[7,-0.9983581900596619,0.03280520439147949,0.04695475101470947,0,0.04669943451881409,-0.008506453596055508,0.9988727569580078,0,0.03316764160990715,0.9994255304336548,0.006960502825677395,0,0.07242614775896072,-0.12554092705249786,-0.005881340708583593,1],[7,0.011358123272657394,0.9998906850814819,0.00946990866214037,0,0.0014084260910749435,0.009454512968659401,-0.9999542832374573,0,-0.9999344944953918,0.011370941996574402,-0.001300886506214738,0,-0.008322729729115963,-0.26003146171569824,0.6778636574745178,1],[7,0.09217990934848785,0.995137631893158,0.03469839319586754,0,0.0021683790255337954,0.034646060317754745,-0.9993972778320312,0,-0.9957399964332581,0.09219959378242493,0.0010358351282775402,0,-0.042912740260362625,-0.4430377781391144,0.6668509840965271,1],[7,-0.17428763210773468,0.9836070537567139,0.04627010226249695,0,-0.0070717185735702515,0.04573778063058853,-0.9989284873008728,0,-0.9846693873405457,-0.1744280755519867,-0.0010157376527786255,0,0.09034986048936844,-0.4995279908180237,0.6610215902328491,1],[7,-0.17428763210773468,0.9836070537567139,0.04627010226249695,0,-0.0070717185735702515,0.04573778063058853,-0.9989284873008728,0,-0.9846693873405457,-0.1744280755519867,-0.0010157376527786255,0,0.09034986048936844,-0.5270078182220459,0.6610215902328491,1],[7,-0.17428763210773468,0.9836070537567139,0.04627010226249695,0,-0.0070717185735702515,0.04573778063058853,-0.9989284873008728,0,-0.9846693873405457,-0.1744280755519867,-0.0010157376527786255,0,0.0971459224820137,-0.5665122866630554,0.6565663814544678,1],[7,0.001559311174787581,-0.9477030038833618,0.3191497325897217,0,0.0025675524957478046,-0.3191452920436859,-0.9477022886276245,0,0.9999955296516418,0.002297196537256241,0.0019356303382664919,0,-0.00033680599881336093,0.19378358125686646,0.6820873022079468,1],[7,-0.015446102246642113,-0.999360203742981,0.0322595052421093,0,-0.0031594627071172,-0.032214414328336716,-0.9994759559631348,0,0.9998757243156433,-0.015539931133389473,-0.0026598540134727955,0,0.0018422732828184962,-0.08048209547996521,0.6881203055381775,1],[7,-0.999988853931427,-0.004716572351753712,-0.00024151061370503157,0,0.004722359590232372,-0.999256432056427,-0.03826498985290527,0,-0.0000608514528721571,-0.03826570138335228,0.9992676377296448,0,-0.07692977786064148,0.20940561592578888,0.006721735466271639,1],[7,-0.9999876618385315,-0.0012116472935304046,0.004814501386135817,0,0.0046538119204342365,-0.5665125846862793,0.8240399360656738,0,0.00172902992926538,0.8240522146224976,0.5665112733840942,0,-0.0769176110625267,0.05217113345861435,-0.06964881718158722,1],[7,-0.9984286427497864,-0.032385919243097305,-0.04573192447423935,0,-0.04548216611146927,-0.008407487533986568,0.9989297389984131,0,-0.03273574635386467,0.99944007396698,0.0069212946109473705,0,-0.0725383386015892,-0.12392880767583847,-0.005770732183009386,1],[7,0.011813383549451828,-0.9998852610588074,-0.009480772539973259,0,-0.002279762178659439,0.009454477578401566,-0.9999526739120483,0,0.9999275803565979,0.011834438890218735,-0.0021678111515939236,0,0.008159136399626732,-0.2600383162498474,0.6778578162193298,1],[7,0.01651756279170513,-0.9926270246505737,-0.12007787078619003,0,-0.002324218861758709,0.12005580961704254,-0.992764413356781,0,0.9998608827590942,0.016677135601639748,-0.00032405313686467707,0,0.010173098184168339,-0.5004293918609619,0.6263203024864197,1],[7,-0.10780481994152069,-0.9791603684425354,0.17211362719535828,0,0.01271483488380909,-0.1744663417339325,-0.9845810532569885,0,0.994090735912323,-0.10395418852567673,0.031258177012205124,0,-0.059875860810279846,-0.3499382436275482,0.7609764933586121,1],[7,-0.10780481994152069,-0.9791603684425354,0.17211362719535828,0,0.01271483488380909,-0.1744663417339325,-0.9845810532569885,0,0.994090735912323,-0.10395418852567673,0.031258177012205124,0,-0.059875860810279846,-0.37651684880256653,0.7609764933586121,1],[7,-0.10780481994152069,-0.9791603684425354,0.17211362719535828,0,0.01271483488380909,-0.1744663417339325,-0.9845810532569885,0,0.994090735912323,-0.10395418852567673,0.031258177012205124,0,-0.06630096584558487,-0.41393527388572693,0.7682818174362183,1]],8,8,8,8,8,8,8,8,8,8,8,8,8,8,8,8,8,8,8,8,8,8,8,8,8,8,8,8]]],0,0,[],[],[]],[[[7],[8,"Protagonist",[-3,-4],[[13,-2,[4,"9dX29nTbpU9atSFabPSLsm"],[3],4]],[0,"691ffc1z1QnqLsHTsWXs1u",null,null,null,-1,0]],[1,"mixamorig:Hips",1,[-5,-6,-7],[0,"ecBmdfjPFcfZ7ki2gTyEXu",null,null,null,1,0],[1,1.7494235748927167e-7,0.40366771817207336,-0.0010902747744694352],[3,2.185876546405116e-8,-5.969784524415426e-7,-0.000005144229362416946,0.9999999999865901],[1,0.0000025044781030120514,-0.00006840867868760288,-0.000589485264125355]],[9,"mixamorig:Spine2",[-8,-9,-10],[0,"f2Uw8+DnlVUa/CfcDDlQiH",null,null,null,1,0],[1,0,0.08405032753944397,-2.98023217215615e-10]],[10,"Protagonist",1,[[14,-11,[4,"d8CcpixudVTaddDgjWLYO4"],[0],[15],1,1,2]],[0,"abCKHJwyNS25gbJUNjhiuA",null,null,null,1,0]],[1,"mixamorig:Spine",2,[-12],[0,"82dEz59FZWE7wbjvNXXWxf",null,null,null,1,0],[1,5.421010741258487e-22,0.06303756684064865,-0.00016210325702559203],[3,-0.0012857787179023578,5.903671127158801e-7,0.000005144992923613629,0.999999173372793],[1,-0.14733942879858591,0.00006840909203313814,0.0005894852886199935]],[11,"mixamorig:Spine1",5,[3],[0,"eeyEmlfGtRHqFpwaRa8f3I",null,null,null,1,0],[1,-1.3552526853146218e-22,0.07354415953159332,-1.490116086078075e-10]],[1,"mixamorig:Neck",3,[-13],[0,"50UouB1WdSbZg6xq+ob092",null,null,null,1,0],[1,0,0.09455665946006775,2.98023217215615e-10],[3,0.0012857635839526628,-4.245601232037043e-14,-2.563249654422422e-13,0.9999991734056616],[1,0.1473376942203748,-4.82733030138709e-12,-2.9378908497302984e-11]],[12,"mixamorig:Head",7,[[2,"mixamorig:HeadTop_End",-14,[0,"342nzrzRdY/YSlsW7bIW+7",null,null,null,1,0],[1,1.45519149031062e-13,0.35360053181648254,0.005581044126302004]]],[0,"00ua7jiJZdi4S5q3MqJsP1",null,null,null,1,0],[1,-1.45519149031062e-13,0.016144562512636185,0.0002548170159570873]],[1,"mixamorig:LeftShoulder",3,[-15],[0,"040eDuunJSFbOlbDU2VCgR",null,null,null,1,0],[1,0.03403818979859352,0.08301284909248352,-0.00011278137390036136],[3,-0.5728981310795807,-0.4138346479462681,0.5747908765135975,-0.41248522863424086],[1,108.49329278739211,90.18835076794961,-0.0008765946236562808]],[1,"mixamorig:LeftArm",9,[-16],[0,"8dVMDTVmhY54xBvgJRl7gD",null,null,null,1,0],[1,1.490116086078075e-10,0.07234584540128708,0],[3,-0.160687501671007,0.0025139215159589914,0.001256313954469651,0.9870013316508695],[1,-18.493937758290855,0.3074645611791595,0.09580177113730605]],[1,"mixamorig:LeftForeArm",10,[-17],[0,"d5cYZ1j+xU14gip6Fp/HEL",null,null,null,1,0],[1,0,0.1511806696653366,1.4210854397564648e-16],[3,2.9655214842370584e-7,-0.0003058537298011719,1.4007172135385252e-7,0.9999999532266931],[1,0.000033987280700477204,-0.03504825628308338,0.00001604064253912082]],[1,"mixamorig:LeftHand",11,[-18],[0,"317d9B+PpZfbbGZQXlyIdy",null,null,null,1,0],[1,0,0.16804073750972748,1.5258788721439487e-7],[3,2.6599823524186907e-7,-0.0005130951694726382,-3.756900024362825e-7,0.9999998683665587],[1,0.000030459059251828546,-0.05879637796707713,-0.00004306653715487739]],[1,"mixamorig:LeftHandIndex1",12,[-19],[0,"abACIWOPZYsaztskx44hGm",null,null,null,1,0],[1,-2.7755574995243454e-19,0.05506778880953789,-1.4210854397564648e-16],[3,1.5324105835567733e-7,0.0007918522337713345,-3.45816625085291e-7,0.9999996864848992],[1,0.000017591505534438653,0.09073959147503809,-0.00003961374875224325]],[1,"mixamorig:LeftHandIndex2",13,[-20],[0,"08czJTFsJQAKdPrNuD29Wd",null,null,null,1,0],[1,0,0.0274797435849905,1.5258788721439487e-7],[3,-0.05551562526449937,-1.3160573237377412e-7,-0.08468800887154225,0.9948597672560933],[1,-6.4342501256071625,-0.5465921457689372,-9.70092953082705]],[3,"mixamorig:LeftHandIndex3",14,[[2,"mixamorig:LeftHandIndex4",-21,[0,"5cN9p1XepZhbSkruDl70+T",null,null,null,1,0],[1,-0.005313005298376083,0.021238746121525764,-0.0014271545223891735]]],[0,"2eIkhV21xRAb4xbh4XkIlr",null,null,null,1,0],[1,-0.0067960643209517,0.03950443118810654,0.004455185029655695],[3,0.08570996588607753,0.018940863946755565,-0.037206057097485194,0.9954450033708627],[1,9.932142033905853,2.533185942339107,-4.061449999020013]],[1,"mixamorig:RightShoulder",3,[-22],[0,"0dvFcPQbxXbqIE+5jTiHBD",null,null,null,1,0],[1,-0.03403818979859352,0.08301231265068054,0.00005340933785191737],[3,0.574271259607823,-0.41287287919879545,0.5733704546146019,0.4135152086508862],[1,108.4865671540643,-89.91035413914565,-0.00041541974800791704]],[1,"mixamorig:RightArm",16,[-23],[0,"07wFoF1dxRj44WxRjrUlD/",null,null,null,1,0],[1,1.490116086078075e-10,0.0723457932472229,-1.4210854397564648e-16],[3,-0.1606840060068665,-0.002536709678170634,0.0012056657697413656,0.987001905615002],[1,-18.49285186751543,-0.2647094910825578,0.18307213977352987]],[1,"mixamorig:RightForeArm",17,[-24],[0,"1e/MZD3ohUnLH5oPq6I9bn",null,null,null,1,0],[1,0,0.1511744260787964,0],[3,-3.5849183861201775e-7,0.00028472670780505134,-1.8547239120735822e-7,0.9999999594652687],[1,-0.00004107408556039375,0.03262727777699353,-0.00002126526621589848]],[1,"mixamorig:RightHand",18,[-25],[0,"b3ROHkovZaioWq8ym6Rf0x",null,null,null,1,0],[1,5.9604643443123e-10,0.1680416315793991,1.4210854397564648e-16],[3,3.876316408163255e-7,0.00013048782309717677,2.404550209568129e-7,0.9999999914863601],[1,0.000044415718194273964,0.014952803114388936,0.000027559911672119248]],[1,"mixamorig:RightHandIndex1",19,[-26],[0,"d9ZCb9NClW7L44nOKItvRS",null,null,null,1,0],[1,-5.551114999048691e-19,0.05880805850028992,-1.4210854397564648e-16],[3,4.5739464018493444e-7,0.009333476546998449,2.4476563320630665e-8,0.9999564421590256],[1,0.00005238510328179387,1.0695531578404807,0.000003293886157975221]],[1,"mixamorig:RightHandIndex2",20,[-27],[0,"5bpm+I/PxY/qvzn6xM7X6q",null,null,null,1,0],[1,1.19209286886246e-9,0.026578597724437714,1.4210854397564648e-16],[3,0.09524176026847962,-1.7438867682536302e-8,0.08376849229062192,0.9919233069145603],[1,11.046722788354083,-0.9271755550821524,9.56601283474258]],[3,"mixamorig:RightHandIndex3",21,[[2,"mixamorig:RightHandIndex4",-28,[0,"c6Ujnf0hNcpZllc/sVDwC8",null,null,null,1,0],[1,0.007021923083811998,0.020198440179228783,-0.0027420807164162397]]],[0,"dab5yVzXxS1rrgEAYX7hXV",null,null,null,1,0],[1,0.006425113882869482,0.037418439984321594,-0.00730552664026618],[3,-0.027064580979976993,0.02027946376245799,0.08007221819742748,0.9962151834211468],[1,-3.319473791317959,2.597076726205903,9.116395156101158]],[1,"mixamorig:LeftUpLeg",2,[-29],[0,"bdiK5MmrNf/Kp6RtSxwEzj",null,null,null,1,0],[1,0.07077483087778091,-0.03502754122018814,0.0003686887794174254],[3,0.0001320757408653054,0.016039913169917607,0.9998535295517568,-0.005968516096510112],[1,-178.16169402567309,-179.97389522945684,-0.6836148464294857]],[1,"mixamorig:LeftLeg",23,[-30],[0,"850QxYJhxcpaG93WPdmsXo",null,null,null,1,0],[1,8.881783998477905e-18,0.1598045974969864,2.38418573772492e-9],[3,-0.07922111336330959,0.0008682497301437625,-0.013768190317645498,0.9967616055382856],[1,-9.08881642573777,-0.025826547323252718,-1.580691658052452]],[1,"mixamorig:LeftFoot",24,[-31],[0,"e7ST+6Y91ZaK5DPwu8gtu8",null,null,null,1,0],[1,8.881783998477905e-18,0.12261667847633362,2.38418573772492e-9],[3,0.522957795905186,0.00497444340921974,0.008911359023115049,0.8522974752368561],[1,63.06588245398223,-0.0482025545710007,1.1685198804818726]],[3,"mixamorig:LeftToeBase",25,[[2,"mixamorig:LeftToe_End",-32,[0,"51HNbEqlBcD6hg0bqSyle4",null,null,null,1,0],[1,4.76837147544984e-9,0.0568135641515255,0]]],[0,"62hHp/j2JU3p7oPreEyvK4",null,null,null,1,0],[1,-9.53674295089968e-9,0.15285684168338776,9.53674295089968e-9],[3,0.29004714466922255,-0.02972226462472164,0.009012833416006467,0.9565082381708085],[1,33.73832052479111,-3.5596397710502146,-9.827179838042079e-7]],[1,"mixamorig:RightUpLeg",2,[-33],[0,"9bAKIqLCBWd7a6gAwgPRmO",null,null,null,1,0],[1,-0.07077481597661972,-0.03502754122018814,-0.000065376385464333],[3,-0.00024017271498301456,0.01805940862032438,0.9998191180704062,0.005960806846896588],[1,-177.9301575112823,179.96014475572792,0.6824537068440485]],[1,"mixamorig:RightLeg",27,[-34],[0,"294bb/joBaC4A7HZp075LM",null,null,null,1,0],[1,0,0.15981686115264893,2.38418573772492e-9],[3,-0.08207163059582633,-0.0009504736920009864,0.013768294565953468,0.9965308716321076],[1,-9.416494245405454,0.020956466107972808,1.581396700506472]],[1,"mixamorig:RightFoot",28,[-35],[0,"b0GfEftsNTlo+MV7iWhjTM",null,null,null,1,0],[1,9.53674295089968e-9,0.12265461683273315,0],[3,0.521264784639948,-0.004965028660330858,-0.008914028177266458,0.8533339984357389],[1,62.83838082594049,0.04696265326692504,-1.1683118701176414]],[3,"mixamorig:RightToeBase",29,[[2,"mixamorig:RightToe_End",-36,[0,"3clwT6RD9dFZ/n4CLRDGqO",null,null,null,1,0],[1,-4.76837147544984e-9,0.057549457997083664,0]]],[0,"83Fb7jGAhaULgRbwFflqTX",null,null,null,1,0],[1,9.53674295089968e-9,0.1516004204750061,2.3841858265427618e-8],[3,0.2927867521172362,0.0290949442636576,-0.008913542293176927,0.9556934397424325],[1,34.06599443426586,3.48752583493048,3.8907548698773715e-8]]],0,[0,2,1,0,1,1,0,-1,4,0,-2,2,0,-1,5,0,-2,23,0,-3,27,0,-1,7,0,-2,9,0,-3,16,0,1,4,0,-1,6,0,-1,8,0,0,8,0,-1,10,0,-1,11,0,-1,12,0,-1,13,0,-1,14,0,-1,15,0,0,15,0,-1,17,0,-1,18,0,-1,19,0,-1,20,0,-1,21,0,-1,22,0,0,22,0,-1,24,0,-1,25,0,-1,26,0,0,26,0,-1,28,0,-1,29,0,-1,30,0,0,30,0,3,1,3,0,6,36],[0,0,0,0,0],[-1,4,5,-1,6],[1,2,3,0,0]],[[[16,"13 - Default",[{"rasterizerState":{},"blendState":{"targets":[{}]},"depthStencilState":{}}],[{}],[[[{"metallic":0.4000000059604645,"roughness":0.7071067690849304},"albedoScale",8,[1,0.5882353186607361,0.5882353186607361,0.5882353186607361]]],11]]],0,0,[0],[7],[4]]]]
