[[{"__type__":"cc.Prefab","_name":"ResultNode","data":{"__id__":1},"asyncLoadAssets":null},{"__type__":"cc.Node","_name":"ResultUpNode","_children":[{"__id__":2},{"__id__":3}],"_components":[{"__type__":"cc.Widget","node":{"__id__":1},"_alignFlags":45,"_originalWidth":750,"_originalHeight":1334},{"__type__":"5cabe9j75BFYK9ws3th/iN9","node":{"__id__":1}}],"_prefab":{"__type__":"cc.PrefabInfo","root":{"__id__":1},"asset":{"__uuid__":"777Jo86AhEXYrIkkIScaN+"},"fileId":"8eWFe0kkdBC7nqKxcJRpDj"},"_contentSize":{"__type__":"cc.Size","width":750,"height":1334},"_position":{"__type__":"cc.Vec2","x":375,"y":667}},{"__type__":"cc.Node","_name":"bg","_parent":{"__id__":1},"_components":[{"__type__":"cc.Sprite","node":{"__id__":2},"_spriteFrame":{"__uuid__":"a2MjXRFdtLlYQ5ouAFv/+R"},"_sizeMode":0},{"__type__":"cc.Widget","node":{"__id__":2},"_alignFlags":45,"_originalWidth":750,"_originalHeight":1334},{"__type__":"cc.Button","node":{"__id__":2}}],"_prefab":{"__type__":"cc.PrefabInfo","root":{"__id__":1},"asset":{"__uuid__":"777Jo86AhEXYrIkkIScaN+"},"fileId":"b8y97HNDNIV523Fp+sozlA"},"_opacity":180,"_color":{"__type__":"cc.Color"},"_contentSize":{"__type__":"cc.Size","width":750,"height":1334}},{"__type__":"cc.Node","_name":"content","_parent":{"__id__":1},"_children":[{"__id__":4},{"__id__":5},{"__id__":15},{"__id__":17}],"_components":[{"__type__":"cc.Sprite","node":{"__id__":3},"_spriteFrame":{"__uuid__":"be7RIvkTpFdKbPG8lmkAB9"}},{"__type__":"cc.Button","node":{"__id__":3}}],"_prefab":{"__type__":"cc.PrefabInfo","root":{"__id__":1},"asset":{"__uuid__":"777Jo86AhEXYrIkkIScaN+"},"fileId":"ebR2v28sVPNZKyFRkzKN4z"},"_contentSize":{"__type__":"cc.Size","width":500,"height":571}},{"__type__":"cc.Node","_name":"title","_parent":{"__id__":3},"_components":[{"__type__":"cc.Label","node":{"__id__":4},"_useOriginalSize":false,"_fontSize":48,"_lineHeight":56,"_N$string":"胜利","_N$horizontalAlign":1,"_N$verticalAlign":1}],"_prefab":{"__type__":"cc.PrefabInfo","root":{"__id__":1},"asset":{"__uuid__":"777Jo86AhEXYrIkkIScaN+"},"fileId":"d5e4DqNg5NJZ+gsRONAD0T"},"_contentSize":{"__type__":"cc.Size","width":96,"height":56},"_position":{"__type__":"cc.Vec2","y":246}},{"__type__":"cc.Node","_name":"contentlayout","_parent":{"__id__":3},"_children":[{"__id__":6},{"__id__":9},{"__id__":12}],"_components":[{"__type__":"cc.Layout","node":{"__id__":5},"_layoutSize":{"__type__":"cc.Size","width":480,"height":290},"_resize":1,"_N$layoutType":2,"_N$paddingTop":10,"_N$spacingY":20}],"_prefab":{"__type__":"cc.PrefabInfo","root":{"__id__":1},"asset":{"__uuid__":"777Jo86AhEXYrIkkIScaN+"},"fileId":"77V1hAHnNKDJq8daGmcRH+"},"_contentSize":{"__type__":"cc.Size","width":480,"height":290},"_position":{"__type__":"cc.Vec2","y":9}},{"__type__":"cc.Node","_name":"itemnode","_parent":{"__id__":5},"_children":[{"__id__":7},{"__id__":8}],"_components":[{"__type__":"cc.Sprite","node":{"__id__":6},"_spriteFrame":{"__uuid__":"c14/hH0JpPUpNV08oVFdoU"},"_type":1,"_sizeMode":0}],"_prefab":{"__type__":"cc.PrefabInfo","root":{"__id__":1},"asset":{"__uuid__":"777Jo86AhEXYrIkkIScaN+"},"fileId":"c6+CtOr6FNn4adpEYT0FoZ"},"_contentSize":{"__type__":"cc.Size","width":450,"height":80},"_position":{"__type__":"cc.Vec2","y":95}},{"__type__":"cc.Node","_name":"name","_parent":{"__id__":6},"_components":[{"__type__":"cc.Label","node":{"__id__":7},"_fontSize":32,"_lineHeight":50,"_N$string":"时间","_N$horizontalAlign":1,"_N$verticalAlign":1}],"_prefab":{"__type__":"cc.PrefabInfo","root":{"__id__":1},"asset":{"__uuid__":"777Jo86AhEXYrIkkIScaN+"},"fileId":"c0bigPoJdKd7beVhrj/hBh"},"_anchorPoint":{"__type__":"cc.Vec2","y":0.5},"_contentSize":{"__type__":"cc.Size","width":64,"height":50},"_position":{"__type__":"cc.Vec2","x":-210}},{"__type__":"cc.Node","_name":"num","_parent":{"__id__":6},"_components":[{"__type__":"cc.Label","node":{"__id__":8},"_fontSize":32,"_lineHeight":50,"_N$string":"0","_N$horizontalAlign":1,"_N$verticalAlign":1}],"_prefab":{"__type__":"cc.PrefabInfo","root":{"__id__":1},"asset":{"__uuid__":"777Jo86AhEXYrIkkIScaN+"},"fileId":"c9Rw0DubxNz7uZMLy181e8"},"_anchorPoint":{"__type__":"cc.Vec2","x":1,"y":0.5},"_contentSize":{"__type__":"cc.Size","width":17.8,"height":50},"_position":{"__type__":"cc.Vec2","x":200}},{"__type__":"cc.Node","_name":"itemnode","_parent":{"__id__":5},"_children":[{"__id__":10},{"__id__":11}],"_components":[{"__type__":"cc.Sprite","node":{"__id__":9},"_spriteFrame":{"__uuid__":"c14/hH0JpPUpNV08oVFdoU"},"_type":1,"_sizeMode":0}],"_prefab":{"__type__":"cc.PrefabInfo","root":{"__id__":1},"asset":{"__uuid__":"777Jo86AhEXYrIkkIScaN+"},"fileId":"81zAdFPV5Lvq+tP6vOhv7A"},"_contentSize":{"__type__":"cc.Size","width":450,"height":80},"_position":{"__type__":"cc.Vec2","y":-5}},{"__type__":"cc.Node","_name":"name","_parent":{"__id__":9},"_components":[{"__type__":"cc.Label","node":{"__id__":10},"_fontSize":32,"_lineHeight":50,"_N$string":"移动","_N$horizontalAlign":1,"_N$verticalAlign":1}],"_prefab":{"__type__":"cc.PrefabInfo","root":{"__id__":1},"asset":{"__uuid__":"777Jo86AhEXYrIkkIScaN+"},"fileId":"e23dHheatI4pYwtcmZTm19"},"_anchorPoint":{"__type__":"cc.Vec2","y":0.5},"_contentSize":{"__type__":"cc.Size","width":64,"height":50},"_position":{"__type__":"cc.Vec2","x":-210}},{"__type__":"cc.Node","_name":"num","_parent":{"__id__":9},"_components":[{"__type__":"cc.Label","node":{"__id__":11},"_fontSize":32,"_lineHeight":50,"_N$string":"0","_N$horizontalAlign":1,"_N$verticalAlign":1}],"_prefab":{"__type__":"cc.PrefabInfo","root":{"__id__":1},"asset":{"__uuid__":"777Jo86AhEXYrIkkIScaN+"},"fileId":"78Vibp95lP8pmtn1NTU1vJ"},"_anchorPoint":{"__type__":"cc.Vec2","x":1,"y":0.5},"_contentSize":{"__type__":"cc.Size","width":17.8,"height":50},"_position":{"__type__":"cc.Vec2","x":200}},{"__type__":"cc.Node","_name":"itemnode","_parent":{"__id__":5},"_children":[{"__id__":13},{"__id__":14}],"_components":[{"__type__":"cc.Sprite","node":{"__id__":12},"_spriteFrame":{"__uuid__":"c14/hH0JpPUpNV08oVFdoU"},"_type":1,"_sizeMode":0}],"_prefab":{"__type__":"cc.PrefabInfo","root":{"__id__":1},"asset":{"__uuid__":"777Jo86AhEXYrIkkIScaN+"},"fileId":"7ePRifeDlCYawRiVZWpmS2"},"_contentSize":{"__type__":"cc.Size","width":450,"height":80},"_position":{"__type__":"cc.Vec2","y":-105}},{"__type__":"cc.Node","_name":"name","_parent":{"__id__":12},"_components":[{"__type__":"cc.Label","node":{"__id__":13},"_fontSize":32,"_lineHeight":50,"_N$string":"分数","_N$horizontalAlign":1,"_N$verticalAlign":1}],"_prefab":{"__type__":"cc.PrefabInfo","root":{"__id__":1},"asset":{"__uuid__":"777Jo86AhEXYrIkkIScaN+"},"fileId":"9fSRg9jBlI/5qOPBc5JPqh"},"_anchorPoint":{"__type__":"cc.Vec2","y":0.5},"_contentSize":{"__type__":"cc.Size","width":64,"height":50},"_position":{"__type__":"cc.Vec2","x":-210}},{"__type__":"cc.Node","_name":"num","_parent":{"__id__":12},"_components":[{"__type__":"cc.Label","node":{"__id__":14},"_fontSize":32,"_lineHeight":50,"_N$string":"0","_N$horizontalAlign":1,"_N$verticalAlign":1}],"_prefab":{"__type__":"cc.PrefabInfo","root":{"__id__":1},"asset":{"__uuid__":"777Jo86AhEXYrIkkIScaN+"},"fileId":"e4rSsno2RIfb1lRz4uQt+m"},"_anchorPoint":{"__type__":"cc.Vec2","x":1,"y":0.5},"_contentSize":{"__type__":"cc.Size","width":17.8,"height":50},"_position":{"__type__":"cc.Vec2","x":200}},{"__type__":"cc.Node","_name":"newgamebtn","_parent":{"__id__":3},"_children":[{"__id__":16}],"_components":[{"__type__":"cc.Sprite","node":{"__id__":15},"_spriteFrame":{"__uuid__":"82yWuQ5x1OFJLZ/aatlo/R"}},{"__type__":"cc.Button","node":{"__id__":15},"transition":3,"zoomScale":0.8}],"_prefab":{"__type__":"cc.PrefabInfo","root":{"__id__":1},"asset":{"__uuid__":"777Jo86AhEXYrIkkIScaN+"},"fileId":"9c9BnlHMNGApOtdkCsj1i4"},"_contentSize":{"__type__":"cc.Size","width":256,"height":83},"_position":{"__type__":"cc.Vec2","y":-207}},{"__type__":"cc.Node","_name":"New Label","_parent":{"__id__":15},"_components":[{"__type__":"cc.Label","node":{"__id__":16},"_useOriginalSize":false,"_fontSize":32,"_N$string":"新游戏","_N$horizontalAlign":1,"_N$verticalAlign":1}],"_prefab":{"__type__":"cc.PrefabInfo","root":{"__id__":1},"asset":{"__uuid__":"777Jo86AhEXYrIkkIScaN+"},"fileId":"9bLqQONMdPPZ9OHDKe2BwO"},"_contentSize":{"__type__":"cc.Size","width":96,"height":40}},{"__type__":"cc.Node","_name":"closebtn","_parent":{"__id__":3},"_children":[{"__id__":18}],"_active":false,"_components":[{"__type__":"cc.Button","node":{"__id__":17},"transition":3,"zoomScale":0.8}],"_prefab":{"__type__":"cc.PrefabInfo","root":{"__id__":1},"asset":{"__uuid__":"777Jo86AhEXYrIkkIScaN+"},"fileId":"5b+EVPSddMN7noZUolDI0x"},"_contentSize":{"__type__":"cc.Size","width":80,"height":80},"_position":{"__type__":"cc.Vec2","x":211,"y":242}},{"__type__":"cc.Node","_name":"close","_parent":{"__id__":17},"_components":[{"__type__":"cc.Sprite","node":{"__id__":18},"_spriteFrame":{"__uuid__":"8e/XDr911FmKK06jMb9shz"}}],"_prefab":{"__type__":"cc.PrefabInfo","root":{"__id__":1},"asset":{"__uuid__":"777Jo86AhEXYrIkkIScaN+"},"fileId":"dcqsgT3yVIBb4DZRS0wYC4"},"_contentSize":{"__type__":"cc.Size","width":43,"height":44}}],{"__type__":"cc.SpriteFrame","content":{"name":"btn3","texture":"0dEKtVsvVIXZeJ8lXA/XYV","rect":[0,0,256,83],"offset":[0,0],"originalSize":[256,83]}},{"__type__":"cc.SpriteFrame","content":{"name":"close","texture":"30Mb1h1W5B5Yy6QdHcaz4z","rect":[0,0,43,44],"offset":[0,0],"originalSize":[43,44]}},{"__type__":"cc.SpriteFrame","content":{"name":"default_sprite_splash","texture":"02delMVqdBD70a/HSD99FK","rect":[0,0,2,2],"offset":[0,0],"originalSize":[2,2]}},{"__type__":"cc.SpriteFrame","content":{"name":"pic_cm_tk","texture":"d2lcvgscJBk5Zrc6fU4HmY","rect":[0,0,500,571],"offset":[0,0],"originalSize":[500,571],"capInsets":[94,161,87,120]}},{"__type__":"cc.SpriteFrame","content":{"name":"itembg","texture":"afpe/RjMdHMa0fM3KKYmoA","rect":[0,0,50,50],"offset":[0,0],"originalSize":[50,50],"capInsets":[13,13,14,13]}}]