[1,["a4BOqvy4JA9ovjPkxqtTf0@6c48a","a7YStUNeNCOKGpSntUY1g5"],["mainTexture","_effectAsset"],[["cc.Material",["_name","_states","_defines","_props"],0,12]],[[0,0,1,2,3,4]],[[0,"mat_cashier",[{"rasterizerState":{},"depthStencilState":{},"blendState":{"targets":[{}]}},{"rasterizerState":{},"depthStencilState":{},"blendState":{"targets":[{}]}},{"rasterizerState":{},"depthStencilState":{},"blendState":{"targets":[{}]}},{"rasterizerState":{},"depthStencilState":{},"blendState":{"targets":[{}]}}],[{"USE_INSTANCING":true},{"USE_INSTANCING":true,"USE_BASE_COLOR_MAP":true,"BASE_COLOR_MAP_AS_SHADE_MAP_1":true,"BASE_COLOR_MAP_AS_SHADE_MAP_2":true},{},{}],[[{"lineWidth":30},[{"baseFeather":0.5,"shadeStep":0.8},"mainColor",8,[4,4292861922],"shadeColor1",8,[4,4294967295],"shadeColor2",8,[4,4285229953],"specular",8,[4,16579836],"mainTexture",6,0],{},{}],0,11,0,0]]],0,0,[0,0],[0,1],[0,1]]
