[1,["ec1UBfcoxITYPLk4qyX2jY@6c48a","a7YStUNeNCOKGpSntUY1g5"],["mainTexture","_effectAsset"],[["cc.Material",["_name","_states","_defines","_props"],0,12]],[[0,0,1,2,3,4]],[[0,"mat_map",[{"rasterizerState":{},"depthStencilState":{},"blendState":{"targets":[{}]}},{"rasterizerState":{},"depthStencilState":{},"blendState":{"targets":[{}]}},{"rasterizerState":{},"depthStencilState":{},"blendState":{"targets":[{}]}},{"rasterizerState":{},"depthStencilState":{},"blendState":{"targets":[{}]}}],[{},{"USE_BASE_COLOR_MAP":true,"BASE_COLOR_MAP_AS_SHADE_MAP_1":true,"BASE_COLOR_MAP_AS_SHADE_MAP_2":true},{},{}],[[{"lineWidth":30},[{"baseFeather":0.5,"shadeStep":0.61},"mainColor",8,[4,4286944240],"shadeColor1",8,[4,4294967295],"shadeColor2",8,[4,4288059030],"specular",8,[4,16777215],"mainTexture",6,0],{},{}],0,11,0,0]]],0,0,[0,0],[0,1],[0,1]]
