[1,["0aJrQY101PqpE4TeMGjgxE@5de44","1brw/JvvpFnIvdrxpFCgMZ","0aJrQY101PqpE4TeMGjgxE@f2af8","0aJrQY101PqpE4TeMGjgxE@699ad","0aJrQY101PqpE4TeMGjgxE@2e69c"],["node","_mesh","_effectAsset","root","data"],[["cc.Node",["_name","_prefab","_children","_parent","_components","_lpos"],2,4,2,1,9,5],["cc.Mesh",["_native","_hash","_struct"],1,11],["cc.Material",["_name","_states","_defines","_props"],0,12],["cc.Prefab",[],3],["cc.PrefabInfo",["fileId","instance","targetOverrides","nestedPrefabInstanceRoots","root","asset"],-1,1,1],["cc.MeshRenderer",["node","__prefab","_materials","bakeSettings","_mesh"],3,1,4,3,4,6],["cc.CompPrefabInfo",["fileId"],2],["cc.ModelBakeSettings",[],3]],[[4,0,1,2,3,4,5,5],[1,0,1,2,3],[0,0,3,4,1,5,2],[5,0,1,2,3,4,1],[6,0,2],[7,1],[2,0,1,2,3,4],[3,1],[0,0,2,1,2]],[[[[1,".bin",767964870,[{"primitives":[{"primitiveMode":7,"vertexBundelIndices":[0],"indexView":{"offset":6336,"length":1320,"count":330,"stride":4}}],"vertexBundles":[{"view":{"offset":0,"length":6336,"count":132,"stride":48},"attributes":[{"name":"a_position","format":32,"isNormalized":false},{"name":"a_normal","format":32,"isNormalized":false},{"name":"a_texCoord","format":21,"isNormalized":false},{"name":"a_tangent","format":44,"isNormalized":false}]}]},"minPosition",8,[1,-0.10857299715280533,-0.3137737214565277,-0.2148161381483078],"maxPosition",8,[1,0.10857299715280533,0.31377366185188293,0.21481582522392273]]],-1],0,0,[],[],[]],[[[6,"05 - Default",[{"rasterizerState":{},"blendState":{"targets":[{}]},"depthStencilState":{}}],[{}],[[[{"metallic":0.4000000059604645,"roughness":0.7071067690849304},"albedoScale",8,[1,0.5882353186607361,0.5882353186607361,0.5882353186607361]]],11]]],0,0,[0],[2],[1]],[[[1,".bin",701156893,[{"primitives":[{"primitiveMode":7,"vertexBundelIndices":[0],"indexView":{"offset":6048,"length":816,"count":204,"stride":4}}],"vertexBundles":[{"view":{"offset":0,"length":6048,"count":126,"stride":48},"attributes":[{"name":"a_position","format":32,"isNormalized":false},{"name":"a_normal","format":32,"isNormalized":false},{"name":"a_texCoord","format":21,"isNormalized":false},{"name":"a_tangent","format":44,"isNormalized":false}]}]},"minPosition",8,[1,-0.09986267238855362,0.0004208469472359866,-0.9183782935142517],"maxPosition",8,[1,0.33093810081481934,2.7487456798553467,0.06088500842452049]]],-1],0,0,[],[],[]],[[[1,".bin",2105496896,[{"primitives":[{"primitiveMode":7,"vertexBundelIndices":[0],"indexView":{"offset":5280,"length":816,"count":204,"stride":4}}],"vertexBundles":[{"view":{"offset":0,"length":5280,"count":110,"stride":48},"attributes":[{"name":"a_position","format":32,"isNormalized":false},{"name":"a_normal","format":32,"isNormalized":false},{"name":"a_texCoord","format":21,"isNormalized":false},{"name":"a_tangent","format":44,"isNormalized":false}]}]},"minPosition",8,[1,-0.10168151557445526,0.0008367681293748319,-0.07770019769668579],"maxPosition",8,[1,0.3291192650794983,2.749161720275879,0.901562511920929]]],-1],0,0,[],[],[]],[[[7],[8,"Door_Fengsuo_2",[-2,-3,-4],[0,"bfq2eORdtQJJafrDGxCr6j",null,null,null,-1,0]],[2,"Door_b",1,[[3,-5,[4,"039GS85j1WZ4F8u99vUvHb"],[0],[5],1]],[0,"80OxziMvRSaqW2cWWqrf4l",null,null,null,1,0],[1,-9.679829597473145,-0.02286071702837944,7.618279933929443]],[2,"Door_a",1,[[3,-6,[4,"1asX6izrNdVJkh2OjuYh5Z"],[2],[5],3]],[0,"0fYx65IVNXN7E3zKWDeBLq",null,null,null,1,0],[1,-9.681648254394531,-0.022445067763328552,9.456917762756348]],[2,"lock",1,[[3,-7,[4,"ffpBaD6JdSFIwafqaNVliM"],[4],[5],5]],[0,"22ihZwSehVaq3631WwiAat",null,null,null,1,0],[1,-9.399707794189453,1.000054955482483,8.525550842285156]]],0,[0,3,1,0,-1,2,0,-2,3,0,-3,4,0,0,2,0,0,3,0,0,4,0,4,1,7],[0,0,0,0,0,0],[-1,1,-1,1,-1,1],[0,2,0,3,0,4]]]]
