[1,["5brTEuzhJIRIS37rHYJjWT@f9941","ceiBqzJVpPOYk9rXQ4chSP@f9941","5brTEuzhJIRIS37rHYJjWT@6c48a","ceiBqzJVpPOYk9rXQ4chSP@6c48a"],["node","_spriteFrame","_textureSource","root","inner","round","data"],[["cc.Node",["_name","_layer","_components","_prefab","_children","_parent"],1,9,4,2,1],"cc.SpriteFrame",["cc.PrefabInfo",["fileId","instance","nestedPrefabInstanceRoots","targetOverrides","root","asset"],-1,1,1],["cc.Prefab",["_name"],2],["cc.UITransform",["node","__prefab","_contentSize"],3,1,4,5],["cc.CompPrefabInfo",["fileId"],2],["c2972As3udPjZDvji4WmF+C",["activeRange","node","__prefab","round","inner"],2,1,4,1,1],["cc.Widget",["_alignFlags","_originalWidth","_originalHeight","node","__prefab"],0,1,4],["cc.Sprite",["node","__prefab","_spriteFrame"],3,1,4,6]],[[5,0,2],[4,0,1,2,1],[2,0,1,3,2,4,5,5],[8,0,1,2,1],[3,0,2],[0,0,1,4,2,3,3],[0,0,1,5,4,2,3,3],[0,0,1,5,2,3,3],[6,0,1,2,3,4,2],[7,0,1,2,3,4,4],[2,0,1,2,3,4,5,5]],[[[[4,"joystick"],[5,"joystick",33554432,[-7],[[1,-2,[0,"2dsIeg+GpFzIKUqmTubbfr"],[5,720,1280]],[8,0.5,-5,[0,"e3ppZ1olxF+IBQH7qj52Ki"],-4,-3],[9,45,720,1280,-6,[0,"2dwP7e14pJ4ZzPwK87ojFd"]]],[10,"72behpxY1MErmLC5R+AB2O",null,null,[],-1,0]],[6,"round",33554432,1,[-10],[[1,-8,[0,"f9eKAmVEFPd5MVntbakTc8"],[5,227,227]],[3,-9,[0,"1cHsfOtZBMUbjIg3Ls5QFe"],1]],[2,"2eGWUvoihFtrPRZ2BW2oeO",null,null,null,1,0]],[7,"inner",33554432,2,[[1,-11,[0,"76lRRXxy5B+aD01z3NIvBe"],[5,93,93]],[3,-12,[0,"bfFge7gIlJS6Ye7yCqEAO6"],0]],[2,"a87P26otdCop2H1iv1ulfe",null,null,null,1,0]]],0,[0,3,1,0,0,1,0,4,3,0,5,2,0,0,1,0,0,1,0,-1,2,0,0,2,0,0,2,0,-1,3,0,0,3,0,0,3,0,6,1,12],[0,0],[1,1],[0,1]],[[{"name":"joystick_inner","rect":{"x":0,"y":0,"width":93,"height":93},"offset":{"x":0,"y":0},"originalSize":{"width":93,"height":93},"rotated":false,"capInsets":[0,0,0,0],"vertices":{"rawPosition":[-46.5,-46.5,0,46.5,-46.5,0,-46.5,46.5,0,46.5,46.5,0],"indexes":[0,1,2,2,1,3],"uv":[0,93,93,93,0,0,93,0],"nuv":[0,0,1,0,0,1,1,1],"minPos":{"x":-46.5,"y":-46.5,"z":0},"maxPos":{"x":46.5,"y":46.5,"z":0}},"packable":true,"pixelsToUnit":100,"pivot":{"x":0.5,"y":0.5},"meshType":0}],[1],0,[0],[2],[2]],[[{"name":"joystick_round","rect":{"x":2,"y":2,"width":227,"height":227},"offset":{"x":0,"y":0},"originalSize":{"width":231,"height":231},"rotated":false,"capInsets":[0,0,0,0],"vertices":{"rawPosition":[-113.5,-113.5,0,113.5,-113.5,0,-113.5,113.5,0,113.5,113.5,0],"indexes":[0,1,2,2,1,3],"uv":[2,229,229,229,2,2,229,2],"nuv":[0.008658008658008658,0.008658008658008658,0.9913419913419913,0.008658008658008658,0.008658008658008658,0.9913419913419913,0.9913419913419913,0.9913419913419913],"minPos":{"x":-113.5,"y":-113.5,"z":0},"maxPos":{"x":113.5,"y":113.5,"z":0}},"packable":true,"pixelsToUnit":100,"pivot":{"x":0.5,"y":0.5},"meshType":0}],[1],0,[0],[2],[3]]]]
