[1,0,0,[["cc.JsonAsset",["_name","json"],1]],[[0,0,1,3]],[[0,"TableDayTaskConfig",[{"taskId":1,"taskType":1,"taskDesc":"捕捉恐龙5只","rewardMoney":1500,"level":-1,"count":5},{"taskId":2,"taskType":1,"taskDesc":"捕捉三角龙（2级）3只","rewardMoney":600,"level":2,"count":3},{"taskId":3,"taskType":1,"taskDesc":"捕捉暴龙（6级）1只","rewardMoney":800,"level":6,"count":1},{"taskId":4,"taskType":1,"taskDesc":"捕捉剑龙（7级）3只","rewardMoney":1000,"level":7,"count":3},{"taskId":5,"taskType":1,"taskDesc":"捕捉圆角龙（11级）2只","rewardMoney":1500,"level":11,"count":2},{"taskId":6,"taskType":2,"taskDesc":"捕抓恐龙王1只","rewardMoney":1000,"level":0,"count":1},{"taskId":7,"taskType":2,"taskDesc":"捕抓恐龙王3只","rewardMoney":3000,"level":0,"count":3},{"taskId":8,"taskType":3,"taskDesc":"花费5K金币","rewardMoney":1000,"level":0,"count":5000},{"taskId":9,"taskType":3,"taskDesc":"花费2W金币","rewardMoney":3000,"level":0,"count":20000},{"taskId":10,"taskType":3,"taskDesc":"花费5W金币","rewardMoney":5000,"level":0,"count":50000},{"taskId":11,"taskType":4,"taskDesc":"赚取5K金币","rewardMoney":1500,"level":0,"count":5000},{"taskId":12,"taskType":4,"taskDesc":"赚取1W金币","rewardMoney":2000,"level":0,"count":10000},{"taskId":13,"taskType":4,"taskDesc":"赚取2W金币","rewardMoney":3000,"level":0,"count":20000},{"taskId":14,"taskType":4,"taskDesc":"赚取5W金币","rewardMoney":5000,"level":0,"count":50000},{"taskId":15,"taskType":5,"taskDesc":"招募1次工人","rewardMoney":1000,"level":0,"count":1},{"taskId":16,"taskType":6,"taskDesc":"招募1次收银员","rewardMoney":1000,"level":0,"count":1},{"taskId":17,"taskType":6,"taskDesc":"招募3次收银员","rewardMoney":3500,"level":0,"count":3},{"taskId":18,"taskType":7,"taskDesc":"收取5个龙蛋","rewardMoney":1000,"level":0,"count":5},{"taskId":19,"taskType":7,"taskDesc":"收取10个龙蛋","rewardMoney":2000,"level":0,"count":10},{"taskId":20,"taskType":7,"taskDesc":"收取12个龙蛋","rewardMoney":3000,"level":0,"count":12},{"taskId":21,"taskType":8,"taskDesc":"喂食恐龙3次","rewardMoney":500,"level":0,"count":3},{"taskId":22,"taskType":8,"taskDesc":"喂食恐龙8次","rewardMoney":1200,"level":0,"count":8},{"taskId":23,"taskType":8,"taskDesc":"喂食恐龙12次","rewardMoney":2000,"level":0,"count":12},{"taskId":24,"taskType":8,"taskDesc":"喂食恐龙15次","rewardMoney":3000,"level":0,"count":15}]]],0,0,[],[],[]]
