{"__type__":"cc.JsonAsset","_name":"alert_zh","json":{"getjiazuhongbao":"【领现金】次数不足","duihuanpaowang":"兑换分红炮需200元红包，红包不足","jiawai":"不符合观看广告等级","newtixian":"3元无法提现","yitixianguo":"已提现过","tixianweimanzu":"提现要求未满足","yuebuzu":"红包余额不足","tixianyes":"提现成功","tiaojianbuzu":"条件未满足，不能提现5元现金","getjindu":"领取成功，进度+","paowangduihuan":"账号等级到达68级可兑换"}}