{"__type__":"cc.JsonAsset","_name":"en","json":{"bindshangji_layer_1_1":"تەكلىپ قىلىش\n نومۇرۇم","bindshangji_layer_1_2":"كۆپەيتىش","bindshangji_layer_1_3":"ئۇستاز تۇتۇش","bindshangji_layer_1_4":"ئۇستاز تۇتۇش","bindshangji_layer_1_5":"ئۇستازىڭىزنىڭ تەكلىپ قىلىش نومۇرىنى كىرگۈزۈڭ","share_layer_1_1":"ئەمەلدىن قالدۇرۇش ","newFuli_layer_1_1":"يېڭى ئوينىغۇچى پاراۋانلىقى","newFuli_layer_1_2":"نەق پۇل ئېلىش ","newFuli_layer_1_3":" ￥ نەق پۇل","newFuli_layer_1_4":"نەخلەشتۈرۈش سۈرئىتى","newFuli_layer_1_5":"بىرىنچى كۈنى","newFuli_layer_1_6":"بىرىنچى كۈنى","newFuli_layer_1_7":"ئىككىنچى كۈنى","newFuli_layer_1_8":"ئىككىنچى كۈنى","newFuli_layer_1_9":"چۈچىنچى كۈنى","newFuli_layer_1_10":"چۈچىنچى كۈنى","newFuli_layer_1_11":"تۈتىنچى كۈنى","newFuli_layer_1_12":"تۈتىنچى كۈنى","newFuli_layer_1_13":"بەشىنچى كۈنى","newFuli_layer_1_14":"بەشىنچى كۈنى","newFuli_layer_1_15":"ئالتىنچى كۈنى","newFuli_layer_1_16":"ئالتىنچى كۈنى","newFuli_layer_1_17":"يەتتىنچى كۈنى","newFuli_layer_1_18":"يەتتىنچى كۈنى","roll_layer_1_1":"تەلەي چاقپەلەك","roll_layer_1_2":"باشلاش","fenhong_layer_1_1":"كۈندىلىك پايدا","fenhong_layer_1_2":"ئوينىغۇچى پايدا ئايرىش","fenhong_layer_1_3":"#0 يۈەن","fenhong_layer_1_4":"تۆنۈگۈن ئايرىلغان پايدا （يۈەن）","fenhong_layer_1_5":"زەمبىرەك شاھىدىن ئايرىلغان پايدا (كۈندە پايدا ئايرىلىدۇ)","fenhong_layer_1_6":"زەمبىرەك شاھى دىگەن نېمە","fenhong_layer_1_7":"#0 يۈەن","fenhong_layer_1_8":"نەق پۇل ئېلىش","fenhong_layer_1_9":"تۆنۈگۈن ھەر بىر زەمبىرەك شاھىدىن ئايرىغان پايدا ( يۈەن/ تال)","fenhong_layer_1_10":"جەمئىي سانى","fenhong_layer_1_11":"بۈگۈنكى چىققىنى","fenhong_layer_1_12":"زەمبىرەك شاھى سۈرئىتى","fenhong_layer_1_13":"100% توشقاندا چوقۇم قىزىل بولاق ”زەمبىرەك شاھى“غا ئېرىشەلەيسىز","sign_layer_1_1":"يوقلىما مۇكاپاتى","sign_layer_1_2":"بىرىنچى كۈنى","sign_layer_1_3":"بىرىنچى كۈنى","sign_layer_1_4":"ئىككىنچى كۈنى","sign_layer_1_5":"ئىككىنچى كۈنى","sign_layer_1_6":"چۈچىنچى كۈنى","sign_layer_1_7":"چۈچىنچى كۈنى","sign_layer_1_8":"تۈتىنچى كۈنى","sign_layer_1_9":"تۈتىنچى كۈنى","sign_layer_1_10":"بەشىنچى كۈنى","sign_layer_1_11":"بەشىنچى كۈنى","sign_layer_1_12":"ئالتىنچى كۈنى","sign_layer_1_13":"ئالتىنچى كۈنى","sign_layer_1_14":"يەتتىنچى كۈنى","sign_layer_1_15":"يەتتىنچى كۈنى","sign_layer_1_16":"ئېلىش","sign_layer_1_17":"ئويۇن ئويناش مۇكاپاتى ","sign_layer_1_18":"ئېلىش","sign_layer_1_19":"1 مىنۇت","sign_layer_1_20":"2 مىنۇت","sign_layer_1_21":"5 مىنۇت","sign_layer_1_22":"10 مىنۇت","tixianjilu_layer_1_1":"نەخلەشتۈرۈش خاتىرىسى","sharegx_layer_1_1":"تەكلىپ قىلىش تۆھپىسى","sharegx_layer_1_2":"ئۈنۈملۈك ئەزا تەكلىپ قىلسىڭىز، تۆھپە ۋە قىزىل بولاققا ئېرىشىسىز","sharegx_layer_1_3":"ئۈنۈمللۈك ئەزا: زەمبىرەك دەرىجىسى 10غا يەتكەن ئەزا","sharegx_layer_1_4":"قوبۇل قىلىش","tixian_layer_1_1":"نەخلەشتۈرۈش","tixian_layer_1_2":"قالدۇق سومما ","tixian_layer_1_3":"نەخلەشتۈرۈش خاتىرىسى","tixian_layer_1_4":"نەخلەشتۈرۈش ئۇسۇل","tixian_layer_1_5":"تېز نەخلەشتۈرۈش","tixian_layer_1_6":"نەخلەشتۈرۈش سوممىسى","tixian_layer_1_7":"نەخلەشتۈرۈش تەلىپى","tixian_layer_1_8":"جەمىئىي #0 قېتىم تىزىملىتىشىڭىز كېرەك، # قېتىم تىزىملىتىپ بولدىڭىز ","tixian_layer_1_9":"يوقلىما","tixian_layer_1_10":"دەرھال نەخلەشتۈرۈش","tixian_layer_1_11":"پايدا ئايرىش زەمبىرىكىگە ئالماشتۇرۇش","gxjilu_layer_1_1":"تۆھپە خاتىرىسى","myteacher_layer_1_1":"ئۇستازىم","myteacher_layer_1_2":"ئۇنىڭ جەمەتى","myteacher_layer_1_3":"شاگىرت سانى","myteacher_layer_1_4":"مۇقۇملاش","reward_layer_1_1":"ھەسسىلەپ ئېلىش","reward_layer_1_2":"بىۋاسىتە ئېلىش","reward_layer_1_3":"نەقلەشتۈرگىلى بولىدۇ ","reward_layer_1_4":"قىزىل بولاققا ئېرىشكىنىڭىزگە مۇبارەك بولسۇن ","reward_layer_1_5":"ئويۇن ئويناش مۇكاپاتى ","reward_layer_1_6":"قىزىل بولاق مۇكاپاتى","lvlTixian_layer_1_1":"دەرىجىسىنى قانداق ئۆستۈرىدۇ","lvlTixian_layer_1_2":"ئېلان كۆرۈش،ۋەزىپە ئورۇنداش، بوتەي بېرىكتۈرۈش ئارقىلىق دەرىجىڭىزنى ئۆستۈرەلەيسىز ","gxalert_layer_1_1":"تۆھپىڭىز 100 گە يەتكەندە قىزىل بولاققا ئېرىشىسىز ","gxalert_layer_1_2":"تۆھپىنى قانداق ئاشۇرىدۇ?","gxalert_layer_1_3":"شاگىرتىڭىز ،نەۋرە شاگىرتىڭىز ۋىدىيو كۆرسە تۆھپىڭىز ئاشىدۇ ","paowang_layer_1_1":"زەمبىرەك شاھى","paowang_layer_1_2":"زەمبىرەك شاھى سۈرئىتى","paowang_layer_1_3":"100% توشقاندا چوقۇم قىزىل بولاق ”زەمبىرەك شاھى“غا ئېرىشەلەيسىز","paowang_layer_1_4":"قىزىل بولاق ئارقىلىق زەمبىرەك شاھى ئالماشتۇرۇش","paowang_layer_1_5":"1.زەمبىرەك شاھى ","paowang_layer_1_6":"زەمبىرەك شاھىغا ئېرىشسىڭىز مەڭگۈرۈك ئويۇندىن پايدا ئايرىش پۇرسىتىگە ئېرىشىسىز . نەقلەشتۈرۈش تېز ھېچقاندا تەلەپ يوق","paowang_layer_1_7":"2. زەمبىرەك شاھىغا ئېرىشىش ","paowang_layer_1_8":"زەمبىرەكنى بېرىكتۈرۈپ ئەڭ يۇقۇر دەرىجىگە قىلسىڭىز زەمبىرەك شاھىغا ئېرىشەلەيسىز ","paowang_layer_1_9":"زەمبىرەك شاھى دەرىجە سۈرئىتى 100% گە توشقاندا چوقۇم ئېرىشەلەيسىز ","paowang_layer_1_10":"3.35级炮塔后，每次升级有10%几率直接获得","paowang_layer_1_11":"200 قىزىل بولاق ئىشلىتىپ زەمبىرەك شاھىدىن بىرنى ئالماشتۇرالايسىز ","getpao_layer_1_1":"زەمبىرەك ئېرىشىش","getpao_layer_1_2":"زەمبىرەك  ئېلىش","ruheshengji_layer_1_1":"قانداق دەرىجىسىنى ئاشۇرىمەن","ruheshengji_layer_1_2":"تۆۋەندىكى ئۇسۇل بىلەن دەرىجىڭىزنى ئاشۇرغىلى بولىدۇ ","ruheshengji_layer_1_3":"   1.ۋىدىيو كۆرۈش","ruheshengji_layer_1_4":"   2.ۋەزىپە ئورۇنداش","ruheshengji_layer_1_5":"  3.زەمبىرەكنى بېرىكتۈرۈش ياكى يېڭى زەمبىرەكنى ئېچىش","ruheshengji_layer_1_6":"  4.قىزىل بولاق ئېلىش","ruheshengji_layer_1_7":"  5.ئايلانما پەلەپ ئايلاندۇرۇپ تىزىملىتىش","ruheshengji_layer_1_8":"بېكىتىش","alerttixian_layer_1_1":"نەخلەشتۈرۈش","alerttixian_layer_1_2":"قالدۇق سومما تەپسىلاتى","alerttixian_layer_1_3":"مېنىڭ قالدۇق سوممام","alerttixian_layer_1_4":"بېكىتىش","alerttixian_layer_1_5":"0.3 يۈەنگە يەتمىسە ئالماشتۇرغىلى بولمايدۇ ","alerttixian_layer_1_6":"نەخلەشتۈرۈش چۈشەندۈرۈش","userinfo_layer_1_1":"مەن","userinfo_layer_1_2":"قىزىل بولاق ئېلىش","userinfo_layer_1_3":"ئىسىم","userinfo_layer_1_4":"دەرىجە","userinfo_layer_1_5":"نەخلەشتۈرۈش","userinfo_layer_1_6":"قىزىل بولاق زەمبىرىكى","userinfo_layer_1_7":"ئاۋاز","userinfo_layer_1_8":"مۇزىكا","userinfo_layer_1_9":"تىل","userinfo_layer_1_10":"ئۇيغۇرچە","userinfo_layer_1_11":"خەنزۇچە","userinfo_layer_1_12":"مۇلازىم","userinfo_layer_1_13":"مۇلازىمەت كېلىشىمى","userinfo_layer_1_14":"شەخسىي ئۇچۇر كېلىشىمى","userinfo_layer_1_15":"دوست تەكلىپ قىلىش","tiaoyue_layer_1_1":"شەخسىي ئۇچۇر كېلىشىمى","kefu_layer_1_1":"مۇلازىمەتچى ","paojindu_layer_1_1":"زەمبىرەك شاھى دەرىجە سۈرئىتى  ","paojindu_layer_1_2":"زەمبىرەكنى ئېچىپ ئېلان كۆرسىڭىز ، ۋەزىپە ئورۇندىسىڭىز ، ئويۇنغا كىرسىڭىز ، قىزىل بولاق ئالسىڭىز سۈرئەتنى تېزلەشتۈرگىلى بولىدۇ ","paojindu_layer_1_3":"ئۇدا 3 كۈن كىرسىڭىز 10% سۈرئەتنى تېزلەشتۈرگىلى بولىدۇ","paojindu_layer_1_4":"پەقەت بىرقېتىملا ئېرىشكىلى بولىدۇ ","paojindu_layer_1_5":"بىلدىم ","paojindu_layer_1_6":"سۈرئەت مەنبەسى","tiaoyue_fuwu_layer_1_1":"مۇلازىمەت كېلىشىمى","buchongpao_layer_1_1":"زەمبىرەككە ئېرىشىش","buchongpao_layer_1_2":"زەمبىرەكنى ئېلىش","help_layer_1_1":"چۈشەندۈرۈلىشى","tujian_layer_1_1":"زەمبىرەك شاھى سۈرئىتى","tujian_layer_1_2":"100% توشقاندا چوقۇم قىزىل بولاق ”زەمبىرەك شاھى“غا ئېرىشەلەيسىز","tujian_layer_1_3":"#0 يۈەن","tujian_layer_1_4":"زەمبىرەك","alert_layer_1_1":"ئەسكەرتىش","alert_layer_1_2":"قىزىل بولاق تەڭگىسىگە ئېرىشكىنىڭىزگە مۇبارەك بولسۇن","alert_layer_1_3":"بېكىتىش","jiazu_layer_1_1":"جەمەت","jiazu_layer_1_2":" ئۇسۇلى:","jiazu_layer_1_3":"ئۇستازىم","jiazu_layer_1_4":"ئويناش\nئۇسۇلى","jiazu_layer_1_5":"تۆھپە\nتەپسىلاتى ","jiazu_layer_1_6":"ھەمبەھىرلەش","jiazu_layer_1_7":"نەخلەشتۈرۈش","jiazu_layer_1_8":"تەكلىپ قىلىش\nتجھپىسى","jiazu_layer_1_9":"تۆھپە","jiazu_layer_1_10":"نەق پۇل ئېلىش","jiazu_layer_1_11":"يەنە ئېلىش","jiazu_layer_1_12":"#0 قېتىم","jiazu_layer_1_13":"نەق پۇل ئېلىش","jiazu_layer_1_14":"نەقلەشتۈرگىلى بولىدۇ ","jiazu_layer_1_15":"#0 يۈەن","jiazu_layer_1_16":"جەمەت دەرىجىسى قانچە يۇقۇرى بولسا ، قىزىل بولاق شۇنچە كۆپ","jiazu_layer_1_17":"شاگىرتىم","jiazu_layer_1_18":"نەۋرە شاگىرتىم","renwu_layer_1_1":"كۈندىلىك ۋەزىپە","renwu_layer_1_2":"ئۇتۇق ھەزىپىسى ","renwu_layer_1_3":"پايدا ئايرىش ۋەزىپىسى ","hongbao_layer_1_1":"نەقلەشتۈرگىلى بولىدۇ ","hongbao_layer_1_2":"قىزىل بولاق مۇكاپاتى ","hongbao_layer_1_3":"قىزىل بولاققا ئېرىشكىنىڭىزگە مۇبارەك بولسۇن ","item_jiazu_1_1":"ئومۇمىي تۆھپە","item_jiazu_1_2":"تۆھپە","item_tixian_1_1":"#0 يۈەن","item_tixian_1_2":"يېڭى ئوينىغۇچى بەھىرلىنەلەيدۇ ","item_tixian_1_3":"15 كۈن ئويۇنغا تىزىملىتىش ","item_tujian_1_1":"زەخمە：#0/سېكونت","item_tujian_1_2":"سۈرئەت：#0/سېكونت","item_lunbo_1_1":"كېپىنەكنىڭ ئۇچۇشى","item_lunbo_1_2":"پايدا ئايرىش زەمبىرىكىگە ئېرىشتىڭىز ","item_renwu_1_1":"مۇكاپات：","item_renwu_1_2":"ئېلىش","item_renwu_1_3":"ئېلىش","item_renwu_1_4":"بەھىرلەيمەن","item_renwu_1_5":"ئېلىنىپ بولغان","item_lvlTixian_1_1":" #0 يۈەن","item_lvlTixian_1_2":" #0 يۈەن","item_lvlTixian_1_3":"ئېلىنىپ بولغان","item_lvlTixian_1_4":" 100 يۈەن نەق پۇل ئېلىش ","item_lvlTixian_1_5":" ￥ نەق پۇل","item_lvlTixian_1_6":"(تۆھپە+#0)","item_newfuli_1_1":"نەقلەشتۈرۈش سۈرئىتى +#0","item_newfuli_1_2":"ئېلىش","item_newfuli_1_3":"بېرىش","item_newfuli_1_4":"ئېلىنىپ بولغان","item_gxjilv_1_1":"جەمىئىي تۆھپەم","item_gxjilv_1_2":"شاگىرتىمنىڭ تۆھپىسى","item_gxjilv_1_3":"نەۋرە شاگىرتىمنىڭ تۆھپىسى","item_gxjilv_1_4":"#0ئاينىڭ#1جى كۈنى ","item_gxjilv_1_5":"جەمىئىي","item_sharegx_1_1":"شاگىرت","item_sharegx_1_2":"ئېرىشىش ","item_sharegx_1_3":"#0يۈەن ","item_sharegx_1_4":"ئېلىنىپ بولغان","item_sharegx_1_5":"قۇبۇل قىلىش","loginScene_1_1":"نۇسقىسى #0.#1.#2","hallScene_1_1":"نەخلەشتۈرۈش","hallScene_1_2":"ئېلىش","hallScene_1_3":"يېڭى ئوينىغۇچى\n پاراۋانلىقى","hallScene_1_4":"دەرىجىڭىز ئۆسسە ئالالايسىز ","hallScene_1_5":"ئۆتكەل #0-#1","hallScene_1_6":"زەمبىرەك","hallScene_1_7":"تەكلىپ قىلىپ نەق پۇل ئېلىڭ ","hallScene_1_8":"ۋەزىپە","hallScene_1_9":"تەلەي چاقپەلەك","hallScene_1_10":"يوقلىما","hallScene_1_11":"بۈگۈنكى زەمبىرەك شاھى پايدىسى","shiming_layer_2_1":"نەقلەشتۈرۈش ئۇچۇرى","paojindu_layer_2_1":"ئەڭ تېز بولغاندا 7 كۈندە توشىدۇ ","shiming_layer_3_1":"ئىسىم ","shiming_layer_3_2":"جىفۇباۋ ھېسابات نۇمۇرى","shiming_layer_3_3":"مۇقۇملاش","jiazuhongbao_layer_3_1":"مۇقۇملاش","tixianinfo_layer_3_1":"نەخلەشتۈرۈش چۈشەندۈرۈش","tixianinfo_layer_3_2":"نەق پۇلغا ئېرىشىش：","tixianinfo_layer_3_3":"شاگىرتىڭىز ،نەۋرە شاگىرتىڭىز ۋىدىيو كۆرسە تۆھپىڭىز ئاشىدۇ ، تۆھپە سۈرئەتى 100% بولغاندا قىزىل بولاققا ئېرىشىسىز ، ئەڭ كۆپ بولغاندا 300 يۈەن ","tixianinfo_layer_3_4":"نەقلەشتۈرۈش قائىدىسى：","tixianinfo_layer_3_5":"نەقلەشتۈرۈش ئۈچۈن كىملىكىڭىزنى دەلىللىشىڭىز كېرەك","newpao_layer_3_1":"ئېلىش","newpao_layer_3_2":"زەمبىرەك شاھى","newpao_layer_3_3":"يېڭى زەمبىرەكنى ئېچىش","gxduihuan_layer_3_1":"نەتىجىنى نەق پۇلغا ئالماشتۇرۇش ","tixian_layer_3_1":"تىزىملىتىش","gxalert_layer_3_1":"نەق پۇل تېپىش","mytudi_layer_3_1":"مېنىڭ شاگىرتىم ","cishuhongbao_layer_3_1":"چەكلىك قىزىل بولاق","shuoming_layer_3_1":"چۈشەندۈرۈش","shuoming_layer_3_2":"نەۋرە شاگىرتىم：","shuoming_layer_3_3":"سىز بەھىرلىگەن رەسىم ئارقىلىق كىرگەن يېڭى ئوينىغۇچى سىزنىڭ شاگىرتىڭىز بولىدۇ ، شاگىرتىڭىز بەھىرلەپ ئەكىرگەن ئوينىغۇچى نەۋرە شاگىرتىڭىز بولىدۇ","shuoming_layer_3_4":"ئۈنۈملۈك شاگىرت：","shuoming_layer_3_5":"شاگىرتىڭىزنىڭ زەمبىرەك دەرىجىسى 10 غا يەتكەندە ئۈنۈملۈك شاگىرت بولىىدۇ.شاگىرىت قۇبۇل قىلسىڭىزلا تۆھپىگە ئېرىشەلەيسىز ","shuoming_layer_3_6":"تۆھپە：","shuoming_layer_3_7":"شاگىرتىڭىز ، نەۋرە شاگىرتىڭىز ۋىدىيو كۆرسە تۆھپىگە ئېرىشىسىز ، قانچە كۆپ كۆرسە تۆھپە شۇنچە يۇقۇرى بولىدۇ ","shuoming_layer_3_8":"قىزىل بولاق ئېلىش & چەكلىك قىزىل بولاق ：","shuoming_layer_3_9":"تۆھپىسى 100 گە توشسا نەق پۇل ئالالايسىز ، ئاز نىسپەتتە پايدا ئايرىش زەمبىرىكىمۇ چىقىدۇ ، 2.نەق پۇل ئالغان قېتىم سانىڭىز تەلەپكە يەتكەندە چەكلىپ قىزىل بولاققا ئېرىشىسىز ","shuoming_layer_3_10":"جەمەت دەرىجىسى  ：","shuoming_layer_3_11":"ئۈنۈملۈك شاگىرتى قانچە كۆپ بولسا، جەمەت دەرىجىسى شۇنچە يۇقۇرى بولىدۇ ، ئېرىشىدىغان قىزىل بولىقى شۇنچە  بولىدۇ ","jiazuhc_layer_3_1":"مۇكاپات ئېلىش","hongbao_layer_3_1":"ئېلىش","hongbao_layer_3_2":"بىۋاسىتە ئېلىش","hongbao_layer_3_3":"ئېلىش","hongbao_layer_3_4":"بىۋاسىتە ئېلىش","item_lvlTixian_4_1":"#0:دەرىجە","mytudi_layer_7_1":"ئۇنىڭ جەمەتى","mytudi_layer_7_2":"شاگىرت سانى","mytudi_layer_7_3":"ئومۇمىي تۆھپە"}}