[1,["0cBHTTHTNKQorl+ts8lk6R@6c48a","0cBHTTHTNKQorl+ts8lk6R@f9941"],["_textureSource","spriteFrame"],["cc.SpriteFrame",["cc.LabelAtlas",["_name","fontSize","fntConfig"],0]],[[1,0,1,2,4]],[[[{"name":"time_number","rect":{"x":2,"y":1,"width":190,"height":21},"offset":{"x":-2,"y":-0.5},"originalSize":{"width":198,"height":22},"rotated":false,"capInsets":[0,0,0,0],"vertices":{"rawPosition":[-95,-10.5,0,95,-10.5,0,-95,10.5,0,95,10.5,0],"indexes":[0,1,2,2,1,3],"uv":[2,21,192,21,2,0,192,0],"nuv":[0.010101010101010102,0,0.9696969696969697,0,0.010101010101010102,0.9545454545454546,0.9696969696969697,0.9545454545454546],"minPos":{"x":-95,"y":-10.5,"z":0},"maxPos":{"x":95,"y":10.5,"z":0}},"packable":true,"pixelsToUnit":100,"pivot":{"x":0.5,"y":0.5},"meshType":0}],[0],0,[0],[0],[0]],[[[0,"time_number",19.36,{"commonHeight":22,"fontSize":19,"atlasName":"time_number","fontDefDictionary":{"48":{"xOffset":0,"yOffset":0,"xAdvance":18,"rect":{"x":0,"y":0,"width":18,"height":22}},"49":{"xOffset":0,"yOffset":0,"xAdvance":18,"rect":{"x":18,"y":0,"width":18,"height":22}},"50":{"xOffset":0,"yOffset":0,"xAdvance":18,"rect":{"x":36,"y":0,"width":18,"height":22}},"51":{"xOffset":0,"yOffset":0,"xAdvance":18,"rect":{"x":54,"y":0,"width":18,"height":22}},"52":{"xOffset":0,"yOffset":0,"xAdvance":18,"rect":{"x":72,"y":0,"width":18,"height":22}},"53":{"xOffset":0,"yOffset":0,"xAdvance":18,"rect":{"x":90,"y":0,"width":18,"height":22}},"54":{"xOffset":0,"yOffset":0,"xAdvance":18,"rect":{"x":108,"y":0,"width":18,"height":22}},"55":{"xOffset":0,"yOffset":0,"xAdvance":18,"rect":{"x":126,"y":0,"width":18,"height":22}},"56":{"xOffset":0,"yOffset":0,"xAdvance":18,"rect":{"x":144,"y":0,"width":18,"height":22}},"57":{"xOffset":0,"yOffset":0,"xAdvance":18,"rect":{"x":162,"y":0,"width":18,"height":22}},"58":{"xOffset":0,"yOffset":0,"xAdvance":18,"rect":{"x":180,"y":0,"width":18,"height":22}}},"kerningDict":{}}]],0,0,[0],[1],[1]]]]
