{"__type__":"cc.JsonAsset","_name":"zh","json":{"bindshangji_layer_1_1":"我的邀请码:","bindshangji_layer_1_2":"复制","bindshangji_layer_1_3":"拜师","bindshangji_layer_1_4":"拜师","bindshangji_layer_1_5":"请输入师傅的邀请码","share_layer_1_1":"取消","newFuli_layer_1_1":"新人福利","newFuli_layer_1_2":"领现金","newFuli_layer_1_3":"¥现金哦","newFuli_layer_1_4":"提现进度","newFuli_layer_1_5":"第一天","newFuli_layer_1_6":"第一天","newFuli_layer_1_7":"第二天","newFuli_layer_1_8":"第二天","newFuli_layer_1_9":"第三天","newFuli_layer_1_10":"第三天","newFuli_layer_1_11":"第四天","newFuli_layer_1_12":"第四天","newFuli_layer_1_13":"第五天","newFuli_layer_1_14":"第五天","newFuli_layer_1_15":"第六天","newFuli_layer_1_16":"第六天","newFuli_layer_1_17":"第七天","newFuli_layer_1_18":"第七天","roll_layer_1_1":"幸运大转盘","roll_layer_1_2":"开始","fenhong_layer_1_1":"每日分红","fenhong_layer_1_2":"玩家分红","fenhong_layer_1_3":"#0元","fenhong_layer_1_4":"昨日玩家分红(元)","fenhong_layer_1_5":"炮王分红(永久每日收益)","fenhong_layer_1_6":"什么是炮王","fenhong_layer_1_7":"#0元","fenhong_layer_1_8":"领现金","fenhong_layer_1_9":"昨日每个炮王分红收益(元/个)","fenhong_layer_1_10":"全网总数","fenhong_layer_1_11":"今日产出","fenhong_layer_1_12":"炮王进度","fenhong_layer_1_13":"100%进度条必得分红“炮王”","sign_layer_1_1":"签到奖励","sign_layer_1_2":"第一天","sign_layer_1_3":"第一天","sign_layer_1_4":"第二天","sign_layer_1_5":"第二天","sign_layer_1_6":"第三天","sign_layer_1_7":"第三天","sign_layer_1_8":"第四天","sign_layer_1_9":"第四天","sign_layer_1_10":"第五天","sign_layer_1_11":"第五天","sign_layer_1_12":"第六天","sign_layer_1_13":"第六天","sign_layer_1_14":"第七天","sign_layer_1_15":"第七天","sign_layer_1_16":"领取","sign_layer_1_17":"在线奖励","sign_layer_1_18":"领取","sign_layer_1_19":"1分钟","sign_layer_1_20":"2分钟","sign_layer_1_21":"5分钟","sign_layer_1_22":"10分钟","tixianjilu_layer_1_1":"提现明细","sharegx_layer_1_1":"邀请贡献","sharegx_layer_1_2":"邀请有效用户，领取贡献和现金","sharegx_layer_1_3":"有效用户炮塔等级达到10级","sharegx_layer_1_4":"招募","tixian_layer_1_1":"提现","tixian_layer_1_2":"当前余额","tixian_layer_1_3":"提现明细","tixian_layer_1_4":"提现方式","tixian_layer_1_5":"快速提现","tixian_layer_1_6":"提现金额","tixian_layer_1_7":"提现要求","tixian_layer_1_8":"需要签到#0次，已签到 #1","tixian_layer_1_9":"签到","tixian_layer_1_10":"立即提现","tixian_layer_1_11":"换分红炮","gxjilu_layer_1_1":"贡献记录","myteacher_layer_1_1":"我的师傅","myteacher_layer_1_2":"他的家族","myteacher_layer_1_3":"徒弟人数","myteacher_layer_1_4":"确定","reward_layer_1_1":"翻倍领取","reward_layer_1_2":"直接领取","reward_layer_1_3":"可提现","reward_layer_1_4":"恭喜获得红包","reward_layer_1_5":"在线奖励","reward_layer_1_6":"红包奖励","lvlTixian_layer_1_1":"如何升级","lvlTixian_layer_1_2":"看广告，做任务，合炮塔可提升等级哦","gxalert_layer_1_1":"贡献达到100时可领取现金","gxalert_layer_1_2":"如何增加贡献?","gxalert_layer_1_3":"徒弟、徒孙、自己看视频可增加贡献","paowang_layer_1_1":"炮王","paowang_layer_1_2":"炮王进度","paowang_layer_1_3":"100%进度条必得分红“炮王”","paowang_layer_1_4":"红包兑换炮王","paowang_layer_1_5":"一、炮王","paowang_layer_1_6":"只要拥有平台至尊炮王(即分红炮)即可永久每天活得分红平台。直接提现，无任何门槛，且不扣除红包币","paowang_layer_1_7":"二、炮王获取","paowang_layer_1_8":"1.合成炮至满级，即可获得炮王。","paowang_layer_1_9":"2.炮王进度达到100%时必然获得。","paowang_layer_1_10":"3.35级炮塔后，每次升级有10%几率直接获得","paowang_layer_1_11":"4.使用200元红包可直接兑换一个炮王","getpao_layer_1_1":"获得炮塔","getpao_layer_1_2":"领取炮塔","ruheshengji_layer_1_1":"如何升级","ruheshengji_layer_1_2":"通过以下方式可快速升级","ruheshengji_layer_1_3":"   1.观看视频（大量）","ruheshengji_layer_1_4":"   2.完成任务","ruheshengji_layer_1_5":"   3.合成和解锁炮塔","ruheshengji_layer_1_6":"   4.领取红包","ruheshengji_layer_1_7":"   5.转盘抽奖、签到","ruheshengji_layer_1_8":"确定","alerttixian_layer_1_1":"提现","alerttixian_layer_1_2":"余额明细","alerttixian_layer_1_3":"我的余额","alerttixian_layer_1_4":"确定","alerttixian_layer_1_5":"不足0.3元无法体现","alerttixian_layer_1_6":"提现说明","userinfo_layer_1_1":"个人中心","userinfo_layer_1_2":"领红包","userinfo_layer_1_3":"昵称","userinfo_layer_1_4":"等级","userinfo_layer_1_5":"提现","userinfo_layer_1_6":"换分红炮","userinfo_layer_1_7":"音乐","userinfo_layer_1_8":"音效","userinfo_layer_1_9":"语言","userinfo_layer_1_10":"维语","userinfo_layer_1_11":"中文","userinfo_layer_1_12":"联系客服","userinfo_layer_1_13":"服务协议","userinfo_layer_1_14":"隐私协议","userinfo_layer_1_15":"邀请好友","tiaoyue_layer_1_1":"隐私协议","kefu_layer_1_1":"客服","paojindu_layer_1_1":"炮王进度","paojindu_layer_1_2":"解锁炮塔，观看广告，完成人物，登录，领取红包均可增加进度","paojindu_layer_1_3":"登录3天，即可加速10%进度","paojindu_layer_1_4":"每个玩家限量获取1次","paojindu_layer_1_5":"我知道了","paojindu_layer_1_6":"查看进度来源","tiaoyue_fuwu_layer_1_1":"服务协议","buchongpao_layer_1_1":"补充炮塔","buchongpao_layer_1_2":"领取炮塔","help_layer_1_1":"帮助说明","tujian_layer_1_1":"炮王进度","tujian_layer_1_2":"100%进度条必得分红“炮王”","tujian_layer_1_3":"#0元","tujian_layer_1_4":"图鉴","alert_layer_1_1":"提示","alert_layer_1_2":"恭喜获得红包币","alert_layer_1_3":"确定","jiazu_layer_1_1":"家族","jiazu_layer_1_2":"验证弟子:","jiazu_layer_1_3":"我的师父","jiazu_layer_1_4":"玩法说明","jiazu_layer_1_5":"贡献记录","jiazu_layer_1_6":"分享","jiazu_layer_1_7":"提现","jiazu_layer_1_8":"邀请贡献","jiazu_layer_1_9":"贡献","jiazu_layer_1_10":"领现金","jiazu_layer_1_11":"再领取","jiazu_layer_1_12":"#0次","jiazu_layer_1_13":"领现金","jiazu_layer_1_14":"可提现","jiazu_layer_1_15":"#0元","jiazu_layer_1_16":"家族等级越高，红包越大","jiazu_layer_1_17":"徒弟","jiazu_layer_1_18":"徒孙","renwu_layer_1_1":"日常任务","renwu_layer_1_2":"成就任务","renwu_layer_1_3":"分红任务","hongbao_layer_1_1":"可提现","hongbao_layer_1_2":"红包奖励","hongbao_layer_1_3":"恭喜获得红包","item_jiazu_1_1":"总贡献","item_jiazu_1_2":"贡献","item_tixian_1_1":"#0元","item_tixian_1_2":"新人专享","item_tixian_1_3":"签到15天","item_tujian_1_1":"伤害:#0/每秒","item_tujian_1_2":"射速:#0/每秒","item_lunbo_1_1":"蝴蝶飞","item_lunbo_1_2":"成功获得分红炮","item_renwu_1_1":"奖励：","item_renwu_1_2":"领取","item_renwu_1_3":"前往","item_renwu_1_4":"分享","item_renwu_1_5":"已领取","item_lvlTixian_1_1":"提现#0元","item_lvlTixian_1_2":"提现#0元","item_lvlTixian_1_3":"已领取","item_lvlTixian_1_4":"领100元现金","item_lvlTixian_1_5":"¥现金哦","item_lvlTixian_1_6":"（贡献+#0）","item_newfuli_1_1":"提现进度+#0","item_newfuli_1_2":"领取","item_newfuli_1_3":"前往","item_newfuli_1_4":"已领取","item_gxjilv_1_1":"自己总贡献","item_gxjilv_1_2":"徒弟总贡献","item_gxjilv_1_3":"徒孙总贡献","item_gxjilv_1_4":"#0月#1日","item_gxjilv_1_5":"总计","item_sharegx_1_1":"个徒弟","item_sharegx_1_2":"获得:","item_sharegx_1_3":"#0元","item_sharegx_1_4":"已领取","item_sharegx_1_5":"招募","loginScene_1_1":"版本号#0.#1.#2","hallScene_1_1":"提现","hallScene_1_2":"领取","hallScene_1_3":"新人福利","hallScene_1_4":"升级提现","hallScene_1_5":"关卡 #0-#1","hallScene_1_6":"图鉴","hallScene_1_7":"邀请领现金","hallScene_1_8":"任务","hallScene_1_9":"转盘","hallScene_1_10":"签到","hallScene_1_11":"今日炮王收益","shiming_layer_2_1":"提现信息","paojindu_layer_2_1":"最快7天可累计满","shiming_layer_3_1":"姓名","shiming_layer_3_2":"支付宝账号","shiming_layer_3_3":"确定","jiazuhongbao_layer_3_1":"确认","tixianinfo_layer_3_1":"提现说明","tixianinfo_layer_3_2":"现金获取：","tixianinfo_layer_3_3":"徒弟、徒孙、自己看视频可产生【贡献】，【贡献】满100%时必得现金红包（最高300元）","tixianinfo_layer_3_4":"提现规则：","tixianinfo_layer_3_5":"提现需要实名制，非实名制玩家无法提现","newpao_layer_3_1":"领取","newpao_layer_3_2":"炮王","newpao_layer_3_3":"新炮塔解锁","gxduihuan_layer_3_1":"贡献换现金","tixian_layer_3_1":"打卡","gxalert_layer_3_1":"领现金","mytudi_layer_3_1":"我的徒弟","cishuhongbao_layer_3_1":"次数红包","shuoming_layer_3_1":"说明","shuoming_layer_3_2":"徒弟徒孙：","shuoming_layer_3_3":"通过你的分享的图片进入游戏的新玩家成为你的徒弟，徒弟邀请的徒弟成为你的徒孙。","shuoming_layer_3_4":"有效徒弟：","shuoming_layer_3_5":"图的炮塔等级达到10级即成为有效徒弟。有效徒弟和无效徒弟都能给师父产生贡献。","shuoming_layer_3_6":"贡献：","shuoming_layer_3_7":"徒弟、徒孙、自己看视频可产生贡献，看的越多产生的贡献越多。","shuoming_layer_3_8":"领现金&次数红包：","shuoming_layer_3_9":"1.贡献每满100可【领现金】，【领现金】时必得现金红包，小概率直接获得分红炮。 2.累计【领现金】的次数达到要求后，可领取次数红包，详见“收益分析”。","shuoming_layer_3_10":"家族等级：","shuoming_layer_3_11":"有效徒弟越多、经验越高、家族等级越高，功能中获得的红包金额越高。","jiazuhc_layer_3_1":"领取奖励","hongbao_layer_3_1":"领取","hongbao_layer_3_2":"直接领取","hongbao_layer_3_3":"领取","hongbao_layer_3_4":"直接领取","item_lvlTixian_4_1":"等级达到:#0","mytudi_layer_7_1":"他的家族","mytudi_layer_7_2":"徒弟人数","mytudi_layer_7_3":"总贡献"}}