[1,0,0,[["cc.JsonAsset",["_name","json"],1]],[[0,0,1,3]],[[0,"TableDinoConfig",[{"resId":9001,"level":9001,"name":"金币龙","captureTime":3,"animSpeed":3,"maxSpeed":1,"maxSpeed2":0,"maxSpeed3":0,"speedRatio":1.5,"eggPrice":0,"sellPrice":0,"recoveryPrice":0,"feedingEggTimeProb":[]},{"resId":10001,"level":10001,"name":"恐龙王1","captureTime":3,"animSpeed":3,"maxSpeed":1,"maxSpeed2":0,"maxSpeed3":0,"speedRatio":1.5,"eggPrice":0,"sellPrice":100,"recoveryPrice":1000,"feedingEggTimeProb":[]},{"resId":10002,"level":10002,"name":"恐龙王2","captureTime":4,"animSpeed":3,"maxSpeed":1,"maxSpeed2":0,"maxSpeed3":0,"speedRatio":1.8,"eggPrice":0,"sellPrice":100,"recoveryPrice":2000,"feedingEggTimeProb":[]},{"resId":10003,"level":10003,"name":"恐龙王3","captureTime":4.5,"animSpeed":3,"maxSpeed":1,"maxSpeed2":0,"maxSpeed3":0,"speedRatio":2,"eggPrice":0,"sellPrice":100,"recoveryPrice":3000,"feedingEggTimeProb":[]},{"resId":1,"level":1,"name":"迅猛龙","captureTime":1.5,"animSpeed":4,"maxSpeed":1,"maxSpeed2":0.15,"maxSpeed3":0,"speedRatio":1.5,"eggPrice":50,"sellPrice":100,"recoveryPrice":150,"feedingEggTimeProb":[15,25,30]},{"resId":2,"level":2,"name":"三角龙","captureTime":1.8,"animSpeed":3,"maxSpeed":1,"maxSpeed2":0.2,"maxSpeed3":0,"speedRatio":1.5,"eggPrice":60,"sellPrice":120,"recoveryPrice":180,"feedingEggTimeProb":[15,30,35]},{"resId":3,"level":3,"name":"棘龙","captureTime":2,"animSpeed":3,"maxSpeed":1,"maxSpeed2":0.2,"maxSpeed3":0,"speedRatio":1.5,"eggPrice":120,"sellPrice":240,"recoveryPrice":360,"feedingEggTimeProb":[15,25,30]},{"resId":4,"level":4,"name":"副栉龙","captureTime":2,"animSpeed":3,"maxSpeed":1,"maxSpeed2":0.2,"maxSpeed3":0,"speedRatio":1.5,"eggPrice":200,"sellPrice":400,"recoveryPrice":600,"feedingEggTimeProb":[15,25,30]},{"resId":5,"level":5,"name":"恐爪龙","captureTime":2.5,"animSpeed":3,"maxSpeed":1,"maxSpeed2":0.2,"maxSpeed3":0,"speedRatio":1.5,"eggPrice":225,"sellPrice":450,"recoveryPrice":675,"feedingEggTimeProb":[15,25,30]},{"resId":6,"level":6,"name":"暴龙","captureTime":2.5,"animSpeed":3,"maxSpeed":1,"maxSpeed2":0.2,"maxSpeed3":0,"speedRatio":1.5,"eggPrice":250,"sellPrice":500,"recoveryPrice":750,"feedingEggTimeProb":[15,35,40]},{"resId":7,"level":7,"name":"剑龙","captureTime":1.5,"animSpeed":3,"maxSpeed":1,"maxSpeed2":0.2,"maxSpeed3":0,"speedRatio":1.5,"eggPrice":100,"sellPrice":200,"recoveryPrice":300,"feedingEggTimeProb":[15,25,30]},{"resId":8,"level":8,"name":"腕龙","captureTime":2,"animSpeed":3,"maxSpeed":1,"maxSpeed2":0.2,"maxSpeed3":0,"speedRatio":1.5,"eggPrice":125,"sellPrice":250,"recoveryPrice":375,"feedingEggTimeProb":[15,30,35]},{"resId":9,"level":9,"name":"似栉龙","captureTime":2.5,"animSpeed":3,"maxSpeed":1,"maxSpeed2":0.2,"maxSpeed3":0,"speedRatio":1.5,"eggPrice":150,"sellPrice":300,"recoveryPrice":450,"feedingEggTimeProb":[15,25,30]},{"resId":10,"level":10,"name":"南方巨兽龙","captureTime":2.8,"animSpeed":3,"maxSpeed":1,"maxSpeed2":0.2,"maxSpeed3":0,"speedRatio":1.5,"eggPrice":200,"sellPrice":400,"recoveryPrice":600,"feedingEggTimeProb":[15,25,30]},{"resId":11,"level":11,"name":"原角龙","captureTime":3,"animSpeed":3,"maxSpeed":1,"maxSpeed2":0.2,"maxSpeed3":0,"speedRatio":1.5,"eggPrice":250,"sellPrice":500,"recoveryPrice":750,"feedingEggTimeProb":[15,25,30]},{"resId":12,"level":12,"name":"似鳄龙","captureTime":3,"animSpeed":3,"maxSpeed":1,"maxSpeed2":0.2,"maxSpeed3":0,"speedRatio":1.5,"eggPrice":300,"sellPrice":600,"recoveryPrice":900,"feedingEggTimeProb":[15,35,40]},{"resId":13,"level":13,"name":"速龙","captureTime":2,"animSpeed":3,"maxSpeed":1,"maxSpeed2":0.2,"maxSpeed3":0,"speedRatio":1.5,"eggPrice":150,"sellPrice":300,"recoveryPrice":450,"feedingEggTimeProb":[15,25,30]},{"resId":14,"level":14,"name":"雷龙","captureTime":2.5,"animSpeed":3,"maxSpeed":1,"maxSpeed2":0.2,"maxSpeed3":0,"speedRatio":1.5,"eggPrice":180,"sellPrice":360,"recoveryPrice":540,"feedingEggTimeProb":[15,30,35]},{"resId":15,"level":15,"name":"巨刺龙","captureTime":3,"animSpeed":3,"maxSpeed":1,"maxSpeed2":0.2,"maxSpeed3":0,"speedRatio":1.5,"eggPrice":200,"sellPrice":400,"recoveryPrice":600,"feedingEggTimeProb":[15,25,30]},{"resId":16,"level":16,"name":"鱼猎龙","captureTime":3.5,"animSpeed":3,"maxSpeed":1,"maxSpeed2":0.2,"maxSpeed3":0,"speedRatio":1.5,"eggPrice":250,"sellPrice":500,"recoveryPrice":750,"feedingEggTimeProb":[15,25,30]},{"resId":17,"level":17,"name":"尖角龙","captureTime":4,"animSpeed":3,"maxSpeed":1,"maxSpeed2":0.2,"maxSpeed3":0,"speedRatio":1.5,"eggPrice":300,"sellPrice":600,"recoveryPrice":900,"feedingEggTimeProb":[15,25,30]},{"resId":18,"level":18,"name":"特暴龙","captureTime":4,"animSpeed":3,"maxSpeed":1,"maxSpeed2":0.2,"maxSpeed3":0,"speedRatio":1.5,"eggPrice":330,"sellPrice":660,"recoveryPrice":990,"feedingEggTimeProb":[15,35,40]}]]],0,0,[],[],[]]
