[1,["d1NGQ2rJZCcbhjH0/erZWw","8aS+JwLCJGJLpm8uy/kd0T@6c48a","05qAW8XA9PO7FD6JF4ePla@6c48a","b4WKViJIhEkLJzCZVH7jDW","4f2aDXQR5N3owtP/a3E4Kw@6c48a","10F5G44XBCTaILokRTAYOy","38SeHxVOtBx4HKB+5jAQy7","b1yWBxZotGmp27IvdSnxjO","51NYbjh89GPo5kFCVd4o5u@6c48a","cbbMcnqYxNqKPar+IFes91@c6160"],["mainTexture","_effectAsset","_particleSystem","_cpuMaterial","_mainTexture","root","data","_mesh"],[["cc.CurveRange",["mode","constantMax","constantMin","constant","spline"],-1,4],["cc.Node",["_name","_components","_prefab","_parent","_lpos","_lrot","_euler","_children"],2,2,4,1,5,5,5,2],["cc.GradientRange",["_mode","gradient","colorMin","colorMax","color"],2,4,5,5,5],["cc.ParticleSystemRenderer",["_renderMode","_lengthScale","_alignSpace","_cpuMaterial","_mainTexture","_mesh"],0,6,6,6],["cc.ParticleSystem",["_capacity","startSize3D","node","__prefab","_materials","startColor","startSizeX","startSizeY","startSizeZ","startSpeed","startRotationX","startRotationY","startRotationZ","startDelay","startLifetime","gravityModifier","rateOverTime","rateOverDistance","_colorOverLifetimeModule","_shapeModule","_sizeOvertimeModule","_velocityOvertimeModule","_forceOvertimeModule","_limitVelocityOvertimeModule","_rotationOvertimeModule","_textureAnimationModule","_noiseModule","_trailModule","renderer"],1,1,4,12,4,4,4,4,4,4,4,4,4,4,4,4,4,4,4,4,4,4,4,4,4,4,4,4],["cc.RealKeyframeValue",["value","interpolationMode","rightTangent","rightTangentWeight","leftTangent","leftTangentWeight"],-3],["cc.Material",["_name","_states","_defines","_techIdx","_props"],-1,12],["cc.PrefabInfo",["fileId","instance","nestedPrefabInstanceRoots","targetOverrides","root","asset"],-1,1,1],["cc.Gradient",["alphaKeys","colorKeys"],3,9,9],["cc.AlphaKey",["alpha","time"],1],["cc.ShapeModule",["emitFrom","_enable","radius","radiusThickness","_angle","arcSpeed"],-2,4],["cc.SizeOvertimeModule",["_enable","size","x","y","z"],2,4,4,4,4],["cc.RotationOvertimeModule",["_enable","x","y","z"],2,4,4,4],["cc.Prefab",["_name"],2],["cc.CompPrefabInfo",["fileId"],2],["cc.ColorOvertimeModule",["_enable","color"],2,4],["cc.ColorKey",["time","color"],2,5],["cc.RealCurve",["_times","_values"],2,9],["cc.VelocityOvertimeModule",["x","y","z","speedModifier"],3,4,4,4,4],["cc.ForceOvertimeModule",["x","y","z"],3,4,4,4],["cc.LimitVelocityOvertimeModule",["limitX","limitY","limitZ","limit"],3,4,4,4,4],["cc.TextureAnimationModule",["frameOverTime","startFrame"],3,4,4],["cc.NoiseModule",[],3],["cc.TrailModule",["lifeTime","widthRatio","colorOverTrail","colorOvertime","_particleSystem"],3,4,4,4,4,1]],[[0,1],[0,3,2],[9,0,1,3],[2,1],[5,1,0,3],[16,0,1,2],[0,0,2,1,4],[0,0,4,2],[17,0,1,2],[14,0,2],[2,0,1,2],[15,0,1,2],[18,0,1,2,3,1],[19,0,1,2,1],[20,0,1,2,3,1],[21,0,1,1],[22,1],[23,0,1,2,3,4,1],[6,0,3,1,2,4,5],[7,0,1,3,2,4,5,5],[8,1,0,1],[12,1,2,3,1],[4,0,2,3,4,5,6,7,8,9,10,11,12,13,14,15,16,17,18,19,20,21,22,23,24,25,26,27,28,2],[10,1,0,2,3,4,5,6],[10,0,5,2],[11,0,1,2,3,4,2],[11,1,2,3,4,1],[5,1,0,2,3,4,5,7],[5,0,2,3,4,5,6],[6,0,1,2,4,4],[13,0,2],[1,0,7,1,2,4,5,6,2],[1,0,3,1,2,2],[1,0,3,1,2,4,2],[1,0,3,1,2,5,6,2],[7,0,1,2,3,4,5,5],[4,1,0,2,3,4,5,6,7,8,9,10,11,12,13,14,15,16,17,18,19,20,21,22,23,24,25,26,27,28,3],[4,2,3,4,5,6,7,8,9,10,11,12,13,14,15,16,17,18,19,20,21,22,23,24,25,26,27,28,1],[2,0,2,3,2],[2,4,1],[0,0,1,3],[8,0,1],[9,0,2],[12,0,1,2,3,2],[3,3,4,1],[3,0,1,3,4,3],[3,0,2,5,3,4,3],[3,0,3,4,2]],[[[[18,"glowline_a","1",[{"rasterizerState":{},"depthStencilState":{},"blendState":{"targets":[{}]}}],[{}],[[[{},"tintColor",8,[4,4294967295],"mainTexture",6,0]],11]]],0,0,[0,0],[0,1],[1,0]],[[[29,"hexagon_gradient2",[{"rasterizerState":{},"depthStencilState":{},"blendState":{"targets":[{}]}}],[{}],[[[{},"mainTexture",6,0]],11]]],0,0,[0,0],[0,1],[2,0]],[[[30,"Effect_Dion_CircleRegion_001"],[31,"Effect_Dion_CircleRegion_001",[-3,-4,-5],[-2],[35,"0ausT/Z3FD7qos40fB6R2m",null,null,[],-1,0],[1,0,0.01,0],[3,0.7071067811865475,0,0,0.7071067811865476],[1,90,0,0]],[32,"lizi002",1,[-6],[19,"63vsWD4UNNXbHtDkOWzwOc",null,null,null,1,0]],[22,8,2,[9,"f3qY9CArZPFosU/yMM4ADY"],[[0,null],6,0],[3],[6,3,0.05,0.1],[0],[0],[6,3,0.2,0.5],[0],[0],[40,3,6.283185307179586],[0],[6,3,0.5,1.5],[0],[1,10],[0],[11,true,[10,1,[20,[[5,0.013392857142857142,[4,4279566080]],[5,0.44642857142857145,[4,4278532608]],[5,1,[4,4278397952]]],[[2,0,0.011160714285714286],[2,255,0.3370535714285714],[2,0,0.984375]]]]],[23,true,2,0.5,0.5,0,[1,1]],[25,true,[7,1,[8,[0,0.48717948717948717,1],[[27,2,0.4888888888888889,1.8267973856209152,1,1.8267973856209152,1],[4,2,0.9703703703703703],[28,0.5037037037037037,-0.9100000000000001,1,-0.9100000000000001,1]]]],[0],[0],[0]],[12,[0],[0],[0],[1,1]],[13,[0],[0],[0]],[14,[0],[0],[0],[0]],[43,true,[0],[0],[6,3,0.7853981633974483,-6.283185307179586]],[15,[7,1,[8,[0,1],[[4,2,1],[4,2,1]]]],[0]],[16],[17,[1,1],[0],[3],[3],-7],[44,1,2]],[33,"line002",1,[-8],[19,"d7N/2KL/FMRbnGatyimKFT",null,null,null,1,0],[1,0,0,-0.28]],[22,2,4,[9,"9cqcDdZrBK1oEFR76ip3gi"],[[3,null],6,0],[38,2,[4,2150235904],[4,1630142208]],[6,3,0.05,0.1],[0],[0],[6,3,0.3,0.6],[0],[0],[0],[0],[6,3,0.5,1],[0],[1,5],[0],[11,true,[10,1,[41,[[2,0,0.011160714285714286],[2,255,0.3370535714285714],[2,0,0.984375]]]]],[23,true,2,0.5,0.5,0,[1,1]],[25,true,[7,1,[8,[0,0.5128205128205128,1],[[27,2,0.4888888888888889,1.8267973856209152,1,1.8267973856209152,1],[4,2,1],[28,0.5037037037037037,-1.0187134502923976,1,-1.0187134502923976,1]]]],[0],[0],[0]],[12,[0],[0],[0],[1,1]],[13,[0],[0],[0]],[14,[0],[0],[0],[0]],[21,[0],[0],[6,3,0.7853981633974483,-6.283185307179586]],[15,[7,1,[8,[0,1],[[4,2,1],[4,2,1]]]],[0]],[16],[17,[1,1],[0],[3],[3],-9],[45,1,-1,4,5]],[34,"Pole-002",1,[-10],[19,"beslZcXfBNprlEPEuFTb/u",null,null,null,1,0],[3,-0.7071067811865475,0,0,0.7071067811865476],[1,-89.99999999999999,0,0]],[36,true,2,6,[9,"25o9H0PVFL/b5TQXmIN7Ld"],[[6,null],6,0],[39,[4,1308622847]],[1,3],[1,3],[1,0.65],[0],[0],[0],[0],[0],[1,2],[0],[1,2],[0],[11,true,[10,1,[20,[[5,0.006696428571428571,[4,4278215680]],[5,0.47767857142857145,[4,4281597696]],[5,0.9776785714285714,[4,4278215680]]],[[42,100],[2,150,0.3727678571428571],[2,100,1]]]]],[24,0,[1,1]],[26,[0],[0],[0],[0]],[12,[0],[0],[0],[1,1]],[13,[0],[0],[0]],[14,[0],[0],[0],[0]],[21,[0],[0],[0]],[15,[7,1,[8,[0,1],[[4,2,1],[4,2,1]]]],[0]],[16],[17,[1,1],[0],[3],[3],-11],[46,4,1,7,8,9]],[37,1,[9,"8b//Ce/AxPVJEjkxVOZBJa"],[[10,null],6,0],[3],[1,1.35],[0],[0],[0],[0],[0],[0],[0],[1,2],[0],[1,1],[0],[11,true,[10,1,[20,[[5,0.011160714285714286,[4,4278215680]],[5,0.49776785714285715,[4,4280876800]],[5,0.9888392857142857,[4,4278215680]]],[[2,0,0.006696428571428571],[2,255,0.49776785714285715],[2,0,0.9910714285714286]]]]],[24,0,[1,1]],[26,[0],[0],[0],[0]],[12,[0],[0],[0],[1,1]],[13,[0],[0],[0]],[14,[0],[0],[0],[0]],[21,[0],[0],[0]],[15,[7,1,[8,[0,1],[[4,2,1],[4,2,1]]]],[0]],[16],[17,[1,1],[0],[3],[3],-12],[47,2,11,12]]],0,[0,5,1,0,-1,8,0,-1,2,0,-2,4,0,-3,6,0,-1,3,0,2,3,0,-1,5,0,2,5,0,-1,7,0,2,7,0,2,8,0,6,1,12],[0,0,0,0,0,0,0,0,0,0,0,0,0],[-1,3,4,-1,3,4,-1,7,3,4,-1,3,4],[3,3,4,5,5,1,6,9,6,2,7,7,8]],[[[18,"DT_circle_0061_a","1",[{"rasterizerState":{},"depthStencilState":{},"blendState":{"targets":[{}]}}],[{}],[[[{},"tintColor",8,[4,4294967295],"mainTexture",6,0]],11]]],0,0,[0,0],[0,1],[8,0]],[[[18,"zheoho63_a","1",[{"priority":130,"rasterizerState":{},"depthStencilState":{},"blendState":{"targets":[{}]}}],[{}],[[[{},"mainTexture",6,0]],11]]],0,0,[0,0],[0,1],[4,0]]]]
