[1,["96sV4kv7BDBZt/dnglrOGw@73b7f","1brw/JvvpFnIvdrxpFCgMZ","96sV4kv7BDBZt/dnglrOGw@78e21","96sV4kv7BDBZt/dnglrOGw@212f1","96sV4kv7BDBZt/dnglrOGw@438fe"],["_parent","node","_effectAsset","root","data","_mesh","_skeleton","_defaultClip"],[["cc.Node",["_name","_prefab","_children","_lpos","_parent","_lrot","_euler","_components"],2,4,2,5,1,5,5,9],["cc.Node",["_name","_parent","_children","_prefab","_lpos","_lrot","_euler"],2,1,9,4,5,5,5],["cc.Mesh",["_native","_hash","_struct"],1,11],["cc.Skeleton",["_name","_hash","_joints","_bindposes"],0,12],["cc.Material",["_name","_states","_defines","_props"],0,12],["cc.Prefab",[],3],["cc.SkeletalAnimation",["node","__prefab","_clips","_defaultClip"],3,1,4,3,6],["cc.CompPrefabInfo",["fileId"],2],["cc.PrefabInfo",["fileId","instance","targetOverrides","nestedPrefabInstanceRoots","root","asset"],-1,1,1],["cc.SkinnedMeshRenderer",["node","__prefab","_materials","bakeSettings","_skinningRoot","_mesh","_skeleton"],3,1,4,3,4,1,6,6],["cc.ModelBakeSettings",[],3]],[[8,0,1,2,3,4,5,5],[0,0,4,2,1,3,5,6,2],[0,0,4,1,3,2],[1,0,1,2,3,4,5,6,2],[0,0,2,1,3,5,6,2],[7,0,2],[2,0,1,2,3],[3,0,1,2,3,4],[4,0,1,2,3,4],[5,1],[0,0,2,7,1,2],[0,0,2,1,3,2],[0,0,4,7,1,5,6,2],[0,0,4,2,1,3,2],[1,0,1,2,3,4,2],[6,0,1,2,3,1],[9,0,1,2,3,4,5,6,1],[10,1]],[[[[6,".bin",228697187,[{"primitives":[{"primitiveMode":7,"jointMapIndex":0,"vertexBundelIndices":[0],"indexView":{"offset":86616,"length":21576,"count":5394,"stride":4}}],"vertexBundles":[{"view":{"offset":0,"length":86616,"count":1203,"stride":72},"attributes":[{"name":"a_position","format":32,"isNormalized":false},{"name":"a_normal","format":32,"isNormalized":false},{"name":"a_texCoord","format":21,"isNormalized":false},{"name":"a_tangent","format":44,"isNormalized":false},{"name":"a_joints","format":42,"isNormalized":false},{"name":"a_weights","format":44,"isNormalized":false}]}],"jointMaps":[[0,1,2,3,4,5,6,7,8,9,10,11,12,13,14,15,16,17,18,19,20,21,22,23,24,25,26,27,28,29,30,31,32,33]]},"minPosition",8,[1,-0.7469642758369446,-0.2999800741672516,0.0017376327887177467],"maxPosition",8,[1,0.7469642758369446,0.25710198283195496,1.026686429977417]]],-1],0,0,[],[],[]],[[[7,"Skin-0",3122653149,["mixamorig:Hips/mixamorig:Spine","mixamorig:Hips/mixamorig:Spine/mixamorig:Spine1","mixamorig:Hips/mixamorig:Spine/mixamorig:Spine1/mixamorig:Spine2","mixamorig:Hips","mixamorig:Hips/mixamorig:Spine/mixamorig:Spine1/mixamorig:Spine2/mixamorig:LeftShoulder","mixamorig:Hips/mixamorig:Spine/mixamorig:Spine1/mixamorig:Spine2/mixamorig:LeftShoulder/mixamorig:LeftArm","mixamorig:Hips/mixamorig:LeftUpLeg","mixamorig:Hips/mixamorig:Spine/mixamorig:Spine1/mixamorig:Spine2/mixamorig:Neck/mixamorig:Head","mixamorig:Hips/mixamorig:Spine/mixamorig:Spine1/mixamorig:Spine2/mixamorig:Neck","mixamorig:Hips/mixamorig:LeftUpLeg/mixamorig:LeftLeg","mixamorig:Hips/mixamorig:LeftUpLeg/mixamorig:LeftLeg/mixamorig:LeftFoot","mixamorig:Hips/mixamorig:LeftUpLeg/mixamorig:LeftLeg/mixamorig:LeftFoot/mixamorig:LeftToeBase","mixamorig:Hips/mixamorig:Spine/mixamorig:Spine1/mixamorig:Spine2/mixamorig:LeftShoulder/mixamorig:LeftArm/mixamorig:LeftForeArm","mixamorig:Hips/mixamorig:Spine/mixamorig:Spine1/mixamorig:Spine2/mixamorig:LeftShoulder/mixamorig:LeftArm/mixamorig:LeftForeArm/mixamorig:LeftHand","mixamorig:Hips/mixamorig:Spine/mixamorig:Spine1/mixamorig:Spine2/mixamorig:LeftShoulder/mixamorig:LeftArm/mixamorig:LeftForeArm/mixamorig:LeftHand/mixamorig:LeftHandIndex1","mixamorig:Hips/mixamorig:Spine/mixamorig:Spine1/mixamorig:Spine2/mixamorig:LeftShoulder/mixamorig:LeftArm/mixamorig:LeftForeArm/mixamorig:LeftHand/mixamorig:LeftHandThumb1","mixamorig:Hips/mixamorig:Spine/mixamorig:Spine1/mixamorig:Spine2/mixamorig:LeftShoulder/mixamorig:LeftArm/mixamorig:LeftForeArm/mixamorig:LeftHand/mixamorig:LeftHandThumb1/mixamorig:LeftHandThumb2","mixamorig:Hips/mixamorig:Spine/mixamorig:Spine1/mixamorig:Spine2/mixamorig:LeftShoulder/mixamorig:LeftArm/mixamorig:LeftForeArm/mixamorig:LeftHand/mixamorig:LeftHandIndex1/mixamorig:LeftHandIndex2","mixamorig:Hips/mixamorig:Spine/mixamorig:Spine1/mixamorig:Spine2/mixamorig:LeftShoulder/mixamorig:LeftArm/mixamorig:LeftForeArm/mixamorig:LeftHand/mixamorig:LeftHandIndex1/mixamorig:LeftHandIndex2/mixamorig:LeftHandIndex3","mixamorig:Hips/mixamorig:Spine/mixamorig:Spine1/mixamorig:Spine2/mixamorig:LeftShoulder/mixamorig:LeftArm/mixamorig:LeftForeArm/mixamorig:LeftHand/mixamorig:LeftHandThumb1/mixamorig:LeftHandThumb2/mixamorig:LeftHandThumb3","mixamorig:Hips/mixamorig:RightUpLeg","mixamorig:Hips/mixamorig:Spine/mixamorig:Spine1/mixamorig:Spine2/mixamorig:RightShoulder","mixamorig:Hips/mixamorig:Spine/mixamorig:Spine1/mixamorig:Spine2/mixamorig:RightShoulder/mixamorig:RightArm","mixamorig:Hips/mixamorig:Spine/mixamorig:Spine1/mixamorig:Spine2/mixamorig:RightShoulder/mixamorig:RightArm/mixamorig:RightForeArm","mixamorig:Hips/mixamorig:RightUpLeg/mixamorig:RightLeg","mixamorig:Hips/mixamorig:RightUpLeg/mixamorig:RightLeg/mixamorig:RightFoot","mixamorig:Hips/mixamorig:RightUpLeg/mixamorig:RightLeg/mixamorig:RightFoot/mixamorig:RightToeBase","mixamorig:Hips/mixamorig:Spine/mixamorig:Spine1/mixamorig:Spine2/mixamorig:RightShoulder/mixamorig:RightArm/mixamorig:RightForeArm/mixamorig:RightHand","mixamorig:Hips/mixamorig:Spine/mixamorig:Spine1/mixamorig:Spine2/mixamorig:RightShoulder/mixamorig:RightArm/mixamorig:RightForeArm/mixamorig:RightHand/mixamorig:RightHandIndex1","mixamorig:Hips/mixamorig:Spine/mixamorig:Spine1/mixamorig:Spine2/mixamorig:RightShoulder/mixamorig:RightArm/mixamorig:RightForeArm/mixamorig:RightHand/mixamorig:RightHandThumb1","mixamorig:Hips/mixamorig:Spine/mixamorig:Spine1/mixamorig:Spine2/mixamorig:RightShoulder/mixamorig:RightArm/mixamorig:RightForeArm/mixamorig:RightHand/mixamorig:RightHandIndex1/mixamorig:RightHandIndex2","mixamorig:Hips/mixamorig:Spine/mixamorig:Spine1/mixamorig:Spine2/mixamorig:RightShoulder/mixamorig:RightArm/mixamorig:RightForeArm/mixamorig:RightHand/mixamorig:RightHandThumb1/mixamorig:RightHandThumb2","mixamorig:Hips/mixamorig:Spine/mixamorig:Spine1/mixamorig:Spine2/mixamorig:RightShoulder/mixamorig:RightArm/mixamorig:RightForeArm/mixamorig:RightHand/mixamorig:RightHandIndex1/mixamorig:RightHandIndex2/mixamorig:RightHandIndex3","mixamorig:Hips/mixamorig:Spine/mixamorig:Spine1/mixamorig:Spine2/mixamorig:RightShoulder/mixamorig:RightArm/mixamorig:RightForeArm/mixamorig:RightHand/mixamorig:RightHandThumb1/mixamorig:RightHandThumb2/mixamorig:RightHandThumb3"],[[[7,1,0,0,0,0,-0.032397083938121796,-0.9994750618934631,0,0,0.9994750618934631,-0.032397083938121796,0,0,-0.36262524127960205,0.028171280398964882,1],[7,1,0,0,0,0,-0.032397106289863586,-0.9994750618934631,0,0,0.9994750618934631,-0.032397106289863586,0,0,-0.45885950326919556,0.028171291574835777,1],[7,1,0,0,0,0,-0.032397106289863586,-0.9994750618934631,0,0,0.9994750618934631,-0.032397106289863586,0,0,-0.5688415169715881,0.028171291574835777,1],[7,1,0,0,0,0,1.2246468525851679e-16,-1,0,0,1,1.2246468525851679e-16,0,0,-0.2809043228626251,0.019080815836787224,1],[7,0.008558191359043121,0.9804733991622925,-0.196465402841568,0,0.9994394183158875,-0.002027544192969799,0.03341779485344887,0,0.03236691653728485,-0.19664126634597778,-0.9799411296844482,0,-0.02815375104546547,0.061887118965387344,0.6791310906410217,1],[7,-0.015547127462923527,0.9952229857444763,-0.0963820144534111,0,0.9991872310638428,0.019049441441893578,0.03552479296922684,0,0.03719111531972885,-0.09575136750936508,-0.9947102665901184,0,-0.026009516790509224,-0.15572935342788696,0.6668069958686829,1],[7,-0.9986960291862488,0.051050566136837006,-6.385542095088681e-11,0,0.002128066960722208,0.04163111373782158,-0.9991307854652405,0,-0.05100619047880173,-0.99782794713974,-0.04168546944856644,0,0.14418363571166992,0.2271801382303238,0.025575783103704453,1],[7,1,0,0,0,0,1.2246468525851679e-16,-1,0,0,1,1.2246468525851679e-16,0,0,-0.7224656939506531,0.004619546700268984,1],[7,1,0,0,0,0,1.2246468525851679e-16,-1,0,0,1,1.2246468525851679e-16,0,0,-0.6931204199790955,0.005719198379665613,1],[7,-0.9895276427268982,-0.14420850574970245,0.0062356311827898026,0,-0.006017016712576151,-0.001952044665813446,-0.9999800324440002,0,0.14421778917312622,-0.9895454049110413,0.0010638971580192447,0,0.11572393029928207,0.15852445363998413,0.018745025619864464,1],[7,-0.9721915125846863,0.0558493509888649,0.2274300456047058,0,-0.18618884682655334,-0.7733826041221619,-0.6059810519218445,0,0.14204679429531097,-0.6314746141433716,0.7622745633125305,0,0.11720719933509827,0.07835569977760315,-0.10351356118917465,1],[7,-0.9964950084686279,0.003291579196229577,-0.0835874080657959,0,-0.003726216033101082,-0.9999803304672241,0.005044315941631794,0,-0.08356916159391403,0.005338100250810385,0.9964876770973206,0,0.1420583873987198,-0.10986803472042084,0.0061234282329678535,1],[7,0.004478285554796457,0.9999697208404541,0.00636267801746726,0,0.9993682503700256,-0.0046997456811368465,0.035228390246629715,0,0.03525722771883011,0.006200895179063082,-0.9993590712547302,0,-0.0325140617787838,-0.3897688686847687,0.6301048994064331,1],[7,0.3884275555610657,0.9150606393814087,-0.10857324302196503,0,0.9185510277748108,-0.3938819468021393,-0.03348275646567345,0,-0.07340379804372787,-0.08672443777322769,-0.9935243725776672,0,-0.18054278194904327,-0.4605322778224945,0.692058801651001,1],[7,-0.17222866415977478,0.9465298056602478,0.27279770374298096,0,0.9849521517753601,0.16951556503772736,0.0336713083088398,0,-0.014372558332979679,0.2744918465614319,-0.961482048034668,0,0.12628597021102905,-0.7503752112388611,0.4392027258872986,1],[7,0.7808443307876587,0.6152186989784241,-0.108572818338871,0,0.6156534552574158,-0.7873052954673767,-0.03348330408334732,0,-0.10607950389385223,-0.040697984397411346,-0.993524432182312,0,-0.381955087184906,-0.3730193078517914,0.6920585036277771,1],[7,0.7808443307876587,0.6047974824905396,-0.15653148293495178,0,0.6156534552574158,-0.787504255771637,0.028422240167856216,0,-0.10607950389385223,-0.1185624971985817,-0.9872639179229736,0,-0.3836129307746887,-0.36236336827278137,0.7227336764335632,1],[7,-0.17222866415977478,0.9734674692153931,-0.15065978467464447,0,0.9849521517753601,0.16795265674591064,-0.0407576747238636,0,-0.014372558332979679,-0.15541231632232666,-0.9877451658248901,0,0.12531718611717224,-0.5460715889930725,0.7373046278953552,1],[7,-0.17222866415977478,0.9839638471603394,-0.046393584460020065,0,0.9849521517753601,0.17133204638957977,-0.02268504537642002,0,-0.014372558332979679,-0.04960247501730919,-0.9986656308174133,0,0.12609124183654785,-0.6737586259841919,0.6695182919502258,1],[7,0.7808443307876587,0.6178665161132812,-0.09232060611248016,0,0.6156534552574158,-0.7861493825912476,-0.05422161519527435,0,-0.10607950389385223,-0.014498862437903881,-0.9942519068717957,0,-0.37199291586875916,-0.4858386814594269,0.675560474395752,1],[7,-0.9986937642097473,-0.05109485611319542,5.37495070153382e-13,0,-0.000028154059691587463,0.00055029580835253,-0.9999998807907104,0,0.051094844937324524,-0.9986936450004578,-0.0005510156042873859,0,-0.14423733949661255,0.22802643477916718,0.01588285341858864,1],[7,0.08399274200201035,-0.9776318669319153,0.19282419979572296,0,-0.9959453344345093,-0.07610539346933365,0.04796662926673889,0,-0.03221874311566353,-0.19607122242450714,-0.9800602197647095,0,0.02803538367152214,0.061699580401182175,0.6791302561759949,1],[7,-0.11020330339670181,-0.9886109232902527,0.10248732566833496,0,-0.9914265275001526,0.11662565171718597,0.05892356485128403,0,-0.07020512968301773,-0.09511507302522659,-0.9929876327514648,0,0.010252764448523521,-0.1532757580280304,0.667878270149231,1],[7,-0.010206413455307484,-0.9999322891235352,-0.005595399532467127,0,-0.9981291890144348,0.009850353002548218,0.060341279953718185,0,-0.06028207764029503,0.006200800184160471,-0.9981620907783508,0,0.042613256722688675,-0.3898768126964569,0.6294347643852234,1],[7,-0.9895514845848083,0.13550615310668945,0.04925389960408211,0,0.00007944540993776172,0.34212639927864075,-0.9396539330482483,0,-0.14417995512485504,-0.9298319816589355,-0.3385624587535858,0,-0.11561492085456848,0.14351463317871094,0.06906434893608093,1],[7,-0.9860160946846008,-0.053812090307474136,-0.15772269666194916,0,0.13845402002334595,-0.7912659645080566,-0.5955910086631775,0,-0.09275059401988983,-0.6090996861457825,0.787651538848877,0,-0.12452499568462372,0.08167758584022522,-0.09336572885513306,1],[7,-0.9965185523033142,-0.003251373302191496,0.08330792933702469,0,0.003655039705336094,-0.9999822974205017,0.004693421069532633,0,0.083291195333004,0.004981574602425098,0.9965128302574158,0,-0.14205379784107208,-0.11119087785482407,0.006096371915191412,1],[7,0.50406414270401,-0.8632397651672363,-0.027138665318489075,0,-0.8585401773452759,-0.5042434334754944,0.0929909497499466,0,-0.09395797550678253,-0.023573771119117737,-0.9952970147132874,0,0.3539843261241913,-0.46909719705581665,0.6150768399238586,1],[7,-0.15200628340244293,-0.9763290286064148,-0.1538689285516739,0,-0.9844689965248108,0.1357242465019226,0.11135414242744446,0,-0.08783454447984695,0.1684057116508484,-0.9817966222763062,0,-0.05482742190361023,-0.7035998702049255,0.5290526747703552,1],[7,0.7779800295829773,-0.6277025938034058,-0.027138985693454742,0,-0.6232461929321289,-0.7764772176742554,0.09299055486917496,0,-0.07944321632385254,-0.05543052405118942,-0.9952970147132874,0,0.49332401156425476,-0.37264323234558105,0.6150766611099243,1],[7,-0.15200628340244293,-0.9882591962814331,0.01542259007692337,0,-0.9844689965248108,0.15277311205863953,0.08649389445781708,0,-0.08783454447984695,-0.0020354462321847677,-0.996133029460907,0,-0.05358874425292015,-0.6561203598976135,0.6508921384811401,1],[7,0.7779800295829773,-0.6277171969413757,-0.02679855190217495,0,-0.6232461929321289,-0.7764266729354858,0.09341166168451309,0,-0.07944321632385254,-0.05597031116485596,-0.995266854763031,0,0.489898681640625,-0.420309454202652,0.615304708480835,1],[7,-0.15200628340244293,-0.987697958946228,0.0367000438272953,0,-0.9844689965248108,0.15460023283958435,0.08318404108285904,0,-0.08783454447984695,-0.023485558107495308,-0.9958581924438477,0,-0.05451589077711105,-0.6904654502868652,0.6659148931503296,1],[7,0.7779800295829773,-0.6278941035270691,0.02227301150560379,0,-0.6232461929321289,-0.7667682766914368,0.15372250974178314,0,-0.07944321632385254,-0.13347461819648743,-0.9878630042076111,0,0.4848784804344177,-0.4226773977279663,0.650275707244873,1]],8,8,8,8,8,8,8,8,8,8,8,8,8,8,8,8,8,8,8,8,8,8,8,8,8,8,8,8,8,8,8,8,8,8]]],0,0,[],[],[]],[[[8,"13 - Default",[{"rasterizerState":{},"blendState":{"targets":[{}]},"depthStencilState":{}}],[{}],[[[{"metallic":0.4000000059604645,"roughness":0.7071067690849304},"albedoScale",8,[1,0.5882353186607361,0.5882353186607361,0.5882353186607361]]],11]]],0,0,[0],[2],[1]],[[[9],[10,"Client_B",[-3,-4],[[15,-2,[5,"60wzb4/UtRGYANRdx9rciZ"],[3],4]],[0,"8asiDbMvVVGYzt2GmoGbFc",null,null,null,-1,0]],[1,"mixamorig:Hips",1,[-5,-6,-7],[0,"1bUOYaW8Zf3IHf4xAm+Q5r",null,null,null,1,0],[1,0.0001110457451432012,0.2689312994480133,-0.007956181652843952],[3,2.1339870228797627e-8,0.000005741439485444661,-0.00008984239648243748,0.9999999959476897],[1,0.0000025044781840220283,0.0006579207293586758,-0.010295180279209558]],[11,"mixamorig:Spine2",[-8,-9,-10],[0,"a5LUvRb01R0rkwSDqpSChL",null,null,null,1,0],[1,-1.734723437202716e-20,0.10998207330703735,0]],[4,"mixamorig:LeftHand",[-11,-12],[0,"e9FENA1utRPYGbpWPsZTz1",null,null,null,1,0],[1,-1.19209286886246e-9,0.18079371750354767,7.629394360719743e-8],[3,-2.6855252815854526e-7,-0.046273813024449544,-2.9475757183818003e-7,0.99892879337219],[1,-0.000032303865801273244,-5.304482577494563,-0.000032316524320685515]],[4,"mixamorig:RightHand",[-13,-14],[0,"a1GKe6RqRXKq7Emi/VG7iL",null,null,null,1,0],[1,0,0.18080051243305206,7.629394360719743e-8],[3,-2.594581734548726e-8,-0.019298208436310447,-5.964891732975336e-8,0.999813772235182],[1,-0.0000031045262918259607,-2.211549076780483,-0.000006776612628986504]],[12,"Client_B",1,[[16,-15,[5,"56VQ6OihtUragrfru29rlk"],[0],[17],1,1,2]],[0,"f52D8RsFlRrYgihTMTHy45",null,null,null,1,0],[3,-0.7071067811865476,0,0,0.7071067811865476],[1,-90.00000000000003,0,0]],[1,"mixamorig:Spine",2,[-16],[0,"b0INX7zQtdfo4KxU89kwy0",null,null,null,1,0],[1,-8.67361718601358e-21,0.0824432373046875,0.002672324189916253],[3,0.01620067293008197,-0.000004285246202580711,0.00008992361888849727,0.9998687564335591],[1,1.8565416528803993,-0.0006579282408909812,0.010295179949649673]],[13,"mixamorig:Spine1",7,[3],[0,"bcg4X6HjFfWr0LMl53j4aq",null,null,null,1,0],[1,0,0.09623412787914276,-3.5762786065873797e-9]],[1,"mixamorig:Neck",3,[-17],[0,"a5aPqHR/VaF7Elu5F/x2Tf",null,null,null,1,0],[1,1.734723437202716e-20,0.12372966855764389,-3.5762786065873797e-9],[3,-0.016200676720044712,-4.630189438871535e-14,-2.2665311691285658e-13,0.9998687604249933],[1,-1.8565420206013539,-5.725882559450944e-12,-2.588316774883638e-11]],[14,"mixamorig:Head",9,[[2,"mixamorig:HeadTop_End",-18,[0,"8724OsoP9R/pIJgLdkgq/x",null,null,null,1,0],[1,0,0.302948534488678,0.011352372355759144]]],[0,"1c1uOv6VpZ6LgrUrq+v6GE",null,null,null,1,0],[1,0,0.02934524603188038,0.0010996520286425948]],[1,"mixamorig:LeftShoulder",3,[-19],[0,"3dQ7BJVnNTKpw04STmXDSa",null,null,null,1,0],[1,0.07298804074525833,0.10921107977628708,0.0006215011817403138],[3,0.5472487803915312,0.448685288153895,-0.5427168604381053,0.45239219041716877],[1,100.83875170907352,89.525594509613,0.0024760316026923843]],[1,"mixamorig:LeftArm",11,[-20],[0,"25ubD9+Y9RJ6lcXIbcOADU",null,null,null,1,0],[1,-4.76837147544984e-9,0.1487661898136139,7.629394360719743e-8],[3,-0.09443703384080408,0.001399599494753937,-0.004291880916855468,0.9955206012528323],[1,-10.837449135397176,0.11322294763440817,-0.5047628542536686]],[1,"mixamorig:LeftForeArm",12,[4],[0,"c2To4jUGBZQ4+7Yj2/+51+",null,null,null,1,0],[1,4.76837147544984e-9,0.16784600913524628,0],[3,2.2039681038612178e-7,-0.0005180575458014169,-3.0285692788390654e-7,0.9999998658081104],[1,0.000025237631609308745,-0.05936502448644452,-0.000034717926732446364]],[1,"mixamorig:LeftHandThumb1",4,[-21],[0,"2a2DLA2rZYq7WcgMuXorqq",null,null,null,1,0],[1,-0.025227904319763184,0.050261229276657104,-3.814697180359872e-8],[3,0.23789299177928425,0.051741702019147386,0.255155391442882,0.9357486024312794],[1,28.966306757350537,-1.6277494040717926,30.14172087045221]],[1,"mixamorig:LeftHandThumb2",14,[-22],[0,"5dZOBzpSlejotbQFx4PGBa",null,null,null,1,0],[1,0.001657772110775113,0.044959355145692825,1.4210854397564648e-16],[3,0.0003615052004475347,-0.003770328624698967,-0.13212528937610826,0.9912257875193378],[1,-0.016602130098867848,-0.43808313836380885,-15.184892250817056]],[3,"mixamorig:LeftHandThumb3",15,[[2,"mixamorig:LeftHandThumb4",-23,[0,"6eu2Mu2tRaM4FhDK5NaYZL",null,null,null,1,0],[1,0.009962234646081924,0.03594827651977539,0]]],[0,"baFEmc9cxTT4MlOcNzmFAR",null,null,null,1,0],[1,-0.011620006524026394,0.05004062503576279,0],[3,-0.0000241250460297347,-0.0011423602971689388,0.24667902876997652,0.9690965644330987],[1,0.0337156103954182,-0.14366133869327521,28.562143606388904]],[1,"mixamorig:LeftHandIndex1",4,[-24],[0,"c0kFwidLpV/79Uvu6wkQgV",null,null,null,1,0],[1,0,0.049731481820344925,7.105427198782324e-17],[3,0.0004996322764142478,0.056938585881661494,0.008765874582599769,0.9983390742869815],[1,-0.000035996286863688185,6.528464217603307,1.00613849353697]],[1,"mixamorig:LeftHandIndex2",17,[-25],[0,"6c1CooAZBaIYor8NWMXZCB",null,null,null,1,0],[1,0.0009687805431894958,0.05517631396651268,-7.629394360719743e-8],[3,1.4434136028975506e-7,0.00031842647225949525,-0.016115442325317406,0.9998700871229322],[1,0.0006048884884610847,0.036503474973814114,-1.8467735042037943]],[3,"mixamorig:LeftHandIndex3",18,[[2,"mixamorig:LeftHandIndex4",-26,[0,"672cReLgFVD7dWqa6o52Y7",null,null,null,1,0],[1,-0.00019473790598567575,0.029781188815832138,7.629394360719743e-8]]],[0,"f1eYAW8URRLoOwQl/O4BKS",null,null,null,1,0],[1,-0.0007740497821941972,0.05275001376867294,-7.629394360719743e-8],[3,-0.000005821677368762429,0.0005651840439239332,0.004062195748855804,0.9999915895140332],[1,-0.0009302295858403844,0.06476963734830789,0.4654941727451476]],[1,"mixamorig:RightShoulder",3,[-27],[0,"7abLjNdNtcvpbDmdZLpjj2",null,null,null,1,0],[1,-0.07298804074525833,0.10939022153615952,0.006145189981907606],[3,0.5667780624432337,-0.4322400380952229,0.5208762275862655,0.46970111021375616],[1,100.66689695587768,-85.19797696776273,-0.03758934813409779]],[1,"mixamorig:RightArm",20,[-28],[0,"3dleuSx0hQKYBSajER00sf",null,null,null,1,0],[1,-1.19209286886246e-9,0.1491984724998474,-1.4210854397564648e-16],[3,-0.09222029213153268,-0.010731299481813278,0.04307254433544469,0.9947487184485727],[1,-10.559308421775553,-0.7710747323284921,5.029693237479793]],[1,"mixamorig:RightForeArm",21,[5],[0,"c8ieVzrt1dXohW4SP08DbB",null,null,null,1,0],[1,0,0.16896866261959076,7.629394360719743e-8],[3,-3.651640069096597e-7,0.0027321475248786964,1.8313248934646753e-7,0.9999962676779026],[1,-0.00004190189198510095,0.3130814338799909,0.000020871033209494796]],[1,"mixamorig:RightHandThumb1",5,[-29],[0,"bbLO0jIsxQJbz4VEP5rjNI",null,null,null,1,0],[1,0.025328559800982475,0.05455978214740753,-3.814697180359872e-8],[3,0.1994814536303234,-0.05155842651975673,-0.23506895745110643,0.9498902376354805],[1,23.653147606084055,-0.2699559374040526,-27.849410973126535]],[1,"mixamorig:RightHandThumb2",23,[-30],[0,"c0jTj6dcRecrar4teqa7r7",null,null,null,1,0],[1,0.00342527381144464,0.0480000302195549,0],[3,0.0000017251471928425508,0.00002263989545452236,0.012661166643686071,0.9999198439593445],[1,0.00016487693911597127,0.002592461182896528,1.450901595151097]],[3,"mixamorig:RightHandThumb3",24,[[2,"mixamorig:RightHandThumb4",-31,[0,"0dgsFKpypcfbCRGdMx0hfs",null,null,null,1,0],[1,-0.008445510640740395,0.030634669587016106,1.5258788721439487e-7]]],[0,"4fKJFi+eJS2pCHaXvF6Qq1",null,null,null,1,0],[1,0.0050201416015625,0.05182905122637749,0],[3,0.00029457237452694597,-0.003410162542397089,-0.18176809939095512,0.983335467713003],[1,-0.04051478280053256,-0.40488575472198934,-20.94551751121924]],[1,"mixamorig:RightHandIndex1",5,[-32],[0,"3f5uHtxKtdo6tNZYxw4nPZ",null,null,null,1,0],[1,-1.1920929132713809e-8,0.054669152945280075,-3.814697180359872e-8],[3,0.0002538808014458762,-0.022209660863337102,-0.011424982808097084,0.9996880194724297],[1,0.000006487810807941828,-2.5454151092438266,-1.309558297796601]],[1,"mixamorig:RightHandIndex2",26,[-33],[0,"6d7AjPkilfVoSMLdc5gcx0",null,null,null,1,0],[1,-0.0012386703165248036,0.054197922348976135,-7.629394360719743e-8],[3,2.2211679514750033e-7,-0.00016180543685871156,0.020977472799603894,0.9997799355127573],[1,0.0004147667421416669,-0.01855432101161431,2.404017615309994]],[3,"mixamorig:RightHandIndex3",27,[[2,"mixamorig:RightHandIndex4",-34,[0,"d56AvTtnRTzJlFOvVF2Acp",null,null,null,1,0],[1,0.0003115320287179202,0.029624328017234802,-7.629394360719743e-8]]],[0,"66IiiWzGNY+bGTZHcojeVO",null,null,null,1,0],[1,0.0009271478629671037,0.048524629324674606,0],[3,0.000002189082775091679,0.00015948666030231665,-0.004285029074006122,0.9999908065002637],[1,0.00032917263171277906,0.018277403440411497,-0.4910296184869176]],[1,"mixamorig:LeftUpLeg",2,[-35],[0,"49pvjUgnZcWbtMBZj0Fxg+",null,null,null,1,0],[1,0.13239794969558716,-0.04579721391201019,0.003291858360171318],[3,0.002222384969248573,0.08905859814591457,0.9959485282566642,-0.012253822453310146],[1,-169.77575417743006,-179.62119851921562,-1.3759476082608915]],[1,"mixamorig:LeftLeg",29,[-36],[0,"a8drEZelJc7KTB7VgCFDR5",null,null,null,1,0],[1,-3.814697180359872e-8,0.0951559841632843,-4.76837147544984e-9],[3,-0.5106130210277071,0.031536638538649145,-0.07417577458523282,0.8560243791220677],[1,-61.73277863146979,-1.2628463933625769,-9.160381972530935]],[1,"mixamorig:LeftFoot",30,[-37],[0,"78vLKyZkRYBJ9wuq3HQQzL",null,null,null,1,0],[1,3.814697180359872e-8,0.028721528127789497,-9.53674295089968e-9],[3,0.7805971525095711,-0.09366186734414711,-0.0033915683256349714,0.6179676669242893],[1,102.77973117573103,-6.415419044691003,-8.651042838461798]],[3,"mixamorig:LeftToeBase",31,[[2,"mixamorig:LeftToe_End",-38,[0,"97jtOyK2VYJbfASJIad9RN",null,null,null,1,0],[1,0,0.07386303693056107,-2.38418573772492e-9]]],[0,"f37PofmZpUjLws9LBrXqqg",null,null,null,1,0],[1,3.814697180359872e-8,0.1668795794248581,-9.53674295089968e-9],[3,0.33537173912015705,0.13696995639266127,-0.04935259466300069,0.9307681499951229],[1,39.62992335292282,16.742892317815194,0.000003351880857951929]],[1,"mixamorig:RightUpLeg",2,[-39],[0,"6dD6tC/LBfb4rJMLiwrH+s",null,null,null,1,0],[1,-0.13239799439907074,-0.04579721391201019,0.003327510319650173],[3,-0.001602328130734437,0.0965508881763363,0.9948450805823204,0.030961656578390742],[1,-168.89733225358071,179.4737792104448,3.5141299050860932]],[1,"mixamorig:RightLeg",33,[-40],[0,"aappngjq1bKZvGCLuqn2do",null,null,null,1,0],[1,3.814697180359872e-8,0.09507353603839874,9.53674295089968e-9],[3,-0.5156369688542782,-0.027045271678123664,0.1463489648333865,0.8437825846287805],[1,-63.740169387505055,6.286663189770067,15.95393937894913]],[1,"mixamorig:RightFoot",34,[-41],[0,"ad4g8Kq5dSSLONJDe9Z2e1",null,null,null,1,0],[1,-1.907348590179936e-8,0.030562572181224823,-1.907348590179936e-8],[3,0.7909710515361985,0.03856866486929703,-0.06993512159801409,0.6066187703071768],[1,105.13691116651445,9.060134392160037,-1.365746739968918]],[3,"mixamorig:RightToeBase",35,[[2,"mixamorig:RightToe_End",-42,[0,"87k8EKnf5fnYvePrB0CDkO",null,null,null,1,0],[1,-1.907348590179936e-8,0.07381962984800339,2.9802322831784522e-9]]],[0,"a1/x0cS/ZbtY8VecKi+lGX",null,null,null,1,0],[1,1.776356799695581e-17,0.17309005558490753,-1.907348590179936e-8],[3,0.32326543356722937,-0.1049507559176163,0.03610102090115598,0.9397773750111281],[1,37.96447296014676,-12.744341880794515,-0.00000331825143318715]]],0,[0,3,1,0,1,1,0,-1,6,0,-2,2,0,-1,7,0,-2,29,0,-3,33,0,-1,9,0,-2,11,0,-3,20,0,-1,14,0,-2,17,0,-1,23,0,-2,26,0,1,6,0,-1,8,0,-1,10,0,0,10,0,-1,12,0,-1,13,0,-1,15,0,-1,16,0,0,16,0,-1,18,0,-1,19,0,0,19,0,-1,21,0,-1,22,0,-1,24,0,-1,25,0,0,25,0,-1,27,0,-1,28,0,0,28,0,-1,30,0,-1,31,0,-1,32,0,0,32,0,-1,34,0,-1,35,0,-1,36,0,0,36,0,4,1,3,0,8,4,0,13,5,0,22,42],[0,0,0,0,0],[-1,5,6,-1,7],[2,3,4,0,0]]]]
