[1,["1brw/JvvpFnIvdrxpFCgMZ","6bfEqnx6dEwb0/QGRf9eOv@db4d2","6bfEqnx6dEwb0/QGRf9eOv@5cc1c"],["_effectAsset","root","node","data","_mesh"],[["cc.Mesh",["_native","_hash","_struct"],1,11],["cc.Material",["_name","_states","_defines","_props"],0,12],["cc.Prefab",[],3],["cc.Node",["_name","_components","_prefab"],2,9,4],["cc.MeshRenderer",["node","__prefab","_materials","bakeSettings","_mesh"],3,1,4,3,4,6],["cc.CompPrefabInfo",["fileId"],2],["cc.ModelBakeSettings",[],3],["cc.PrefabInfo",["fileId","instance","targetOverrides","nestedPrefabInstanceRoots","root","asset"],-1,1,1]],[[0,0,1,2,3],[1,0,1,2,3,4],[2,1],[3,0,1,2,2],[4,0,1,2,3,4,1],[5,0,2],[6,1],[7,0,1,2,3,4,5,5]],[[[[0,".bin",573132662,[{"primitives":[{"primitiveMode":7,"vertexBundelIndices":[0],"indexView":{"offset":23664,"length":5160,"count":1290,"stride":4}}],"vertexBundles":[{"view":{"offset":0,"length":23664,"count":493,"stride":48},"attributes":[{"name":"a_position","format":32,"isNormalized":false},{"name":"a_normal","format":32,"isNormalized":false},{"name":"a_texCoord","format":21,"isNormalized":false},{"name":"a_tangent","format":44,"isNormalized":false}]}]},"minPosition",8,[1,-1.4244771003723145,-0.00631381431594491,-0.08608575910329819],"maxPosition",8,[1,1.4138119220733643,0.7952115535736084,0.08608581870794296]]],-1],0,0,[],[],[]],[[[1,"02 - Default",[{"rasterizerState":{},"blendState":{"targets":[{}]},"depthStencilState":{}}],[{}],[[[{"metallic":0.4000000059604645,"roughness":0.7071067690849304},"albedoScale",8,[1,0.5882353186607361,0.5882353186607361,0.5882353186607361]]],11]]],0,0,[0],[0],[0]],[[[2],[3,"Handrail",[[4,-2,[5,"9eXzyB5g9Ta5PhEmEyQJM6"],[0],[6],1]],[7,"08hFMHOIVW/J7xhle99nQa",null,null,null,-1,0]]],0,[0,1,1,0,2,1,0,3,1,2],[0,0],[-1,4],[1,2]]]]
