[1,["9b7faGZnlAho2qZZ0J32HP@6c48a"],["_textureSource"],["cc.SpriteFrame"],0,[{"name":"ui","rect":{"x":0,"y":0,"width":1987,"height":1420},"offset":{"x":0,"y":0},"originalSize":{"width":1987,"height":1420},"rotated":false,"capInsets":[0,0,0,0],"vertices":{"rawPosition":[-993.5,-710,0,993.5,-710,0,-993.5,710,0,993.5,710,0],"indexes":[0,1,2,2,1,3],"uv":[0,1420,1987,1420,0,0,1987,0],"nuv":[0,0,1,0,0,1,1,1],"minPos":{"x":-993.5,"y":-710,"z":0},"maxPos":{"x":993.5,"y":710,"z":0}},"packable":true,"pixelsToUnit":100,"pivot":{"x":0.5,"y":0.5},"meshType":0}],[0],0,[0],[0],[0]]
