[1,["1brw/JvvpFnIvdrxpFCgMZ","d8OI7i5WBJna5lhu33TkbJ@c4114","d8OI7i5WBJna5lhu33TkbJ@ca4a5"],["_effectAsset","root","node","data","_mesh"],[["cc.Material",["_name","_states","_defines","_props"],0,12],["cc.Mesh",["_native","_hash","_struct"],1,11],["cc.Prefab",[],3],["cc.Node",["_name","_components","_prefab"],2,9,4],["cc.MeshRenderer",["node","__prefab","_materials","bakeSettings","_mesh"],3,1,4,3,4,6],["cc.CompPrefabInfo",["fileId"],2],["cc.ModelBakeSettings",[],3],["cc.PrefabInfo",["fileId","instance","targetOverrides","nestedPrefabInstanceRoots","root","asset"],-1,1,1]],[[0,0,1,2,3,4],[1,0,1,2,3],[2,1],[3,0,1,2,2],[4,0,1,2,3,4,1],[5,0,2],[6,1],[7,0,1,2,3,4,5,5]],[[[[0,"07 - Default",[{"rasterizerState":{},"blendState":{"targets":[{}]},"depthStencilState":{}}],[{}],[[[{"metallic":0.4000000059604645,"roughness":0.7071067690849304},"albedoScale",8,[1,0.5882353186607361,0.5882353186607361,0.5882353186607361]]],11]]],0,0,[0],[0],[0]],[[[1,".bin",2811258611,[{"primitives":[{"primitiveMode":7,"vertexBundelIndices":[0],"indexView":{"offset":37056,"length":4632,"count":1158,"stride":4}}],"vertexBundles":[{"view":{"offset":0,"length":37056,"count":772,"stride":48},"attributes":[{"name":"a_position","format":32,"isNormalized":false},{"name":"a_normal","format":32,"isNormalized":false},{"name":"a_texCoord","format":21,"isNormalized":false},{"name":"a_tangent","format":44,"isNormalized":false}]}]},"minPosition",8,[1,-9.420758247375488,-0.0066723390482366085,-9.478739738464355],"maxPosition",8,[1,9.402097702026367,0.6518608331680298,-9.412261962890625]]],-1],0,0,[],[],[]],[[[2],[3,"Park_tree3",[[4,-2,[5,"17XLRQilZedbQnmONQ2eaQ"],[0],[6],1]],[7,"0dIrnojrVfnbWk3U8glaTD",null,null,null,-1,0]]],0,[0,1,1,0,2,1,0,3,1,2],[0,0],[-1,4],[1,2]]]]
