[1,["1brw/JvvpFnIvdrxpFCgMZ","6594zXRmJPe6cmSRl7ez1s@c4114","6594zXRmJPe6cmSRl7ez1s@f92a4"],["_effectAsset","root","node","data","_mesh"],[["cc.Material",["_name","_states","_defines","_props"],0,12],["cc.Prefab",[],3],["cc.Node",["_name","_components","_prefab"],2,9,4],["cc.MeshRenderer",["node","__prefab","_materials","bakeSettings","_mesh"],3,1,4,3,4,6],["cc.CompPrefabInfo",["fileId"],2],["cc.ModelBakeSettings",[],3],["cc.PrefabInfo",["fileId","instance","targetOverrides","nestedPrefabInstanceRoots","root","asset"],-1,1,1],["cc.Mesh",["_native","_hash","_struct"],1,11]],[[0,0,1,2,3,4],[1,1],[2,0,1,2,2],[3,0,1,2,3,4,1],[4,0,2],[5,1],[6,0,1,2,3,4,5,5],[7,0,1,2,3]],[[[[0,"07 - Default",[{"rasterizerState":{},"blendState":{"targets":[{}]},"depthStencilState":{}}],[{}],[[[{"metallic":0.4000000059604645,"roughness":0.7071067690849304},"albedoScale",8,[1,0.5882353186607361,0.5882353186607361,0.5882353186607361]]],11]]],0,0,[0],[0],[0]],[[[1],[2,"Park_tree2",[[3,-2,[4,"d1IWw/EuJXFaPPt3EXlP8q"],[0],[5],1]],[6,"feV0SoItNVq7CeIFcgf3F9",null,null,null,-1,0]]],0,[0,1,1,0,2,1,0,3,1,2],[0,0],[-1,4],[1,2]],[[[7,".bin",2866695680,[{"primitives":[{"primitiveMode":7,"vertexBundelIndices":[0],"indexView":{"offset":131280,"length":25752,"count":6438,"stride":4}}],"vertexBundles":[{"view":{"offset":0,"length":131280,"count":2735,"stride":48},"attributes":[{"name":"a_position","format":32,"isNormalized":false},{"name":"a_normal","format":32,"isNormalized":false},{"name":"a_texCoord","format":21,"isNormalized":false},{"name":"a_tangent","format":44,"isNormalized":false}]}]},"minPosition",8,[1,-9.175714492797852,-0.03040323406457901,-16.824216842651367],"maxPosition",8,[1,9.44420337677002,1.8924016952514648,-10.245752334594727]]],-1],0,0,[],[],[]]]]
