[1,["8bmY79A9xF27y4vX7wwtJe@7ff75","8bmY79A9xF27y4vX7wwtJe@1f586","8bmY79A9xF27y4vX7wwtJe@bfae8","1brw/JvvpFnIvdrxpFCgMZ","8bmY79A9xF27y4vX7wwtJe@a6fe8","8bmY79A9xF27y4vX7wwtJe@21cd4","8bmY79A9xF27y4vX7wwtJe@de4d3"],["node","_mesh","mainTexture","_effectAsset","root","data","_defaultClip"],[["cc.Node",["_name","_components","_prefab","_parent","_lrot","_euler","_children","_lpos"],2,9,4,1,5,5,2,5],["cc.Mesh",["_native","_hash","_struct"],1,11],["cc.Material",["_name","_states","_defines","_props"],0,12],["cc.Prefab",[],3],["cc.Animation",["node","__prefab","_clips","_defaultClip"],3,1,4,3,6],["cc.CompPrefabInfo",["fileId"],2],["cc.PrefabInfo",["fileId","instance","targetOverrides","nestedPrefabInstanceRoots","root","asset"],-1,1,1],["cc.MeshRenderer",["node","__prefab","_materials","bakeSettings","_mesh"],3,1,4,3,4,6],["cc.ModelBakeSettings",[],3]],[[5,0,2],[6,0,1,2,3,4,5,5],[1,0,1,2,3],[7,0,1,2,3,4,1],[8,1],[2,0,1,2,3,4],[3,1],[0,0,6,1,2,2],[0,0,3,1,2,4,5,2],[0,0,3,1,2,7,4,5,2],[4,0,1,2,3,1]],[[[[2,".bin",4150763966,[{"primitives":[{"primitiveMode":7,"vertexBundelIndices":[0],"indexView":{"offset":8544,"length":984,"count":246,"stride":4}}],"vertexBundles":[{"view":{"offset":0,"length":8544,"count":178,"stride":48},"attributes":[{"name":"a_position","format":32,"isNormalized":false},{"name":"a_normal","format":32,"isNormalized":false},{"name":"a_texCoord","format":21,"isNormalized":false},{"name":"a_tangent","format":44,"isNormalized":false}]}]},"minPosition",8,[1,-0.3199387490749359,-0.3326292932033539,-0.07545967400074005],"maxPosition",8,[1,0.3199387490749359,0.3326292932033539,0.07545959204435349]]],-1],0,0,[],[],[]],[[[5,"Material #27",[{"rasterizerState":{},"blendState":{"targets":[{}]},"depthStencilState":{}}],[{"USE_ALBEDO_MAP":true}],[[[{"metallic":0.4000000059604645,"roughness":0.7071067690849304},"mainTexture",6,0]],11]]],0,0,[0,0],[2,3],[2,3]],[[[6],[7,"Trash_Can_001",[-3,-4],[[10,-2,[0,"0at16Np3xS47+4nmb0gpWQ"],[4,5],6]],[1,"8bku9VUaJXEZgjcz61WkkE",null,null,null,-1,0]],[8,"TrashCan",1,[[3,-5,[0,"bdtAwXgV5SYIq6JkyTLhQ/"],[0],[4],1]],[1,"7fVi1cS9pQ8qTx/tzQ0UZQ",null,null,null,1,0],[3,-0.7071067811865476,0,0,0.7071067811865476],[1,-90.00000000000003,0,0]],[9,"TrashCan02",1,[[3,-6,[0,"425j1MIEtTjZ5nPbHuCw2k"],[2],[4],3]],[1,"33XCsOhYNUWo8HXU+apwtk",null,null,null,1,0],[1,-0.11380302160978317,0.7295283675193787,-0.0923641100525856],[3,-0.7071067811865476,0,0,0.7071067811865476],[1,-90.00000000000003,0,0]]],0,[0,4,1,0,0,1,0,-1,2,0,-2,3,0,0,2,0,0,3,0,5,1,6],[0,0,0,0,0,0,0],[-1,1,-1,1,-1,-2,6],[0,4,0,5,1,6,1]],[[[2,".bin",2512907066,[{"primitives":[{"primitiveMode":7,"vertexBundelIndices":[0],"indexView":{"offset":3408,"length":840,"count":210,"stride":4}}],"vertexBundles":[{"view":{"offset":0,"length":3408,"count":71,"stride":48},"attributes":[{"name":"a_position","format":32,"isNormalized":false},{"name":"a_normal","format":32,"isNormalized":false},{"name":"a_texCoord","format":21,"isNormalized":false},{"name":"a_tangent","format":44,"isNormalized":false}]}]},"minPosition",8,[1,-0.32463738322257996,-0.33751437067985535,0.0038447242695838213],"maxPosition",8,[1,0.32463741302490234,0.33751431107521057,0.6481920480728149]]],-1],0,0,[],[],[]]]]
