[1,["99EI+mAexAn7ZAnikFHxIj@6c48a","a7YStUNeNCOKGpSntUY1g5"],["baseColorMap","mainTexture","_effectAsset"],[["cc.Material",["_name","_states","_defines","_props"],0,12]],[[0,0,1,2,3,4]],[[0,"mat_pig",[{"rasterizerState":{},"depthStencilState":{},"blendState":{"targets":[{}]}},{"rasterizerState":{},"depthStencilState":{},"blendState":{"targets":[{}]}},{"rasterizerState":{},"depthStencilState":{},"blendState":{"targets":[{}]}},{"rasterizerState":{},"depthStencilState":{},"blendState":{"targets":[{}]}}],[{"USE_OUTLINE_PASS":true,"USE_BASE_COLOR_MAP":true},{"USE_BASE_COLOR_MAP":true,"BASE_COLOR_MAP_AS_SHADE_MAP_1":true,"BASE_COLOR_MAP_AS_SHADE_MAP_2":true},{},{}],[[[{"lineWidth":5},"baseColorMap",6,0],[{},"mainColor",8,[4,4294967295],"mainTexture",6,1],{},{}],11,11,0,0]]],0,0,[0,0,0],[0,1,2],[0,0,1]]
