[1,["e39ycD5OpEJ5f+RaCXB2ki@c4114","e39ycD5OpEJ5f+RaCXB2ki@d840e","1brw/JvvpFnIvdrxpFCgMZ"],["root","node","data","_mesh","_effectAsset"],[["cc.Prefab",[],3],["cc.Node",["_name","_components","_prefab"],2,9,4],["cc.MeshRenderer",["node","__prefab","_materials","bakeSettings","_mesh"],3,1,4,3,4,6],["cc.CompPrefabInfo",["fileId"],2],["cc.ModelBakeSettings",[],3],["cc.PrefabInfo",["fileId","instance","targetOverrides","nestedPrefabInstanceRoots","root","asset"],-1,1,1],["cc.Material",["_name","_states","_defines","_props"],0,12],["cc.Mesh",["_native","_hash","_struct"],1,11]],[[0,1],[1,0,1,2,2],[2,0,1,2,3,4,1],[3,0,2],[4,1],[5,0,1,2,3,4,5,5],[6,0,1,2,3,4],[7,0,1,2,3]],[[[[0],[1,"ExhibitionHall_wall",[[2,-2,[3,"9f04LzJd9Q+bun56/xvSGV"],[0],[4],1]],[5,"44QOE4zCNe+I0gSYLo7MPh",null,null,null,-1,0]]],0,[0,0,1,0,1,1,0,2,1,2],[0,0],[-1,3],[0,1]],[[[6,"07 - Default",[{"rasterizerState":{},"blendState":{"targets":[{}]},"depthStencilState":{}}],[{}],[[[{"metallic":0.4000000059604645,"roughness":0.7071067690849304},"albedoScale",8,[1,0.5882353186607361,0.5882353186607361,0.5882353186607361]]],11]]],0,0,[0],[4],[2]],[[[7,".bin",3463651357,[{"primitives":[{"primitiveMode":7,"vertexBundelIndices":[0],"indexView":{"offset":25584,"length":4524,"count":1131,"stride":4}}],"vertexBundles":[{"view":{"offset":0,"length":25584,"count":533,"stride":48},"attributes":[{"name":"a_position","format":32,"isNormalized":false},{"name":"a_normal","format":32,"isNormalized":false},{"name":"a_texCoord","format":21,"isNormalized":false},{"name":"a_tangent","format":44,"isNormalized":false}]}]},"minPosition",8,[1,-9.971148490905762,-0.04098217561841011,-18.2451229095459],"maxPosition",8,[1,9.90108871459961,3.0112240314483643,14.00100326538086]]],-1],0,0,[],[],[]]]]
