[1,["1brw/JvvpFnIvdrxpFCgMZ","54Rsc5c4BPA4uqBrY/d8mA@1ef3c","54Rsc5c4BPA4uqBrY/d8mA@39b85"],["_effectAsset","root","node","data","_mesh"],[["cc.Material",["_name","_states","_defines","_props"],0,12],["cc.Mesh",["_native","_hash","_struct"],1,11],["cc.Prefab",[],3],["cc.Node",["_name","_components","_prefab"],2,9,4],["cc.MeshRenderer",["node","__prefab","_materials","bakeSettings","_mesh"],3,1,4,3,4,6],["cc.CompPrefabInfo",["fileId"],2],["cc.ModelBakeSettings",[],3],["cc.PrefabInfo",["fileId","instance","targetOverrides","nestedPrefabInstanceRoots","root","asset"],-1,1,1]],[[0,0,1,2,3,4],[1,0,1,2,3],[2,1],[3,0,1,2,2],[4,0,1,2,3,4,1],[5,0,2],[6,1],[7,0,1,2,3,4,5,5]],[[[[0,"17 - Default",[{"rasterizerState":{},"blendState":{"targets":[{}]},"depthStencilState":{}}],[{}],[[[{"metallic":0.4000000059604645,"roughness":0.7071067690849304},"albedoScale",8,[1,0.5882353186607361,0.5882353186607361,0.5882353186607361]]],11]]],0,0,[0],[0],[0]],[[[1,".bin",262398264,[{"primitives":[{"primitiveMode":7,"vertexBundelIndices":[0],"indexView":{"offset":3840,"length":480,"count":120,"stride":4}}],"vertexBundles":[{"view":{"offset":0,"length":3840,"count":80,"stride":48},"attributes":[{"name":"a_position","format":32,"isNormalized":false},{"name":"a_normal","format":32,"isNormalized":false},{"name":"a_texCoord","format":21,"isNormalized":false},{"name":"a_tangent","format":44,"isNormalized":false}]}]},"minPosition",8,[1,-9.850007057189941,-0.0000018612342955748318,-9.485000610351562],"maxPosition",8,[1,9.48450756072998,0.0000012522874612841406,14.001004219055176]]],-1],0,0,[],[],[]],[[[2],[3,"ExhibitionHall",[[4,-2,[5,"dbn9MCWOlTbYG3RvZB3WQp"],[0],[6],1]],[7,"beGt+3peZdTZi+P/X3mcpt",null,null,null,-1,0]]],0,[0,1,1,0,2,1,0,3,1,2],[0,0],[-1,4],[1,2]]]]
