[1,["eb79YP681DgL8M8w9cKYjw@808ae","1brw/JvvpFnIvdrxpFCgMZ","eb79YP681DgL8M8w9cKYjw@01273","eb79YP681DgL8M8w9cKYjw@75a28"],["node","_mesh","_effectAsset","root","data"],[["cc.Node",["_name","_prefab","_children","_parent","_components"],2,4,2,1,9],["cc.Mesh",["_native","_hash","_struct"],1,11],["cc.Material",["_name","_states","_defines","_props"],0,12],["cc.Prefab",[],3],["cc.PrefabInfo",["fileId","instance","targetOverrides","nestedPrefabInstanceRoots","root","asset"],-1,1,1],["cc.MeshRenderer",["node","__prefab","_materials","bakeSettings","_mesh"],3,1,4,3,4,6],["cc.CompPrefabInfo",["fileId"],2],["cc.ModelBakeSettings",[],3]],[[4,0,1,2,3,4,5,5],[1,0,1,2,3],[0,0,3,4,1,2],[5,0,1,2,3,4,1],[6,0,2],[7,1],[2,0,1,2,3,4],[3,1],[0,0,2,1,2]],[[[[1,".bin",558356936,[{"primitives":[{"primitiveMode":7,"vertexBundelIndices":[0],"indexView":{"offset":25680,"length":7320,"count":1830,"stride":4}}],"vertexBundles":[{"view":{"offset":0,"length":25680,"count":535,"stride":48},"attributes":[{"name":"a_position","format":32,"isNormalized":false},{"name":"a_normal","format":32,"isNormalized":false},{"name":"a_texCoord","format":21,"isNormalized":false},{"name":"a_tangent","format":44,"isNormalized":false}]}]},"minPosition",8,[1,-0.3418850004673004,0.43507033586502075,-0.2023126631975174],"maxPosition",8,[1,-0.14156240224838257,0.6834112405776978,0.47279947996139526]]],-1],0,0,[],[],[]],[[[1,".bin",3617962713,[{"primitives":[{"primitiveMode":7,"vertexBundelIndices":[0],"indexView":{"offset":30912,"length":10608,"count":2652,"stride":4}}],"vertexBundles":[{"view":{"offset":0,"length":30912,"count":644,"stride":48},"attributes":[{"name":"a_position","format":32,"isNormalized":false},{"name":"a_normal","format":32,"isNormalized":false},{"name":"a_texCoord","format":21,"isNormalized":false},{"name":"a_tangent","format":44,"isNormalized":false}]}]},"minPosition",8,[1,-0.18131227791309357,0.38302016258239746,-0.31716129183769226],"maxPosition",8,[1,0.1578555554151535,0.7984172105789185,-0.10618114471435547]]],-1],0,0,[],[],[]],[[[6,"15 - Default",[{"rasterizerState":{},"blendState":{"targets":[{}]},"depthStencilState":{}}],[{}],[[[{"metallic":0.4000000059604645,"roughness":0.7071067690849304},"albedoScale",8,[1,0.5882353186607361,0.5882353186607361,0.5882353186607361]]],11]]],0,0,[0],[2],[1]],[[[7],[8,"Knapsack",[-2,-3],[0,"b9DzmB/SVayKjmunBhn+Dp",null,null,null,-1,0]],[2,"Knapsack_A",1,[[3,-4,[4,"e9E0L1cgJQgrhZGke0Jnfw"],[0],[5],1]],[0,"873y129ShQ959MFETuh+xf",null,null,null,1,0]],[2,"Knapsack",1,[[3,-5,[4,"74IuVPidlVXK3A5/gGLa+T"],[2],[5],3]],[0,"9awn1PgP5XLZUsUvASZphA",null,null,null,1,0]]],0,[0,3,1,0,-1,2,0,-2,3,0,0,2,0,0,3,0,4,1,5],[0,0,0,0],[-1,1,-1,1],[0,2,0,3]]]]
