[1,["b8W7ffQENFs4Gr7w4s5V7n@d90a4","b8W7ffQENFs4Gr7w4s5V7n@0b2e1","1brw/JvvpFnIvdrxpFCgMZ"],["root","node","data","_mesh","_effectAsset"],[["cc.Mesh",["_native","_hash","_struct"],1,11],["cc.Prefab",[],3],["cc.Node",["_name","_components","_prefab"],2,9,4],["cc.MeshRenderer",["node","__prefab","_materials","bakeSettings","_mesh"],3,1,4,3,4,6],["cc.CompPrefabInfo",["fileId"],2],["cc.ModelBakeSettings",[],3],["cc.PrefabInfo",["fileId","instance","targetOverrides","nestedPrefabInstanceRoots","root","asset"],-1,1,1],["cc.Material",["_name","_states","_defines","_props"],0,12]],[[0,0,1,2,3],[1,1],[2,0,1,2,2],[3,0,1,2,3,4,1],[4,0,2],[5,1],[6,0,1,2,3,4,5,5],[7,0,1,2,3,4]],[[[[0,".bin",1388132332,[{"primitives":[{"primitiveMode":7,"vertexBundelIndices":[0],"indexView":{"offset":88416,"length":18120,"count":4530,"stride":4}}],"vertexBundles":[{"view":{"offset":0,"length":88416,"count":1842,"stride":48},"attributes":[{"name":"a_position","format":32,"isNormalized":false},{"name":"a_normal","format":32,"isNormalized":false},{"name":"a_texCoord","format":21,"isNormalized":false},{"name":"a_tangent","format":44,"isNormalized":false}]}]},"minPosition",8,[1,-0.5105889439582825,0.008455458097159863,-1.007787823677063],"maxPosition",8,[1,0.5105890035629272,1.5202714204788208,0.95574551820755]]],-1],0,0,[],[],[]],[[[1],[2,"SightseeingVehicle",[[3,-2,[4,"24YgH6E8tbn4FBytqfLimo"],[0],[5],1]],[6,"1bFW5fxelQ7rmYYBoDM0sS",null,null,null,-1,0]]],0,[0,0,1,0,1,1,0,2,1,2],[0,0],[-1,3],[0,1]],[[[7,"01 - Default",[{"rasterizerState":{},"blendState":{"targets":[{}]},"depthStencilState":{}}],[{}],[[[{"metallic":0.4000000059604645,"roughness":0.7071067690849304},"albedoScale",8,[1,0.5882353186607361,0.5882353186607361,0.5882353186607361]]],11]]],0,0,[0],[4],[2]]]]
