[{"__type__":"cc.SpriteFrame","content":{"name":"loading","texture":"18u5lu0V1HYqKj76ToRaeL","rect":[0,0,82,82],"offset":[0,0],"originalSize":[82,82],"capInsets":[0,0,0,0]}},[{"__type__":"cc.Prefab","_name":"loading","data":{"__id__":1}},{"__type__":"cc.Node","_name":"loading","_children":[{"__id__":2},{"__id__":3}],"_components":[{"__type__":"cc.Widget","node":{"__id__":1},"_alignFlags":45,"_originalWidth":1334,"_originalHeight":750},{"__type__":"d4937fmD4NOJoAdc60P3xJ8","node":{"__id__":1}}],"_prefab":{"__type__":"cc.PrefabInfo","root":{"__id__":1},"asset":{"__uuid__":"8911JOb6JIlY4v5NGtzjBq"},"fileId":"3eKSAtbKlI1ozxL26x6adO"},"_contentSize":{"__type__":"cc.Size","width":1334,"height":750},"_trs":{"__type__":"TypedArray","ctor":"Float64Array","array":[667,375,0,0,0,0,1,1,1,1]}},{"__type__":"cc.Node","_name":"model","_parent":{"__id__":1},"_components":[{"__type__":"cc.Sprite","node":{"__id__":2},"_materials":[{"__uuid__":"ecpdLyjvZBwrvm+cedCcQy"}],"_spriteFrame":{"__uuid__":"9bvaMerUlDyary99mJa6xp"},"_type":1,"_sizeMode":0},{"__type__":"cc.BlockInputEvents","node":{"__id__":2}}],"_prefab":{"__type__":"cc.PrefabInfo","root":{"__id__":1},"asset":{"__uuid__":"8911JOb6JIlY4v5NGtzjBq"},"fileId":"14wAKL961NBLzV1rWQGgYi"},"_opacity":100,"_color":{"__type__":"cc.Color"},"_contentSize":{"__type__":"cc.Size","width":1700,"height":750},"_trs":{"__type__":"TypedArray","ctor":"Float64Array","array":[0,0,0,0,0,0,1,1,1,1]}},{"__type__":"cc.Node","_name":"load","_parent":{"__id__":1},"_components":[{"__type__":"cc.Sprite","node":{"__id__":3},"_materials":[{"__uuid__":"ecpdLyjvZBwrvm+cedCcQy"}],"_spriteFrame":{"__uuid__":"09icMTiUBIfJ+Fg8QcBgNE"}}],"_prefab":{"__type__":"cc.PrefabInfo","root":{"__id__":1},"asset":{"__uuid__":"8911JOb6JIlY4v5NGtzjBq"},"fileId":"34UH9yVMlDHJHAT7mTPfzb"},"_contentSize":{"__type__":"cc.Size","width":82,"height":82},"_trs":{"__type__":"TypedArray","ctor":"Float64Array","array":[0,0,0,0,0,0,1,1,1,1]}}],{"__type__":"cc.SpriteFrame","content":{"name":"default_panel","texture":"d8HsitJHxOYqo801xBk8ev","rect":[0,0,20,20],"offset":[0,0],"originalSize":[20,20],"capInsets":[6,6,6,6]}}]