[{"__type__":"cc.SpriteFrame","content":{"name":"bg_xiao","texture":"c6ZGjV9tNKqbnxaBNcj5DE","rect":[0,0,657,640],"offset":[-0.5,0],"originalSize":[658,640],"capInsets":[0,0,0,0]}},[{"__type__":"cc.Prefab","_name":"tiaoyue_layer","data":{"__id__":1}},{"__type__":"cc.Node","_name":"tiaoyue_layer","_children":[{"__id__":2},{"__id__":3}],"_components":[{"__type__":"cc.Widget","node":{"__id__":1},"_alignFlags":45},{"__type__":"de6b476MmVPu6M+lDT2Zhhf","node":{"__id__":1}}],"_prefab":{"__type__":"cc.PrefabInfo","root":{"__id__":1},"asset":{"__uuid__":"48HCBL//RGHoWVG+9QgsNY"},"fileId":"47IUE84p1M55QrwVWjdYnx"},"_contentSize":{"__type__":"cc.Size","width":750,"height":1334},"_trs":{"__type__":"TypedArray","ctor":"Float64Array","array":[375,667,0,0,0,0,1,1,1,1]}},{"__type__":"cc.Node","_name":"mask","_parent":{"__id__":1},"_components":[{"__type__":"cc.Sprite","node":{"__id__":2},"_materials":[{"__uuid__":"ecpdLyjvZBwrvm+cedCcQy"}],"_spriteFrame":{"__uuid__":"a2MjXRFdtLlYQ5ouAFv/+R"},"_sizeMode":0},{"__type__":"cc.Widget","node":{"__id__":2},"_alignFlags":45,"_originalWidth":40,"_originalHeight":36},{"__type__":"cc.BlockInputEvents","node":{"__id__":2}}],"_prefab":{"__type__":"cc.PrefabInfo","root":{"__id__":1},"asset":{"__uuid__":"48HCBL//RGHoWVG+9QgsNY"},"fileId":"dbXCDY/HBNo5Xx9Secgq1a"},"_opacity":130,"_color":{"__type__":"cc.Color"},"_contentSize":{"__type__":"cc.Size","width":750,"height":1334},"_trs":{"__type__":"TypedArray","ctor":"Float64Array","array":[0,0,0,0,0,0,1,1,1,1]}},{"__type__":"cc.Node","_name":"bgNode","_parent":{"__id__":1},"_children":[{"__id__":4},{"__id__":6},{"__id__":7}],"_components":[{"__type__":"cc.Sprite","node":{"__id__":3},"_materials":[{"__uuid__":"ecpdLyjvZBwrvm+cedCcQy"}],"_spriteFrame":{"__uuid__":"1diSJI4F1EnIfhjsBkEDQ1"}}],"_prefab":{"__type__":"cc.PrefabInfo","root":{"__id__":1},"asset":{"__uuid__":"48HCBL//RGHoWVG+9QgsNY"},"fileId":"42iQ902NNCuKcCF/7LTqBB"},"_contentSize":{"__type__":"cc.Size","width":657,"height":640},"_trs":{"__type__":"TypedArray","ctor":"Float64Array","array":[-2,12,0,0,0,0,1,1,1,1]}},{"__type__":"cc.Node","_name":"pic_yinsitiaokuan","_parent":{"__id__":3},"_children":[{"__id__":5}],"_components":[{"__type__":"cc.Sprite","node":{"__id__":4},"_materials":[{"__uuid__":"ecpdLyjvZBwrvm+cedCcQy"}],"_spriteFrame":{"__uuid__":"cdEvF//9tDQ7A6VuL1Xfzj"}}],"_prefab":{"__type__":"cc.PrefabInfo","root":{"__id__":1},"asset":{"__uuid__":"48HCBL//RGHoWVG+9QgsNY"},"fileId":"ccFLtpwuJFLJNLwlUFwHng"},"_contentSize":{"__type__":"cc.Size","width":304,"height":110},"_trs":{"__type__":"TypedArray","ctor":"Float64Array","array":[0,283,0,0,0,0,1,1,1,1]}},{"__type__":"cc.Node","_name":"font_title","_parent":{"__id__":4},"_components":[{"__type__":"41ebaVoPpRA4Kp67XEdHfZn","node":{"__id__":5},"_materials":[{"__uuid__":"ecpdLyjvZBwrvm+cedCcQy"}],"_string":"隐私协议","_N$string":"隐私协议","_fontSize":50,"_lineHeight":50,"_N$file":{"__uuid__":"farb0WbWZMgrGmuICOt0MU"},"_isSystemFontUsed":false,"i18n_string":"tiaoyue_layer_1_1"},{"__type__":"cc.LabelOutline","node":{"__id__":5},"_color":{"__type__":"cc.Color","r":117,"g":59,"b":23},"_width":5}],"_prefab":{"__type__":"cc.PrefabInfo","root":{"__id__":1},"asset":{"__uuid__":"48HCBL//RGHoWVG+9QgsNY"},"fileId":"bczLcMplNDtrILYuKu99+J"},"_contentSize":{"__type__":"cc.Size","width":210,"height":73},"_trs":{"__type__":"TypedArray","ctor":"Float64Array","array":[0,0,0,0,0,0,1,1,1,1]}},{"__type__":"cc.Node","_name":"ic_guanbi2","_parent":{"__id__":3},"_components":[{"__type__":"cc.Sprite","node":{"__id__":6},"_materials":[{"__uuid__":"ecpdLyjvZBwrvm+cedCcQy"}],"_spriteFrame":{"__uuid__":"5c4o7no3NMH7pZupb0latf"}},{"__type__":"cc.Button","node":{"__id__":6},"_normalMaterial":{"__uuid__":"ecpdLyjvZBwrvm+cedCcQy"},"zoomScale":0.9,"_N$transition":3,"transition":3}],"_prefab":{"__type__":"cc.PrefabInfo","root":{"__id__":1},"asset":{"__uuid__":"48HCBL//RGHoWVG+9QgsNY"},"fileId":"edVO9SpjRMOrbbKgBXJgKQ"},"_contentSize":{"__type__":"cc.Size","width":84,"height":84},"_trs":{"__type__":"TypedArray","ctor":"Float64Array","array":[273,268,0,0,0,0,1,1,1,1]}},{"__type__":"cc.Node","_name":"bg_xiao_nei","_parent":{"__id__":3},"_children":[{"__id__":8}],"_components":[{"__type__":"cc.Sprite","node":{"__id__":7},"_materials":[{"__uuid__":"ecpdLyjvZBwrvm+cedCcQy"}],"_spriteFrame":{"__uuid__":"7cf1UlLmNJEaR8GVffqggr"}}],"_prefab":{"__type__":"cc.PrefabInfo","root":{"__id__":1},"asset":{"__uuid__":"48HCBL//RGHoWVG+9QgsNY"},"fileId":"00u/0/xC5ELbyZ+UM41DNk"},"_contentSize":{"__type__":"cc.Size","width":600,"height":489},"_trs":{"__type__":"TypedArray","ctor":"Float64Array","array":[0,-49,0,0,0,0,1,1,1,1]}},{"__type__":"cc.Node","_name":"ScrollView","_parent":{"__id__":7},"_children":[{"__id__":9}],"_components":[{"__type__":"cc.ScrollView","node":{"__id__":8},"horizontal":false,"brake":0.75,"bounceDuration":0.23,"_N$content":{"__id__":10},"content":{"__id__":10},"_N$horizontalScrollBar":null,"_N$verticalScrollBar":null}],"_prefab":{"__type__":"cc.PrefabInfo","root":{"__id__":1},"asset":{"__uuid__":"48HCBL//RGHoWVG+9QgsNY"},"fileId":"ffwkXSRvJMK4nmiLWihowZ"},"_contentSize":{"__type__":"cc.Size","width":580,"height":475},"_trs":{"__type__":"TypedArray","ctor":"Float64Array","array":[0,0,0,0,0,0,1,1,1,1]}},{"__type__":"cc.Node","_name":"view","_parent":{"__id__":8},"_children":[{"__id__":10}],"_components":[{"__type__":"cc.Mask","node":{"__id__":9},"_materials":[{"__uuid__":"ecpdLyjvZBwrvm+cedCcQy"}],"_N$alphaThreshold":0},{"__type__":"cc.Widget","node":{"__id__":9},"_alignFlags":45,"_originalWidth":240,"_originalHeight":250}],"_prefab":{"__type__":"cc.PrefabInfo","root":{"__id__":1},"asset":{"__uuid__":"48HCBL//RGHoWVG+9QgsNY"},"fileId":"6cV7q7uVlA+Zmp+20kSHdU"},"_contentSize":{"__type__":"cc.Size","width":580,"height":475},"_anchorPoint":{"__type__":"cc.Vec2","x":0.5,"y":1},"_trs":{"__type__":"TypedArray","ctor":"Float64Array","array":[0,237.5,0,0,0,0,1,1,1,1]}},{"__type__":"cc.Node","_name":"content","_parent":{"__id__":9},"_children":[{"__id__":11},{"__id__":12},{"__id__":13},{"__id__":14},{"__id__":15},{"__id__":16},{"__id__":17},{"__id__":18},{"__id__":19},{"__id__":20},{"__id__":21},{"__id__":22},{"__id__":23},{"__id__":24}],"_components":[{"__type__":"cc.Layout","node":{"__id__":10},"_layoutSize":{"__type__":"cc.Size","width":580,"height":19092.4},"_resize":1,"_N$layoutType":2,"_N$paddingTop":30},{"__type__":"cc.Widget","node":{"__id__":10},"_alignFlags":41,"_originalWidth":220}],"_prefab":{"__type__":"cc.PrefabInfo","root":{"__id__":1},"asset":{"__uuid__":"48HCBL//RGHoWVG+9QgsNY"},"fileId":"00lWyAWKxPP76j+pqYdYE6"},"_contentSize":{"__type__":"cc.Size","width":580,"height":19092.4},"_anchorPoint":{"__type__":"cc.Vec2","x":0.5,"y":1},"_trs":{"__type__":"TypedArray","ctor":"Float64Array","array":[0,0,0,0,0,0,1,1,1,1]}},{"__type__":"cc.Node","_name":"font_1","_parent":{"__id__":10},"_components":[{"__type__":"cc.Label","node":{"__id__":11},"_materials":[{"__uuid__":"ecpdLyjvZBwrvm+cedCcQy"}],"_useOriginalSize":false,"_string":"本《隐私政策》（以下简称「本政策」）阐述了成都西谷新域有限公司（以下简称“我们”或“公司”）将如何处理您的个人信息和隐私信息，并申明了公司对保护隐私的承诺。我们将依据《中华人民共和国网络安全法》、《信息安全技术个人信息安全规范》（GB/T 35273）以及其他相关法律法规和技术规范收集和使用您的个人信息，尽力保护您的个人信息安全可控。\n•\t本政策适用于公司提供的所有产品和服务。如我们关联公司的产品或服务中使用了公司的产品或服务（例如使用公司帐号登陆）但未设独立隐私权政策的，则本政策同样适用于该产品或服务。\n•\t需要特别说明的是，本政策不适用其他独立第三方向您提供的服务，也不适用于公司中已另行独立设置法律声明及隐私权政策的产品或服务。例如公司上第三方依托本公司向您提供服务时，我们会向您提示该服务由第三方提供，您向第三方提供的个人信息不适用于本隐私政策，公司对任何第三方使用由您提供的信息不承担任何责任。\n•\t在使用公司各项产品或服务前，请您务必仔细阅读并透彻理解本政策，特别是以粗体/粗体下划线标识的条款，您应重点阅读，在确认充分理解并同意后使用相关产品或服务。一旦您开始使用公司各项产品或服务，即表示您已充分理解并同意本政策。","_N$string":"本《隐私政策》（以下简称「本政策」）阐述了成都西谷新域有限公司（以下简称“我们”或“公司”）将如何处理您的个人信息和隐私信息，并申明了公司对保护隐私的承诺。我们将依据《中华人民共和国网络安全法》、《信息安全技术个人信息安全规范》（GB/T 35273）以及其他相关法律法规和技术规范收集和使用您的个人信息，尽力保护您的个人信息安全可控。\n•\t本政策适用于公司提供的所有产品和服务。如我们关联公司的产品或服务中使用了公司的产品或服务（例如使用公司帐号登陆）但未设独立隐私权政策的，则本政策同样适用于该产品或服务。\n•\t需要特别说明的是，本政策不适用其他独立第三方向您提供的服务，也不适用于公司中已另行独立设置法律声明及隐私权政策的产品或服务。例如公司上第三方依托本公司向您提供服务时，我们会向您提示该服务由第三方提供，您向第三方提供的个人信息不适用于本隐私政策，公司对任何第三方使用由您提供的信息不承担任何责任。\n•\t在使用公司各项产品或服务前，请您务必仔细阅读并透彻理解本政策，特别是以粗体/粗体下划线标识的条款，您应重点阅读，在确认充分理解并同意后使用相关产品或服务。一旦您开始使用公司各项产品或服务，即表示您已充分理解并同意本政策。","_fontSize":30,"_lineHeight":35,"_N$overflow":3,"_N$cacheMode":1}],"_prefab":{"__type__":"cc.PrefabInfo","root":{"__id__":1},"asset":{"__uuid__":"48HCBL//RGHoWVG+9QgsNY"},"fileId":"d0SBMe2QxEFK4qVueymPqf"},"_color":{"__type__":"cc.Color"},"_contentSize":{"__type__":"cc.Size","width":520,"height":1129.1},"_trs":{"__type__":"TypedArray","ctor":"Float64Array","array":[0,-594.55,0,0,0,0,1,1,1,1]}},{"__type__":"cc.Node","_name":"font_2","_parent":{"__id__":10},"_components":[{"__type__":"cc.Label","node":{"__id__":12},"_materials":[{"__uuid__":"ecpdLyjvZBwrvm+cedCcQy"}],"_useOriginalSize":false,"_string":"•\t您可以通过本隐私政策所列的途径访问、更正或删除您的个人信息，也可以进行隐私设置或与我们取得联系。\n•\t如您未满14周岁，请您停止使用本产品或服务。\n下文将帮您详细了解我们如何收集、使用、存储、传输、共享、转让（如适用）与保护个人信息；帮您了解查询、访问、删除、更正、撤回授权个人信息的方式。其中，有关您个人信息权益的条款重要内容我们已用加粗形式提示，请特别关注。\n1.我们如何收集和使用个人信息\n2.我们如何使用Cookie等同类技术\n3.我们如何共享、转让、公开披露个人信息\n4.我们如何存储个人信息\n5.我们如何保护个人信息的安全\n6.管理您的个人信息\n7.未成年人条款\n8.隐私政策的修订和通知\n9.争议解决\n10.联系我们\n\n一. 我们如何收集和使用个人信息","_N$string":"•\t您可以通过本隐私政策所列的途径访问、更正或删除您的个人信息，也可以进行隐私设置或与我们取得联系。\n•\t如您未满14周岁，请您停止使用本产品或服务。\n下文将帮您详细了解我们如何收集、使用、存储、传输、共享、转让（如适用）与保护个人信息；帮您了解查询、访问、删除、更正、撤回授权个人信息的方式。其中，有关您个人信息权益的条款重要内容我们已用加粗形式提示，请特别关注。\n1.我们如何收集和使用个人信息\n2.我们如何使用Cookie等同类技术\n3.我们如何共享、转让、公开披露个人信息\n4.我们如何存储个人信息\n5.我们如何保护个人信息的安全\n6.管理您的个人信息\n7.未成年人条款\n8.隐私政策的修订和通知\n9.争议解决\n10.联系我们\n\n一. 我们如何收集和使用个人信息","_fontSize":30,"_lineHeight":35,"_N$overflow":3,"_N$cacheMode":1}],"_prefab":{"__type__":"cc.PrefabInfo","root":{"__id__":1},"asset":{"__uuid__":"48HCBL//RGHoWVG+9QgsNY"},"fileId":"9emCU3ELlNhZvy+qjGOhp2"},"_color":{"__type__":"cc.Color"},"_contentSize":{"__type__":"cc.Size","width":520,"height":884.1},"_trs":{"__type__":"TypedArray","ctor":"Float64Array","array":[0,-1601.1499999999999,0,0,0,0,1,1,1,1]}},{"__type__":"cc.Node","_name":"font_3","_parent":{"__id__":10},"_components":[{"__type__":"cc.Label","node":{"__id__":13},"_materials":[{"__uuid__":"ecpdLyjvZBwrvm+cedCcQy"}],"_useOriginalSize":false,"_string":"在您使用公司服务的过程中，公司会按照如下方式收集您在使用服务时主动提供的或因为使用服务而产生的信息，用以向您提供、优化我们的服务以及保障您的账户安全：\n在您使用我们的产品及/或服务时，公司需要/可能需要收集和使用您的个人信息包括如下两种：\n1、为实现向您提供我们产品及/或服务的基本功能，您须授权我们收集、使用的必要信息。如您拒绝提供相应信息，您将无法正常使用我们的产品及/或服务。\n2、为实现向您提供我们的产品及/或服务的附加功能，您可选择授权我们收集、使用的信息。如您拒绝提供，您将无法正常使用相关附加功能或无法达到我们拟达到的功能效果，但并不会影响您正常使用我们产品及/或服务的基本功能。\n\n（一）基础必要功能\n1、 注册、登录、认证\n（1）当您注册、登录产品及相关服务时，您可以通过手机号创建账号，并且您可以完善相关的网络身份识别信息（头像、昵称、密码），收集这些信息是为了帮助您完成注册。手机号码属于个人敏感信息，如果您拒绝提供将无法使用“手机号登录”方式注册登录，但不影响您通过其他方式注册登录，也不影响其他功能的正常使用。\n（2）您也可以使用第三方账号登录并使用，您将授权我们获取您在第三方平台注册的公开信息（头像、昵称以及您授权的其他信息），用于与账号绑定，使您可以直接登录并使用本产品和相关服务。\n（3）在您使用身份认证的功能或相关服务所需时，根据相关法律法规，您可能需要提供您的真实身份信息（真实姓名、身份证号码、电话号码）以完成实名验证。这些信息属于个人敏感信息，您可以拒绝提供，如果拒绝提供您将可能无法获得相关服务，但不影响其他功能与服务的正常使用。","_N$string":"在您使用公司服务的过程中，公司会按照如下方式收集您在使用服务时主动提供的或因为使用服务而产生的信息，用以向您提供、优化我们的服务以及保障您的账户安全：\n在您使用我们的产品及/或服务时，公司需要/可能需要收集和使用您的个人信息包括如下两种：\n1、为实现向您提供我们产品及/或服务的基本功能，您须授权我们收集、使用的必要信息。如您拒绝提供相应信息，您将无法正常使用我们的产品及/或服务。\n2、为实现向您提供我们的产品及/或服务的附加功能，您可选择授权我们收集、使用的信息。如您拒绝提供，您将无法正常使用相关附加功能或无法达到我们拟达到的功能效果，但并不会影响您正常使用我们产品及/或服务的基本功能。\n\n（一）基础必要功能\n1、 注册、登录、认证\n（1）当您注册、登录产品及相关服务时，您可以通过手机号创建账号，并且您可以完善相关的网络身份识别信息（头像、昵称、密码），收集这些信息是为了帮助您完成注册。手机号码属于个人敏感信息，如果您拒绝提供将无法使用“手机号登录”方式注册登录，但不影响您通过其他方式注册登录，也不影响其他功能的正常使用。\n（2）您也可以使用第三方账号登录并使用，您将授权我们获取您在第三方平台注册的公开信息（头像、昵称以及您授权的其他信息），用于与账号绑定，使您可以直接登录并使用本产品和相关服务。\n（3）在您使用身份认证的功能或相关服务所需时，根据相关法律法规，您可能需要提供您的真实身份信息（真实姓名、身份证号码、电话号码）以完成实名验证。这些信息属于个人敏感信息，您可以拒绝提供，如果拒绝提供您将可能无法获得相关服务，但不影响其他功能与服务的正常使用。","_fontSize":30,"_lineHeight":35,"_N$overflow":3,"_N$cacheMode":1}],"_prefab":{"__type__":"cc.PrefabInfo","root":{"__id__":1},"asset":{"__uuid__":"48HCBL//RGHoWVG+9QgsNY"},"fileId":"060i9QdK5K9pe1IrOMvNKb"},"_color":{"__type__":"cc.Color"},"_contentSize":{"__type__":"cc.Size","width":520,"height":1619.1},"_trs":{"__type__":"TypedArray","ctor":"Float64Array","array":[0,-2852.75,0,0,0,0,1,1,1,1]}},{"__type__":"cc.Node","_name":"font_4","_parent":{"__id__":10},"_components":[{"__type__":"cc.Label","node":{"__id__":14},"_materials":[{"__uuid__":"ecpdLyjvZBwrvm+cedCcQy"}],"_useOriginalSize":false,"_string":"2、过滤不当内容\n当您在产品中通过文字、图片、语音、视频及其他方式与其他玩家进行互动，我们可能会收集并保存您发送的上述信息内容用于过滤色情、暴力、政治、辱骂、恶意广告等不当内容，以此维护健康的上网环境。\n（二）附加业务功能\n当您使用附加业务功能时，为满足向您提供该产品和服务之目的，除注册信息外，您还需要进一步向我们提供您的个人身份信息、位置信息及其他为您提供服务所必需的信息，如果您不使用特定产品和服务，则无需提供相关信息（以下将详细阐明）。\n1、基于相机/摄像头的附加功能。您可在开启相机/摄像头权限后使用该功能用于拍摄照片、在个人资料中上传头像及分享。\n2、基于定位信息实现的功能。当您开启设备定位功能并使用我们基于位置提供的相关服务时，我们会通过IP地址、GPS以及能够提供相关信息的WLAN或基站途径获取您的地理位置信息。该信息属于敏感信息，拒绝提供该信息仅会使您无法使用与位置信息相关的功能，但不影响您正常使用产品的其他功能。\n3、语音功能。如您希望通过语音与其他用户互动，在您授权同意后，产品会访问您的麦克风，为您提供语音聊天功能。\n4、消费功能。当您使用消费功能时，我们会收集您的充值记录、消费记录等信息，以便您查询您的交易记录，同时尽最大程度保护您的虚拟物品安全。充值记录、消费记录属于敏感信息，收集上述信息为实现消费功能所必须，否则将无法完成交易。","_N$string":"2、过滤不当内容\n当您在产品中通过文字、图片、语音、视频及其他方式与其他玩家进行互动，我们可能会收集并保存您发送的上述信息内容用于过滤色情、暴力、政治、辱骂、恶意广告等不当内容，以此维护健康的上网环境。\n（二）附加业务功能\n当您使用附加业务功能时，为满足向您提供该产品和服务之目的，除注册信息外，您还需要进一步向我们提供您的个人身份信息、位置信息及其他为您提供服务所必需的信息，如果您不使用特定产品和服务，则无需提供相关信息（以下将详细阐明）。\n1、基于相机/摄像头的附加功能。您可在开启相机/摄像头权限后使用该功能用于拍摄照片、在个人资料中上传头像及分享。\n2、基于定位信息实现的功能。当您开启设备定位功能并使用我们基于位置提供的相关服务时，我们会通过IP地址、GPS以及能够提供相关信息的WLAN或基站途径获取您的地理位置信息。该信息属于敏感信息，拒绝提供该信息仅会使您无法使用与位置信息相关的功能，但不影响您正常使用产品的其他功能。\n3、语音功能。如您希望通过语音与其他用户互动，在您授权同意后，产品会访问您的麦克风，为您提供语音聊天功能。\n4、消费功能。当您使用消费功能时，我们会收集您的充值记录、消费记录等信息，以便您查询您的交易记录，同时尽最大程度保护您的虚拟物品安全。充值记录、消费记录属于敏感信息，收集上述信息为实现消费功能所必须，否则将无法完成交易。","_fontSize":30,"_lineHeight":35,"_N$overflow":3,"_N$cacheMode":1}],"_prefab":{"__type__":"cc.PrefabInfo","root":{"__id__":1},"asset":{"__uuid__":"48HCBL//RGHoWVG+9QgsNY"},"fileId":"65K8t8AxRMEJFfeQyZbViD"},"_color":{"__type__":"cc.Color"},"_contentSize":{"__type__":"cc.Size","width":520,"height":1339.1},"_trs":{"__type__":"TypedArray","ctor":"Float64Array","array":[0,-4331.85,0,0,0,0,1,1,1,1]}},{"__type__":"cc.Node","_name":"font_5","_parent":{"__id__":10},"_components":[{"__type__":"cc.Label","node":{"__id__":15},"_materials":[{"__uuid__":"ecpdLyjvZBwrvm+cedCcQy"}],"_useOriginalSize":false,"_string":"5、定位功能。当您开启设备定位功能并使用产品基于位置提供的相关服务时，我们会通过IP地址、GPS、WLAN或基站途径获取您的地理位置信息。地理位置信息属于敏感信息，拒绝提供该信息只会导致您无法实现位置相关服务，但不影响您正常使用产品的其他功能，您也可以随时取消您的地理位置信息授权。\n6、安全保障功能。我们致力于为您提供安全、可信的产品与使用环境，提供优质而可靠的服务与信息是我们的核心目标。为实现安全保障功能所收集的信息是必要信息。\n（1）为了保障软件与服务的安全运行，我们会收集您的硬件型号、操作系统版本号、国际移动设备识别码、唯一设备标识符、网络设备硬件地址、IP 地址、WLAN接入点、蓝牙、基站、软件版本号、网络接入方式、类型、状态、网络质量数据、操作、使用、服务日志。\n（2）为了预防恶意程序及安全运营所必需，我们会收集安装的应用信息或正在运行的进程信息、应用程序的总体运行、使用情况与频率、应用崩溃情况、总体安装使用情况、性能数据、应用来源。\n（3）我们可能使用您的账户信息、设备信息、服务日志信息以及我们关联方、合作方在获得您授权或依法可以共享的信息，用于判断账户安全、进行身份验证、检测及防范安全事件。\n7、客户服务。当您向公司提起投诉、申诉或进行咨询时，为了方便与您联系或帮助您解决问题，我们可能需要您提供姓名、手机号码、电子邮件。如您拒绝提供上述信息，我们可能无法及时反馈投诉、申诉或咨询结果。\n8、定向推送。我们会基于收集的信息，对您的偏好、习惯、位置作特征分析，以便为您提供更适合的定制化服务，向您展示或推荐相关程度更高的信息流或者广告/推广信息结果。为此，我们需要收集您的设备信息、浏览器型号、日志信息、浏览记录。","_N$string":"5、定位功能。当您开启设备定位功能并使用产品基于位置提供的相关服务时，我们会通过IP地址、GPS、WLAN或基站途径获取您的地理位置信息。地理位置信息属于敏感信息，拒绝提供该信息只会导致您无法实现位置相关服务，但不影响您正常使用产品的其他功能，您也可以随时取消您的地理位置信息授权。\n6、安全保障功能。我们致力于为您提供安全、可信的产品与使用环境，提供优质而可靠的服务与信息是我们的核心目标。为实现安全保障功能所收集的信息是必要信息。\n（1）为了保障软件与服务的安全运行，我们会收集您的硬件型号、操作系统版本号、国际移动设备识别码、唯一设备标识符、网络设备硬件地址、IP 地址、WLAN接入点、蓝牙、基站、软件版本号、网络接入方式、类型、状态、网络质量数据、操作、使用、服务日志。\n（2）为了预防恶意程序及安全运营所必需，我们会收集安装的应用信息或正在运行的进程信息、应用程序的总体运行、使用情况与频率、应用崩溃情况、总体安装使用情况、性能数据、应用来源。\n（3）我们可能使用您的账户信息、设备信息、服务日志信息以及我们关联方、合作方在获得您授权或依法可以共享的信息，用于判断账户安全、进行身份验证、检测及防范安全事件。\n7、客户服务。当您向公司提起投诉、申诉或进行咨询时，为了方便与您联系或帮助您解决问题，我们可能需要您提供姓名、手机号码、电子邮件。如您拒绝提供上述信息，我们可能无法及时反馈投诉、申诉或咨询结果。\n8、定向推送。我们会基于收集的信息，对您的偏好、习惯、位置作特征分析，以便为您提供更适合的定制化服务，向您展示或推荐相关程度更高的信息流或者广告/推广信息结果。为此，我们需要收集您的设备信息、浏览器型号、日志信息、浏览记录。","_fontSize":30,"_lineHeight":35,"_N$overflow":3,"_N$cacheMode":1}],"_prefab":{"__type__":"cc.PrefabInfo","root":{"__id__":1},"asset":{"__uuid__":"48HCBL//RGHoWVG+9QgsNY"},"fileId":"88GGaVup9J/4/+a1Gc+vxw"},"_color":{"__type__":"cc.Color"},"_contentSize":{"__type__":"cc.Size","width":520,"height":1619.1},"_trs":{"__type__":"TypedArray","ctor":"Float64Array","array":[0,-5810.950000000001,0,0,0,0,1,1,1,1]}},{"__type__":"cc.Node","_name":"font_6","_parent":{"__id__":10},"_components":[{"__type__":"cc.Label","node":{"__id__":16},"_materials":[{"__uuid__":"ecpdLyjvZBwrvm+cedCcQy"}],"_useOriginalSize":false,"_string":"9、公司在提供服务的过程中，可能需要您开通下列设备权限。您也可以在设备的设置功能中随时选择关闭部分或者全部权限，从而拒绝我们收集相应的个人信息。在不同设备中，权限显示方式及关闭方式可能有所不同，具体请参考设备及系统开发方说明或指引。\n（三）敏感信息\n在向公司提供任何属于敏感信息的个人信息前，请您清楚考虑该等提供是恰当的并且同意您的个人敏感信息可按本政策所述的目的和方式进行处理。\n我们会在得到您的同意后收集和使用您的敏感信息以实现与我们业务相关的功能，并允许您对这些敏感信息的收集与使用做出不同意的选择，但是拒绝使用这些信息会影响您使用相关功能。\n（四）征得授权同意的例外\n在以下情形中，我们可以在不征得您授权同意的情况下收集、使用一些必要的个人信息：\n1、与国家安全、国防安全直接相关的；\n2、与公共安全、公共卫生、重大公共利益直接相关的；","_N$string":"9、公司在提供服务的过程中，可能需要您开通下列设备权限。您也可以在设备的设置功能中随时选择关闭部分或者全部权限，从而拒绝我们收集相应的个人信息。在不同设备中，权限显示方式及关闭方式可能有所不同，具体请参考设备及系统开发方说明或指引。\n（三）敏感信息\n在向公司提供任何属于敏感信息的个人信息前，请您清楚考虑该等提供是恰当的并且同意您的个人敏感信息可按本政策所述的目的和方式进行处理。\n我们会在得到您的同意后收集和使用您的敏感信息以实现与我们业务相关的功能，并允许您对这些敏感信息的收集与使用做出不同意的选择，但是拒绝使用这些信息会影响您使用相关功能。\n（四）征得授权同意的例外\n在以下情形中，我们可以在不征得您授权同意的情况下收集、使用一些必要的个人信息：\n1、与国家安全、国防安全直接相关的；\n2、与公共安全、公共卫生、重大公共利益直接相关的；","_fontSize":30,"_lineHeight":35,"_N$overflow":3,"_N$cacheMode":1}],"_prefab":{"__type__":"cc.PrefabInfo","root":{"__id__":1},"asset":{"__uuid__":"48HCBL//RGHoWVG+9QgsNY"},"fileId":"39Sq3ZbwBNELMXVLmfs2fk"},"_color":{"__type__":"cc.Color"},"_contentSize":{"__type__":"cc.Size","width":520,"height":884.1},"_trs":{"__type__":"TypedArray","ctor":"Float64Array","array":[0,-7062.550000000001,0,0,0,0,1,1,1,1]}},{"__type__":"cc.Node","_name":"font_7","_parent":{"__id__":10},"_components":[{"__type__":"cc.Label","node":{"__id__":17},"_materials":[{"__uuid__":"ecpdLyjvZBwrvm+cedCcQy"}],"_useOriginalSize":false,"_string":"3、与犯罪侦查、起诉、审判和判决执行等直接相关的；\n4、出于维护您或其他个人的生命、财产等重大合法权益但又很难得到本人同意的；\n5、所收集的个人信息是您自行向社会公众公开的；\n6、从合法公开披露的信息中收集到您的个人信息，如从合法的新闻报道、政府信息公开等渠道；\n7、根据您的要求签订和履行合同所必需的；\n8、用于维护公司的产品和/或服务的安全稳定运行所必需的，例如发现、处置产品或服务的故障；\n9、为合法的新闻报道所必需的；\n10、学术研究机构基于公共利益开展统计或学术研究所必要，且对外提供学术研究或描述的结果时，对结果中所包含的个人信息进行去标识化处理的；\n11、法律法规规定的其他情形。\n如我们停止运营我们的产品或服务，我们将及时停止继续收集您个人信息的活动，将停止运营的通知以逐一送达或公告的形式通知您，并对我们所持有的与已关停业务相关的个人信息进行删除或匿名化处理。\n\n二、我们如何使用Cookie等同类技术\n您使用我们的服务时，我们会在您的计算机或移动设备上存储名为小型数据文件，这些数据文件可能是Cookie、Flash Cookie，您的浏览器或关联应用程序提供的其他本地存储（统称“Cookie”）。Cookie 通常包含标识符、站点名称以及一些号码和字符。如您不希望个人信息保存在 Cookie 中，您可对浏览器进行配置，选择禁用 Cookie 功能。禁用 Cookie 功能后，可能影响您访问公司或不能充分取得公司提供的服务。公司不会将 Cookie 用于本政策所述目的之外的任何用途。我们使用 Cookie 和同类技术主要为了实现以下功能或服务：","_N$string":"3、与犯罪侦查、起诉、审判和判决执行等直接相关的；\n4、出于维护您或其他个人的生命、财产等重大合法权益但又很难得到本人同意的；\n5、所收集的个人信息是您自行向社会公众公开的；\n6、从合法公开披露的信息中收集到您的个人信息，如从合法的新闻报道、政府信息公开等渠道；\n7、根据您的要求签订和履行合同所必需的；\n8、用于维护公司的产品和/或服务的安全稳定运行所必需的，例如发现、处置产品或服务的故障；\n9、为合法的新闻报道所必需的；\n10、学术研究机构基于公共利益开展统计或学术研究所必要，且对外提供学术研究或描述的结果时，对结果中所包含的个人信息进行去标识化处理的；\n11、法律法规规定的其他情形。\n如我们停止运营我们的产品或服务，我们将及时停止继续收集您个人信息的活动，将停止运营的通知以逐一送达或公告的形式通知您，并对我们所持有的与已关停业务相关的个人信息进行删除或匿名化处理。\n\n二、我们如何使用Cookie等同类技术\n您使用我们的服务时，我们会在您的计算机或移动设备上存储名为小型数据文件，这些数据文件可能是Cookie、Flash Cookie，您的浏览器或关联应用程序提供的其他本地存储（统称“Cookie”）。Cookie 通常包含标识符、站点名称以及一些号码和字符。如您不希望个人信息保存在 Cookie 中，您可对浏览器进行配置，选择禁用 Cookie 功能。禁用 Cookie 功能后，可能影响您访问公司或不能充分取得公司提供的服务。公司不会将 Cookie 用于本政策所述目的之外的任何用途。我们使用 Cookie 和同类技术主要为了实现以下功能或服务：","_fontSize":30,"_lineHeight":35,"_N$overflow":3,"_N$cacheMode":1}],"_prefab":{"__type__":"cc.PrefabInfo","root":{"__id__":1},"asset":{"__uuid__":"48HCBL//RGHoWVG+9QgsNY"},"fileId":"ecqQ5lIndLtabsZLfzIjLS"},"_color":{"__type__":"cc.Color"},"_contentSize":{"__type__":"cc.Size","width":520,"height":1549.1},"_trs":{"__type__":"TypedArray","ctor":"Float64Array","array":[0,-8279.150000000001,0,0,0,0,1,1,1,1]}},{"__type__":"cc.Node","_name":"font_8","_parent":{"__id__":10},"_components":[{"__type__":"cc.Label","node":{"__id__":18},"_materials":[{"__uuid__":"ecpdLyjvZBwrvm+cedCcQy"}],"_useOriginalSize":false,"_string":"1、保障产品与服务的安全、高效运转\n我们可能会设置认证与保障安全性的 Cookie 或匿名标识符，使我们确认您是否安全登录服务，或者是否遇到盗用、欺诈及其他不法行为。这些技术还会帮助我们改进服务效率，提升登录和响应速度。\n2、帮助您获得更轻松的访问体验\n使用此类技术可以判断您是否已经登录，帮助您省去重复您填写个人信息的步骤和流程。\n3、为您推荐、展示、推送您可能感兴趣的内容或账号\n（1）我们可能会利用此类技术了解您的偏好和使用习惯，进行数据分析，以改善产品服务。\n（2）我们可能会使用Cookie对浏览活动进行记录，用于向您推荐信息和排查崩溃、延迟的相关异常情况以及探索更好的服务方式。\n4、 Cookie的清除\n大多数浏览器均为用户提供了清除浏览器缓存数据的功能，您可以在浏览器设置功能中进行相应的数据清除操作。如您进行清除，您可能无法使用由我们提供的、依赖于Cookie的服务或相应功能。\n\n三.我们如何共享、转让、公开披露个人信息","_N$string":"1、保障产品与服务的安全、高效运转\n我们可能会设置认证与保障安全性的 Cookie 或匿名标识符，使我们确认您是否安全登录服务，或者是否遇到盗用、欺诈及其他不法行为。这些技术还会帮助我们改进服务效率，提升登录和响应速度。\n2、帮助您获得更轻松的访问体验\n使用此类技术可以判断您是否已经登录，帮助您省去重复您填写个人信息的步骤和流程。\n3、为您推荐、展示、推送您可能感兴趣的内容或账号\n（1）我们可能会利用此类技术了解您的偏好和使用习惯，进行数据分析，以改善产品服务。\n（2）我们可能会使用Cookie对浏览活动进行记录，用于向您推荐信息和排查崩溃、延迟的相关异常情况以及探索更好的服务方式。\n4、 Cookie的清除\n大多数浏览器均为用户提供了清除浏览器缓存数据的功能，您可以在浏览器设置功能中进行相应的数据清除操作。如您进行清除，您可能无法使用由我们提供的、依赖于Cookie的服务或相应功能。\n\n三.我们如何共享、转让、公开披露个人信息","_fontSize":30,"_lineHeight":35,"_N$overflow":3,"_N$cacheMode":1}],"_prefab":{"__type__":"cc.PrefabInfo","root":{"__id__":1},"asset":{"__uuid__":"48HCBL//RGHoWVG+9QgsNY"},"fileId":"8axcorHxZEzJG0Pu7g21wR"},"_color":{"__type__":"cc.Color"},"_contentSize":{"__type__":"cc.Size","width":520,"height":1059.1000000000001},"_trs":{"__type__":"TypedArray","ctor":"Float64Array","array":[0,-9583.25,0,0,0,0,1,1,1,1]}},{"__type__":"cc.Node","_name":"font_9","_parent":{"__id__":10},"_components":[{"__type__":"cc.Label","node":{"__id__":19},"_materials":[{"__uuid__":"ecpdLyjvZBwrvm+cedCcQy"}],"_useOriginalSize":false,"_string":"（一）共享\n公司不会在未经您同意或授权的情况下将您的个人信息出售或出租给第三方。但是，经您确认同意，公司可在以下情况下共享您的个人信息。\n1、\t在法定情形下的共享：我们可能会根据法律法规规定、诉讼争议解决需要，或按行政、司法机关依法提出的要求，对外共享您的个人信息。 \n2、\t在获取明确同意的情况下共享：获得您的明确同意后，公司会与其他方共享您的个人信息。\n3、\t共享给公司的关联公司：在本政策声明的使用目的范围内，您的个人信息可能会与公司的关联公司和/或其指定的服务提供商共享。作为一项政策，我们只会共享必要的信息。关联公司如要改变个人信息的处理目的，将再次征求您的授权同意。\n4、\t共享给公司的授权合作伙伴：公司可能会与合作伙伴共享您的某些个人信息，以提供更好的客户服务和用户体验。我们仅会出于合法、正当、必要、特定、明确的目的处理您的个人信息，并且只会共享提供服务所必要的信息。如果您拒绝我们的合作伙伴在提供服务时收集为提供服务所必须的个人信息，将可能导致您无法在公司提供的服务中使用该第三方服务。\n目前，我们的授权合作伙伴包括以下类型：\n广告、分析服务类的授权合作伙伴。除非得到您的许可，否则我们不会将您的个人信息提供给广告、分析服务的合作伙伴分享。对于广告合作伙伴，我们可能会向其提供有关其广告覆盖面和有效性的信息，而不会提供您的个人身份信息，或者我们将这些信息进行匿名化处理，以便它不会识别到您个人。对于分析数据的伙伴，为了更好的分析公司用户的使用情况，我们可能向其提供公司用户的数量、地区分布、活跃情况等数据，但我们仅会向这些合作伙伴提供不能识别个人身份的统计信息。","_N$string":"（一）共享\n公司不会在未经您同意或授权的情况下将您的个人信息出售或出租给第三方。但是，经您确认同意，公司可在以下情况下共享您的个人信息。\n1、\t在法定情形下的共享：我们可能会根据法律法规规定、诉讼争议解决需要，或按行政、司法机关依法提出的要求，对外共享您的个人信息。 \n2、\t在获取明确同意的情况下共享：获得您的明确同意后，公司会与其他方共享您的个人信息。\n3、\t共享给公司的关联公司：在本政策声明的使用目的范围内，您的个人信息可能会与公司的关联公司和/或其指定的服务提供商共享。作为一项政策，我们只会共享必要的信息。关联公司如要改变个人信息的处理目的，将再次征求您的授权同意。\n4、\t共享给公司的授权合作伙伴：公司可能会与合作伙伴共享您的某些个人信息，以提供更好的客户服务和用户体验。我们仅会出于合法、正当、必要、特定、明确的目的处理您的个人信息，并且只会共享提供服务所必要的信息。如果您拒绝我们的合作伙伴在提供服务时收集为提供服务所必须的个人信息，将可能导致您无法在公司提供的服务中使用该第三方服务。\n目前，我们的授权合作伙伴包括以下类型：\n广告、分析服务类的授权合作伙伴。除非得到您的许可，否则我们不会将您的个人信息提供给广告、分析服务的合作伙伴分享。对于广告合作伙伴，我们可能会向其提供有关其广告覆盖面和有效性的信息，而不会提供您的个人身份信息，或者我们将这些信息进行匿名化处理，以便它不会识别到您个人。对于分析数据的伙伴，为了更好的分析公司用户的使用情况，我们可能向其提供公司用户的数量、地区分布、活跃情况等数据，但我们仅会向这些合作伙伴提供不能识别个人身份的统计信息。","_fontSize":30,"_lineHeight":35,"_N$overflow":3,"_N$cacheMode":1}],"_prefab":{"__type__":"cc.PrefabInfo","root":{"__id__":1},"asset":{"__uuid__":"48HCBL//RGHoWVG+9QgsNY"},"fileId":"08zVwIVOdI64kuibX9Gq2R"},"_color":{"__type__":"cc.Color"},"_contentSize":{"__type__":"cc.Size","width":520,"height":1549.1},"_trs":{"__type__":"TypedArray","ctor":"Float64Array","array":[0,-10887.349999999999,0,0,0,0,1,1,1,1]}},{"__type__":"cc.Node","_name":"font_10","_parent":{"__id__":10},"_components":[{"__type__":"cc.Label","node":{"__id__":20},"_materials":[{"__uuid__":"ecpdLyjvZBwrvm+cedCcQy"}],"_useOriginalSize":false,"_string":"供应商、服务提供商和其他合作伙伴。我们将信息发送给在中国大陆范围内支持我们业务的供应商、服务提供商和其他合作伙伴共享。目前我们的授权合作伙伴有：向代表我们发出短信通知的通讯服务供应商分享手机号码，为我们和您提供实时语音通话功能的技术服务商采集、处理音频数据，为我们和您提供协助的大数据风控技术服务商分享日志数据，为我们和您提供本机一键绑定登录的服务供应商分享设备信息，为我们和您提供推送服务的技术服务商提供设备信息。这些信息的用途受到如下限制： \n• 协助我们向您提供服务；\n• 协助我们履行使用您的个人信息所载的目的；\n• 提供技术基础设施服务、分析我们服务的使用方式、衡量广告和服务的有效性、支付便利或进行学术研究和调查。\n请您注意，该等第三方服务由相关的第三方负责运营。您使用该等第三方的媒体服务或其他服务（包括您向该等第三方提供的任何信息），仍需须受第三方自己的服务条款及信息保护声明（而非本政策）约束，您需要仔细阅读其条款。本政策仅适用于我们所收集的个人信息，并不适用于任何第三方提供的服务或第三方的信息使用规则。如您发现这些第三方媒体或其他服务存在风险时，建议您终止相关操作以保护您的合法权益。我们会对授权合作伙伴获取有关信息的应用程序接口（API）、软件工具开发包（SDK）进行严格的安全测试，并与授权合作伙伴约定严格的数据保护措施，约定其应当按照我们的委托目的、服务说明、本政策及其他任何相关的保密和安全措施来处理您的个人信息。\n（二）转让\n我们不会将您的个人信息转让给任何公司、组织和个人，但以下情况除外：\n1、在获取明确同意的情况下转让：获得您的明确同意后，我们会向其他方转让您的个人信息；","_N$string":"供应商、服务提供商和其他合作伙伴。我们将信息发送给在中国大陆范围内支持我们业务的供应商、服务提供商和其他合作伙伴共享。目前我们的授权合作伙伴有：向代表我们发出短信通知的通讯服务供应商分享手机号码，为我们和您提供实时语音通话功能的技术服务商采集、处理音频数据，为我们和您提供协助的大数据风控技术服务商分享日志数据，为我们和您提供本机一键绑定登录的服务供应商分享设备信息，为我们和您提供推送服务的技术服务商提供设备信息。这些信息的用途受到如下限制： \n• 协助我们向您提供服务；\n• 协助我们履行使用您的个人信息所载的目的；\n• 提供技术基础设施服务、分析我们服务的使用方式、衡量广告和服务的有效性、支付便利或进行学术研究和调查。\n请您注意，该等第三方服务由相关的第三方负责运营。您使用该等第三方的媒体服务或其他服务（包括您向该等第三方提供的任何信息），仍需须受第三方自己的服务条款及信息保护声明（而非本政策）约束，您需要仔细阅读其条款。本政策仅适用于我们所收集的个人信息，并不适用于任何第三方提供的服务或第三方的信息使用规则。如您发现这些第三方媒体或其他服务存在风险时，建议您终止相关操作以保护您的合法权益。我们会对授权合作伙伴获取有关信息的应用程序接口（API）、软件工具开发包（SDK）进行严格的安全测试，并与授权合作伙伴约定严格的数据保护措施，约定其应当按照我们的委托目的、服务说明、本政策及其他任何相关的保密和安全措施来处理您的个人信息。\n（二）转让\n我们不会将您的个人信息转让给任何公司、组织和个人，但以下情况除外：\n1、在获取明确同意的情况下转让：获得您的明确同意后，我们会向其他方转让您的个人信息；","_fontSize":30,"_lineHeight":35,"_N$overflow":3,"_N$cacheMode":1}],"_prefab":{"__type__":"cc.PrefabInfo","root":{"__id__":1},"asset":{"__uuid__":"48HCBL//RGHoWVG+9QgsNY"},"fileId":"94uRuamwFHIrh6UQYU+vTD"},"_color":{"__type__":"cc.Color"},"_contentSize":{"__type__":"cc.Size","width":520,"height":1584.1},"_trs":{"__type__":"TypedArray","ctor":"Float64Array","array":[0,-12453.949999999997,0,0,0,0,1,1,1,1]}},{"__type__":"cc.Node","_name":"font_11","_parent":{"__id__":10},"_components":[{"__type__":"cc.Label","node":{"__id__":21},"_materials":[{"__uuid__":"ecpdLyjvZBwrvm+cedCcQy"}],"_useOriginalSize":false,"_string":"2、在涉及合并、收购或破产清算时：如涉及到个人信息转让，我们会要求新的持有您个人信息的公司、组织继续受此隐私政策的约束，否则我们将要求该公司、组织重新向您征求授权同意。\n（三）公开披露\n我们仅会在以下情况下，且采取符合法律和业界标准的安全防护措施的前提下，才会公开披露您的个人信息：\n1、获得您的明确同意；\n2、基于法律法规、法律程序、诉讼或政府主管部门强制性要求，或严重违反公司相关协议及规则的情况，或为保护用户或公众的人身财产安全免遭侵害，我们可能依据法律法规或征得您同意的情况下披露关于您的个人信息。但我们保证，在符合法律法规的前提下，当我们收到上述披露信息的请求时，我们会要求必须出具与之相应的法律文件。\n【请注意】若我们对个人信息通过技术手段对数据进行去标识化处理，去标识化处理的信息将无法识别您的身份且不能复原并重新识别信息主体的，则去标识化处理后数据的共享、转让、公开披露无需另行向您通知并征得您的同意。\n\n四、我们如何存储个人信息\n我们在中华人民共和国境内收集和产生的个人信息将存储在中华人民共和国境内。不会对您的个人信息跨境传输。\n我们仅在为提供公司及服务之目的所必需的期间内保留您的个人信息，在您未撤回、删除或未注销账号期间，我们会保留相关信息。超出必要期限后，我们将对您的个人信息进行删除或匿名化处理，但法律法规另有规定的除外。但在下列情况下，我们可能因需符合法律要求，更改个人信息的存储时间：","_N$string":"2、在涉及合并、收购或破产清算时：如涉及到个人信息转让，我们会要求新的持有您个人信息的公司、组织继续受此隐私政策的约束，否则我们将要求该公司、组织重新向您征求授权同意。\n（三）公开披露\n我们仅会在以下情况下，且采取符合法律和业界标准的安全防护措施的前提下，才会公开披露您的个人信息：\n1、获得您的明确同意；\n2、基于法律法规、法律程序、诉讼或政府主管部门强制性要求，或严重违反公司相关协议及规则的情况，或为保护用户或公众的人身财产安全免遭侵害，我们可能依据法律法规或征得您同意的情况下披露关于您的个人信息。但我们保证，在符合法律法规的前提下，当我们收到上述披露信息的请求时，我们会要求必须出具与之相应的法律文件。\n【请注意】若我们对个人信息通过技术手段对数据进行去标识化处理，去标识化处理的信息将无法识别您的身份且不能复原并重新识别信息主体的，则去标识化处理后数据的共享、转让、公开披露无需另行向您通知并征得您的同意。\n\n四、我们如何存储个人信息\n我们在中华人民共和国境内收集和产生的个人信息将存储在中华人民共和国境内。不会对您的个人信息跨境传输。\n我们仅在为提供公司及服务之目的所必需的期间内保留您的个人信息，在您未撤回、删除或未注销账号期间，我们会保留相关信息。超出必要期限后，我们将对您的个人信息进行删除或匿名化处理，但法律法规另有规定的除外。但在下列情况下，我们可能因需符合法律要求，更改个人信息的存储时间：","_fontSize":30,"_lineHeight":35,"_N$overflow":3,"_N$cacheMode":1}],"_prefab":{"__type__":"cc.PrefabInfo","root":{"__id__":1},"asset":{"__uuid__":"48HCBL//RGHoWVG+9QgsNY"},"fileId":"43qnkc4nVChY9K52RdoYw9"},"_color":{"__type__":"cc.Color"},"_contentSize":{"__type__":"cc.Size","width":520,"height":1339.1},"_trs":{"__type__":"TypedArray","ctor":"Float64Array","array":[0,-13915.549999999996,0,0,0,0,1,1,1,1]}},{"__type__":"cc.Node","_name":"font_12","_parent":{"__id__":10},"_components":[{"__type__":"cc.Label","node":{"__id__":22},"_materials":[{"__uuid__":"ecpdLyjvZBwrvm+cedCcQy"}],"_useOriginalSize":false,"_string":"1、\t为遵守适用的法律法规规定，例如，《中华人民共和国网络安全法》第二十一条第三款要求监测、记录网络运行状态、网络安全事件的技术措施的网络日志留存不得少于六个月；\n2、\t为遵守法院判决、裁定或其他法律程序的规定；\n3、\t为遵守政府机关或法定授权组织的要求；\n4、\t为执行公司协议或本政策、维护社会公共利益，保护公司及公司关联公司、其他用户或雇员的人身安全或其他合法权益所合理必需的用途。\n在您的个人信息超出保留期间后，我们会删除您的个人信息，或使其匿名化处理。\n\n五、我们如何保护个人信息的安全\n公司重视个人信息的安全。我们采取互联网业内标准做法来保护您的个人信息，防止信息遭到未经授权访问、披露、使用、修改、损坏或丢失。我们会采取一切合理可行的措施，保护您的个人信息。\n我们会采取一切合理可行的措施，确保未收集与公司提供的服务无关的个人信息。我们会尽全力保护您的个人信息，但请您理解，由于技术的限制以及可能存在的各种恶意手段，在互联网行业，不可能始终保证信息百分之百的安全。您需要了解，您接入我们的服务所用的系统和通讯网络，有可能因我们可控范围外的因素而出现问题。\n在发生个人信息安全事件的场合，我们将按照法律法规的要求，及时向您告知：安全事件的基本情况和可能的影响、我们已采取或将要采取的处置措施、您可自主防范和降低风险的建议、对您的补救措施等。我们将及时将事件相关情况以邮件、信函、电话、推送通知等方式告知您，难以逐一告知个人信息主体时，我们会采取合理、有效的方式发布公告。同时，我们还将按照监管部门要求，主动上报个人信息安全事件的处置情况。","_N$string":"1、\t为遵守适用的法律法规规定，例如，《中华人民共和国网络安全法》第二十一条第三款要求监测、记录网络运行状态、网络安全事件的技术措施的网络日志留存不得少于六个月；\n2、\t为遵守法院判决、裁定或其他法律程序的规定；\n3、\t为遵守政府机关或法定授权组织的要求；\n4、\t为执行公司协议或本政策、维护社会公共利益，保护公司及公司关联公司、其他用户或雇员的人身安全或其他合法权益所合理必需的用途。\n在您的个人信息超出保留期间后，我们会删除您的个人信息，或使其匿名化处理。\n\n五、我们如何保护个人信息的安全\n公司重视个人信息的安全。我们采取互联网业内标准做法来保护您的个人信息，防止信息遭到未经授权访问、披露、使用、修改、损坏或丢失。我们会采取一切合理可行的措施，保护您的个人信息。\n我们会采取一切合理可行的措施，确保未收集与公司提供的服务无关的个人信息。我们会尽全力保护您的个人信息，但请您理解，由于技术的限制以及可能存在的各种恶意手段，在互联网行业，不可能始终保证信息百分之百的安全。您需要了解，您接入我们的服务所用的系统和通讯网络，有可能因我们可控范围外的因素而出现问题。\n在发生个人信息安全事件的场合，我们将按照法律法规的要求，及时向您告知：安全事件的基本情况和可能的影响、我们已采取或将要采取的处置措施、您可自主防范和降低风险的建议、对您的补救措施等。我们将及时将事件相关情况以邮件、信函、电话、推送通知等方式告知您，难以逐一告知个人信息主体时，我们会采取合理、有效的方式发布公告。同时，我们还将按照监管部门要求，主动上报个人信息安全事件的处置情况。","_fontSize":30,"_lineHeight":35,"_N$overflow":3,"_N$cacheMode":1}],"_prefab":{"__type__":"cc.PrefabInfo","root":{"__id__":1},"asset":{"__uuid__":"48HCBL//RGHoWVG+9QgsNY"},"fileId":"d2YdvvTXdMBJuwvLAJzlDy"},"_color":{"__type__":"cc.Color"},"_contentSize":{"__type__":"cc.Size","width":520,"height":1584.1},"_trs":{"__type__":"TypedArray","ctor":"Float64Array","array":[0,-15377.149999999994,0,0,0,0,1,1,1,1]}},{"__type__":"cc.Node","_name":"font_13","_parent":{"__id__":10},"_components":[{"__type__":"cc.Label","node":{"__id__":23},"_materials":[{"__uuid__":"ecpdLyjvZBwrvm+cedCcQy"}],"_useOriginalSize":false,"_string":"六、管理您的个人信息\n1、信息管理\n您可以在使用我们服务的过程中，访问、修改和删除您提供的注册信息和其他个人信息，也可按照通知指引与我们联系。您访问、修改和删除个人信息的范围和方式将取决于您使用的具体服务。我们将尽一切可能采取适当的技术手段，保证收集到的有关于您的个人信息的准确性，并保证及时进行更新。\n您也可以通过以下方式，对您的个人信息进行访问、更正及删除：\n（1）联系公司官方在线客服微信号：   ；\n（2）拨打客户服务热线：    ；\n（3）发送邮件至    。\n2、改变您授权同意的范围\n您可以通过以下途径改变您已同意的授权范围：\n（1）联系公司官方在线客服微信号：   ；\n（2）拨打客户服务热线：    ；\n（3）发送邮件至    。\n您申请授权撤回后，公司将不再处理相应的个人信息。请您理解，因您的授权撤回，我们无法继续为您提供撤回同意或授权所对应的特定功能或/和服务。但您撤回同意的决定，不会影响此前基于您的授权而展开的个人信息处理。","_N$string":"六、管理您的个人信息\n1、信息管理\n您可以在使用我们服务的过程中，访问、修改和删除您提供的注册信息和其他个人信息，也可按照通知指引与我们联系。您访问、修改和删除个人信息的范围和方式将取决于您使用的具体服务。我们将尽一切可能采取适当的技术手段，保证收集到的有关于您的个人信息的准确性，并保证及时进行更新。\n您也可以通过以下方式，对您的个人信息进行访问、更正及删除：\n（1）联系公司官方在线客服微信号：   ；\n（2）拨打客户服务热线：    ；\n（3）发送邮件至    。\n2、改变您授权同意的范围\n您可以通过以下途径改变您已同意的授权范围：\n（1）联系公司官方在线客服微信号：   ；\n（2）拨打客户服务热线：    ；\n（3）发送邮件至    。\n您申请授权撤回后，公司将不再处理相应的个人信息。请您理解，因您的授权撤回，我们无法继续为您提供撤回同意或授权所对应的特定功能或/和服务。但您撤回同意的决定，不会影响此前基于您的授权而展开的个人信息处理。","_fontSize":30,"_lineHeight":35,"_N$overflow":3,"_N$cacheMode":1}],"_prefab":{"__type__":"cc.PrefabInfo","root":{"__id__":1},"asset":{"__uuid__":"48HCBL//RGHoWVG+9QgsNY"},"fileId":"b9FZiAAaBMvJ+Zbj0UsGYf"},"_color":{"__type__":"cc.Color"},"_contentSize":{"__type__":"cc.Size","width":520,"height":1024.1000000000001},"_trs":{"__type__":"TypedArray","ctor":"Float64Array","array":[0,-16681.249999999993,0,0,0,0,1,1,1,1]}},{"__type__":"cc.Node","_name":"font_14","_parent":{"__id__":10},"_components":[{"__type__":"cc.Label","node":{"__id__":24},"_materials":[{"__uuid__":"ecpdLyjvZBwrvm+cedCcQy"}],"_useOriginalSize":false,"_string":"3、个人信息副本获取\n您可以通过以下途径获取个人信息副本：\n（1）联系公司官方在线客服微信号：   ；\n（2）拨打客户服务热线：    ；\n（3）发送邮件至    。\n公司将在15个工作日内向您提供个人信息副本。\n4、帐号注销\n您可以自行在产品提交帐号注销申请。\n注销方式：【产品→     →账号注销】\n在您主动注销帐号之后，公司将停止为您提供产品或服务，尽快删除您的个人信息，或作匿名化处理。\n\n七、未成年人条款\n若您是18周岁以下的未成年人，在使用我们的产品和/或服务前，您应在监护人的陪同下阅读本政策，并应确保已征得您的监护人同意后使用我们的服务并向我们提供您的信息。\n如您的监护人不同意您按照本政策使用我们的服务或向我们提供信息，请您立即终止使用我们的服务并及时通知我们。对于经父母或法定监护人同意而收集未成年人个人信息的情况，我们只会在受到法律允许、父母或监护人明确同意或者保护未成年人所必要的情况下使用或公开披露此信息。\n若您是未成年人的监护人，当您对您所监护的未成年人使用我们的服务或其向我们提供的用户信息有任何疑问时，请您及时与我们联系。我们将根据国家相关法律法规及本政策的规定保护未成年人用户信息的保密性及安全性。如果我们发现自己在未事先获得可证实的父母或法定监护人同意的情况下收集了未成年人的个人信息，则会尽快删除相关数据。\n\n八、隐私政策的修订和通知\n1、为了给您提供更好的服务，本产品及相关服务将不时更新与变化，我们会适时对本隐私政策进行修订，这些修订构成本隐私政策的一部分并具有等同于本隐私政策的效力，未经您明确同意，我们不会削减您依据当前生效的本隐私政策所应享受的权利。\n2.本隐私政策更新后，我们会在产品中发出更新版本，并在更新后的条款生效前通过公告或其他适当的方式提醒您更新的内容，以便您及时了解本隐私政策的最新版本。","_N$string":"3、个人信息副本获取\n您可以通过以下途径获取个人信息副本：\n（1）联系公司官方在线客服微信号：   ；\n（2）拨打客户服务热线：    ；\n（3）发送邮件至    。\n公司将在15个工作日内向您提供个人信息副本。\n4、帐号注销\n您可以自行在产品提交帐号注销申请。\n注销方式：【产品→     →账号注销】\n在您主动注销帐号之后，公司将停止为您提供产品或服务，尽快删除您的个人信息，或作匿名化处理。\n\n七、未成年人条款\n若您是18周岁以下的未成年人，在使用我们的产品和/或服务前，您应在监护人的陪同下阅读本政策，并应确保已征得您的监护人同意后使用我们的服务并向我们提供您的信息。\n如您的监护人不同意您按照本政策使用我们的服务或向我们提供信息，请您立即终止使用我们的服务并及时通知我们。对于经父母或法定监护人同意而收集未成年人个人信息的情况，我们只会在受到法律允许、父母或监护人明确同意或者保护未成年人所必要的情况下使用或公开披露此信息。\n若您是未成年人的监护人，当您对您所监护的未成年人使用我们的服务或其向我们提供的用户信息有任何疑问时，请您及时与我们联系。我们将根据国家相关法律法规及本政策的规定保护未成年人用户信息的保密性及安全性。如果我们发现自己在未事先获得可证实的父母或法定监护人同意的情况下收集了未成年人的个人信息，则会尽快删除相关数据。\n\n八、隐私政策的修订和通知\n1、为了给您提供更好的服务，本产品及相关服务将不时更新与变化，我们会适时对本隐私政策进行修订，这些修订构成本隐私政策的一部分并具有等同于本隐私政策的效力，未经您明确同意，我们不会削减您依据当前生效的本隐私政策所应享受的权利。\n2.本隐私政策更新后，我们会在产品中发出更新版本，并在更新后的条款生效前通过公告或其他适当的方式提醒您更新的内容，以便您及时了解本隐私政策的最新版本。","_fontSize":30,"_lineHeight":35,"_N$overflow":3,"_N$cacheMode":1}],"_prefab":{"__type__":"cc.PrefabInfo","root":{"__id__":1},"asset":{"__uuid__":"48HCBL//RGHoWVG+9QgsNY"},"fileId":"a8EgV5EztHl4nP63GPpPe3"},"_color":{"__type__":"cc.Color"},"_contentSize":{"__type__":"cc.Size","width":520,"height":1899.1},"_trs":{"__type__":"TypedArray","ctor":"Float64Array","array":[0,-18142.84999999999,0,0,0,0,1,1,1,1]}}],{"__type__":"cc.SpriteFrame","content":{"name":"ic_guanbi2","texture":"02krqH8i1AdZB/lC2WegR2","rect":[789,371,84,84],"offset":[0,0],"originalSize":[84,84],"capInsets":[0,0,0,0]}},{"__type__":"cc.SpriteFrame","content":{"name":"bg_xiao_nei","texture":"f4vjHC5+VGWrsOJQJq5mr0","rect":[0,0,600,489],"offset":[0,0.5],"originalSize":[600,490],"capInsets":[58,62.5,58,62.5]}},{"__type__":"cc.SpriteFrame","content":{"name":"default_sprite_splash","texture":"02delMVqdBD70a/HSD99FK","rect":[0,0,2,2],"offset":[0,0],"originalSize":[2,2],"capInsets":[0,0,0,0]}},{"__type__":"cc.SpriteFrame","content":{"name":"img_title","texture":"36otX/aM1E4Zo+o68pRLtJ","rect":[1,1,304,110],"offset":[0,0],"originalSize":[304,110],"capInsets":[0,0,0,0]}}]