[{"__type__":"cc.SpriteFrame","content":{"name":"baifang","texture":"b9HrI0nBFNFYOegxbs3y7w","rect":[0,0,10,10],"offset":[0,0],"originalSize":[10,10],"capInsets":[0,0,0,0]}},[{"__type__":"cc.Prefab","_name":"tiaoguo_layer","data":{"__id__":1}},{"__type__":"cc.Node","_name":"tiaoguo_layer","_children":[{"__id__":2},{"__id__":3}],"_components":[{"__type__":"cc.Widget","node":{"__id__":1},"_alignFlags":45},{"__type__":"8d851+kQoxNipsqycjxkR9T","node":{"__id__":1}}],"_prefab":{"__type__":"cc.PrefabInfo","root":{"__id__":1},"asset":{"__uuid__":"2cdllK0ehITbhV1uUJcmVv"},"fileId":"e5sp8tzrhIY53rAN1dItLi"},"_contentSize":{"__type__":"cc.Size","width":750,"height":1334},"_trs":{"__type__":"TypedArray","ctor":"Float64Array","array":[375,667,0,0,0,0,1,1,1,1]}},{"__type__":"cc.Node","_name":"img_mask","_parent":{"__id__":1},"_components":[{"__type__":"cc.Sprite","node":{"__id__":2},"_materials":[{"__uuid__":"ecpdLyjvZBwrvm+cedCcQy"}],"_spriteFrame":{"__uuid__":"ffDpHHVcZAhqOfy25Fe4w7"},"_type":1,"_sizeMode":0},{"__type__":"cc.Widget","node":{"__id__":2},"_alignFlags":45,"_originalWidth":40,"_originalHeight":36},{"__type__":"cc.BlockInputEvents","node":{"__id__":2}}],"_prefab":{"__type__":"cc.PrefabInfo","root":{"__id__":1},"asset":{"__uuid__":"2cdllK0ehITbhV1uUJcmVv"},"fileId":"092bjqv4FIS7V4zB1VBcRo"},"_opacity":150,"_color":{"__type__":"cc.Color"},"_contentSize":{"__type__":"cc.Size","width":750,"height":1334},"_trs":{"__type__":"TypedArray","ctor":"Float64Array","array":[0,0,0,0,0,0,1,1,1,1]}},{"__type__":"cc.Node","_name":"img_bg","_parent":{"__id__":1},"_children":[{"__id__":4},{"__id__":5},{"__id__":6},{"__id__":8},{"__id__":10}],"_components":[{"__type__":"cc.Sprite","node":{"__id__":3},"_materials":[{"__uuid__":"ecpdLyjvZBwrvm+cedCcQy"}],"_spriteFrame":{"__uuid__":"25ZUzywtNEiatG5Yhm8Kqm"},"_type":1,"_sizeMode":0}],"_prefab":{"__type__":"cc.PrefabInfo","root":{"__id__":1},"asset":{"__uuid__":"2cdllK0ehITbhV1uUJcmVv"},"fileId":"9dOIYTMdZOHKXOR+zeUMBQ"},"_contentSize":{"__type__":"cc.Size","width":300,"height":170},"_trs":{"__type__":"TypedArray","ctor":"Float64Array","array":[0,0,0,0,0,0,1,1,1,1]}},{"__type__":"cc.Node","_name":"img_fenge1","_parent":{"__id__":3},"_components":[{"__type__":"cc.Sprite","node":{"__id__":4},"_materials":[{"__uuid__":"ecpdLyjvZBwrvm+cedCcQy"}],"_spriteFrame":{"__uuid__":"d1y30W3MhG/IrYSYlvIBvI"},"_sizeMode":0}],"_prefab":{"__type__":"cc.PrefabInfo","root":{"__id__":1},"asset":{"__uuid__":"2cdllK0ehITbhV1uUJcmVv"},"fileId":"fezCIn/9BDQo3ol/2gR5ae"},"_contentSize":{"__type__":"cc.Size","width":260,"height":1},"_trs":{"__type__":"TypedArray","ctor":"Float64Array","array":[0,-21,0,0,0,0,1,1,1,1]}},{"__type__":"cc.Node","_name":"img_fenge2","_parent":{"__id__":3},"_components":[{"__type__":"cc.Sprite","node":{"__id__":5},"_materials":[{"__uuid__":"ecpdLyjvZBwrvm+cedCcQy"}],"_spriteFrame":{"__uuid__":"d1y30W3MhG/IrYSYlvIBvI"},"_sizeMode":0}],"_prefab":{"__type__":"cc.PrefabInfo","root":{"__id__":1},"asset":{"__uuid__":"2cdllK0ehITbhV1uUJcmVv"},"fileId":"fcHRq9dTxDv7ARs8sTRtaF"},"_contentSize":{"__type__":"cc.Size","width":50,"height":1},"_trs":{"__type__":"TypedArray","ctor":"Float64Array","array":[0,-54,0,0,0,0.7071067811865475,0.7071067811865476,1,1,1]},"_eulerAngles":{"__type__":"cc.Vec3","z":90}},{"__type__":"cc.Node","_name":"btn_fangqi","_parent":{"__id__":3},"_children":[{"__id__":7}],"_prefab":{"__type__":"cc.PrefabInfo","root":{"__id__":1},"asset":{"__uuid__":"2cdllK0ehITbhV1uUJcmVv"},"fileId":"a4EP5cNktL1bXb81Aw5dUv"},"_contentSize":{"__type__":"cc.Size","width":120,"height":50},"_trs":{"__type__":"TypedArray","ctor":"Float64Array","array":[-72,-52,0,0,0,0,1,1,1,1]}},{"__type__":"cc.Node","_name":"font_fangqi","_parent":{"__id__":6},"_components":[{"__type__":"cc.Label","node":{"__id__":7},"_materials":[{"__uuid__":"ecpdLyjvZBwrvm+cedCcQy"}],"_useOriginalSize":false,"_string":"放弃奖励","_N$string":"放弃奖励","_fontSize":25,"_lineHeight":25,"_N$horizontalAlign":1,"_N$verticalAlign":1}],"_prefab":{"__type__":"cc.PrefabInfo","root":{"__id__":1},"asset":{"__uuid__":"2cdllK0ehITbhV1uUJcmVv"},"fileId":"a7zm2r0A9P67QHt32aquhV"},"_color":{"__type__":"cc.Color"},"_contentSize":{"__type__":"cc.Size","width":100,"height":31.5},"_trs":{"__type__":"TypedArray","ctor":"Float64Array","array":[0,0,0,0,0,0,1,1,1,1]}},{"__type__":"cc.Node","_name":"btn_jixu","_parent":{"__id__":3},"_children":[{"__id__":9}],"_prefab":{"__type__":"cc.PrefabInfo","root":{"__id__":1},"asset":{"__uuid__":"2cdllK0ehITbhV1uUJcmVv"},"fileId":"0cLWn2WhBNir0IHMDGSjV3"},"_contentSize":{"__type__":"cc.Size","width":120,"height":50},"_trs":{"__type__":"TypedArray","ctor":"Float64Array","array":[72,-52,0,0,0,0,1,1,1,1]}},{"__type__":"cc.Node","_name":"font_jixu","_parent":{"__id__":8},"_components":[{"__type__":"cc.Label","node":{"__id__":9},"_materials":[{"__uuid__":"ecpdLyjvZBwrvm+cedCcQy"}],"_useOriginalSize":false,"_string":"继续播放","_N$string":"继续播放","_fontSize":25,"_lineHeight":25,"_N$horizontalAlign":1,"_N$verticalAlign":1}],"_prefab":{"__type__":"cc.PrefabInfo","root":{"__id__":1},"asset":{"__uuid__":"2cdllK0ehITbhV1uUJcmVv"},"fileId":"15C/78hstDRoCpvBSd8ZNX"},"_color":{"__type__":"cc.Color"},"_contentSize":{"__type__":"cc.Size","width":100,"height":31.5},"_trs":{"__type__":"TypedArray","ctor":"Float64Array","array":[0,0,0,0,0,0,1,1,1,1]}},{"__type__":"cc.Node","_name":"font_title","_parent":{"__id__":3},"_components":[{"__type__":"cc.Label","node":{"__id__":10},"_materials":[{"__uuid__":"ecpdLyjvZBwrvm+cedCcQy"}],"_useOriginalSize":false,"_string":"确认要跳过视频么？","_N$string":"确认要跳过视频么？","_fontSize":25,"_lineHeight":25,"_N$horizontalAlign":1,"_N$verticalAlign":1}],"_prefab":{"__type__":"cc.PrefabInfo","root":{"__id__":1},"asset":{"__uuid__":"2cdllK0ehITbhV1uUJcmVv"},"fileId":"7fA3WOPbxIdKhwyIMgyYFE"},"_color":{"__type__":"cc.Color"},"_contentSize":{"__type__":"cc.Size","width":225,"height":31.5},"_trs":{"__type__":"TypedArray","ctor":"Float64Array","array":[0,29,0,0,0,0,1,1,1,1]}}],{"__type__":"cc.SpriteFrame","content":{"name":"fenge","texture":"70uZhxIuNEn4cyfrG7FT01","rect":[1,685,700,1],"offset":[0,0],"originalSize":[700,1],"capInsets":[0,0,0,0]}},{"__type__":"cc.SpriteFrame","content":{"name":"default_editbox_bg","texture":"ed0hW5J5ZKBar1gflskoHO","rect":[0,0,40,40],"offset":[0,0],"originalSize":[40,40],"capInsets":[12,12,12,12]}}]