[[{"__type__":"cc.Prefab","_name":"alert_layer","data":{"__id__":1}},{"__type__":"cc.Node","_name":"alert_layer","_children":[{"__id__":2},{"__id__":3}],"_components":[{"__type__":"cc.Widget","node":{"__id__":1},"_alignFlags":45},{"__type__":"19dedNvGA9H5KQpMhUxbkDs","node":{"__id__":1},"hbSpr":{"__uuid__":"belAQU2NpP/7JzJ6dTw0kf"}}],"_prefab":{"__type__":"cc.PrefabInfo","root":{"__id__":1},"asset":{"__uuid__":"54N/7rT6pGtoiS0vOurmkW"},"fileId":"f5Ht9O2fZPPa5/hoDHE9O9"},"_contentSize":{"__type__":"cc.Size","width":750,"height":1334},"_trs":{"__type__":"TypedArray","ctor":"Float64Array","array":[375,667,0,0,0,0,1,1,1,1]}},{"__type__":"cc.Node","_name":"mask","_parent":{"__id__":1},"_components":[{"__type__":"cc.Sprite","node":{"__id__":2},"_materials":[{"__uuid__":"ecpdLyjvZBwrvm+cedCcQy"}],"_spriteFrame":{"__uuid__":"a2MjXRFdtLlYQ5ouAFv/+R"},"_sizeMode":0},{"__type__":"cc.Widget","node":{"__id__":2},"_alignFlags":45,"_originalWidth":40,"_originalHeight":36},{"__type__":"cc.BlockInputEvents","node":{"__id__":2}}],"_prefab":{"__type__":"cc.PrefabInfo","root":{"__id__":1},"asset":{"__uuid__":"54N/7rT6pGtoiS0vOurmkW"},"fileId":"3aSUBxQ9JH9ox+MBHbuo/t"},"_opacity":130,"_color":{"__type__":"cc.Color"},"_contentSize":{"__type__":"cc.Size","width":750,"height":1334},"_trs":{"__type__":"TypedArray","ctor":"Float64Array","array":[0,0,0,0,0,0,1,1,1,1]}},{"__type__":"cc.Node","_name":"bgNode","_parent":{"__id__":1},"_children":[{"__id__":4},{"__id__":12}],"_components":[{"__type__":"cc.Sprite","node":{"__id__":3},"_materials":[{"__uuid__":"ecpdLyjvZBwrvm+cedCcQy"}],"_spriteFrame":{"__uuid__":"e4aI/gIBRJnYEmJ/ekuFLE"}}],"_prefab":{"__type__":"cc.PrefabInfo","root":{"__id__":1},"asset":{"__uuid__":"54N/7rT6pGtoiS0vOurmkW"},"fileId":"efGtet6mhFw4duFGbGWJVn"},"_contentSize":{"__type__":"cc.Size","width":657,"height":640},"_trs":{"__type__":"TypedArray","ctor":"Float64Array","array":[0,129,0,0,0,0,1,1,1,1]}},{"__type__":"cc.Node","_name":"bg_gongxiandu","_parent":{"__id__":3},"_children":[{"__id__":5},{"__id__":7},{"__id__":8},{"__id__":9}],"_components":[{"__type__":"cc.Sprite","node":{"__id__":4},"_materials":[{"__uuid__":"ecpdLyjvZBwrvm+cedCcQy"}],"_spriteFrame":{"__uuid__":"a0U6hopyBIhq+BYSj21U5s"},"_type":1,"_sizeMode":0}],"_prefab":{"__type__":"cc.PrefabInfo","root":{"__id__":1},"asset":{"__uuid__":"54N/7rT6pGtoiS0vOurmkW"},"fileId":"e5aXHQbphCr7OxXi0Am6Iw"},"_contentSize":{"__type__":"cc.Size","width":575,"height":320},"_trs":{"__type__":"TypedArray","ctor":"Float64Array","array":[0,11,0,0,0,0,1,1,1,1]}},{"__type__":"cc.Node","_name":"pic_fuwuxieyi","_parent":{"__id__":4},"_children":[{"__id__":6}],"_components":[{"__type__":"cc.Sprite","node":{"__id__":5},"_materials":[{"__uuid__":"ecpdLyjvZBwrvm+cedCcQy"}],"_spriteFrame":{"__uuid__":"cdEvF//9tDQ7A6VuL1Xfzj"}}],"_prefab":{"__type__":"cc.PrefabInfo","root":{"__id__":1},"asset":{"__uuid__":"54N/7rT6pGtoiS0vOurmkW"},"fileId":"8fpwEBNORFJ7Mu1n8vEQ4z"},"_contentSize":{"__type__":"cc.Size","width":304,"height":110},"_trs":{"__type__":"TypedArray","ctor":"Float64Array","array":[0,276,0,0,0,0,1,1,1,1]}},{"__type__":"cc.Node","_name":"titlefont","_parent":{"__id__":5},"_components":[{"__type__":"41ebaVoPpRA4Kp67XEdHfZn","node":{"__id__":6},"_materials":[{"__uuid__":"ecpdLyjvZBwrvm+cedCcQy"}],"_string":"提示","_N$string":"提示","_fontSize":50,"_lineHeight":50,"_N$file":{"__uuid__":"farb0WbWZMgrGmuICOt0MU"},"_isSystemFontUsed":false,"i18n_string":"alert_layer_1_1"},{"__type__":"cc.LabelOutline","node":{"__id__":6},"_color":{"__type__":"cc.Color","r":117,"g":59,"b":23},"_width":5}],"_prefab":{"__type__":"cc.PrefabInfo","root":{"__id__":1},"asset":{"__uuid__":"54N/7rT6pGtoiS0vOurmkW"},"fileId":"b2mT7E+xhAuYlmdOW3fRg6"},"_contentSize":{"__type__":"cc.Size","width":110,"height":73},"_trs":{"__type__":"TypedArray","ctor":"Float64Array","array":[0,0,0,0,0,0,1,1,1,1]}},{"__type__":"cc.Node","_name":"bodydata","_parent":{"__id__":4},"_components":[{"__type__":"41ebaVoPpRA4Kp67XEdHfZn","node":{"__id__":7},"_materials":[{"__uuid__":"ecpdLyjvZBwrvm+cedCcQy"}],"_string":"恭喜获得红包币","_N$string":"恭喜获得红包币","_N$file":{"__uuid__":"farb0WbWZMgrGmuICOt0MU"},"_isSystemFontUsed":false,"_N$horizontalAlign":1,"_N$verticalAlign":1}],"_prefab":{"__type__":"cc.PrefabInfo","root":{"__id__":1},"asset":{"__uuid__":"54N/7rT6pGtoiS0vOurmkW"},"fileId":"afCgCECf9AWajridRG6W6M"},"_color":{"__type__":"cc.Color","r":117,"g":59,"b":23},"_contentSize":{"__type__":"cc.Size","width":280,"height":50.4},"_trs":{"__type__":"TypedArray","ctor":"Float64Array","array":[0,81,0,0,0,0,1,1,1,1]}},{"__type__":"cc.Node","_name":"bodydata_en","_parent":{"__id__":4},"_active":false,"_components":[{"__type__":"cc.Label","node":{"__id__":8},"_materials":[{"__uuid__":"ecpdLyjvZBwrvm+cedCcQy"}],"_string":"قىزىل بولاق تەڭگىسىگە ئېرىشكىنىڭىزگە مۇبارەك بولسۇن","_N$string":"قىزىل بولاق تەڭگىسىگە ئېرىشكىنىڭىزگە مۇبارەك بولسۇن","_fontSize":25,"_lineHeight":25,"_N$file":{"__uuid__":"farb0WbWZMgrGmuICOt0MU"},"_isSystemFontUsed":false}],"_prefab":{"__type__":"cc.PrefabInfo","root":{"__id__":1},"asset":{"__uuid__":"54N/7rT6pGtoiS0vOurmkW"},"fileId":"e8rrz6VXtHT5vkoYKIWKnB"},"_color":{"__type__":"cc.Color","r":117,"g":59,"b":23},"_contentSize":{"__type__":"cc.Size","width":549.19,"height":31.5},"_trs":{"__type__":"TypedArray","ctor":"Float64Array","array":[0,81,0,0,0,0,1,1,1,1]}},{"__type__":"cc.Node","_name":"bodyLayout","_parent":{"__id__":4},"_children":[{"__id__":10},{"__id__":11}],"_components":[{"__type__":"cc.Layout","node":{"__id__":9},"_layoutSize":{"__type__":"cc.Size","width":175.11,"height":100},"_resize":1,"_N$layoutType":1,"_N$spacingX":25}],"_prefab":{"__type__":"cc.PrefabInfo","root":{"__id__":1},"asset":{"__uuid__":"54N/7rT6pGtoiS0vOurmkW"},"fileId":"58KNhSS4lBQo3ACcWeMb7p"},"_contentSize":{"__type__":"cc.Size","width":175.11,"height":100},"_trs":{"__type__":"TypedArray","ctor":"Float64Array","array":[0,-27,0,0,0,0,1,1,1,1]}},{"__type__":"cc.Node","_name":"ic_hongbao","_parent":{"__id__":9},"_components":[{"__type__":"cc.Sprite","node":{"__id__":10},"_materials":[{"__uuid__":"ecpdLyjvZBwrvm+cedCcQy"}],"_spriteFrame":{"__uuid__":"d7yO+rwDtPepaDOkmOet3q"}}],"_prefab":{"__type__":"cc.PrefabInfo","root":{"__id__":1},"asset":{"__uuid__":"54N/7rT6pGtoiS0vOurmkW"},"fileId":"4ek6hU1ulCu7RwZr1k+ScF"},"_contentSize":{"__type__":"cc.Size","width":50,"height":50},"_trs":{"__type__":"TypedArray","ctor":"Float64Array","array":[-62.55500000000001,0,0,0,0,0,1,1.6,1.6,1]}},{"__type__":"cc.Node","_name":"hbdata","_parent":{"__id__":9},"_components":[{"__type__":"cc.Label","node":{"__id__":11},"_materials":[{"__uuid__":"ecpdLyjvZBwrvm+cedCcQy"}],"_useOriginalSize":false,"_string":"100","_N$string":"100","_fontSize":60,"_lineHeight":60,"_N$horizontalAlign":1,"_N$verticalAlign":1}],"_prefab":{"__type__":"cc.PrefabInfo","root":{"__id__":1},"asset":{"__uuid__":"54N/7rT6pGtoiS0vOurmkW"},"fileId":"ceSPVbjCdLurPrAoNKuxq7"},"_color":{"__type__":"cc.Color","r":117,"g":59,"b":23},"_contentSize":{"__type__":"cc.Size","width":100.11,"height":75.6},"_trs":{"__type__":"TypedArray","ctor":"Float64Array","array":[37.49999999999999,0,0,0,0,0,1,1,1,1]}},{"__type__":"cc.Node","_name":"btn_anniu","_parent":{"__id__":3},"_children":[{"__id__":13}],"_components":[{"__type__":"cc.Sprite","node":{"__id__":12},"_materials":[{"__uuid__":"ecpdLyjvZBwrvm+cedCcQy"}],"_spriteFrame":{"__uuid__":"a4ubWZ+5tD/5uKeRUTQzdm"}},{"__type__":"cc.Button","node":{"__id__":12},"_normalMaterial":{"__uuid__":"ecpdLyjvZBwrvm+cedCcQy"},"zoomScale":0.9,"_N$transition":3,"transition":3}],"_prefab":{"__type__":"cc.PrefabInfo","root":{"__id__":1},"asset":{"__uuid__":"54N/7rT6pGtoiS0vOurmkW"},"fileId":"3dk72Vud1MH6euxh9buMwv"},"_contentSize":{"__type__":"cc.Size","width":230,"height":80},"_trs":{"__type__":"TypedArray","ctor":"Float64Array","array":[0,-214,0,0,0,0,1,1,1,1]}},{"__type__":"cc.Node","_name":"btn_anniubal","_parent":{"__id__":12},"_components":[{"__type__":"41ebaVoPpRA4Kp67XEdHfZn","node":{"__id__":13},"_materials":[{"__uuid__":"ecpdLyjvZBwrvm+cedCcQy"}],"_string":"确定","_N$string":"确定","_N$file":{"__uuid__":"farb0WbWZMgrGmuICOt0MU"},"_isSystemFontUsed":false,"_N$horizontalAlign":1,"_N$verticalAlign":1,"i18n_string":"alert_layer_1_3"},{"__type__":"cc.LabelOutline","node":{"__id__":13},"_color":{"__type__":"cc.Color"},"_width":2}],"_prefab":{"__type__":"cc.PrefabInfo","root":{"__id__":1},"asset":{"__uuid__":"54N/7rT6pGtoiS0vOurmkW"},"fileId":"35sIAip5ZAbaeVB/zM9C+E"},"_contentSize":{"__type__":"cc.Size","width":84,"height":54.4},"_trs":{"__type__":"TypedArray","ctor":"Float64Array","array":[0,0,0,0,0,0,1,1,1,1]}}],{"__type__":"cc.SpriteFrame","content":{"name":"bg_gongxiandu","texture":"77yfli/jRHsK454/jf/Ral","rect":[0,0,600,489],"offset":[0,0.5],"originalSize":[600,490],"capInsets":[50,48.5,50,48.5]}},{"__type__":"cc.SpriteFrame","content":{"name":"default_sprite_splash","texture":"02delMVqdBD70a/HSD99FK","rect":[0,0,2,2],"offset":[0,0],"originalSize":[2,2],"capInsets":[0,0,0,0]}},{"__type__":"cc.SpriteFrame","content":{"name":"btn_anniu","texture":"70uZhxIuNEn4cyfrG7FT01","rect":[575,856,230,80],"offset":[0,0],"originalSize":[230,80],"capInsets":[50,30,50,28]}},{"__type__":"cc.SpriteFrame","content":{"name":"ic_hongbao","texture":"86sAUWEL1JA4NfjWzP3eEp","rect":[719,413,54,64],"offset":[0,0],"originalSize":[54,64],"capInsets":[0,0,0,0]}},{"__type__":"cc.SpriteFrame","content":{"name":"img_title","texture":"36otX/aM1E4Zo+o68pRLtJ","rect":[1,1,304,110],"offset":[0,0],"originalSize":[304,110],"capInsets":[0,0,0,0]}},{"__type__":"cc.SpriteFrame","content":{"name":"ic_hongbao","texture":"02krqH8i1AdZB/lC2WegR2","rect":[877,53,50,50],"offset":[0,0],"originalSize":[50,50],"capInsets":[0,0,0,0]}},{"__type__":"cc.SpriteFrame","content":{"name":"bg_xiao3","texture":"e410lwE1tIGozCzeQ+2I8E","rect":[0,0,657,640],"offset":[-0.5,0],"originalSize":[658,640],"capInsets":[0,0,0,0]}}]