[{"__type__":"cc.SpriteFrame","content":{"name":"2","texture":"73gznKhgBLcJTczFoLXfo4","rect":[1,293,100,82],"offset":[0,0],"originalSize":[100,82],"capInsets":[0,0,0,0]}},{"__type__":"cc.SpriteFrame","content":{"name":"fashe1","texture":"bfyZzYD5VF17a95lpbLwEx","rect":[1,53,50,50],"offset":[0,0],"originalSize":[50,50],"capInsets":[0,0,0,0]}},{"__type__":"cc.AnimationClip","_name":"lvl5","_duration":0.5166666666666667,"curveData":{"comps":{"cc.Sprite":{"spriteFrame":[{"frame":0,"value":{"__uuid__":"21PAmEL/pFdJBneEpmx0KS"}},{"frame":0.16666666666666666,"value":{"__uuid__":"5cQ4V7z8dBi6j8BhbNXJBZ"}},{"frame":0.3333333333333333,"value":{"__uuid__":"5bQN95vW9PppNMFqtSMSsV"}},{"frame":0.5,"value":{"__uuid__":"e2MM+wXpVMZ4PDw1ULs+t+"}}]}},"props":{"scale":[{"frame":0,"value":{"__type__":"cc.Vec2","x":1,"y":1}}],"x":[{"frame":0,"value":-0.5}],"y":[{"frame":0,"value":55}]}}},{"__type__":"cc.SpriteFrame","content":{"name":"fashe3","texture":"bfyZzYD5VF17a95lpbLwEx","rect":[53,53,50,50],"offset":[0,0],"originalSize":[50,50],"capInsets":[0,0,0,0]}},{"__type__":"cc.SpriteFrame","content":{"name":"fashe2","texture":"bfyZzYD5VF17a95lpbLwEx","rect":[53,1,50,50],"offset":[0,0],"originalSize":[50,50],"capInsets":[0,0,0,0]}},{"__type__":"cc.AnimationClip","_name":"lvl4","_duration":0.5166666666666667,"curveData":{"comps":{"cc.Sprite":{"spriteFrame":[{"frame":0,"value":{"__uuid__":"b9um8swVFIf5aDq8PVnPO7"}},{"frame":0.16666666666666666,"value":{"__uuid__":"c8gC8HAcBJtrm0HCrB2qrg"}},{"frame":0.3333333333333333,"value":{"__uuid__":"b0vVH2N+hNbI7r34MkUtb4"}},{"frame":0.5,"value":{"__uuid__":"b9um8swVFIf5aDq8PVnPO7"}}]}},"props":{"scale":[{"frame":0,"value":{"__type__":"cc.Vec2","x":2,"y":1}}],"x":[{"frame":0,"value":0}],"y":[{"frame":0,"value":55}]}}},{"__type__":"cc.SpriteFrame","content":{"name":"huo1","texture":"efRM5TjhtEEJBDMrJxN7tI","rect":[1,1,100,100],"offset":[0,0],"originalSize":[100,100],"capInsets":[0,0,0,0]}},{"__type__":"cc.AnimationClip","_name":"lvl7","_duration":0.18333333333333332,"curveData":{"comps":{"cc.Sprite":{"spriteFrame":[{"frame":0,"value":{"__uuid__":"9521ZhjpVM/5tfbtn0paRR"}},{"frame":0.16666666666666666,"value":{"__uuid__":"afH0oh4V1OaL++FjOsh7NU"}}]}},"props":{"x":[{"frame":0,"value":3}],"y":[{"frame":0,"value":73}],"scale":[{"frame":0,"value":{"__type__":"cc.Vec2","x":1,"y":1}}]}}},{"__type__":"cc.SpriteFrame","content":{"name":"huo2","texture":"efRM5TjhtEEJBDMrJxN7tI","rect":[1,103,100,100],"offset":[0,0],"originalSize":[100,100],"capInsets":[0,0,0,0]}},[{"__type__":"cc.Prefab","_name":"pao","data":{"__id__":1}},{"__type__":"cc.Node","_name":"pao","_children":[{"__id__":2},{"__type__":"cc.Node","_name":"paoSpr2","_parent":{"__id__":1},"_prefab":{"__type__":"cc.PrefabInfo","root":{"__id__":1},"asset":{"__uuid__":"afTcOWzH5D75bpT0H5BqOe"},"fileId":"b6AITVGjFPXpssjuG6m44G"},"_contentSize":{"__type__":"cc.Size","width":92,"height":86},"_trs":{"__type__":"TypedArray","ctor":"Float64Array","array":[0,0,0,0,0,0,1,1,1,1]}}],"_components":[{"__type__":"cd8c8jhG95MwIztAP3Df6Ri","node":{"__id__":1}}],"_prefab":{"__type__":"cc.PrefabInfo","root":{"__id__":1},"asset":{"__uuid__":"afTcOWzH5D75bpT0H5BqOe"},"fileId":"10lsaqjzxBDIMqW2MQWrET"},"_contentSize":{"__type__":"cc.Size","width":100,"height":100},"_trs":{"__type__":"TypedArray","ctor":"Float64Array","array":[0,0,0,0,0,0,1,1,1,1]}},{"__type__":"cc.Node","_name":"paoSpr","_parent":{"__id__":1},"_children":[{"__id__":3}],"_components":[{"__type__":"cc.Sprite","node":{"__id__":2},"_materials":[{"__uuid__":"ecpdLyjvZBwrvm+cedCcQy"}]}],"_prefab":{"__type__":"cc.PrefabInfo","root":{"__id__":1},"asset":{"__uuid__":"afTcOWzH5D75bpT0H5BqOe"},"fileId":"202eZiSlpESYEyqJBYjQ1k"},"_contentSize":{"__type__":"cc.Size","width":102,"height":82},"_trs":{"__type__":"TypedArray","ctor":"Float64Array","array":[0,0,0,0,0,0,1,1,1,1]}},{"__type__":"cc.Node","_name":"paokou","_parent":{"__id__":2},"_components":[{"__type__":"cc.Widget","node":{"__id__":3},"_enabled":false,"_alignFlags":1,"_top":-43},{"__type__":"cc.Animation","node":{"__id__":3},"_defaultClip":{"__uuid__":"447/zYfpdOea5WaVBX2L7L"},"_clips":[{"__uuid__":"70GF9qkORGP5l1YwiX2vd3"},{"__uuid__":"3cCnZIANZKlKg1Avrwg3/A"},{"__uuid__":"b4OkV2OT5EJoqPbSgqe8N6"},{"__uuid__":"98s9rJdLtElbIQgLQ2i3Ft"},{"__uuid__":"447/zYfpdOea5WaVBX2L7L"}]},{"__type__":"cc.Sprite","node":{"__id__":3},"_materials":[{"__uuid__":"ecpdLyjvZBwrvm+cedCcQy"}]}],"_prefab":{"__type__":"cc.PrefabInfo","root":{"__id__":1},"asset":{"__uuid__":"afTcOWzH5D75bpT0H5BqOe"},"fileId":"afAdLgCpRC84brJ5Nve6jk"},"_contentSize":{"__type__":"cc.Size","width":100,"height":82},"_trs":{"__type__":"TypedArray","ctor":"Float64Array","array":[1,47,0,0,0,0,1,1,1,1]}}],{"__type__":"cc.SpriteFrame","content":{"name":"3","texture":"2baqZVd69L2aU8KK8LmBxO","rect":[83,1,80,80],"offset":[0,0],"originalSize":[80,80],"capInsets":[0,0,0,0]}},{"__type__":"cc.AnimationClip","_name":"lvl6","_duration":0.18333333333333332,"curveData":{"comps":{"cc.Sprite":{"spriteFrame":[{"frame":0,"value":{"__uuid__":"c4+wsqkX1NyJPLO6x9TzCq"}},{"frame":0.16666666666666666,"value":{"__uuid__":"1aAOFt+kZJmra+JQ9ethZC"}}]}},"props":{"scale":[{"frame":0,"value":{"__type__":"cc.Vec2","x":1,"y":1}}],"x":[{"frame":0,"value":1}],"y":[{"frame":0,"value":52}]}}},{"__type__":"cc.SpriteFrame","content":{"name":"4","texture":"2baqZVd69L2aU8KK8LmBxO","rect":[83,83,80,80],"offset":[0,0],"originalSize":[80,80],"capInsets":[0,0,0,0]}},{"__type__":"cc.SpriteFrame","content":{"name":"1","texture":"73gznKhgBLcJTczFoLXfo4","rect":[1,377,100,82],"offset":[0,0],"originalSize":[100,82],"capInsets":[0,0,0,0]}},{"__type__":"cc.SpriteFrame","content":{"name":"2","texture":"2baqZVd69L2aU8KK8LmBxO","rect":[1,1,80,80],"offset":[0,0],"originalSize":[80,80],"capInsets":[0,0,0,0]}},{"__type__":"cc.SpriteFrame","content":{"name":"fashe4","texture":"bfyZzYD5VF17a95lpbLwEx","rect":[1,1,50,50],"offset":[0,0],"originalSize":[50,50],"capInsets":[0,0,0,0]}}]