[{"__type__":"cc.SpriteFrame","content":{"name":"ic_guanbi2","texture":"02krqH8i1AdZB/lC2WegR2","rect":[789,371,84,84],"offset":[0,0],"originalSize":[84,84],"capInsets":[0,0,0,0]}},{"__type__":"cc.SpriteFrame","content":{"name":"pic_jindu","texture":"cadhw0hxpN0pZAs3RLMN8l","rect":[307,561,266,20],"offset":[0,0],"originalSize":[266,20],"capInsets":[10,0,10,0]}},{"__type__":"cc.SpriteFrame","content":{"name":"bg_gerenzhongxin","texture":"25Od5NCF1P/ZBAgWfxIH9p","rect":[1,0,657,1100],"offset":[0.5,0],"originalSize":[658,1100],"capInsets":[268.5,490,268.5,490]}},{"__type__":"cc.SpriteFrame","content":{"name":"default_sprite_splash","texture":"02delMVqdBD70a/HSD99FK","rect":[0,0,2,2],"offset":[0,0],"originalSize":[2,2],"capInsets":[0,0,0,0]}},[{"__type__":"cc.Prefab","_name":"sharegx_layer","data":{"__id__":1}},{"__type__":"cc.Node","_name":"sharegx_layer","_children":[{"__id__":2},{"__id__":3}],"_components":[{"__type__":"cc.Widget","node":{"__id__":1},"_alignFlags":45},{"__type__":"0f5194NUk1Lc6FVELDgt2rv","node":{"__id__":1},"item":{"__uuid__":"74d7x24DlITqDyFSZjnfFF"}}],"_prefab":{"__type__":"cc.PrefabInfo","root":{"__id__":1},"asset":{"__uuid__":"adQ+EgRedMXLXZsM9Ijxtm"},"fileId":"c9p3brzkVMdK7BYkQ0CZsL"},"_contentSize":{"__type__":"cc.Size","width":750,"height":1334},"_trs":{"__type__":"TypedArray","ctor":"Float64Array","array":[375,667,0,0,0,0,1,1,1,1]}},{"__type__":"cc.Node","_name":"mask","_parent":{"__id__":1},"_components":[{"__type__":"cc.Sprite","node":{"__id__":2},"_materials":[{"__uuid__":"ecpdLyjvZBwrvm+cedCcQy"}],"_spriteFrame":{"__uuid__":"a2MjXRFdtLlYQ5ouAFv/+R"},"_sizeMode":0},{"__type__":"cc.Widget","node":{"__id__":2},"_alignFlags":45,"_originalWidth":40,"_originalHeight":36},{"__type__":"cc.BlockInputEvents","node":{"__id__":2}}],"_prefab":{"__type__":"cc.PrefabInfo","root":{"__id__":1},"asset":{"__uuid__":"adQ+EgRedMXLXZsM9Ijxtm"},"fileId":"eddOu1mmhAGKFk8GTKL66e"},"_opacity":130,"_color":{"__type__":"cc.Color"},"_contentSize":{"__type__":"cc.Size","width":750,"height":1334},"_trs":{"__type__":"TypedArray","ctor":"Float64Array","array":[0,0,0,0,0,0,1,1,1,1]}},{"__type__":"cc.Node","_name":"bgNode","_parent":{"__id__":1},"_children":[{"__id__":4},{"__id__":6},{"__id__":7},{"__id__":11},{"__id__":15}],"_components":[{"__type__":"cc.Sprite","node":{"__id__":3},"_materials":[{"__uuid__":"ecpdLyjvZBwrvm+cedCcQy"}],"_spriteFrame":{"__uuid__":"9b2jQyeOBEYIREx/CvH7GA"},"_type":1,"_sizeMode":0}],"_prefab":{"__type__":"cc.PrefabInfo","root":{"__id__":1},"asset":{"__uuid__":"adQ+EgRedMXLXZsM9Ijxtm"},"fileId":"883TdVea1K5aWvZ7eLhWcd"},"_contentSize":{"__type__":"cc.Size","width":657,"height":1020},"_trs":{"__type__":"TypedArray","ctor":"Float64Array","array":[-2,29,0,0,0,0,1,1,1,1]}},{"__type__":"cc.Node","_name":"pic_yaoqing","_parent":{"__id__":3},"_children":[{"__id__":5}],"_components":[{"__type__":"cc.Sprite","node":{"__id__":4},"_materials":[{"__uuid__":"ecpdLyjvZBwrvm+cedCcQy"}],"_spriteFrame":{"__uuid__":"cdEvF//9tDQ7A6VuL1Xfzj"}}],"_prefab":{"__type__":"cc.PrefabInfo","root":{"__id__":1},"asset":{"__uuid__":"adQ+EgRedMXLXZsM9Ijxtm"},"fileId":"7ey8HUmrdL6rtzm90Ucqd/"},"_contentSize":{"__type__":"cc.Size","width":304,"height":110},"_trs":{"__type__":"TypedArray","ctor":"Float64Array","array":[0,483,0,0,0,0,1,1,1,1]}},{"__type__":"cc.Node","_name":"font_title","_parent":{"__id__":4},"_components":[{"__type__":"41ebaVoPpRA4Kp67XEdHfZn","node":{"__id__":5},"_materials":[{"__uuid__":"ecpdLyjvZBwrvm+cedCcQy"}],"_string":"邀请贡献","_N$string":"邀请贡献","_fontSize":50,"_lineHeight":50,"_N$file":{"__uuid__":"farb0WbWZMgrGmuICOt0MU"},"_isSystemFontUsed":false,"i18n_string":"sharegx_layer_1_1"},{"__type__":"cc.LabelOutline","node":{"__id__":5},"_color":{"__type__":"cc.Color","r":117,"g":59,"b":23},"_width":5}],"_prefab":{"__type__":"cc.PrefabInfo","root":{"__id__":1},"asset":{"__uuid__":"adQ+EgRedMXLXZsM9Ijxtm"},"fileId":"9cIOvyKtVOpLqaxSTzQJru"},"_contentSize":{"__type__":"cc.Size","width":210,"height":73},"_trs":{"__type__":"TypedArray","ctor":"Float64Array","array":[0,0,0,0,0,0,1,1,1,1]}},{"__type__":"cc.Node","_name":"ic_guanbi2","_parent":{"__id__":3},"_components":[{"__type__":"cc.Sprite","node":{"__id__":6},"_materials":[{"__uuid__":"ecpdLyjvZBwrvm+cedCcQy"}],"_spriteFrame":{"__uuid__":"5c4o7no3NMH7pZupb0latf"}},{"__type__":"cc.Button","node":{"__id__":6},"_normalMaterial":{"__uuid__":"ecpdLyjvZBwrvm+cedCcQy"},"duration":0,"zoomScale":0.9,"_N$transition":3,"transition":3}],"_prefab":{"__type__":"cc.PrefabInfo","root":{"__id__":1},"asset":{"__uuid__":"adQ+EgRedMXLXZsM9Ijxtm"},"fileId":"87gZmsRfhIp5vQ0F3SErXI"},"_contentSize":{"__type__":"cc.Size","width":84,"height":84},"_trs":{"__type__":"TypedArray","ctor":"Float64Array","array":[287,460,0,0,0,0,1,1,1,1]}},{"__type__":"cc.Node","_name":"titlenode","_parent":{"__id__":3},"_children":[{"__id__":8},{"__id__":9},{"__id__":10}],"_components":[{"__type__":"cc.Sprite","node":{"__id__":7},"_materials":[{"__uuid__":"ecpdLyjvZBwrvm+cedCcQy"}],"_spriteFrame":{"__uuid__":"d0jJwONvtAwJ+eotDvbs3N"}}],"_prefab":{"__type__":"cc.PrefabInfo","root":{"__id__":1},"asset":{"__uuid__":"adQ+EgRedMXLXZsM9Ijxtm"},"fileId":"f0ZmjsRydHuZtHzMhhYDcG"},"_contentSize":{"__type__":"cc.Size","width":596,"height":168},"_trs":{"__type__":"TypedArray","ctor":"Float64Array","array":[0,286,0,0,0,0,1,1,1,1]}},{"__type__":"cc.Node","_name":"xiao3","_parent":{"__id__":7},"_components":[{"__type__":"cc.Sprite","node":{"__id__":8},"_materials":[{"__uuid__":"ecpdLyjvZBwrvm+cedCcQy"}],"_spriteFrame":{"__uuid__":"faXMvglxNHaqVOT4GU8gM+"}}],"_prefab":{"__type__":"cc.PrefabInfo","root":{"__id__":1},"asset":{"__uuid__":"adQ+EgRedMXLXZsM9Ijxtm"},"fileId":"62x02OudhDGaeLAyznrj7Z"},"_contentSize":{"__type__":"cc.Size","width":100,"height":100},"_trs":{"__type__":"TypedArray","ctor":"Float64Array","array":[-215.776,0,0,0,0,0,1,1,1,1]}},{"__type__":"cc.Node","_name":"font4","_parent":{"__id__":7},"_components":[{"__type__":"41ebaVoPpRA4Kp67XEdHfZn","node":{"__id__":9},"_materials":[{"__uuid__":"ecpdLyjvZBwrvm+cedCcQy"}],"_string":"请有效用户，每天领取两元分红","_N$string":"请有效用户，每天领取两元分红","_fontSize":30,"_lineHeight":30,"_N$file":{"__uuid__":"farb0WbWZMgrGmuICOt0MU"},"_isSystemFontUsed":false,"_N$horizontalAlign":1,"_N$verticalAlign":1},{"__type__":"cc.LabelOutline","node":{"__id__":9},"_color":{"__type__":"cc.Color","r":90,"g":45,"b":19},"_width":2}],"_prefab":{"__type__":"cc.PrefabInfo","root":{"__id__":1},"asset":{"__uuid__":"adQ+EgRedMXLXZsM9Ijxtm"},"fileId":"afPUSUNh5Gp53Ok0Ul8POd"},"_color":{"__type__":"cc.Color","r":241,"g":222,"b":23},"_contentSize":{"__type__":"cc.Size","width":424,"height":41.8},"_anchorPoint":{"__type__":"cc.Vec2","y":0.5},"_trs":{"__type__":"TypedArray","ctor":"Float64Array","array":[-163.776,36,0,0,0,0,1,1,1,1]}},{"__type__":"cc.Node","_name":"font5","_parent":{"__id__":7},"_components":[{"__type__":"41ebaVoPpRA4Kp67XEdHfZn","node":{"__id__":10},"_materials":[{"__uuid__":"ecpdLyjvZBwrvm+cedCcQy"}],"_string":"有效用户：炮塔等级达到10级","_N$string":"有效用户：炮塔等级达到10级","_fontSize":20,"_lineHeight":20,"_N$file":{"__uuid__":"farb0WbWZMgrGmuICOt0MU"},"_isSystemFontUsed":false,"_N$horizontalAlign":1,"_N$verticalAlign":1},{"__type__":"cc.LabelOutline","node":{"__id__":10},"_color":{"__type__":"cc.Color","r":90,"g":45,"b":19},"_width":2}],"_prefab":{"__type__":"cc.PrefabInfo","root":{"__id__":1},"asset":{"__uuid__":"adQ+EgRedMXLXZsM9Ijxtm"},"fileId":"48G+PGhFNFVZq+QKRP2Xt9"},"_contentSize":{"__type__":"cc.Size","width":265.27,"height":29.2},"_anchorPoint":{"__type__":"cc.Vec2","y":0.5},"_trs":{"__type__":"TypedArray","ctor":"Float64Array","array":[-105.224,-4.091,0,0,0,0,1,1,1,1]}},{"__type__":"cc.Node","_name":"Progress","_parent":{"__id__":3},"_children":[{"__id__":12},{"__id__":14}],"_components":[{"__type__":"cc.Sprite","node":{"__id__":11},"_materials":[{"__uuid__":"ecpdLyjvZBwrvm+cedCcQy"}],"_spriteFrame":{"__uuid__":"e5SPLXKr1EHLspqks1M8v9"}},{"__type__":"cc.ProgressBar","node":{"__id__":11},"_N$totalLength":258,"_N$barSprite":{"__id__":13},"_N$progress":0}],"_prefab":{"__type__":"cc.PrefabInfo","root":{"__id__":1},"asset":{"__uuid__":"adQ+EgRedMXLXZsM9Ijxtm"},"fileId":"6e6yHKK7ZLjYiV3PsIkgHo"},"_contentSize":{"__type__":"cc.Size","width":262,"height":22},"_trs":{"__type__":"TypedArray","ctor":"Float64Array","array":[24.809,244.092,0,0,0,0,1,1,1,1]}},{"__type__":"cc.Node","_name":"bar","_parent":{"__id__":11},"_components":[{"__id__":13}],"_prefab":{"__type__":"cc.PrefabInfo","root":{"__id__":1},"asset":{"__uuid__":"adQ+EgRedMXLXZsM9Ijxtm"},"fileId":"7b3l2sV41AQoXtzQ/X08kE"},"_contentSize":{"__type__":"cc.Size","height":20},"_anchorPoint":{"__type__":"cc.Vec2","y":0.5},"_trs":{"__type__":"TypedArray","ctor":"Float64Array","array":[-129.361,0,0,0,0,0,1,1,1,1]}},{"__type__":"cc.Sprite","node":{"__id__":12},"_materials":[{"__uuid__":"ecpdLyjvZBwrvm+cedCcQy"}],"_spriteFrame":{"__uuid__":"725FmAdE9BVpeA/gVkfvA4"},"_type":1,"_sizeMode":0},{"__type__":"cc.Node","_name":"lab_num","_parent":{"__id__":11},"_components":[{"__type__":"cc.Label","node":{"__id__":14},"_materials":[{"__uuid__":"ecpdLyjvZBwrvm+cedCcQy"}],"_useOriginalSize":false,"_string":"1/5","_N$string":"1/5","_fontSize":20,"_lineHeight":20,"_N$horizontalAlign":1,"_N$verticalAlign":1}],"_prefab":{"__type__":"cc.PrefabInfo","root":{"__id__":1},"asset":{"__uuid__":"adQ+EgRedMXLXZsM9Ijxtm"},"fileId":"055uHgI01N9bzJMEVlWzyH"},"_contentSize":{"__type__":"cc.Size","width":27.8,"height":25.2},"_trs":{"__type__":"TypedArray","ctor":"Float64Array","array":[0,0,0,0,0,0,1,1,1,1]}},{"__type__":"cc.Node","_name":"ScrollView","_parent":{"__id__":3},"_children":[{"__id__":16}],"_components":[{"__type__":"cc.ScrollView","node":{"__id__":15},"horizontal":false,"brake":0.75,"bounceDuration":0.23,"_N$content":{"__id__":17},"content":{"__id__":17},"_N$horizontalScrollBar":null,"_N$verticalScrollBar":null}],"_prefab":{"__type__":"cc.PrefabInfo","root":{"__id__":1},"asset":{"__uuid__":"adQ+EgRedMXLXZsM9Ijxtm"},"fileId":"a1+E1xeIRHsrVwD8JGoYG0"},"_contentSize":{"__type__":"cc.Size","width":598,"height":650},"_trs":{"__type__":"TypedArray","ctor":"Float64Array","array":[0,-132,0,0,0,0,1,1,1,1]}},{"__type__":"cc.Node","_name":"view","_parent":{"__id__":15},"_children":[{"__id__":17}],"_components":[{"__type__":"cc.Mask","node":{"__id__":16},"_materials":[{"__uuid__":"ecpdLyjvZBwrvm+cedCcQy"}],"_N$alphaThreshold":0},{"__type__":"cc.Widget","node":{"__id__":16},"_alignFlags":45,"_originalWidth":240,"_originalHeight":250}],"_prefab":{"__type__":"cc.PrefabInfo","root":{"__id__":1},"asset":{"__uuid__":"adQ+EgRedMXLXZsM9Ijxtm"},"fileId":"8fbuUunN5CxoGiuhDPgYQO"},"_contentSize":{"__type__":"cc.Size","width":598,"height":650},"_anchorPoint":{"__type__":"cc.Vec2","x":0.5,"y":1},"_trs":{"__type__":"TypedArray","ctor":"Float64Array","array":[0,325,0,0,0,0,1,1,1,1]}},{"__type__":"cc.Node","_name":"content","_parent":{"__id__":16},"_components":[{"__type__":"cc.Widget","node":{"__id__":17},"_alignFlags":41,"_originalWidth":220},{"__type__":"cc.Layout","node":{"__id__":17},"_layoutSize":{"__type__":"cc.Size","width":598,"height":130},"_resize":1,"_N$layoutType":2,"_N$spacingY":10}],"_prefab":{"__type__":"cc.PrefabInfo","root":{"__id__":1},"asset":{"__uuid__":"adQ+EgRedMXLXZsM9Ijxtm"},"fileId":"05MXXa7ahCtLBw8O3vjrL/"},"_contentSize":{"__type__":"cc.Size","width":598,"height":130},"_anchorPoint":{"__type__":"cc.Vec2","x":0.5,"y":1},"_trs":{"__type__":"TypedArray","ctor":"Float64Array","array":[0,0,0,0,0,0,1,1,1,1]}}],{"__type__":"cc.SpriteFrame","content":{"name":"img_title","texture":"36otX/aM1E4Zo+o68pRLtJ","rect":[1,1,304,110],"offset":[0,0],"originalSize":[304,110],"capInsets":[0,0,0,0]}},{"__type__":"cc.SpriteFrame","content":{"name":"bg_lan","texture":"70uZhxIuNEn4cyfrG7FT01","rect":[1,251,596,168],"offset":[0,0],"originalSize":[596,168],"capInsets":[0,0,0,0]}},{"__type__":"cc.SpriteFrame","content":{"name":"pic_jindudi","texture":"cadhw0hxpN0pZAs3RLMN8l","rect":[307,583,262,22],"offset":[0,0],"originalSize":[262,22],"capInsets":[0,0,0,0]}},{"__type__":"cc.SpriteFrame","content":{"name":"xiao3","texture":"892yo3yAJJAq05DsHjqiLf","rect":[1,409,100,100],"offset":[0,0],"originalSize":[100,100],"capInsets":[0,0,0,0]}}]