[[{"__type__":"cc.Prefab","_name":"shuoming_layer","data":{"__id__":1}},{"__type__":"cc.Node","_name":"shuoming_layer","_children":[{"__id__":2},{"__id__":3}],"_components":[{"__type__":"cc.Widget","node":{"__id__":1},"_alignFlags":45},{"__type__":"2587dHPE91F/J3IS240Wo7d","node":{"__id__":1}}],"_prefab":{"__type__":"cc.PrefabInfo","root":{"__id__":1},"asset":{"__uuid__":"05pt5oblZOxZG3jMLrHPVo"},"fileId":"79TyieEwxMh4LoRX9Bp5OP"},"_contentSize":{"__type__":"cc.Size","width":750,"height":1334},"_trs":{"__type__":"TypedArray","ctor":"Float64Array","array":[375,667,0,0,0,0,1,1,1,1]}},{"__type__":"cc.Node","_name":"mask","_parent":{"__id__":1},"_components":[{"__type__":"cc.Sprite","node":{"__id__":2},"_materials":[{"__uuid__":"ecpdLyjvZBwrvm+cedCcQy"}],"_spriteFrame":{"__uuid__":"a2MjXRFdtLlYQ5ouAFv/+R"},"_sizeMode":0},{"__type__":"cc.Widget","node":{"__id__":2},"_alignFlags":45,"_originalWidth":40,"_originalHeight":36},{"__type__":"cc.BlockInputEvents","node":{"__id__":2}}],"_prefab":{"__type__":"cc.PrefabInfo","root":{"__id__":1},"asset":{"__uuid__":"05pt5oblZOxZG3jMLrHPVo"},"fileId":"0cggSdgd5P8reHq0dSmF7x"},"_opacity":130,"_color":{"__type__":"cc.Color"},"_contentSize":{"__type__":"cc.Size","width":750,"height":1334},"_trs":{"__type__":"TypedArray","ctor":"Float64Array","array":[0,0,0,0,0,0,1,1,1,1]}},{"__type__":"cc.Node","_name":"img_bg","_parent":{"__id__":1},"_children":[{"__id__":4},{"__id__":6},{"__id__":7}],"_components":[{"__type__":"cc.Sprite","node":{"__id__":3},"_materials":[{"__uuid__":"ecpdLyjvZBwrvm+cedCcQy"}],"_spriteFrame":{"__uuid__":"9b2jQyeOBEYIREx/CvH7GA"},"_type":1,"_sizeMode":0}],"_prefab":{"__type__":"cc.PrefabInfo","root":{"__id__":1},"asset":{"__uuid__":"05pt5oblZOxZG3jMLrHPVo"},"fileId":"c2J4z5XrxF0qTVlMTZkOpm"},"_contentSize":{"__type__":"cc.Size","width":657,"height":1060},"_trs":{"__type__":"TypedArray","ctor":"Float64Array","array":[0,0,0,0,0,0,1,1,1,1]}},{"__type__":"cc.Node","_name":"pic_fuwuxieyi","_parent":{"__id__":3},"_children":[{"__id__":5}],"_components":[{"__type__":"cc.Sprite","node":{"__id__":4},"_materials":[{"__uuid__":"ecpdLyjvZBwrvm+cedCcQy"}],"_spriteFrame":{"__uuid__":"17eMQzcWBCHaVrYzOK9qF4"}}],"_prefab":{"__type__":"cc.PrefabInfo","root":{"__id__":1},"asset":{"__uuid__":"05pt5oblZOxZG3jMLrHPVo"},"fileId":"692P40QzBEDJCaGWHlao11"},"_contentSize":{"__type__":"cc.Size","width":304,"height":110},"_trs":{"__type__":"TypedArray","ctor":"Float64Array","array":[0,494.346,0,0,0,0,1,1,1,1]}},{"__type__":"cc.Node","_name":"font_title","_parent":{"__id__":4},"_components":[{"__type__":"41ebaVoPpRA4Kp67XEdHfZn","node":{"__id__":5},"_materials":[{"__uuid__":"ecpdLyjvZBwrvm+cedCcQy"}],"_string":"说明","_N$string":"说明","_fontSize":50,"_lineHeight":50,"_N$file":{"__uuid__":"farb0WbWZMgrGmuICOt0MU"},"_isSystemFontUsed":false,"i18n_string":"shuoming_layer_3_1"},{"__type__":"cc.LabelOutline","node":{"__id__":5},"_color":{"__type__":"cc.Color","r":117,"g":59,"b":23},"_width":5}],"_prefab":{"__type__":"cc.PrefabInfo","root":{"__id__":1},"asset":{"__uuid__":"05pt5oblZOxZG3jMLrHPVo"},"fileId":"3eiJoQZHlDCZ9wS9he0XNh"},"_contentSize":{"__type__":"cc.Size","width":110,"height":73},"_trs":{"__type__":"TypedArray","ctor":"Float64Array","array":[0,3,0,0,0,0,1,1,1,1]}},{"__type__":"cc.Node","_name":"ic_guanbi2","_parent":{"__id__":3},"_components":[{"__type__":"cc.Sprite","node":{"__id__":6},"_materials":[{"__uuid__":"ecpdLyjvZBwrvm+cedCcQy"}],"_spriteFrame":{"__uuid__":"5c4o7no3NMH7pZupb0latf"}}],"_prefab":{"__type__":"cc.PrefabInfo","root":{"__id__":1},"asset":{"__uuid__":"05pt5oblZOxZG3jMLrHPVo"},"fileId":"851oH3lrZKT4X9PP1WHk8B"},"_contentSize":{"__type__":"cc.Size","width":84,"height":84},"_trs":{"__type__":"TypedArray","ctor":"Float64Array","array":[285,493,0,0,0,0,1,1,1,1]}},{"__type__":"cc.Node","_name":"bg_xiao_nei","_parent":{"__id__":3},"_children":[{"__id__":8}],"_components":[{"__type__":"cc.Sprite","node":{"__id__":7},"_materials":[{"__uuid__":"ecpdLyjvZBwrvm+cedCcQy"}],"_spriteFrame":{"__uuid__":"7cf1UlLmNJEaR8GVffqggr"},"_type":1,"_sizeMode":0}],"_prefab":{"__type__":"cc.PrefabInfo","root":{"__id__":1},"asset":{"__uuid__":"05pt5oblZOxZG3jMLrHPVo"},"fileId":"dc0ynuir9BOLmHK8A6R4oA"},"_contentSize":{"__type__":"cc.Size","width":600,"height":910},"_trs":{"__type__":"TypedArray","ctor":"Float64Array","array":[0,-47,0,0,0,0,1,1,1,1]}},{"__type__":"cc.Node","_name":"scrollview","_parent":{"__id__":7},"_children":[{"__id__":9}],"_components":[{"__type__":"cc.ScrollView","node":{"__id__":8},"horizontal":false,"inertia":false,"brake":0.75,"bounceDuration":0.23,"_N$content":{"__id__":10},"content":{"__id__":10},"_N$horizontalScrollBar":null,"_N$verticalScrollBar":null}],"_prefab":{"__type__":"cc.PrefabInfo","root":{"__id__":1},"asset":{"__uuid__":"05pt5oblZOxZG3jMLrHPVo"},"fileId":"452NmJ3PVLEq2WFPX4glyc"},"_contentSize":{"__type__":"cc.Size","width":550,"height":865},"_trs":{"__type__":"TypedArray","ctor":"Float64Array","array":[0,0,0,0,0,0,1,1,1,1]}},{"__type__":"cc.Node","_name":"view","_parent":{"__id__":8},"_children":[{"__id__":10}],"_components":[{"__type__":"cc.Mask","node":{"__id__":9},"_materials":[{"__uuid__":"ecpdLyjvZBwrvm+cedCcQy"}],"_N$alphaThreshold":0},{"__type__":"cc.Widget","node":{"__id__":9},"_alignFlags":45,"_originalWidth":240,"_originalHeight":250}],"_prefab":{"__type__":"cc.PrefabInfo","root":{"__id__":1},"asset":{"__uuid__":"05pt5oblZOxZG3jMLrHPVo"},"fileId":"2e31g7quFL6IiGDSoo/vXl"},"_contentSize":{"__type__":"cc.Size","width":550,"height":865},"_anchorPoint":{"__type__":"cc.Vec2","x":0.5,"y":1},"_trs":{"__type__":"TypedArray","ctor":"Float64Array","array":[0,432.5,0,0,0,0,1,1,1,1]}},{"__type__":"cc.Node","_name":"content","_parent":{"__id__":9},"_children":[{"__id__":11},{"__id__":14},{"__id__":17},{"__id__":20},{"__id__":23},{"__id__":26}],"_components":[{"__type__":"cc.Layout","node":{"__id__":10},"_layoutSize":{"__type__":"cc.Size","width":550,"height":793},"_resize":1,"_N$layoutType":2,"_N$paddingTop":20,"_N$spacingY":40},{"__type__":"cc.Widget","node":{"__id__":10},"_alignFlags":41,"_originalWidth":220}],"_prefab":{"__type__":"cc.PrefabInfo","root":{"__id__":1},"asset":{"__uuid__":"05pt5oblZOxZG3jMLrHPVo"},"fileId":"c7XQaplZFKP5Yc5YMu3QZl"},"_contentSize":{"__type__":"cc.Size","width":550,"height":793},"_anchorPoint":{"__type__":"cc.Vec2","x":0.5,"y":1},"_trs":{"__type__":"TypedArray","ctor":"Float64Array","array":[0,0,0,0,0,0,1,1,1,1]}},{"__type__":"cc.Node","_name":"item1","_parent":{"__id__":10},"_children":[{"__id__":12},{"__id__":13}],"_components":[{"__type__":"cc.Layout","node":{"__id__":11},"_layoutSize":{"__type__":"cc.Size","width":550,"height":110.6},"_resize":1,"_N$layoutType":2,"_N$spacingY":5},{"__type__":"cc.Widget","node":{"__id__":11},"_alignFlags":40,"_originalWidth":300}],"_prefab":{"__type__":"cc.PrefabInfo","root":{"__id__":1},"asset":{"__uuid__":"05pt5oblZOxZG3jMLrHPVo"},"fileId":"38xmBBgThBv5zPIf2EDR4C"},"_contentSize":{"__type__":"cc.Size","width":550,"height":110.6},"_trs":{"__type__":"TypedArray","ctor":"Float64Array","array":[0,-75.3,0,0,0,0,1,1,1,1]}},{"__type__":"cc.Node","_name":"item1_title","_parent":{"__id__":11},"_components":[{"__type__":"41ebaVoPpRA4Kp67XEdHfZn","node":{"__id__":12},"_materials":[{"__uuid__":"ecpdLyjvZBwrvm+cedCcQy"}],"_string":"徒弟徒孙：","_N$string":"徒弟徒孙：","_fontSize":30,"_lineHeight":30,"_N$file":{"__uuid__":"farb0WbWZMgrGmuICOt0MU"},"_isSystemFontUsed":false}],"_prefab":{"__type__":"cc.PrefabInfo","root":{"__id__":1},"asset":{"__uuid__":"05pt5oblZOxZG3jMLrHPVo"},"fileId":"8fDptNjORGh5hcu8FPqMLP"},"_color":{"__type__":"cc.Color","r":117,"g":59,"b":23},"_contentSize":{"__type__":"cc.Size","width":150,"height":37.8},"_anchorPoint":{"__type__":"cc.Vec2","y":0.5},"_trs":{"__type__":"TypedArray","ctor":"Float64Array","array":[-275,36.4,0,0,0,0,1,1,1,1]}},{"__type__":"cc.Node","_name":"item1_info","_parent":{"__id__":11},"_components":[{"__type__":"41ebaVoPpRA4Kp67XEdHfZn","node":{"__id__":13},"_materials":[{"__uuid__":"ecpdLyjvZBwrvm+cedCcQy"}],"_string":"通过你的分享的图片进入游戏的新玩家成为你的徒弟，徒弟邀请的徒弟成为你的徒孙。","_N$string":"通过你的分享的图片进入游戏的新玩家成为你的徒弟，徒弟邀请的徒弟成为你的徒孙。","_fontSize":25,"_lineHeight":30,"_N$file":{"__uuid__":"farb0WbWZMgrGmuICOt0MU"},"_isSystemFontUsed":false,"_N$overflow":3}],"_prefab":{"__type__":"cc.PrefabInfo","root":{"__id__":1},"asset":{"__uuid__":"05pt5oblZOxZG3jMLrHPVo"},"fileId":"7fcHN6/XpBxa5NiO8ruYSa"},"_color":{"__type__":"cc.Color","r":117,"g":59,"b":23},"_contentSize":{"__type__":"cc.Size","width":550,"height":67.8},"_anchorPoint":{"__type__":"cc.Vec2","y":0.5},"_trs":{"__type__":"TypedArray","ctor":"Float64Array","array":[-275,-21.4,0,0,0,0,1,1,1,1]}},{"__type__":"cc.Node","_name":"item2","_parent":{"__id__":10},"_children":[{"__id__":15},{"__id__":16}],"_components":[{"__type__":"cc.Layout","node":{"__id__":14},"_layoutSize":{"__type__":"cc.Size","width":550,"height":110.6},"_resize":1,"_N$layoutType":2,"_N$spacingY":5},{"__type__":"cc.Widget","node":{"__id__":14},"_alignFlags":40,"_originalWidth":300}],"_prefab":{"__type__":"cc.PrefabInfo","root":{"__id__":1},"asset":{"__uuid__":"05pt5oblZOxZG3jMLrHPVo"},"fileId":"aeVfq7rjNESJ2zMqgPPKI2"},"_contentSize":{"__type__":"cc.Size","width":550,"height":110.6},"_trs":{"__type__":"TypedArray","ctor":"Float64Array","array":[0,-225.89999999999998,0,0,0,0,1,1,1,1]}},{"__type__":"cc.Node","_name":"item2_title","_parent":{"__id__":14},"_components":[{"__type__":"41ebaVoPpRA4Kp67XEdHfZn","node":{"__id__":15},"_materials":[{"__uuid__":"ecpdLyjvZBwrvm+cedCcQy"}],"_string":"有效徒弟：","_N$string":"有效徒弟：","_fontSize":30,"_lineHeight":30,"_N$file":{"__uuid__":"farb0WbWZMgrGmuICOt0MU"},"_isSystemFontUsed":false}],"_prefab":{"__type__":"cc.PrefabInfo","root":{"__id__":1},"asset":{"__uuid__":"05pt5oblZOxZG3jMLrHPVo"},"fileId":"0608T047lD/5Hyc88dzjGA"},"_color":{"__type__":"cc.Color","r":117,"g":59,"b":23},"_contentSize":{"__type__":"cc.Size","width":150,"height":37.8},"_anchorPoint":{"__type__":"cc.Vec2","y":0.5},"_trs":{"__type__":"TypedArray","ctor":"Float64Array","array":[-275,36.4,0,0,0,0,1,1,1,1]}},{"__type__":"cc.Node","_name":"item2_info","_parent":{"__id__":14},"_components":[{"__type__":"41ebaVoPpRA4Kp67XEdHfZn","node":{"__id__":16},"_materials":[{"__uuid__":"ecpdLyjvZBwrvm+cedCcQy"}],"_string":"图的炮塔等级达到10级即成为有效徒弟。有效徒弟和无效徒弟都能给师父产生贡献。","_N$string":"图的炮塔等级达到10级即成为有效徒弟。有效徒弟和无效徒弟都能给师父产生贡献。","_fontSize":25,"_lineHeight":30,"_N$file":{"__uuid__":"farb0WbWZMgrGmuICOt0MU"},"_isSystemFontUsed":false,"_N$overflow":3}],"_prefab":{"__type__":"cc.PrefabInfo","root":{"__id__":1},"asset":{"__uuid__":"05pt5oblZOxZG3jMLrHPVo"},"fileId":"c7zigFudFPO4JKaLzEDgzH"},"_color":{"__type__":"cc.Color","r":117,"g":59,"b":23},"_contentSize":{"__type__":"cc.Size","width":550,"height":67.8},"_anchorPoint":{"__type__":"cc.Vec2","y":0.5},"_trs":{"__type__":"TypedArray","ctor":"Float64Array","array":[-275,-21.4,0,0,0,0,1,1,1,1]}},{"__type__":"cc.Node","_name":"item3","_parent":{"__id__":10},"_children":[{"__id__":18},{"__id__":19}],"_components":[{"__type__":"cc.Layout","node":{"__id__":17},"_layoutSize":{"__type__":"cc.Size","width":550,"height":110.6},"_resize":1,"_N$layoutType":2,"_N$spacingY":5},{"__type__":"cc.Widget","node":{"__id__":17},"_alignFlags":40,"_originalWidth":300}],"_prefab":{"__type__":"cc.PrefabInfo","root":{"__id__":1},"asset":{"__uuid__":"05pt5oblZOxZG3jMLrHPVo"},"fileId":"4b8LCBk5JMDY9itZdGcEli"},"_contentSize":{"__type__":"cc.Size","width":550,"height":110.6},"_trs":{"__type__":"TypedArray","ctor":"Float64Array","array":[0,-376.5,0,0,0,0,1,1,1,1]}},{"__type__":"cc.Node","_name":"item3_title","_parent":{"__id__":17},"_components":[{"__type__":"41ebaVoPpRA4Kp67XEdHfZn","node":{"__id__":18},"_materials":[{"__uuid__":"ecpdLyjvZBwrvm+cedCcQy"}],"_string":"贡献：","_N$string":"贡献：","_fontSize":30,"_lineHeight":30,"_N$file":{"__uuid__":"farb0WbWZMgrGmuICOt0MU"},"_isSystemFontUsed":false}],"_prefab":{"__type__":"cc.PrefabInfo","root":{"__id__":1},"asset":{"__uuid__":"05pt5oblZOxZG3jMLrHPVo"},"fileId":"399DDaZptIkpJlryMh6pBp"},"_color":{"__type__":"cc.Color","r":117,"g":59,"b":23},"_contentSize":{"__type__":"cc.Size","width":90,"height":37.8},"_anchorPoint":{"__type__":"cc.Vec2","y":0.5},"_trs":{"__type__":"TypedArray","ctor":"Float64Array","array":[-275,36.4,0,0,0,0,1,1,1,1]}},{"__type__":"cc.Node","_name":"item3_info","_parent":{"__id__":17},"_components":[{"__type__":"41ebaVoPpRA4Kp67XEdHfZn","node":{"__id__":19},"_materials":[{"__uuid__":"ecpdLyjvZBwrvm+cedCcQy"}],"_string":"徒弟、徒孙、自己看视频可产生贡献，看的越多产生的贡献越多。","_N$string":"徒弟、徒孙、自己看视频可产生贡献，看的越多产生的贡献越多。","_fontSize":25,"_lineHeight":30,"_N$file":{"__uuid__":"farb0WbWZMgrGmuICOt0MU"},"_isSystemFontUsed":false,"_N$overflow":3}],"_prefab":{"__type__":"cc.PrefabInfo","root":{"__id__":1},"asset":{"__uuid__":"05pt5oblZOxZG3jMLrHPVo"},"fileId":"871wclfk5FLI+S1KhUQ9O/"},"_color":{"__type__":"cc.Color","r":117,"g":59,"b":23},"_contentSize":{"__type__":"cc.Size","width":550,"height":67.8},"_anchorPoint":{"__type__":"cc.Vec2","y":0.5},"_trs":{"__type__":"TypedArray","ctor":"Float64Array","array":[-275,-21.4,0,0,0,0,1,1,1,1]}},{"__type__":"cc.Node","_name":"item4","_parent":{"__id__":10},"_children":[{"__id__":21},{"__id__":22}],"_components":[{"__type__":"cc.Layout","node":{"__id__":20},"_layoutSize":{"__type__":"cc.Size","width":550,"height":170.6},"_resize":1,"_N$layoutType":2,"_N$spacingY":5},{"__type__":"cc.Widget","node":{"__id__":20},"_alignFlags":40,"_originalWidth":300}],"_prefab":{"__type__":"cc.PrefabInfo","root":{"__id__":1},"asset":{"__uuid__":"05pt5oblZOxZG3jMLrHPVo"},"fileId":"dai2vc745KH7HJKaPZPUHl"},"_contentSize":{"__type__":"cc.Size","width":550,"height":170.6},"_trs":{"__type__":"TypedArray","ctor":"Float64Array","array":[0,-557.1,0,0,0,0,1,1,1,1]}},{"__type__":"cc.Node","_name":"item4_title","_parent":{"__id__":20},"_components":[{"__type__":"41ebaVoPpRA4Kp67XEdHfZn","node":{"__id__":21},"_materials":[{"__uuid__":"ecpdLyjvZBwrvm+cedCcQy"}],"_string":"领现金&次数红包：","_N$string":"领现金&次数红包：","_fontSize":30,"_lineHeight":30,"_N$file":{"__uuid__":"farb0WbWZMgrGmuICOt0MU"},"_isSystemFontUsed":false}],"_prefab":{"__type__":"cc.PrefabInfo","root":{"__id__":1},"asset":{"__uuid__":"05pt5oblZOxZG3jMLrHPVo"},"fileId":"b19oV8CpFKap4Fv5CbP+Fq"},"_color":{"__type__":"cc.Color","r":117,"g":59,"b":23},"_contentSize":{"__type__":"cc.Size","width":266.02,"height":37.8},"_anchorPoint":{"__type__":"cc.Vec2","y":0.5},"_trs":{"__type__":"TypedArray","ctor":"Float64Array","array":[-275,66.4,0,0,0,0,1,1,1,1]}},{"__type__":"cc.Node","_name":"item4_info","_parent":{"__id__":20},"_components":[{"__type__":"41ebaVoPpRA4Kp67XEdHfZn","node":{"__id__":22},"_materials":[{"__uuid__":"ecpdLyjvZBwrvm+cedCcQy"}],"_string":"1.贡献每满100可【领现金】，【领现金】时必得现金红包，小概率直接获得分红炮。 2.累计【领现金】的次数达到要求后，可领取次数红包，详见“收益分析”。","_N$string":"1.贡献每满100可【领现金】，【领现金】时必得现金红包，小概率直接获得分红炮。 2.累计【领现金】的次数达到要求后，可领取次数红包，详见“收益分析”。","_fontSize":25,"_lineHeight":30,"_N$file":{"__uuid__":"farb0WbWZMgrGmuICOt0MU"},"_isSystemFontUsed":false,"_N$overflow":3}],"_prefab":{"__type__":"cc.PrefabInfo","root":{"__id__":1},"asset":{"__uuid__":"05pt5oblZOxZG3jMLrHPVo"},"fileId":"0f/iOvGbRBypR+WFi553cj"},"_color":{"__type__":"cc.Color","r":117,"g":59,"b":23},"_contentSize":{"__type__":"cc.Size","width":550,"height":127.8},"_anchorPoint":{"__type__":"cc.Vec2","y":0.5},"_trs":{"__type__":"TypedArray","ctor":"Float64Array","array":[-275,-21.39999999999999,0,0,0,0,1,1,1,1]}},{"__type__":"cc.Node","_name":"item5","_parent":{"__id__":10},"_children":[{"__id__":24},{"__id__":25}],"_components":[{"__type__":"cc.Layout","node":{"__id__":23},"_layoutSize":{"__type__":"cc.Size","width":550,"height":110.6},"_resize":1,"_N$layoutType":2,"_N$spacingY":5},{"__type__":"cc.Widget","node":{"__id__":23},"_alignFlags":40,"_originalWidth":300}],"_prefab":{"__type__":"cc.PrefabInfo","root":{"__id__":1},"asset":{"__uuid__":"05pt5oblZOxZG3jMLrHPVo"},"fileId":"de5YBZ11RBNqjNYhThZv+G"},"_contentSize":{"__type__":"cc.Size","width":550,"height":110.6},"_trs":{"__type__":"TypedArray","ctor":"Float64Array","array":[0,-737.6999999999999,0,0,0,0,1,1,1,1]}},{"__type__":"cc.Node","_name":"item5_title","_parent":{"__id__":23},"_components":[{"__type__":"41ebaVoPpRA4Kp67XEdHfZn","node":{"__id__":24},"_materials":[{"__uuid__":"ecpdLyjvZBwrvm+cedCcQy"}],"_string":"家族等级：","_N$string":"家族等级：","_fontSize":30,"_lineHeight":30,"_N$file":{"__uuid__":"farb0WbWZMgrGmuICOt0MU"},"_isSystemFontUsed":false}],"_prefab":{"__type__":"cc.PrefabInfo","root":{"__id__":1},"asset":{"__uuid__":"05pt5oblZOxZG3jMLrHPVo"},"fileId":"ebcM3fSsxOf7jxP2ywWfCe"},"_color":{"__type__":"cc.Color","r":117,"g":59,"b":23},"_contentSize":{"__type__":"cc.Size","width":150,"height":37.8},"_anchorPoint":{"__type__":"cc.Vec2","y":0.5},"_trs":{"__type__":"TypedArray","ctor":"Float64Array","array":[-275,36.4,0,0,0,0,1,1,1,1]}},{"__type__":"cc.Node","_name":"item5_info","_parent":{"__id__":23},"_components":[{"__type__":"41ebaVoPpRA4Kp67XEdHfZn","node":{"__id__":25},"_materials":[{"__uuid__":"ecpdLyjvZBwrvm+cedCcQy"}],"_string":"有效徒弟越多、经验越高、家族等级越高，功能中获得的红包金额越高。","_N$string":"有效徒弟越多、经验越高、家族等级越高，功能中获得的红包金额越高。","_fontSize":25,"_lineHeight":30,"_N$file":{"__uuid__":"farb0WbWZMgrGmuICOt0MU"},"_isSystemFontUsed":false,"_N$overflow":3}],"_prefab":{"__type__":"cc.PrefabInfo","root":{"__id__":1},"asset":{"__uuid__":"05pt5oblZOxZG3jMLrHPVo"},"fileId":"28g7YEZdJBB7iEySfknfXZ"},"_color":{"__type__":"cc.Color","r":117,"g":59,"b":23},"_contentSize":{"__type__":"cc.Size","width":550,"height":67.8},"_anchorPoint":{"__type__":"cc.Vec2","y":0.5},"_trs":{"__type__":"TypedArray","ctor":"Float64Array","array":[-275,-21.4,0,0,0,0,1,1,1,1]}},{"__type__":"cc.Node","_name":"item6","_parent":{"__id__":10},"_active":false,"_components":[{"__type__":"cc.Sprite","node":{"__id__":26},"_materials":[{"__uuid__":"ecpdLyjvZBwrvm+cedCcQy"}],"_spriteFrame":{"__uuid__":"a3CnvoId9K1o78aMkE90Qn"},"_sizeMode":2,"_isTrimmedMode":false}],"_prefab":{"__type__":"cc.PrefabInfo","root":{"__id__":1},"asset":{"__uuid__":"05pt5oblZOxZG3jMLrHPVo"},"fileId":"8dMoDciDlEbYSCSnuMvY9E"},"_contentSize":{"__type__":"cc.Size","width":550,"height":794},"_trs":{"__type__":"TypedArray","ctor":"Float64Array","array":[0,-417,0,0,0,0,1,1,1,1]}}],{"__type__":"cc.SpriteFrame","content":{"name":"pic_fuwuxieyi","texture":"e1nHmwLG9MI5dEsVEotxok","rect":[0,0,304,110],"offset":[0,0],"originalSize":[304,110],"capInsets":[0,0,0,0]}},{"__type__":"cc.SpriteFrame","content":{"name":"ic_guanbi2","texture":"02krqH8i1AdZB/lC2WegR2","rect":[789,371,84,84],"offset":[0,0],"originalSize":[84,84],"capInsets":[0,0,0,0]}},{"__type__":"cc.SpriteFrame","content":{"name":"bg_xiao_nei","texture":"f4vjHC5+VGWrsOJQJq5mr0","rect":[0,0,600,489],"offset":[0,0.5],"originalSize":[600,490],"capInsets":[58,62.5,58,62.5]}},{"__type__":"cc.SpriteFrame","content":{"name":"bg_gerenzhongxin","texture":"25Od5NCF1P/ZBAgWfxIH9p","rect":[1,0,657,1100],"offset":[0.5,0],"originalSize":[658,1100],"capInsets":[268.5,490,268.5,490]}},{"__type__":"cc.SpriteFrame","content":{"name":"default_sprite_splash","texture":"02delMVqdBD70a/HSD99FK","rect":[0,0,2,2],"offset":[0,0],"originalSize":[2,2],"capInsets":[0,0,0,0]}},{"__type__":"cc.SpriteFrame","content":{"name":"pic_jiazushuoming","texture":"c8e2gQ7I9Mw4BiMB5xjqnO","rect":[46,66,465,524],"offset":[3.5,69],"originalSize":[550,794],"capInsets":[0,0,0,0]}}]