[1,["68kED+8X5LyZw4E5BaXvLU@c4114","1brw/JvvpFnIvdrxpFCgMZ","68kED+8X5LyZw4E5BaXvLU@dade5","68kED+8X5LyZw4E5BaXvLU@d3449"],["node","_mesh","_effectAsset","root","data"],[["cc.Node",["_name","_prefab","_children","_parent","_components"],2,4,2,1,9],["cc.Material",["_name","_states","_defines","_props"],0,12],["cc.Mesh",["_native","_hash","_struct"],1,11],["cc.Prefab",[],3],["cc.PrefabInfo",["fileId","instance","targetOverrides","nestedPrefabInstanceRoots","root","asset"],-1,1,1],["cc.MeshRenderer",["node","__prefab","_materials","bakeSettings","_mesh"],3,1,4,3,4,6],["cc.CompPrefabInfo",["fileId"],2],["cc.ModelBakeSettings",[],3]],[[4,0,1,2,3,4,5,5],[2,0,1,2,3],[0,0,3,4,1,2],[5,0,1,2,3,4,1],[6,0,2],[7,1],[1,0,1,2,3,4],[3,1],[0,0,2,1,2]],[[[[6,"07 - Default",[{"rasterizerState":{},"blendState":{"targets":[{}]},"depthStencilState":{}}],[{}],[[[{"metallic":0.4000000059604645,"roughness":0.7071067690849304},"albedoScale",8,[1,0.5882353186607361,0.5882353186607361,0.5882353186607361]]],11]]],0,0,[0],[2],[1]],[[[1,".bin",2866015212,[{"primitives":[{"primitiveMode":7,"vertexBundelIndices":[0],"indexView":{"offset":7296,"length":2880,"count":720,"stride":4}}],"vertexBundles":[{"view":{"offset":0,"length":7296,"count":152,"stride":48},"attributes":[{"name":"a_position","format":32,"isNormalized":false},{"name":"a_normal","format":32,"isNormalized":false},{"name":"a_texCoord","format":21,"isNormalized":false},{"name":"a_tangent","format":44,"isNormalized":false}]}]},"minPosition",8,[1,-1.2515820264816284,0.12431791424751282,-1.2515820264816284],"maxPosition",8,[1,2.1252498626708984,1.3718355894088745,1.2515822649002075]]],-1],0,0,[],[],[]],[[[1,".bin",2786119408,[{"primitives":[{"primitiveMode":7,"vertexBundelIndices":[0],"indexView":{"offset":42816,"length":10236,"count":2559,"stride":4}}],"vertexBundles":[{"view":{"offset":0,"length":42816,"count":892,"stride":48},"attributes":[{"name":"a_position","format":32,"isNormalized":false},{"name":"a_normal","format":32,"isNormalized":false},{"name":"a_texCoord","format":21,"isNormalized":false},{"name":"a_tangent","format":44,"isNormalized":false}]}]},"minPosition",8,[1,-1.3121271133422852,-0.034717243164777756,-1.3121271133422852],"maxPosition",8,[1,2.7114462852478027,1.4127660989761353,1.3121271133422852]]],-1],0,0,[],[],[]],[[[7],[8,"DinosaurBooth",[-2,-3],[0,"aaUU2nKPheDrz5otwJg3fe",null,null,null,-1,0]],[2,"DinosaurBooth",1,[[3,-4,[4,"6bHY44MFxV2KPVpl+FbZvM"],[0],[5],1]],[0,"37etPbcWlTErvYYCCp1whq",null,null,null,1,0]],[2,"Dinosaur_B",1,[[3,-5,[4,"1bqCN2KqJT97uoFCBa11Xx"],[2],[5],3]],[0,"edTuL6w6FRZKUHdZpT/C3x",null,null,null,1,0]]],0,[0,3,1,0,-1,2,0,-2,3,0,0,2,0,0,3,0,4,1,5],[0,0,0,0],[-1,1,-1,1],[0,2,0,3]]]]
