[1,["09nxzENutAM7xTC1t8Vdi4@d90a4","09nxzENutAM7xTC1t8Vdi4@d82fb","1brw/JvvpFnIvdrxpFCgMZ"],["root","node","data","_mesh","_effectAsset"],[["cc.Prefab",[],3],["cc.Node",["_name","_components","_prefab"],2,9,4],["cc.MeshRenderer",["node","__prefab","_materials","bakeSettings","_mesh"],3,1,4,3,4,6],["cc.CompPrefabInfo",["fileId"],2],["cc.ModelBakeSettings",[],3],["cc.PrefabInfo",["fileId","instance","targetOverrides","nestedPrefabInstanceRoots","root","asset"],-1,1,1],["cc.Mesh",["_native","_hash","_struct"],1,11],["cc.Material",["_name","_states","_defines","_props"],0,12]],[[0,1],[1,0,1,2,2],[2,0,1,2,3,4,1],[3,0,2],[4,1],[5,0,1,2,3,4,5,5],[6,0,1,2,3],[7,0,1,2,3,4]],[[[[0],[1,"TreasureChest",[[2,-2,[3,"f6/aZGH4pZFYebor+IPxag"],[0],[4],1]],[5,"b0M4D5VktVN4KCLb5mQg+6",null,null,null,-1,0]]],0,[0,0,1,0,1,1,0,2,1,2],[0,0],[-1,3],[0,1]],[[[6,".bin",1313542956,[{"primitives":[{"primitiveMode":7,"vertexBundelIndices":[0],"indexView":{"offset":135552,"length":20064,"count":5016,"stride":4}}],"vertexBundles":[{"view":{"offset":0,"length":135552,"count":2824,"stride":48},"attributes":[{"name":"a_position","format":32,"isNormalized":false},{"name":"a_normal","format":32,"isNormalized":false},{"name":"a_texCoord","format":21,"isNormalized":false},{"name":"a_tangent","format":44,"isNormalized":false}]}]},"minPosition",8,[1,-0.31307080388069153,0.028215942904353142,-0.35945186018943787],"maxPosition",8,[1,0.31307080388069153,0.6683461666107178,0.2650219798088074]]],-1],0,0,[],[],[]],[[[7,"01 - Default",[{"rasterizerState":{},"blendState":{"targets":[{}]},"depthStencilState":{}}],[{}],[[[{"metallic":0.4000000059604645,"roughness":0.7071067690849304},"albedoScale",8,[1,0.5882353186607361,0.5882353186607361,0.5882353186607361]]],11]]],0,0,[0],[4],[2]]]]
