[1,["45KjMQ9pVHHbNSjb9Wwc2D@d90a4","45KjMQ9pVHHbNSjb9Wwc2D@6445e","1brw/JvvpFnIvdrxpFCgMZ"],["root","node","data","_mesh","_effectAsset"],[["cc.Mesh",["_native","_hash","_struct"],1,11],["cc.Prefab",[],3],["cc.Node",["_name","_components","_prefab"],2,9,4],["cc.MeshRenderer",["node","__prefab","_materials","bakeSettings","_mesh"],3,1,4,3,4,6],["cc.CompPrefabInfo",["fileId"],2],["cc.ModelBakeSettings",[],3],["cc.PrefabInfo",["fileId","instance","targetOverrides","nestedPrefabInstanceRoots","root","asset"],-1,1,1],["cc.Material",["_name","_states","_defines","_props"],0,12]],[[0,0,1,2,3],[1,1],[2,0,1,2,2],[3,0,1,2,3,4,1],[4,0,2],[5,1],[6,0,1,2,3,4,5,5],[7,0,1,2,3,4]],[[[[0,".bin",4056061200,[{"primitives":[{"primitiveMode":7,"vertexBundelIndices":[0],"indexView":{"offset":15792,"length":2400,"count":600,"stride":4}}],"vertexBundles":[{"view":{"offset":0,"length":15792,"count":329,"stride":48},"attributes":[{"name":"a_position","format":32,"isNormalized":false},{"name":"a_normal","format":32,"isNormalized":false},{"name":"a_texCoord","format":21,"isNormalized":false},{"name":"a_tangent","format":44,"isNormalized":false}]}]},"minPosition",8,[1,-1.477159857749939,-0.034386273473501205,-1.477159857749939],"maxPosition",8,[1,1.477159857749939,0.015000022947788239,1.477159857749939]]],-1],0,0,[],[],[]],[[[1],[2,"Dinosaur_Unlock",[[3,-2,[4,"bbbDgdpnpfpLpE7NaQeuy8"],[0],[5],1]],[6,"49yl466HhUUIa2HB5IMtQG",null,null,null,-1,0]]],0,[0,0,1,0,1,1,0,2,1,2],[0,0],[-1,3],[0,1]],[[[7,"01 - Default",[{"rasterizerState":{},"blendState":{"targets":[{}]},"depthStencilState":{}}],[{}],[[[{"metallic":0.4000000059604645,"roughness":0.7071067690849304},"albedoScale",8,[1,0.5882353186607361,0.5882353186607361,0.5882353186607361]]],11]]],0,0,[0],[4],[2]]]]
