[{"__type__":"cc.SpriteFrame","content":{"name":"weixin","texture":"90336MbvlPP5QPSiMSWXYo","rect":[357,310,90,36],"offset":[0,0],"originalSize":[90,36],"capInsets":[0,0,0,0]}},{"__type__":"cc.SpriteFrame","content":{"name":"pic_q2","texture":"e0kPQXrAlLBp/dRPfCD6sk","rect":[309,625,110,42],"offset":[0,0],"originalSize":[110,42],"capInsets":[33,13,31,13]}},{"__type__":"cc.SpriteFrame","content":{"name":"pic_zfb","texture":"02krqH8i1AdZB/lC2WegR2","rect":[875,371,60,60],"offset":[0,0],"originalSize":[60,60],"capInsets":[0,0,0,0]}},{"__type__":"cc.SpriteFrame","content":{"name":"btn_anniu1","texture":"e0kPQXrAlLBp/dRPfCD6sk","rect":[361,559,152,58],"offset":[0,0],"originalSize":[152,58],"capInsets":[68,22,68,22]}},{"__type__":"cc.SpriteFrame","content":{"name":"pic_q1","texture":"e0kPQXrAlLBp/dRPfCD6sk","rect":[329,669,90,34],"offset":[0,0],"originalSize":[90,34],"capInsets":[21,9,22,13]}},{"__type__":"cc.SpriteFrame","content":{"name":"hb","texture":"e0kPQXrAlLBp/dRPfCD6sk","rect":[575,633,32,32],"offset":[0,0],"originalSize":[32,32],"capInsets":[0,0,0,0]}},{"__type__":"cc.SpriteFrame","content":{"name":"bg_xiangqing2","texture":"e0kPQXrAlLBp/dRPfCD6sk","rect":[1,277,586,134],"offset":[0,0],"originalSize":[586,134],"capInsets":[0,31,0,47]}},[{"__type__":"cc.Prefab","_name":"item_lvlTixian","data":{"__id__":1}},{"__type__":"cc.Node","_name":"item_lvlTixian","_children":[{"__id__":2},{"__id__":4},{"__id__":5},{"__id__":8},{"__id__":11},{"__id__":13},{"__id__":16},{"__id__":19},{"__id__":21},{"__id__":23}],"_components":[{"__type__":"cc.Sprite","node":{"__id__":1},"_materials":[{"__uuid__":"ecpdLyjvZBwrvm+cedCcQy"}],"_spriteFrame":{"__uuid__":"944ED2AspIqLInYlAAQNlN"}},{"__type__":"3a35bfw66JHlYbSG8QeJBK7","node":{"__id__":1}}],"_prefab":{"__type__":"cc.PrefabInfo","root":{"__id__":1},"asset":{"__uuid__":"a1GT44r+NFHIi1/rI/zuiD"},"fileId":"cbZDqZlsRDCK3zZRrsblRG"},"_contentSize":{"__type__":"cc.Size","width":586,"height":134},"_trs":{"__type__":"TypedArray","ctor":"Float64Array","array":[0,-67,0,0,0,0,1,1,1,1]}},{"__type__":"cc.Node","_name":"touxiang","_parent":{"__id__":1},"_children":[{"__id__":3}],"_components":[{"__type__":"cc.Mask","node":{"__id__":2},"_materials":[{"__uuid__":"ecpdLyjvZBwrvm+cedCcQy"}],"_type":1,"_N$alphaThreshold":0}],"_prefab":{"__type__":"cc.PrefabInfo","root":{"__id__":1},"asset":{"__uuid__":"a1GT44r+NFHIi1/rI/zuiD"},"fileId":"cfULyDjJJIaptALdlUllkx"},"_contentSize":{"__type__":"cc.Size","width":70,"height":70},"_trs":{"__type__":"TypedArray","ctor":"Float64Array","array":[-207.992,0,0,0,0,0,1,1,1,1]}},{"__type__":"cc.Node","_name":"avatar","_parent":{"__id__":2},"_components":[{"__type__":"cc.Sprite","node":{"__id__":3},"_materials":[{"__uuid__":"ecpdLyjvZBwrvm+cedCcQy"}],"_spriteFrame":{"__uuid__":"d048izQVVL9oRMaFCVIAx4"},"_sizeMode":0}],"_prefab":{"__type__":"cc.PrefabInfo","root":{"__id__":1},"asset":{"__uuid__":"a1GT44r+NFHIi1/rI/zuiD"},"fileId":"b91VPAbCBMZ7ItJulfgSST"},"_contentSize":{"__type__":"cc.Size","width":70,"height":70},"_trs":{"__type__":"TypedArray","ctor":"Float64Array","array":[0,0,0,0,0,0,1,1,1,1]}},{"__type__":"cc.Node","_name":"lab_lvl","_parent":{"__id__":1},"_components":[{"__type__":"41ebaVoPpRA4Kp67XEdHfZn","node":{"__id__":4},"_materials":[{"__uuid__":"ecpdLyjvZBwrvm+cedCcQy"}],"_string":"等级达到:78","_N$string":"等级达到:78","_fontSize":30,"_lineHeight":30,"_N$file":{"__uuid__":"farb0WbWZMgrGmuICOt0MU"},"_isSystemFontUsed":false,"_N$verticalAlign":1,"_N$overflow":1}],"_prefab":{"__type__":"cc.PrefabInfo","root":{"__id__":1},"asset":{"__uuid__":"a1GT44r+NFHIi1/rI/zuiD"},"fileId":"32GBNxpjhOU67CF++xT+YG"},"_color":{"__type__":"cc.Color","r":145,"g":78},"_contentSize":{"__type__":"cc.Size","width":250,"height":51.8},"_anchorPoint":{"__type__":"cc.Vec2","y":0.5},"_trs":{"__type__":"TypedArray","ctor":"Float64Array","array":[-141.649,0,0,0,0,0,1,1,1,1]}},{"__type__":"cc.Node","_name":"btn_anniu1","_parent":{"__id__":1},"_children":[{"__id__":6},{"__id__":7}],"_components":[{"__type__":"cc.Sprite","node":{"__id__":5},"_materials":[{"__uuid__":"ecpdLyjvZBwrvm+cedCcQy"}],"_spriteFrame":{"__uuid__":"6behprY2BNSZzOZM8oMMB4"}},{"__type__":"cc.Button","node":{"__id__":5},"_normalMaterial":{"__uuid__":"ecpdLyjvZBwrvm+cedCcQy"},"duration":0,"zoomScale":0.9,"_N$transition":3,"transition":3}],"_prefab":{"__type__":"cc.PrefabInfo","root":{"__id__":1},"asset":{"__uuid__":"a1GT44r+NFHIi1/rI/zuiD"},"fileId":"f6pB5XIOpHnpAaWyoafYkR"},"_contentSize":{"__type__":"cc.Size","width":152,"height":58},"_trs":{"__type__":"TypedArray","ctor":"Float64Array","array":[193.397,10.931,0,0,0,0,1,1,1,1]}},{"__type__":"cc.Node","_name":"pic_zfb","_parent":{"__id__":5},"_components":[{"__type__":"cc.Sprite","node":{"__id__":6},"_materials":[{"__uuid__":"ecpdLyjvZBwrvm+cedCcQy"}],"_spriteFrame":{"__uuid__":"2fr314pmxGH6zEgdC1woUf"}}],"_prefab":{"__type__":"cc.PrefabInfo","root":{"__id__":1},"asset":{"__uuid__":"a1GT44r+NFHIi1/rI/zuiD"},"fileId":"d0RNCMFFVIAq5UF91fV5pi"},"_contentSize":{"__type__":"cc.Size","width":90,"height":36},"_trs":{"__type__":"TypedArray","ctor":"Float64Array","array":[-29.37,0,0,0,0,0,1,0.8,0.8,1]}},{"__type__":"cc.Node","_name":"lab_money1","_parent":{"__id__":5},"_components":[{"__type__":"41ebaVoPpRA4Kp67XEdHfZn","node":{"__id__":7},"_materials":[{"__uuid__":"ecpdLyjvZBwrvm+cedCcQy"}],"_string":"提现100元","_N$string":"提现100元","_fontSize":20,"_lineHeight":20,"_N$file":{"__uuid__":"farb0WbWZMgrGmuICOt0MU"},"_isSystemFontUsed":false,"_N$horizontalAlign":1,"_N$verticalAlign":1,"i18n_string":"item_lvlTixian_1_1","i18n_params":["100"]},{"__type__":"cc.LabelOutline","node":{"__id__":7},"_color":{"__type__":"cc.Color"},"_width":2}],"_prefab":{"__type__":"cc.PrefabInfo","root":{"__id__":1},"asset":{"__uuid__":"a1GT44r+NFHIi1/rI/zuiD"},"fileId":"edg0HHLiZL6p3tgqFV6+Ch"},"_contentSize":{"__type__":"cc.Size","width":95.86,"height":29.2},"_trs":{"__type__":"TypedArray","ctor":"Float64Array","array":[18.937,0,0,0,0,0,1,1,1,1]}},{"__type__":"cc.Node","_name":"btn_anniu2","_parent":{"__id__":1},"_children":[{"__id__":9},{"__id__":10}],"_active":false,"_components":[{"__type__":"cc.Sprite","node":{"__id__":8},"_materials":[{"__uuid__":"ecpdLyjvZBwrvm+cedCcQy"}],"_spriteFrame":{"__uuid__":"b68LS54ClMA6ZPbh3SfhxY"}},{"__type__":"cc.Button","node":{"__id__":8},"_normalMaterial":{"__uuid__":"ecpdLyjvZBwrvm+cedCcQy"},"duration":0,"zoomScale":0.9,"_N$transition":3,"transition":3}],"_prefab":{"__type__":"cc.PrefabInfo","root":{"__id__":1},"asset":{"__uuid__":"a1GT44r+NFHIi1/rI/zuiD"},"fileId":"96IcqTlx5H0YbQtoiFY6pB"},"_contentSize":{"__type__":"cc.Size","width":152,"height":58},"_trs":{"__type__":"TypedArray","ctor":"Float64Array","array":[193.662,10.68,0,0,0,0,1,1,1,1]}},{"__type__":"cc.Node","_name":"hb","_parent":{"__id__":8},"_components":[{"__type__":"cc.Sprite","node":{"__id__":9},"_materials":[{"__uuid__":"ecpdLyjvZBwrvm+cedCcQy"}],"_spriteFrame":{"__uuid__":"88DTR5EFFHbpPeEGJb73DR"}}],"_prefab":{"__type__":"cc.PrefabInfo","root":{"__id__":1},"asset":{"__uuid__":"a1GT44r+NFHIi1/rI/zuiD"},"fileId":"a9gxc7qDdBp4NA/lrrzBmk"},"_contentSize":{"__type__":"cc.Size","width":32,"height":32},"_trs":{"__type__":"TypedArray","ctor":"Float64Array","array":[-45.018,0,0,0,0,0,1,1,1,1]}},{"__type__":"cc.Node","_name":"lab_money2","_parent":{"__id__":8},"_components":[{"__type__":"41ebaVoPpRA4Kp67XEdHfZn","node":{"__id__":10},"_materials":[{"__uuid__":"ecpdLyjvZBwrvm+cedCcQy"}],"_string":"100","_N$string":"100","_fontSize":20,"_lineHeight":20,"_N$horizontalAlign":1,"_N$verticalAlign":1},{"__type__":"cc.LabelOutline","node":{"__id__":10},"_color":{"__type__":"cc.Color"},"_width":2}],"_prefab":{"__type__":"cc.PrefabInfo","root":{"__id__":1},"asset":{"__uuid__":"a1GT44r+NFHIi1/rI/zuiD"},"fileId":"20zZBYQiNGK6C5ZqTTCKj7"},"_contentSize":{"__type__":"cc.Size","width":37.37,"height":29.2},"_trs":{"__type__":"TypedArray","ctor":"Float64Array","array":[16.937,0,0,0,0,0,1,1,1,1]}},{"__type__":"cc.Node","_name":"btn_anniu3","_parent":{"__id__":1},"_children":[{"__id__":12}],"_active":false,"_components":[{"__type__":"cc.Sprite","node":{"__id__":11},"_materials":[{"__uuid__":"ecpdLyjvZBwrvm+cedCcQy"}],"_spriteFrame":{"__uuid__":"db+wZaTNxHnqrw2Ljjarjq"}}],"_prefab":{"__type__":"cc.PrefabInfo","root":{"__id__":1},"asset":{"__uuid__":"a1GT44r+NFHIi1/rI/zuiD"},"fileId":"56Q0G3BBlJWZ+uw+kdUjIQ"},"_contentSize":{"__type__":"cc.Size","width":152,"height":60},"_trs":{"__type__":"TypedArray","ctor":"Float64Array","array":[193.662,11.392,0,0,0,0,1,1,1,1]}},{"__type__":"cc.Node","_name":"lab_money3","_parent":{"__id__":11},"_components":[{"__type__":"41ebaVoPpRA4Kp67XEdHfZn","node":{"__id__":12},"_materials":[{"__uuid__":"ecpdLyjvZBwrvm+cedCcQy"}],"_string":"已领取","_N$string":"已领取","_fontSize":20,"_lineHeight":20,"_N$horizontalAlign":1,"_N$verticalAlign":1,"_N$overflow":1,"i18n_string":"item_lvlTixian_1_3"},{"__type__":"cc.LabelOutline","node":{"__id__":12},"_color":{"__type__":"cc.Color","r":91,"g":108,"b":128},"_width":2}],"_prefab":{"__type__":"cc.PrefabInfo","root":{"__id__":1},"asset":{"__uuid__":"a1GT44r+NFHIi1/rI/zuiD"},"fileId":"1948YTZUFI67LHg6UQz2tT"},"_contentSize":{"__type__":"cc.Size","width":102.03,"height":29.2},"_trs":{"__type__":"TypedArray","ctor":"Float64Array","array":[0,0,0,0,0,0,1,1,1,1]}},{"__type__":"cc.Node","_name":"btn_anniu4","_parent":{"__id__":1},"_children":[{"__id__":14},{"__id__":15}],"_active":false,"_components":[{"__type__":"cc.Sprite","node":{"__id__":13},"_materials":[{"__uuid__":"ecpdLyjvZBwrvm+cedCcQy"}],"_spriteFrame":{"__uuid__":"6behprY2BNSZzOZM8oMMB4"}},{"__type__":"cc.Button","node":{"__id__":13},"_normalMaterial":{"__uuid__":"ecpdLyjvZBwrvm+cedCcQy"},"duration":0,"zoomScale":0.9,"_N$transition":3,"transition":3}],"_prefab":{"__type__":"cc.PrefabInfo","root":{"__id__":1},"asset":{"__uuid__":"a1GT44r+NFHIi1/rI/zuiD"},"fileId":"f05JuipSVAi68fGF9Czurt"},"_contentSize":{"__type__":"cc.Size","width":152,"height":58},"_trs":{"__type__":"TypedArray","ctor":"Float64Array","array":[193.662,10.68,0,0,0,0,1,1,1,1]}},{"__type__":"cc.Node","_name":"hb1","_parent":{"__id__":13},"_components":[{"__type__":"cc.Sprite","node":{"__id__":14},"_materials":[{"__uuid__":"ecpdLyjvZBwrvm+cedCcQy"}],"_spriteFrame":{"__uuid__":"88DTR5EFFHbpPeEGJb73DR"}}],"_prefab":{"__type__":"cc.PrefabInfo","root":{"__id__":1},"asset":{"__uuid__":"a1GT44r+NFHIi1/rI/zuiD"},"fileId":"5bEC7Xqz1LiLWAla8VkLhB"},"_contentSize":{"__type__":"cc.Size","width":32,"height":32},"_trs":{"__type__":"TypedArray","ctor":"Float64Array","array":[-45.018,0,0,0,0,0,1,1,1,1]}},{"__type__":"cc.Node","_name":"lab_money4","_parent":{"__id__":13},"_components":[{"__type__":"41ebaVoPpRA4Kp67XEdHfZn","node":{"__id__":15},"_materials":[{"__uuid__":"ecpdLyjvZBwrvm+cedCcQy"}],"_string":"10000","_N$string":"10000","_fontSize":20,"_lineHeight":20,"_N$horizontalAlign":1,"_N$verticalAlign":1},{"__type__":"cc.LabelOutline","node":{"__id__":15},"_color":{"__type__":"cc.Color"},"_width":2}],"_prefab":{"__type__":"cc.PrefabInfo","root":{"__id__":1},"asset":{"__uuid__":"a1GT44r+NFHIi1/rI/zuiD"},"fileId":"46Dwo/Ey1GzKc3yczs8ZvQ"},"_contentSize":{"__type__":"cc.Size","width":59.62,"height":29.2},"_trs":{"__type__":"TypedArray","ctor":"Float64Array","array":[16.937,0,0,0,0,0,1,1,1,1]}},{"__type__":"cc.Node","_name":"btn_anniu5","_parent":{"__id__":1},"_children":[{"__id__":17},{"__id__":18}],"_active":false,"_components":[{"__type__":"cc.Sprite","node":{"__id__":16},"_materials":[{"__uuid__":"ecpdLyjvZBwrvm+cedCcQy"}],"_spriteFrame":{"__uuid__":"b68LS54ClMA6ZPbh3SfhxY"}},{"__type__":"cc.Button","node":{"__id__":16},"_normalMaterial":{"__uuid__":"ecpdLyjvZBwrvm+cedCcQy"},"duration":0,"zoomScale":0.9,"_N$transition":3,"transition":3}],"_prefab":{"__type__":"cc.PrefabInfo","root":{"__id__":1},"asset":{"__uuid__":"a1GT44r+NFHIi1/rI/zuiD"},"fileId":"f5dfOT/sZJWJadI95dxEPr"},"_contentSize":{"__type__":"cc.Size","width":152,"height":58},"_trs":{"__type__":"TypedArray","ctor":"Float64Array","array":[193.397,10.931,0,0,0,0,1,1,1,1]}},{"__type__":"cc.Node","_name":"pic_zfb2","_parent":{"__id__":16},"_components":[{"__type__":"cc.Sprite","node":{"__id__":17},"_materials":[{"__uuid__":"ecpdLyjvZBwrvm+cedCcQy"}],"_spriteFrame":{"__uuid__":"51LCoCUrJFrZFUerjFHM/x"},"_sizeMode":0}],"_prefab":{"__type__":"cc.PrefabInfo","root":{"__id__":1},"asset":{"__uuid__":"a1GT44r+NFHIi1/rI/zuiD"},"fileId":"ffmcf3zOhFUpwf/WtDYMtG"},"_contentSize":{"__type__":"cc.Size","width":32,"height":32},"_trs":{"__type__":"TypedArray","ctor":"Float64Array","array":[-49.276,0,0,0,0,0,1,1,1,1]}},{"__type__":"cc.Node","_name":"lab_money5","_parent":{"__id__":16},"_components":[{"__type__":"41ebaVoPpRA4Kp67XEdHfZn","node":{"__id__":18},"_materials":[{"__uuid__":"ecpdLyjvZBwrvm+cedCcQy"}],"_string":"提现100元","_N$string":"提现100元","_fontSize":20,"_lineHeight":20,"_N$horizontalAlign":1,"_N$verticalAlign":1,"i18n_string":"item_lvlTixian_1_1","i18n_params":["100"]},{"__type__":"cc.LabelOutline","node":{"__id__":18},"_color":{"__type__":"cc.Color"},"_width":2}],"_prefab":{"__type__":"cc.PrefabInfo","root":{"__id__":1},"asset":{"__uuid__":"a1GT44r+NFHIi1/rI/zuiD"},"fileId":"b3FZaTe+lNcKOWfbxbiNPr"},"_contentSize":{"__type__":"cc.Size","width":78.17,"height":29.2},"_trs":{"__type__":"TypedArray","ctor":"Float64Array","array":[16.937,0,0,0,0,0,1,1,1,1]}},{"__type__":"cc.Node","_name":"pic_q1","_parent":{"__id__":1},"_children":[{"__id__":20}],"_components":[{"__type__":"cc.Sprite","node":{"__id__":19},"_materials":[{"__uuid__":"ecpdLyjvZBwrvm+cedCcQy"}],"_spriteFrame":{"__uuid__":"7fPL7F2IRAuLSQtWTFBsp2"},"_type":1,"_sizeMode":0},{"__type__":"cc.Layout","node":{"__id__":19},"_layoutSize":{"__type__":"cc.Size","width":118.3,"height":34},"_resize":1,"_N$layoutType":1,"_N$paddingLeft":20,"_N$paddingRight":20}],"_prefab":{"__type__":"cc.PrefabInfo","root":{"__id__":1},"asset":{"__uuid__":"a1GT44r+NFHIi1/rI/zuiD"},"fileId":"445I9hJCVHM5XHifxCgRRo"},"_contentSize":{"__type__":"cc.Size","width":118.3,"height":34},"_trs":{"__type__":"TypedArray","ctor":"Float64Array","array":[126.684,45.501,0,0,0,0,1,1,1,1]}},{"__type__":"cc.Node","_name":"font_xianjin_100","_parent":{"__id__":19},"_components":[{"__type__":"41ebaVoPpRA4Kp67XEdHfZn","node":{"__id__":20},"_materials":[{"__uuid__":"ecpdLyjvZBwrvm+cedCcQy"}],"_string":"领100元现金","_N$string":"领100元现金","_fontSize":14,"_lineHeight":14,"_N$file":{"__uuid__":"farb0WbWZMgrGmuICOt0MU"},"_isSystemFontUsed":false,"_N$horizontalAlign":1,"_N$verticalAlign":1,"i18n_string":"item_lvlTixian_1_4"}],"_prefab":{"__type__":"cc.PrefabInfo","root":{"__id__":1},"asset":{"__uuid__":"a1GT44r+NFHIi1/rI/zuiD"},"fileId":"18V/P1tlNNSK93B+uWAI+X"},"_contentSize":{"__type__":"cc.Size","width":78.3,"height":17.64},"_trs":{"__type__":"TypedArray","ctor":"Float64Array","array":[0,4.168,0,0,0,0,1,1,1,1]}},{"__type__":"cc.Node","_name":"pic_q2","_parent":{"__id__":1},"_children":[{"__id__":22}],"_components":[{"__type__":"cc.Sprite","node":{"__id__":21},"_materials":[{"__uuid__":"ecpdLyjvZBwrvm+cedCcQy"}],"_spriteFrame":{"__uuid__":"47FeQJDhFJ0IYd66GEhUDO"},"_type":1,"_sizeMode":0},{"__type__":"cc.Layout","node":{"__id__":21},"_layoutSize":{"__type__":"cc.Size","width":116.9,"height":42},"_resize":1,"_N$layoutType":1,"_N$paddingLeft":30,"_N$paddingRight":30}],"_prefab":{"__type__":"cc.PrefabInfo","root":{"__id__":1},"asset":{"__uuid__":"a1GT44r+NFHIi1/rI/zuiD"},"fileId":"1enwWx+8lAS7kx7FBD7F0u"},"_contentSize":{"__type__":"cc.Size","width":116.9,"height":42},"_trs":{"__type__":"TypedArray","ctor":"Float64Array","array":[126,45.197,0,0,0,0,1,1,1,1]}},{"__type__":"cc.Node","_name":"font_xianjin","_parent":{"__id__":21},"_components":[{"__type__":"41ebaVoPpRA4Kp67XEdHfZn","node":{"__id__":22},"_materials":[{"__uuid__":"ecpdLyjvZBwrvm+cedCcQy"}],"_string":"¥现金哦","_N$string":"¥现金哦","_fontSize":16,"_lineHeight":16,"_N$horizontalAlign":1,"_N$verticalAlign":1,"i18n_string":"item_lvlTixian_1_5"}],"_prefab":{"__type__":"cc.PrefabInfo","root":{"__id__":1},"asset":{"__uuid__":"a1GT44r+NFHIi1/rI/zuiD"},"fileId":"2blhRRCXBHNIM8kyGT7R5d"},"_contentSize":{"__type__":"cc.Size","width":56.9,"height":20.16},"_trs":{"__type__":"TypedArray","ctor":"Float64Array","array":[-3.552713678800501e-15,4.257,0,0,0,0,1,1,1,1]}},{"__type__":"cc.Node","_name":"hb_sum","_parent":{"__id__":1},"_components":[{"__type__":"41ebaVoPpRA4Kp67XEdHfZn","node":{"__id__":23},"_materials":[{"__uuid__":"ecpdLyjvZBwrvm+cedCcQy"}],"_string":"（贡献+8000）","_N$string":"（贡献+8000）","_fontSize":20,"_lineHeight":20,"_N$file":{"__uuid__":"farb0WbWZMgrGmuICOt0MU"},"_isSystemFontUsed":false,"_N$horizontalAlign":1,"_N$verticalAlign":1,"i18n_string":"item_lvlTixian_1_6","i18n_params":["8000"]}],"_prefab":{"__type__":"cc.PrefabInfo","root":{"__id__":1},"asset":{"__uuid__":"a1GT44r+NFHIi1/rI/zuiD"},"fileId":"d57wFm+MBNMI2+rHnLPLVw"},"_color":{"__type__":"cc.Color","r":255},"_contentSize":{"__type__":"cc.Size","width":134.32,"height":25.2},"_trs":{"__type__":"TypedArray","ctor":"Float64Array","array":[197.837,-33.83,0,0,0,0,1,1,1,1]}}],{"__type__":"cc.SpriteFrame","content":{"name":"btn_anniu2","texture":"e0kPQXrAlLBp/dRPfCD6sk","rect":[155,625,152,58],"offset":[0,0],"originalSize":[152,58],"capInsets":[68,22,68,22]}},{"__type__":"cc.SpriteFrame","content":{"name":"touxiang","texture":"e0kPQXrAlLBp/dRPfCD6sk","rect":[533,471,70,70],"offset":[0,0],"originalSize":[70,70],"capInsets":[0,0,0,0]}},{"__type__":"cc.SpriteFrame","content":{"name":"btn_anniu3","texture":"e0kPQXrAlLBp/dRPfCD6sk","rect":[1,625,152,60],"offset":[0,0],"originalSize":[152,60],"capInsets":[12,12,12,12]}}]