[[{"__type__":"cc.Prefab","_name":"share_layer","data":{"__id__":1}},{"__type__":"cc.Node","_name":"share_layer","_children":[{"__id__":2},{"__id__":3}],"_components":[{"__type__":"16f9ddQ+hBMxLa2NG7CDMRG","node":{"__id__":1}},{"__type__":"cc.Widget","node":{"__id__":1},"_alignFlags":45}],"_prefab":{"__type__":"cc.PrefabInfo","root":{"__id__":1},"asset":{"__uuid__":"161vjBEUFLcK/G20Jbqzdd"},"fileId":"cfooLAjkZJ5LdM3A+MfBUA"},"_contentSize":{"__type__":"cc.Size","width":750,"height":1334},"_trs":{"__type__":"TypedArray","ctor":"Float64Array","array":[375,667,0,0,0,0,1,1,1,1]}},{"__type__":"cc.Node","_name":"mask","_parent":{"__id__":1},"_components":[{"__type__":"cc.Sprite","node":{"__id__":2},"_materials":[{"__uuid__":"ecpdLyjvZBwrvm+cedCcQy"}],"_spriteFrame":{"__uuid__":"a2MjXRFdtLlYQ5ouAFv/+R"},"_sizeMode":0},{"__type__":"cc.Widget","node":{"__id__":2},"_alignFlags":45,"_originalWidth":40,"_originalHeight":36},{"__type__":"cc.BlockInputEvents","node":{"__id__":2}}],"_prefab":{"__type__":"cc.PrefabInfo","root":{"__id__":1},"asset":{"__uuid__":"161vjBEUFLcK/G20Jbqzdd"},"fileId":"ccobckIHtHUK4IEksQ3c59"},"_opacity":130,"_color":{"__type__":"cc.Color"},"_contentSize":{"__type__":"cc.Size","width":750,"height":1334},"_trs":{"__type__":"TypedArray","ctor":"Float64Array","array":[0,0,0,0,0,0,1,1,1,1]}},{"__type__":"cc.Node","_name":"bgNode","_parent":{"__id__":1},"_children":[{"__id__":4},{"__id__":5},{"__id__":6},{"__id__":7}],"_components":[{"__type__":"cc.Sprite","node":{"__id__":3},"_materials":[{"__uuid__":"ecpdLyjvZBwrvm+cedCcQy"}],"_spriteFrame":{"__uuid__":"9fruulBRxJR4rc+aP4XDDI"}},{"__type__":"cc.Widget","node":{"__id__":3},"_alignFlags":44,"_originalWidth":750}],"_prefab":{"__type__":"cc.PrefabInfo","root":{"__id__":1},"asset":{"__uuid__":"161vjBEUFLcK/G20Jbqzdd"},"fileId":"85vvIgdN1LLK/UEciRJFFC"},"_contentSize":{"__type__":"cc.Size","width":750,"height":344},"_trs":{"__type__":"TypedArray","ctor":"Float64Array","array":[0,-495,0,0,0,0,1,1,1,1]}},{"__type__":"cc.Node","_name":"ic_weixin","_parent":{"__id__":3},"_components":[{"__type__":"cc.Sprite","node":{"__id__":4},"_materials":[{"__uuid__":"ecpdLyjvZBwrvm+cedCcQy"}],"_spriteFrame":{"__uuid__":"39DQwZA6lMB6lD9XKnLcbX"}}],"_prefab":{"__type__":"cc.PrefabInfo","root":{"__id__":1},"asset":{"__uuid__":"161vjBEUFLcK/G20Jbqzdd"},"fileId":"e9s1mUGw9OLL1Vgs+RYm96"},"_contentSize":{"__type__":"cc.Size","width":120,"height":120},"_trs":{"__type__":"TypedArray","ctor":"Float64Array","array":[-139,33,0,0,0,0,1,1,1,1]}},{"__type__":"cc.Node","_name":"ic_pengyouquan","_parent":{"__id__":3},"_components":[{"__type__":"cc.Sprite","node":{"__id__":5},"_materials":[{"__uuid__":"ecpdLyjvZBwrvm+cedCcQy"}],"_spriteFrame":{"__uuid__":"bam5RPukpP0pb4nK11afvJ"}}],"_prefab":{"__type__":"cc.PrefabInfo","root":{"__id__":1},"asset":{"__uuid__":"161vjBEUFLcK/G20Jbqzdd"},"fileId":"e2jPPuE0xJga2lfTqP5KYu"},"_contentSize":{"__type__":"cc.Size","width":120,"height":120},"_trs":{"__type__":"TypedArray","ctor":"Float64Array","array":[136,34,0,0,0,0,1,1,1,1]}},{"__type__":"cc.Node","_name":"fenge","_parent":{"__id__":3},"_components":[{"__type__":"cc.Sprite","node":{"__id__":6},"_materials":[{"__uuid__":"ecpdLyjvZBwrvm+cedCcQy"}],"_spriteFrame":{"__uuid__":"d1y30W3MhG/IrYSYlvIBvI"}}],"_prefab":{"__type__":"cc.PrefabInfo","root":{"__id__":1},"asset":{"__uuid__":"161vjBEUFLcK/G20Jbqzdd"},"fileId":"17ev6Ft+NH4qq9s/L1nO+v"},"_contentSize":{"__type__":"cc.Size","width":700,"height":1},"_trs":{"__type__":"TypedArray","ctor":"Float64Array","array":[0,-81,0,0,0,0,1,1,1,1]}},{"__type__":"cc.Node","_name":"btn_back","_parent":{"__id__":3},"_children":[{"__id__":8}],"_components":[{"__type__":"cc.Button","node":{"__id__":7},"zoomScale":0.9,"_N$transition":3,"transition":3}],"_prefab":{"__type__":"cc.PrefabInfo","root":{"__id__":1},"asset":{"__uuid__":"161vjBEUFLcK/G20Jbqzdd"},"fileId":"c1V9ssPa1I25FUVYXbAZxw"},"_contentSize":{"__type__":"cc.Size","width":750,"height":90},"_trs":{"__type__":"TypedArray","ctor":"Float64Array","array":[0,-126,0,0,0,0,1,1,1,1]}},{"__type__":"cc.Node","_name":"quxiaobal","_parent":{"__id__":7},"_components":[{"__type__":"41ebaVoPpRA4Kp67XEdHfZn","node":{"__id__":8},"_materials":[{"__uuid__":"ecpdLyjvZBwrvm+cedCcQy"}],"_string":"取消","_N$string":"取消","_fontSize":30,"_lineHeight":30,"_N$file":{"__uuid__":"farb0WbWZMgrGmuICOt0MU"},"_isSystemFontUsed":false,"_N$horizontalAlign":1,"_N$verticalAlign":1,"i18n_string":"share_layer_1_1"}],"_prefab":{"__type__":"cc.PrefabInfo","root":{"__id__":1},"asset":{"__uuid__":"161vjBEUFLcK/G20Jbqzdd"},"fileId":"1atR00M3VCB7QDjJSVDaxs"},"_color":{"__type__":"cc.Color"},"_contentSize":{"__type__":"cc.Size","width":60,"height":37.8},"_trs":{"__type__":"TypedArray","ctor":"Float64Array","array":[-17,-5,0,0,0,0,1,1,1,1]}}],{"__type__":"cc.SpriteFrame","content":{"name":"ic_weixin","texture":"70uZhxIuNEn4cyfrG7FT01","rect":[777,681,120,120],"offset":[0,0],"originalSize":[120,120],"capInsets":[0,0,0,0]}},{"__type__":"cc.SpriteFrame","content":{"name":"footerdi","texture":"69j2neTyxMh5x3a8gATAx1","rect":[0,0,750,344],"offset":[0,0],"originalSize":[750,344],"capInsets":[0,0,0,0]}},{"__type__":"cc.SpriteFrame","content":{"name":"default_sprite_splash","texture":"02delMVqdBD70a/HSD99FK","rect":[0,0,2,2],"offset":[0,0],"originalSize":[2,2],"capInsets":[0,0,0,0]}},{"__type__":"cc.SpriteFrame","content":{"name":"ic_pengyouquan","texture":"70uZhxIuNEn4cyfrG7FT01","rect":[720,559,120,120],"offset":[0,0],"originalSize":[120,120],"capInsets":[0,0,0,0]}},{"__type__":"cc.SpriteFrame","content":{"name":"fenge","texture":"70uZhxIuNEn4cyfrG7FT01","rect":[1,685,700,1],"offset":[0,0],"originalSize":[700,1],"capInsets":[0,0,0,0]}}]