[{"__type__":"cc.SpriteFrame","content":{"name":"bg_bottom","texture":"02krqH8i1AdZB/lC2WegR2","rect":[1,137,750,55],"offset":[0,0],"originalSize":[750,55],"capInsets":[0,0,0,0]}},{"__type__":"cc.SpriteFrame","content":{"name":"buyAnimSpr","texture":"bfREM59dpJ15YNVX63/2vB","rect":[0,12,420,161],"offset":[0,-6],"originalSize":[420,173],"capInsets":[0,0,0,0]}},[{"__type__":"cc.SceneAsset","_name":"hallScene","scene":{"__id__":1},"asyncLoadAssets":null},{"__type__":"cc.Scene","_name":"New Node","_children":[{"__id__":2}],"_active":false,"_anchorPoint":{"__type__":"cc.Vec2"},"_trs":{"__type__":"TypedArray","ctor":"Float64Array","array":[0,0,0,0,0,0,1,1,1,1]},"autoReleaseAssets":false},{"__type__":"cc.Node","_name":"Canvas","_parent":{"__id__":1},"_children":[{"__id__":3},{"__id__":4},{"__id__":5},{"__id__":6},{"__id__":7},{"__id__":12},{"__id__":13},{"__id__":18},{"__id__":23},{"__id__":25},{"__id__":31},{"__id__":113},{"__id__":114},{"__id__":116},{"__id__":135}],"_components":[{"__type__":"cc.Sprite","node":{"__id__":140},"_materials":[{"__uuid__":"ecpdLyjvZBwrvm+cedCcQy"}],"_spriteFrame":{"__uuid__":"20IU6BUUBBV6MYOFRk6ygf"}},{"__type__":"f338b8e+2hBQLFuLMl1AOjV","node":{"__id__":2},"icon_pao":{"__uuid__":"f2IX74R2JDrIgNu1gkhNWM"},"item_pao":{"__uuid__":"afTcOWzH5D75bpT0H5BqOe"},"hbSpr":{"__uuid__":"d7yO+rwDtPepaDOkmOet3q"},"hecehng":{"__uuid__":"eaomMw47hEppduVKZjGYUr"},"hbalert":{"__uuid__":"e9fDsB9m9JVr+p1OSG0B91"},"guaidie":{"__uuid__":"daxrL78LlFOLLwAjU0xwbs"},"guai":{"__uuid__":"ebcXUkKFNPZ7PkQCOXmRiS"},"enemy_pre":{"__uuid__":"fdYRpHxGNPKptFqSgh07Vu"}},{"__type__":"cc.Canvas","node":{"__id__":2},"_designResolution":{"__type__":"cc.Size","width":750,"height":1334},"_fitWidth":true,"_fitHeight":false},{"__type__":"cc.Widget","node":{"__id__":2},"_alignFlags":45,"_originalWidth":750,"_originalHeight":1334}],"_contentSize":{"__type__":"cc.Size","width":750,"height":1334},"_trs":{"__type__":"TypedArray","ctor":"Float64Array","array":[375,667,0,0,0,0,1,1,1,1]},"_id":"a5esZu+45LA5mBpvttspPD"},{"__type__":"cc.Node","_name":"Main Camera","_parent":{"__id__":2},"_components":[{"__type__":"cc.Camera","node":{"__id__":3},"_clearFlags":7,"_backgroundColor":{"__type__":"cc.Color","a":0},"_depth":-1}],"_trs":{"__type__":"TypedArray","ctor":"Float64Array","array":[0,0,564.648563267454,0,0,0,1,1,1,1]}},{"__type__":"cc.Node","_name":"background","_parent":{"__id__":2},"_components":[{"__type__":"cc.Sprite","node":{"__id__":4},"_materials":[{"__uuid__":"ecpdLyjvZBwrvm+cedCcQy"}],"_spriteFrame":{"__uuid__":"fcirSupWVJRIUzLBl+N/53"}},{"__type__":"cc.Widget","node":{"__id__":4},"_alignFlags":1,"_top":-59}],"_contentSize":{"__type__":"cc.Size","width":750,"height":1700},"_trs":{"__type__":"TypedArray","ctor":"Float64Array","array":[0,-124,0,0,0,0,1,1,1,1]}},{"__type__":"cc.Node","_name":"bg_top","_parent":{"__id__":2},"_components":[{"__type__":"cc.Sprite","node":{"__id__":5},"_materials":[{"__uuid__":"ecpdLyjvZBwrvm+cedCcQy"}],"_spriteFrame":{"__uuid__":"feCv91WZxEWLnx1LRJtN7e"}},{"__type__":"cc.Widget","node":{"__id__":5},"_alignFlags":41,"_originalWidth":750}],"_contentSize":{"__type__":"cc.Size","width":750,"height":134},"_trs":{"__type__":"TypedArray","ctor":"Float64Array","array":[0,600,0,0,0,0,1,1,1,1]}},{"__type__":"cc.Node","_name":"spr_avatar","_parent":{"__id__":2},"_components":[{"__type__":"cc.Sprite","node":{"__id__":6},"_materials":[{"__uuid__":"ecpdLyjvZBwrvm+cedCcQy"}],"_sizeMode":0},{"__type__":"cc.Widget","node":{"__id__":6},"_alignFlags":9,"_left":30.5,"_top":37.5}],"_contentSize":{"__type__":"cc.Size","width":63,"height":63},"_trs":{"__type__":"TypedArray","ctor":"Float64Array","array":[-313,598,0,0,0,0,1,1,1,1]}},{"__type__":"cc.Node","_name":"bg_dengjidi","_parent":{"__id__":2},"_children":[{"__id__":8}],"_components":[{"__type__":"cc.Sprite","node":{"__id__":7},"_materials":[{"__uuid__":"ecpdLyjvZBwrvm+cedCcQy"}],"_spriteFrame":{"__uuid__":"ddBMIRW7lL2olibP+wIRth"}},{"__type__":"cc.Widget","node":{"__id__":7},"_alignFlags":9,"_left":28,"_top":97}],"_contentSize":{"__type__":"cc.Size","width":68,"height":26},"_trs":{"__type__":"TypedArray","ctor":"Float64Array","array":[-313,557,0,0,0,0,1,1,1,1]}},{"__type__":"cc.Node","_name":"top_jindu_progress","_parent":{"__id__":7},"_children":[{"__id__":9},{"__id__":11}],"_components":[{"__type__":"cc.Sprite","node":{"__id__":8},"_materials":[{"__uuid__":"ecpdLyjvZBwrvm+cedCcQy"}],"_spriteFrame":{"__uuid__":"e5jk3ISXNJlZNrPzDitLM5"},"_type":1,"_sizeMode":0},{"__type__":"cc.ProgressBar","node":{"__id__":8},"_N$totalLength":62,"_N$barSprite":{"__id__":10}}],"_contentSize":{"__type__":"cc.Size","width":64,"height":15.5},"_trs":{"__type__":"TypedArray","ctor":"Float64Array","array":[0,-3,0,0,0,0,1,1,1,1]}},{"__type__":"cc.Node","_name":"top_jindu_bar","_parent":{"__id__":8},"_components":[{"__id__":10}],"_contentSize":{"__type__":"cc.Size","width":62,"height":16},"_anchorPoint":{"__type__":"cc.Vec2","y":0.5},"_trs":{"__type__":"TypedArray","ctor":"Float64Array","array":[-31,0,0,0,0,0,1,1,1,1]}},{"__type__":"cc.Sprite","node":{"__id__":9},"_materials":[{"__uuid__":"ecpdLyjvZBwrvm+cedCcQy"}],"_spriteFrame":{"__uuid__":"44wg3RCWlJvoHLcSaHBzgr"},"_type":3},{"__type__":"cc.Node","_name":"top_jindu_data","_parent":{"__id__":8},"_components":[{"__type__":"cc.Label","node":{"__id__":11},"_materials":[{"__uuid__":"ecpdLyjvZBwrvm+cedCcQy"}],"_useOriginalSize":false,"_string":"LV.6","_N$string":"LV.6","_fontSize":15,"_lineHeight":15,"_N$file":{"__uuid__":"farb0WbWZMgrGmuICOt0MU"},"_isSystemFontUsed":false,"_N$horizontalAlign":1,"_N$verticalAlign":1}],"_contentSize":{"__type__":"cc.Size","width":37.62,"height":18.9},"_trs":{"__type__":"TypedArray","ctor":"Float64Array","array":[0,0,0,0,0,0,1,1,1,1]}},{"__type__":"cc.Node","_name":"bg_touxiang","_parent":{"__id__":2},"_components":[{"__type__":"cc.Sprite","node":{"__id__":12},"_materials":[{"__uuid__":"ecpdLyjvZBwrvm+cedCcQy"}],"_spriteFrame":{"__uuid__":"38YbdFaMVGuJg57Hj6rYRp"}},{"__type__":"cc.Widget","node":{"__id__":12},"_alignFlags":9,"_left":27,"_top":34}],"_contentSize":{"__type__":"cc.Size","width":70,"height":70},"_trs":{"__type__":"TypedArray","ctor":"Float64Array","array":[-313,598,0,0,0,0,1,1,1,1]}},{"__type__":"cc.Node","_name":"bg_jingyandi","_parent":{"__id__":2},"_children":[{"__id__":14},{"__id__":15},{"__id__":16}],"_components":[{"__type__":"cc.Sprite","node":{"__id__":13},"_materials":[{"__uuid__":"ecpdLyjvZBwrvm+cedCcQy"}],"_spriteFrame":{"__uuid__":"e5jk3ISXNJlZNrPzDitLM5"},"_type":1,"_sizeMode":0},{"__type__":"cc.Widget","node":{"__id__":13},"_alignFlags":9,"_left":227.84,"_top":49},{"__type__":"cc.Layout","node":{"__id__":13},"_layoutSize":{"__type__":"cc.Size","width":231,"height":46},"_resize":1,"_N$layoutType":1,"_N$paddingLeft":-10,"_N$paddingRight":6,"_N$spacingX":25}],"_contentSize":{"__type__":"cc.Size","width":231,"height":46},"_anchorPoint":{"__type__":"cc.Vec2","x":1,"y":0.5},"_trs":{"__type__":"TypedArray","ctor":"Float64Array","array":[83.84,595,0,0,0,0,1,1,1,1]}},{"__type__":"cc.Node","_name":"ic_hongbao","_parent":{"__id__":13},"_components":[{"__type__":"cc.Sprite","node":{"__id__":14},"_materials":[{"__uuid__":"ecpdLyjvZBwrvm+cedCcQy"}],"_spriteFrame":{"__uuid__":"d7yO+rwDtPepaDOkmOet3q"}}],"_contentSize":{"__type__":"cc.Size","width":50,"height":50},"_trs":{"__type__":"TypedArray","ctor":"Float64Array","array":[-216,0,0,0,0,0,1,1,1,1]}},{"__type__":"cc.Node","_name":"hb_sum","_parent":{"__id__":13},"_components":[{"__type__":"cc.Label","node":{"__id__":15},"_materials":[{"__uuid__":"ecpdLyjvZBwrvm+cedCcQy"}],"_string":"1234","_N$string":"1234","_fontSize":25,"_lineHeight":25,"_N$file":{"__uuid__":"41fwEWuyVLWaqNiOyZwKIo"},"_isSystemFontUsed":false,"_N$horizontalAlign":1,"_N$verticalAlign":1}],"_contentSize":{"__type__":"cc.Size","width":65,"height":25},"_trs":{"__type__":"TypedArray","ctor":"Float64Array","array":[-133.5,-1,0,0,0,0,1,1,1,1]}},{"__type__":"cc.Node","_name":"btn_tixian","_parent":{"__id__":13},"_children":[{"__id__":17}],"_components":[{"__type__":"cc.Sprite","node":{"__id__":16},"_materials":[{"__uuid__":"ecpdLyjvZBwrvm+cedCcQy"}],"_spriteFrame":{"__uuid__":"bfOeKaIaRHWYN+l5L9QqNP"},"_type":1,"_sizeMode":0},{"__type__":"cc.Button","node":{"__id__":16},"_normalMaterial":{"__uuid__":"ecpdLyjvZBwrvm+cedCcQy"},"zoomScale":0.9,"_N$transition":3,"transition":3},{"__type__":"cc.Layout","node":{"__id__":16},"_layoutSize":{"__type__":"cc.Size","width":70,"height":36},"_resize":1,"_N$layoutType":1,"_N$paddingLeft":15,"_N$paddingRight":15}],"_contentSize":{"__type__":"cc.Size","width":70,"height":36},"_anchorPoint":{"__type__":"cc.Vec2","x":1,"y":0.5},"_trs":{"__type__":"TypedArray","ctor":"Float64Array","array":[-6,-1,0,0,0,0,1,1,1,1]}},{"__type__":"cc.Node","_name":"font_tixian","_parent":{"__id__":16},"_components":[{"__type__":"41ebaVoPpRA4Kp67XEdHfZn","node":{"__id__":17},"_materials":[{"__uuid__":"ecpdLyjvZBwrvm+cedCcQy"}],"_string":"提现","_N$string":"提现","_fontSize":18,"_lineHeight":18,"_N$file":{"__uuid__":"farb0WbWZMgrGmuICOt0MU"},"_isSystemFontUsed":false,"_N$horizontalAlign":1,"i18n_string":"hallScene_1_1"},{"__type__":"cc.LabelOutline","node":{"__id__":17},"_color":{"__type__":"cc.Color","r":111,"g":61,"b":7},"_width":2}],"_contentSize":{"__type__":"cc.Size","width":40,"height":26.68},"_trs":{"__type__":"TypedArray","ctor":"Float64Array","array":[-35,0,0,0,0,0,1,1,1,1]}},{"__type__":"cc.Node","_name":"bg_jingyandito","_parent":{"__id__":2},"_children":[{"__id__":19},{"__id__":20},{"__id__":22}],"_components":[{"__type__":"cc.Sprite","node":{"__id__":18},"_materials":[{"__uuid__":"ecpdLyjvZBwrvm+cedCcQy"}],"_spriteFrame":{"__uuid__":"e5jk3ISXNJlZNrPzDitLM5"},"_type":1,"_sizeMode":0},{"__type__":"cc.Widget","node":{"__id__":18},"_alignFlags":33,"_right":2.3149999999999977,"_top":49}],"_contentSize":{"__type__":"cc.Size","width":257.37,"height":46},"_trs":{"__type__":"TypedArray","ctor":"Float64Array","array":[244,595,0,0,0,0,1,1,1,1]}},{"__type__":"cc.Node","_name":"ic_rmb","_parent":{"__id__":18},"_components":[{"__type__":"cc.Sprite","node":{"__id__":19},"_materials":[{"__uuid__":"ecpdLyjvZBwrvm+cedCcQy"}],"_spriteFrame":{"__uuid__":"6e514hQ7tHqpAm7RYCZ58e"}}],"_contentSize":{"__type__":"cc.Size","width":50,"height":50},"_trs":{"__type__":"TypedArray","ctor":"Float64Array","array":[-122.685,0,0,0,0,0,1,1,1,1]}},{"__type__":"cc.Node","_name":"btn_lingqu","_parent":{"__id__":18},"_children":[{"__id__":21}],"_components":[{"__type__":"cc.Sprite","node":{"__id__":20},"_materials":[{"__uuid__":"ecpdLyjvZBwrvm+cedCcQy"}],"_spriteFrame":{"__uuid__":"1fxGmjKQZDmqZI186KDu8N"}},{"__type__":"cc.Button","node":{"__id__":20},"_normalMaterial":{"__uuid__":"ecpdLyjvZBwrvm+cedCcQy"},"zoomScale":0.9,"_N$transition":3,"transition":3}],"_contentSize":{"__type__":"cc.Size","width":72,"height":36},"_trs":{"__type__":"TypedArray","ctor":"Float64Array","array":[87,-1,0,0,0,0,1,1,1,1]}},{"__type__":"cc.Node","_name":"font_lingqu","_parent":{"__id__":20},"_components":[{"__type__":"41ebaVoPpRA4Kp67XEdHfZn","node":{"__id__":21},"_materials":[{"__uuid__":"ecpdLyjvZBwrvm+cedCcQy"}],"_string":"领取","_N$string":"领取","_fontSize":18,"_lineHeight":18,"_N$file":{"__uuid__":"farb0WbWZMgrGmuICOt0MU"},"_isSystemFontUsed":false,"i18n_string":"hallScene_1_2"},{"__type__":"cc.LabelOutline","node":{"__id__":21},"_color":{"__type__":"cc.Color","r":49,"g":84,"b":20},"_width":2}],"_contentSize":{"__type__":"cc.Size","width":40,"height":26.68},"_trs":{"__type__":"TypedArray","ctor":"Float64Array","array":[0,0,0,0,0,0,1,1,1,1]}},{"__type__":"cc.Node","_name":"rmb_sum","_parent":{"__id__":18},"_components":[{"__type__":"cc.Label","node":{"__id__":22},"_materials":[{"__uuid__":"ecpdLyjvZBwrvm+cedCcQy"}],"_string":"11111.00","_N$string":"11111.00","_fontSize":25,"_lineHeight":25,"_N$file":{"__uuid__":"41fwEWuyVLWaqNiOyZwKIo"},"_isSystemFontUsed":false}],"_contentSize":{"__type__":"cc.Size","width":110.63,"height":25},"_trs":{"__type__":"TypedArray","ctor":"Float64Array","array":[-23.5,-1,0,0,0,0,1,1,1,1]}},{"__type__":"cc.Node","_name":"btn_zhishipai","_parent":{"__id__":2},"_children":[{"__id__":24}],"_components":[{"__type__":"cc.Sprite","node":{"__id__":23},"_materials":[{"__uuid__":"ecpdLyjvZBwrvm+cedCcQy"}],"_spriteFrame":{"__uuid__":"76ODD0v/dGY5NZGg4jF8A6"}},{"__type__":"cc.Widget","node":{"__id__":23},"_alignFlags":9,"_left":4,"_top":241}],"_contentSize":{"__type__":"cc.Size","width":128,"height":102},"_trs":{"__type__":"TypedArray","ctor":"Float64Array","array":[-307,375,0,0,0,0,1,1,1,1]}},{"__type__":"cc.Node","_name":"guanka_sum","_parent":{"__id__":23},"_components":[{"__type__":"41ebaVoPpRA4Kp67XEdHfZn","node":{"__id__":24},"_materials":[{"__uuid__":"ecpdLyjvZBwrvm+cedCcQy"}],"_string":"关卡 1-1","_N$string":"关卡 1-1","_fontSize":20,"_lineHeight":20,"_N$file":{"__uuid__":"farb0WbWZMgrGmuICOt0MU"},"_isSystemFontUsed":false,"i18n_string":"hallScene_1_5","i18n_params":["1","1"]}],"_contentSize":{"__type__":"cc.Size","width":85.39,"height":25.2},"_trs":{"__type__":"TypedArray","ctor":"Float64Array","array":[-1,11,0,0,0,0.0697564737441253,0.9975640502598242,1,1,1]},"_eulerAngles":{"__type__":"cc.Vec3","z":8}},{"__type__":"cc.Node","_name":"title_layout","_parent":{"__id__":2},"_children":[{"__id__":26},{"__id__":27},{"__id__":29}],"_components":[{"__type__":"cc.Layout","node":{"__id__":25},"_layoutSize":{"__type__":"cc.Size","width":232,"height":100},"_resize":1,"_N$layoutType":1,"_N$paddingRight":37,"_N$spacingX":7},{"__type__":"cc.Widget","node":{"__id__":25},"_alignFlags":33,"_right":1,"_top":145}],"_contentSize":{"__type__":"cc.Size","width":232,"height":100},"_anchorPoint":{"__type__":"cc.Vec2","x":1,"y":0.5},"_trs":{"__type__":"TypedArray","ctor":"Float64Array","array":[374,472,0,0,0,0,1,1,1,1]}},{"__type__":"cc.Node","_name":"ic_shitu","_parent":{"__id__":25},"_active":false,"_components":[{"__type__":"cc.Sprite","node":{"__id__":26},"_materials":[{"__uuid__":"ecpdLyjvZBwrvm+cedCcQy"}],"_spriteFrame":{"__uuid__":"30k/qWmZFFNLDURwiWzBu/"},"_sizeMode":0},{"__type__":"cc.Button","node":{"__id__":26},"_normalMaterial":{"__uuid__":"ecpdLyjvZBwrvm+cedCcQy"},"duration":0,"zoomScale":0.9,"_N$transition":3,"transition":3}],"_contentSize":{"__type__":"cc.Size","width":99,"height":99},"_trs":{"__type__":"TypedArray","ctor":"Float64Array","array":[-288.5,0,0,0,0,0,1,1,1,1]}},{"__type__":"cc.Node","_name":"ic_xinrenfuli","_parent":{"__id__":25},"_children":[{"__id__":28}],"_components":[{"__type__":"cc.Sprite","node":{"__id__":27},"_materials":[{"__uuid__":"ecpdLyjvZBwrvm+cedCcQy"}],"_spriteFrame":{"__uuid__":"4aTFPi10NG1rLbx7oWAcaw"}},{"__type__":"cc.Button","node":{"__id__":27},"_normalMaterial":{"__uuid__":"ecpdLyjvZBwrvm+cedCcQy"},"duration":0,"zoomScale":0.9,"_N$transition":3,"transition":3}],"_contentSize":{"__type__":"cc.Size","width":94,"height":94},"_trs":{"__type__":"TypedArray","ctor":"Float64Array","array":[-185,0,0,0,0,0,1,1,1,1]}},{"__type__":"cc.Node","_name":"font_xinrenfuli","_parent":{"__id__":27},"_components":[{"__type__":"41ebaVoPpRA4Kp67XEdHfZn","node":{"__id__":28},"_materials":[{"__uuid__":"ecpdLyjvZBwrvm+cedCcQy"}],"_string":"新人福利","_N$string":"新人福利","_fontSize":21,"_lineHeight":21,"_N$file":{"__uuid__":"farb0WbWZMgrGmuICOt0MU"},"_isSystemFontUsed":false,"_N$horizontalAlign":1,"_N$verticalAlign":1},{"__type__":"cc.LabelOutline","node":{"__id__":28},"_color":{"__type__":"cc.Color","r":56,"g":27,"b":28},"_width":2}],"_color":{"__type__":"cc.Color","r":254,"g":244,"b":103},"_contentSize":{"__type__":"cc.Size","width":88,"height":30.46},"_anchorPoint":{"__type__":"cc.Vec2","x":0.5,"y":1},"_trs":{"__type__":"TypedArray","ctor":"Float64Array","array":[-2.498,-15.469999999999999,0,0,0,0,1,1,1,1]}},{"__type__":"cc.Node","_name":"ic_shengjitixian","_parent":{"__id__":25},"_children":[{"__id__":30}],"_components":[{"__type__":"cc.Sprite","node":{"__id__":29},"_materials":[{"__uuid__":"ecpdLyjvZBwrvm+cedCcQy"}],"_spriteFrame":{"__uuid__":"e0U4Aw39NCg7cYzgVHD1Xu"}},{"__type__":"cc.Button","node":{"__id__":29},"_normalMaterial":{"__uuid__":"ecpdLyjvZBwrvm+cedCcQy"},"duration":0,"zoomScale":0.9,"_N$transition":3,"transition":3}],"_contentSize":{"__type__":"cc.Size","width":94,"height":94},"_trs":{"__type__":"TypedArray","ctor":"Float64Array","array":[-84,0,0,0,0,0,1,1,1,1]}},{"__type__":"cc.Node","_name":"font_shengjitixian","_parent":{"__id__":29},"_components":[{"__type__":"41ebaVoPpRA4Kp67XEdHfZn","node":{"__id__":30},"_materials":[{"__uuid__":"ecpdLyjvZBwrvm+cedCcQy"}],"_string":"升级提现","_N$string":"升级提现","_fontSize":21,"_lineHeight":21,"_N$file":{"__uuid__":"farb0WbWZMgrGmuICOt0MU"},"_isSystemFontUsed":false,"_N$horizontalAlign":1,"_N$verticalAlign":1,"_N$overflow":3},{"__type__":"cc.LabelOutline","node":{"__id__":30},"_color":{"__type__":"cc.Color","r":56,"g":27,"b":28},"_width":2}],"_color":{"__type__":"cc.Color","r":254,"g":244,"b":103},"_contentSize":{"__type__":"cc.Size","width":88,"height":30.46},"_anchorPoint":{"__type__":"cc.Vec2","x":0.5,"y":1},"_trs":{"__type__":"TypedArray","ctor":"Float64Array","array":[0,-15.469999999999999,0,0,0,0,1,1,1,1]}},{"__type__":"cc.Node","_name":"bg_senlin_guanka","_parent":{"__id__":2},"_children":[{"__id__":32},{"__id__":33},{"__id__":105},{"__id__":106},{"__id__":107},{"__id__":108},{"__type__":"cc.Node","_name":"node_diaoluo","_parent":{"__id__":31},"_contentSize":{"__type__":"cc.Size","width":500,"height":500},"_trs":{"__type__":"TypedArray","ctor":"Float64Array","array":[1,8,0,0,0,0,1,1,1,1]}},{"__id__":109},{"__id__":104},{"__type__":"cc.Node","_name":"node_paodan","_parent":{"__id__":31},"_contentSize":{"__type__":"cc.Size","width":500,"height":500},"_trs":{"__type__":"TypedArray","ctor":"Float64Array","array":[1,0,0,0,0,0,1,1,1,1]}},{"__id__":110}],"_components":[{"__type__":"cc.Widget","node":{"__id__":31},"_alignFlags":1,"_top":386.596}],"_contentSize":{"__type__":"cc.Size","width":750,"height":770},"_trs":{"__type__":"TypedArray","ctor":"Float64Array","array":[2.18,-104.596,0,0,0,0,1,1,1,1]}},{"__type__":"cc.Node","_name":"bg_shidi","_parent":{"__id__":31},"_components":[{"__type__":"cc.Sprite","node":{"__id__":32},"_materials":[{"__uuid__":"ecpdLyjvZBwrvm+cedCcQy"}],"_spriteFrame":{"__uuid__":"ddyeKQ73tFhLgl+3/YzWXM"}}],"_contentSize":{"__type__":"cc.Size","width":100,"height":100},"_trs":{"__type__":"TypedArray","ctor":"Float64Array","array":[0,423,0,0,0,0,1,1,1,1]}},{"__type__":"cc.Node","_name":"hallstore","_parent":{"__id__":31},"_children":[{"__id__":34},{"__id__":35},{"__id__":36},{"__id__":37},{"__id__":38},{"__id__":39},{"__id__":40},{"__id__":41},{"__id__":42},{"__id__":43},{"__id__":44},{"__id__":45},{"__id__":46},{"__id__":47},{"__id__":48},{"__id__":49},{"__id__":50},{"__id__":68},{"__id__":86},{"__id__":103}],"_components":[{"__type__":"6e7430JIJJHhYzSRXMqh2++","node":{"__id__":33},"bg_hecheng":[{"__id__":34},{"__id__":35},{"__id__":36},{"__id__":37},{"__id__":38},{"__id__":39},{"__id__":40},{"__id__":41},{"__id__":42},{"__id__":43},{"__id__":44},{"__id__":45},{"__id__":46},{"__id__":47},{"__id__":48},{"__id__":49}],"paoNode":{"__id__":103},"paodanNode":{"__id__":104}}],"_contentSize":{"__type__":"cc.Size","width":500,"height":500},"_trs":{"__type__":"TypedArray","ctor":"Float64Array","array":[1,8,0,0,0,0,1,1,1,1]}},{"__type__":"cc.Node","_name":"bg_hecheng1","_parent":{"__id__":33},"_components":[{"__type__":"cc.Sprite","node":{"__id__":34},"_materials":[{"__uuid__":"ecpdLyjvZBwrvm+cedCcQy"}],"_spriteFrame":{"__uuid__":"ddyeKQ73tFhLgl+3/YzWXM"}}],"_contentSize":{"__type__":"cc.Size","width":100,"height":100},"_trs":{"__type__":"TypedArray","ctor":"Float64Array","array":[-194,195,0,0,0,0,1,1,1,1]}},{"__type__":"cc.Node","_name":"bg_hecheng2","_parent":{"__id__":33},"_components":[{"__type__":"cc.Sprite","node":{"__id__":35},"_materials":[{"__uuid__":"ecpdLyjvZBwrvm+cedCcQy"}],"_spriteFrame":{"__uuid__":"ddyeKQ73tFhLgl+3/YzWXM"}}],"_contentSize":{"__type__":"cc.Size","width":100,"height":100},"_trs":{"__type__":"TypedArray","ctor":"Float64Array","array":[-66,197,0,0,0,0,1,1,1,1]}},{"__type__":"cc.Node","_name":"bg_hecheng3","_parent":{"__id__":33},"_components":[{"__type__":"cc.Sprite","node":{"__id__":36},"_materials":[{"__uuid__":"ecpdLyjvZBwrvm+cedCcQy"}],"_spriteFrame":{"__uuid__":"ddyeKQ73tFhLgl+3/YzWXM"}}],"_contentSize":{"__type__":"cc.Size","width":100,"height":100},"_trs":{"__type__":"TypedArray","ctor":"Float64Array","array":[63,196,0,0,0,0,1,1,1,1]}},{"__type__":"cc.Node","_name":"bg_hecheng4","_parent":{"__id__":33},"_components":[{"__type__":"cc.Sprite","node":{"__id__":37},"_materials":[{"__uuid__":"ecpdLyjvZBwrvm+cedCcQy"}],"_spriteFrame":{"__uuid__":"ddyeKQ73tFhLgl+3/YzWXM"}}],"_contentSize":{"__type__":"cc.Size","width":100,"height":100},"_trs":{"__type__":"TypedArray","ctor":"Float64Array","array":[191,196,0,0,0,0,1,1,1,1]}},{"__type__":"cc.Node","_name":"bg_hecheng5","_parent":{"__id__":33},"_components":[{"__type__":"cc.Sprite","node":{"__id__":38},"_materials":[{"__uuid__":"ecpdLyjvZBwrvm+cedCcQy"}],"_spriteFrame":{"__uuid__":"ddyeKQ73tFhLgl+3/YzWXM"}}],"_contentSize":{"__type__":"cc.Size","width":100,"height":100},"_trs":{"__type__":"TypedArray","ctor":"Float64Array","array":[-194,66,0,0,0,0,1,1,1,1]}},{"__type__":"cc.Node","_name":"bg_hecheng6","_parent":{"__id__":33},"_components":[{"__type__":"cc.Sprite","node":{"__id__":39},"_materials":[{"__uuid__":"ecpdLyjvZBwrvm+cedCcQy"}],"_spriteFrame":{"__uuid__":"ddyeKQ73tFhLgl+3/YzWXM"}}],"_contentSize":{"__type__":"cc.Size","width":100,"height":100},"_trs":{"__type__":"TypedArray","ctor":"Float64Array","array":[-66,67,0,0,0,0,1,1,1,1]}},{"__type__":"cc.Node","_name":"bg_hecheng7","_parent":{"__id__":33},"_components":[{"__type__":"cc.Sprite","node":{"__id__":40},"_materials":[{"__uuid__":"ecpdLyjvZBwrvm+cedCcQy"}],"_spriteFrame":{"__uuid__":"ddyeKQ73tFhLgl+3/YzWXM"}}],"_contentSize":{"__type__":"cc.Size","width":100,"height":100},"_trs":{"__type__":"TypedArray","ctor":"Float64Array","array":[63,67,0,0,0,0,1,1,1,1]}},{"__type__":"cc.Node","_name":"bg_hecheng8","_parent":{"__id__":33},"_components":[{"__type__":"cc.Sprite","node":{"__id__":41},"_materials":[{"__uuid__":"ecpdLyjvZBwrvm+cedCcQy"}],"_spriteFrame":{"__uuid__":"ddyeKQ73tFhLgl+3/YzWXM"}}],"_contentSize":{"__type__":"cc.Size","width":100,"height":100},"_trs":{"__type__":"TypedArray","ctor":"Float64Array","array":[191,67,0,0,0,0,1,1,1,1]}},{"__type__":"cc.Node","_name":"bg_hecheng9","_parent":{"__id__":33},"_components":[{"__type__":"cc.Sprite","node":{"__id__":42},"_materials":[{"__uuid__":"ecpdLyjvZBwrvm+cedCcQy"}],"_spriteFrame":{"__uuid__":"ddyeKQ73tFhLgl+3/YzWXM"}}],"_contentSize":{"__type__":"cc.Size","width":100,"height":100},"_trs":{"__type__":"TypedArray","ctor":"Float64Array","array":[-194,-61,0,0,0,0,1,1,1,1]}},{"__type__":"cc.Node","_name":"bg_hecheng10","_parent":{"__id__":33},"_components":[{"__type__":"cc.Sprite","node":{"__id__":43},"_materials":[{"__uuid__":"ecpdLyjvZBwrvm+cedCcQy"}],"_spriteFrame":{"__uuid__":"ddyeKQ73tFhLgl+3/YzWXM"}}],"_contentSize":{"__type__":"cc.Size","width":100,"height":100},"_trs":{"__type__":"TypedArray","ctor":"Float64Array","array":[-66,-62,0,0,0,0,1,1,1,1]}},{"__type__":"cc.Node","_name":"bg_hecheng11","_parent":{"__id__":33},"_components":[{"__type__":"cc.Sprite","node":{"__id__":44},"_materials":[{"__uuid__":"ecpdLyjvZBwrvm+cedCcQy"}],"_spriteFrame":{"__uuid__":"ddyeKQ73tFhLgl+3/YzWXM"}}],"_contentSize":{"__type__":"cc.Size","width":100,"height":100},"_trs":{"__type__":"TypedArray","ctor":"Float64Array","array":[63,-61,0,0,0,0,1,1,1,1]}},{"__type__":"cc.Node","_name":"bg_hecheng12","_parent":{"__id__":33},"_components":[{"__type__":"cc.Sprite","node":{"__id__":45},"_materials":[{"__uuid__":"ecpdLyjvZBwrvm+cedCcQy"}],"_spriteFrame":{"__uuid__":"ddyeKQ73tFhLgl+3/YzWXM"}}],"_contentSize":{"__type__":"cc.Size","width":100,"height":100},"_trs":{"__type__":"TypedArray","ctor":"Float64Array","array":[191,-62,0,0,0,0,1,1,1,1]}},{"__type__":"cc.Node","_name":"bg_hecheng13","_parent":{"__id__":33},"_components":[{"__type__":"cc.Sprite","node":{"__id__":46},"_materials":[{"__uuid__":"ecpdLyjvZBwrvm+cedCcQy"}],"_spriteFrame":{"__uuid__":"ddyeKQ73tFhLgl+3/YzWXM"}}],"_contentSize":{"__type__":"cc.Size","width":100,"height":100},"_trs":{"__type__":"TypedArray","ctor":"Float64Array","array":[-194,-196,0,0,0,0,1,1,1,1]}},{"__type__":"cc.Node","_name":"bg_hecheng14","_parent":{"__id__":33},"_components":[{"__type__":"cc.Sprite","node":{"__id__":47},"_materials":[{"__uuid__":"ecpdLyjvZBwrvm+cedCcQy"}],"_spriteFrame":{"__uuid__":"ddyeKQ73tFhLgl+3/YzWXM"}}],"_contentSize":{"__type__":"cc.Size","width":100,"height":100},"_trs":{"__type__":"TypedArray","ctor":"Float64Array","array":[-66,-196,0,0,0,0,1,1,1,1]}},{"__type__":"cc.Node","_name":"bg_hecheng15","_parent":{"__id__":33},"_components":[{"__type__":"cc.Sprite","node":{"__id__":48},"_materials":[{"__uuid__":"ecpdLyjvZBwrvm+cedCcQy"}],"_spriteFrame":{"__uuid__":"ddyeKQ73tFhLgl+3/YzWXM"}}],"_contentSize":{"__type__":"cc.Size","width":100,"height":100},"_trs":{"__type__":"TypedArray","ctor":"Float64Array","array":[63,-196,0,0,0,0,1,1,1,1]}},{"__type__":"cc.Node","_name":"bg_hecheng16","_parent":{"__id__":33},"_components":[{"__type__":"cc.Sprite","node":{"__id__":49},"_materials":[{"__uuid__":"ecpdLyjvZBwrvm+cedCcQy"}],"_spriteFrame":{"__uuid__":"ddyeKQ73tFhLgl+3/YzWXM"}}],"_contentSize":{"__type__":"cc.Size","width":100,"height":100},"_trs":{"__type__":"TypedArray","ctor":"Float64Array","array":[191,-196,0,0,0,0,1,1,1,1]}},{"__type__":"cc.Node","_name":"img_paolvl_node","_parent":{"__id__":33},"_children":[{"__id__":51},{"__id__":52},{"__id__":53},{"__id__":54},{"__id__":55},{"__id__":56},{"__id__":57},{"__id__":58},{"__id__":59},{"__id__":60},{"__id__":61},{"__id__":62},{"__id__":63},{"__id__":64},{"__id__":65},{"__id__":66},{"__id__":67}],"_trs":{"__type__":"TypedArray","ctor":"Float64Array","array":[-1,-8,0,0,0,0,1,1,1,1]}},{"__type__":"cc.Node","_name":"img_paolvl1","_parent":{"__id__":50},"_active":false,"_components":[{"__type__":"cc.Sprite","node":{"__id__":51},"_materials":[{"__uuid__":"ecpdLyjvZBwrvm+cedCcQy"}],"_spriteFrame":{"__uuid__":"8aqV4LUClGzpVdm0ziRnQK"}}],"_contentSize":{"__type__":"cc.Size","width":40,"height":36},"_trs":{"__type__":"TypedArray","ctor":"Float64Array","array":[-239,247,0,0,0,0,1,1,1,1]}},{"__type__":"cc.Node","_name":"img_paolvl2","_parent":{"__id__":50},"_active":false,"_components":[{"__type__":"cc.Sprite","node":{"__id__":52},"_materials":[{"__uuid__":"ecpdLyjvZBwrvm+cedCcQy"}],"_spriteFrame":{"__uuid__":"8aqV4LUClGzpVdm0ziRnQK"}}],"_contentSize":{"__type__":"cc.Size","width":40,"height":36},"_trs":{"__type__":"TypedArray","ctor":"Float64Array","array":[-112,247,0,0,0,0,1,1,1,1]}},{"__type__":"cc.Node","_name":"img_paolvl3","_parent":{"__id__":50},"_active":false,"_components":[{"__type__":"cc.Sprite","node":{"__id__":53},"_materials":[{"__uuid__":"ecpdLyjvZBwrvm+cedCcQy"}],"_spriteFrame":{"__uuid__":"8aqV4LUClGzpVdm0ziRnQK"}}],"_contentSize":{"__type__":"cc.Size","width":40,"height":36},"_trs":{"__type__":"TypedArray","ctor":"Float64Array","array":[18,247,0,0,0,0,1,1,1,1]}},{"__type__":"cc.Node","_name":"img_paolvl4","_parent":{"__id__":50},"_active":false,"_components":[{"__type__":"cc.Sprite","node":{"__id__":54},"_materials":[{"__uuid__":"ecpdLyjvZBwrvm+cedCcQy"}],"_spriteFrame":{"__uuid__":"8aqV4LUClGzpVdm0ziRnQK"}}],"_contentSize":{"__type__":"cc.Size","width":40,"height":36},"_trs":{"__type__":"TypedArray","ctor":"Float64Array","array":[146,247,0,0,0,0,1,1,1,1]}},{"__type__":"cc.Node","_name":"img_paolvl5","_parent":{"__id__":50},"_active":false,"_components":[{"__type__":"cc.Sprite","node":{"__id__":55},"_materials":[{"__uuid__":"ecpdLyjvZBwrvm+cedCcQy"}],"_spriteFrame":{"__uuid__":"8aqV4LUClGzpVdm0ziRnQK"}}],"_contentSize":{"__type__":"cc.Size","width":40,"height":36},"_trs":{"__type__":"TypedArray","ctor":"Float64Array","array":[-239,118,0,0,0,0,1,1,1,1]}},{"__type__":"cc.Node","_name":"img_paolvl6","_parent":{"__id__":50},"_active":false,"_components":[{"__type__":"cc.Sprite","node":{"__id__":56},"_materials":[{"__uuid__":"ecpdLyjvZBwrvm+cedCcQy"}],"_spriteFrame":{"__uuid__":"8aqV4LUClGzpVdm0ziRnQK"}}],"_contentSize":{"__type__":"cc.Size","width":40,"height":36},"_trs":{"__type__":"TypedArray","ctor":"Float64Array","array":[-112,118,0,0,0,0,1,1,1,1]}},{"__type__":"cc.Node","_name":"img_paolvl7","_parent":{"__id__":50},"_active":false,"_components":[{"__type__":"cc.Sprite","node":{"__id__":57},"_materials":[{"__uuid__":"ecpdLyjvZBwrvm+cedCcQy"}],"_spriteFrame":{"__uuid__":"8aqV4LUClGzpVdm0ziRnQK"}}],"_contentSize":{"__type__":"cc.Size","width":40,"height":36},"_trs":{"__type__":"TypedArray","ctor":"Float64Array","array":[18,118,0,0,0,0,1,1,1,1]}},{"__type__":"cc.Node","_name":"img_paolvl8","_parent":{"__id__":50},"_active":false,"_components":[{"__type__":"cc.Sprite","node":{"__id__":58},"_materials":[{"__uuid__":"ecpdLyjvZBwrvm+cedCcQy"}],"_spriteFrame":{"__uuid__":"8aqV4LUClGzpVdm0ziRnQK"}}],"_contentSize":{"__type__":"cc.Size","width":40,"height":36},"_trs":{"__type__":"TypedArray","ctor":"Float64Array","array":[146,118,0,0,0,0,1,1,1,1]}},{"__type__":"cc.Node","_name":"img_paolvl9","_parent":{"__id__":50},"_active":false,"_components":[{"__type__":"cc.Sprite","node":{"__id__":59},"_materials":[{"__uuid__":"ecpdLyjvZBwrvm+cedCcQy"}],"_spriteFrame":{"__uuid__":"8aqV4LUClGzpVdm0ziRnQK"}}],"_contentSize":{"__type__":"cc.Size","width":40,"height":36},"_trs":{"__type__":"TypedArray","ctor":"Float64Array","array":[-239,-9,0,0,0,0,1,1,1,1]}},{"__type__":"cc.Node","_name":"img_paolvl10","_parent":{"__id__":50},"_active":false,"_components":[{"__type__":"cc.Sprite","node":{"__id__":60},"_materials":[{"__uuid__":"ecpdLyjvZBwrvm+cedCcQy"}],"_spriteFrame":{"__uuid__":"8aqV4LUClGzpVdm0ziRnQK"}}],"_contentSize":{"__type__":"cc.Size","width":40,"height":36},"_trs":{"__type__":"TypedArray","ctor":"Float64Array","array":[-112,-9,0,0,0,0,1,1,1,1]}},{"__type__":"cc.Node","_name":"img_paolvl11","_parent":{"__id__":50},"_active":false,"_components":[{"__type__":"cc.Sprite","node":{"__id__":61},"_materials":[{"__uuid__":"ecpdLyjvZBwrvm+cedCcQy"}],"_spriteFrame":{"__uuid__":"8aqV4LUClGzpVdm0ziRnQK"}}],"_contentSize":{"__type__":"cc.Size","width":40,"height":36},"_trs":{"__type__":"TypedArray","ctor":"Float64Array","array":[18,-9,0,0,0,0,1,1,1,1]}},{"__type__":"cc.Node","_name":"img_paolvl12","_parent":{"__id__":50},"_active":false,"_components":[{"__type__":"cc.Sprite","node":{"__id__":62},"_materials":[{"__uuid__":"ecpdLyjvZBwrvm+cedCcQy"}],"_spriteFrame":{"__uuid__":"8aqV4LUClGzpVdm0ziRnQK"}}],"_contentSize":{"__type__":"cc.Size","width":40,"height":36},"_trs":{"__type__":"TypedArray","ctor":"Float64Array","array":[146,-9,0,0,0,0,1,1,1,1]}},{"__type__":"cc.Node","_name":"img_paolvl13","_parent":{"__id__":50},"_active":false,"_components":[{"__type__":"cc.Sprite","node":{"__id__":63},"_materials":[{"__uuid__":"ecpdLyjvZBwrvm+cedCcQy"}],"_spriteFrame":{"__uuid__":"8aqV4LUClGzpVdm0ziRnQK"}}],"_contentSize":{"__type__":"cc.Size","width":40,"height":36},"_trs":{"__type__":"TypedArray","ctor":"Float64Array","array":[-239,-145,0,0,0,0,1,1,1,1]}},{"__type__":"cc.Node","_name":"img_paolvl14","_parent":{"__id__":50},"_active":false,"_components":[{"__type__":"cc.Sprite","node":{"__id__":64},"_materials":[{"__uuid__":"ecpdLyjvZBwrvm+cedCcQy"}],"_spriteFrame":{"__uuid__":"8aqV4LUClGzpVdm0ziRnQK"}}],"_contentSize":{"__type__":"cc.Size","width":40,"height":36},"_trs":{"__type__":"TypedArray","ctor":"Float64Array","array":[-112,-145,0,0,0,0,1,1,1,1]}},{"__type__":"cc.Node","_name":"img_paolvl15","_parent":{"__id__":50},"_active":false,"_components":[{"__type__":"cc.Sprite","node":{"__id__":65},"_materials":[{"__uuid__":"ecpdLyjvZBwrvm+cedCcQy"}],"_spriteFrame":{"__uuid__":"8aqV4LUClGzpVdm0ziRnQK"}}],"_contentSize":{"__type__":"cc.Size","width":40,"height":36},"_trs":{"__type__":"TypedArray","ctor":"Float64Array","array":[18,-145,0,0,0,0,1,1,1,1]}},{"__type__":"cc.Node","_name":"img_paolvl16","_parent":{"__id__":50},"_active":false,"_components":[{"__type__":"cc.Sprite","node":{"__id__":66},"_materials":[{"__uuid__":"ecpdLyjvZBwrvm+cedCcQy"}],"_spriteFrame":{"__uuid__":"8aqV4LUClGzpVdm0ziRnQK"}}],"_contentSize":{"__type__":"cc.Size","width":40,"height":36},"_trs":{"__type__":"TypedArray","ctor":"Float64Array","array":[146,-145,0,0,0,0,1,1,1,1]}},{"__type__":"cc.Node","_name":"img_paolvl100","_parent":{"__id__":50},"_components":[{"__type__":"cc.Sprite","node":{"__id__":67},"_materials":[{"__uuid__":"ecpdLyjvZBwrvm+cedCcQy"}],"_spriteFrame":{"__uuid__":"8aqV4LUClGzpVdm0ziRnQK"}}],"_contentSize":{"__type__":"cc.Size","width":40,"height":36},"_trs":{"__type__":"TypedArray","ctor":"Float64Array","array":[-39,474,0,0,0,0,1,1,1,1]}},{"__type__":"cc.Node","_name":"lab_paolvl_node","_parent":{"__id__":33},"_children":[{"__id__":69},{"__id__":70},{"__id__":71},{"__id__":72},{"__id__":73},{"__id__":74},{"__id__":75},{"__id__":76},{"__id__":77},{"__id__":78},{"__id__":79},{"__id__":80},{"__id__":81},{"__id__":82},{"__id__":83},{"__id__":84},{"__id__":85}],"_trs":{"__type__":"TypedArray","ctor":"Float64Array","array":[0,0,0,0,0,0,1,1,1,1]}},{"__type__":"cc.Node","_name":"lab_paolvl1","_parent":{"__id__":68},"_active":false,"_components":[{"__type__":"cc.Label","node":{"__id__":69},"_materials":[{"__uuid__":"ecpdLyjvZBwrvm+cedCcQy"}],"_useOriginalSize":false,"_string":"1","_N$string":"1","_fontSize":18,"_lineHeight":18,"_N$file":{"__uuid__":"41fwEWuyVLWaqNiOyZwKIo"},"_isSystemFontUsed":false,"_N$horizontalAlign":1,"_N$verticalAlign":1}],"_color":{"__type__":"cc.Color"},"_contentSize":{"__type__":"cc.Size","width":8.55,"height":18},"_trs":{"__type__":"TypedArray","ctor":"Float64Array","array":[-242,239,0,0,0,0,1,1,1,1]}},{"__type__":"cc.Node","_name":"lab_paolvl2","_parent":{"__id__":68},"_active":false,"_components":[{"__type__":"cc.Label","node":{"__id__":70},"_materials":[{"__uuid__":"ecpdLyjvZBwrvm+cedCcQy"}],"_useOriginalSize":false,"_string":"1","_N$string":"1","_fontSize":18,"_lineHeight":18,"_N$file":{"__uuid__":"41fwEWuyVLWaqNiOyZwKIo"},"_isSystemFontUsed":false,"_N$horizontalAlign":1,"_N$verticalAlign":1}],"_color":{"__type__":"cc.Color"},"_contentSize":{"__type__":"cc.Size","width":8.55,"height":18},"_trs":{"__type__":"TypedArray","ctor":"Float64Array","array":[-115,239,0,0,0,0,1,1,1,1]}},{"__type__":"cc.Node","_name":"lab_paolvl3","_parent":{"__id__":68},"_active":false,"_components":[{"__type__":"cc.Label","node":{"__id__":71},"_materials":[{"__uuid__":"ecpdLyjvZBwrvm+cedCcQy"}],"_useOriginalSize":false,"_string":"1","_N$string":"1","_fontSize":18,"_lineHeight":18,"_N$file":{"__uuid__":"41fwEWuyVLWaqNiOyZwKIo"},"_isSystemFontUsed":false,"_N$horizontalAlign":1,"_N$verticalAlign":1}],"_color":{"__type__":"cc.Color"},"_contentSize":{"__type__":"cc.Size","width":8.55,"height":18},"_trs":{"__type__":"TypedArray","ctor":"Float64Array","array":[15,239,0,0,0,0,1,1,1,1]}},{"__type__":"cc.Node","_name":"lab_paolvl4","_parent":{"__id__":68},"_active":false,"_components":[{"__type__":"cc.Label","node":{"__id__":72},"_materials":[{"__uuid__":"ecpdLyjvZBwrvm+cedCcQy"}],"_useOriginalSize":false,"_string":"1","_N$string":"1","_fontSize":18,"_lineHeight":18,"_N$file":{"__uuid__":"41fwEWuyVLWaqNiOyZwKIo"},"_isSystemFontUsed":false,"_N$horizontalAlign":1,"_N$verticalAlign":1}],"_color":{"__type__":"cc.Color"},"_contentSize":{"__type__":"cc.Size","width":8.55,"height":18},"_trs":{"__type__":"TypedArray","ctor":"Float64Array","array":[143,239,0,0,0,0,1,1,1,1]}},{"__type__":"cc.Node","_name":"lab_paolvl5","_parent":{"__id__":68},"_active":false,"_components":[{"__type__":"cc.Label","node":{"__id__":73},"_materials":[{"__uuid__":"ecpdLyjvZBwrvm+cedCcQy"}],"_useOriginalSize":false,"_string":"1","_N$string":"1","_fontSize":18,"_lineHeight":18,"_N$file":{"__uuid__":"41fwEWuyVLWaqNiOyZwKIo"},"_isSystemFontUsed":false,"_N$horizontalAlign":1,"_N$verticalAlign":1}],"_color":{"__type__":"cc.Color"},"_contentSize":{"__type__":"cc.Size","width":8.55,"height":18},"_trs":{"__type__":"TypedArray","ctor":"Float64Array","array":[-242,110,0,0,0,0,1,1,1,1]}},{"__type__":"cc.Node","_name":"lab_paolvl6","_parent":{"__id__":68},"_active":false,"_components":[{"__type__":"cc.Label","node":{"__id__":74},"_materials":[{"__uuid__":"ecpdLyjvZBwrvm+cedCcQy"}],"_useOriginalSize":false,"_string":"1","_N$string":"1","_fontSize":18,"_lineHeight":18,"_N$file":{"__uuid__":"41fwEWuyVLWaqNiOyZwKIo"},"_isSystemFontUsed":false,"_N$horizontalAlign":1,"_N$verticalAlign":1}],"_color":{"__type__":"cc.Color"},"_contentSize":{"__type__":"cc.Size","width":8.55,"height":18},"_trs":{"__type__":"TypedArray","ctor":"Float64Array","array":[-115,110,0,0,0,0,1,1,1,1]}},{"__type__":"cc.Node","_name":"lab_paolvl7","_parent":{"__id__":68},"_active":false,"_components":[{"__type__":"cc.Label","node":{"__id__":75},"_materials":[{"__uuid__":"ecpdLyjvZBwrvm+cedCcQy"}],"_useOriginalSize":false,"_string":"1","_N$string":"1","_fontSize":18,"_lineHeight":18,"_N$file":{"__uuid__":"41fwEWuyVLWaqNiOyZwKIo"},"_isSystemFontUsed":false,"_N$horizontalAlign":1,"_N$verticalAlign":1}],"_color":{"__type__":"cc.Color"},"_contentSize":{"__type__":"cc.Size","width":8.55,"height":18},"_trs":{"__type__":"TypedArray","ctor":"Float64Array","array":[15,110,0,0,0,0,1,1,1,1]}},{"__type__":"cc.Node","_name":"lab_paolvl8","_parent":{"__id__":68},"_active":false,"_components":[{"__type__":"cc.Label","node":{"__id__":76},"_materials":[{"__uuid__":"ecpdLyjvZBwrvm+cedCcQy"}],"_useOriginalSize":false,"_string":"1","_N$string":"1","_fontSize":18,"_lineHeight":18,"_N$file":{"__uuid__":"41fwEWuyVLWaqNiOyZwKIo"},"_isSystemFontUsed":false,"_N$horizontalAlign":1,"_N$verticalAlign":1}],"_color":{"__type__":"cc.Color"},"_contentSize":{"__type__":"cc.Size","width":8.55,"height":18},"_trs":{"__type__":"TypedArray","ctor":"Float64Array","array":[143,110,0,0,0,0,1,1,1,1]}},{"__type__":"cc.Node","_name":"lab_paolvl9","_parent":{"__id__":68},"_active":false,"_components":[{"__type__":"cc.Label","node":{"__id__":77},"_materials":[{"__uuid__":"ecpdLyjvZBwrvm+cedCcQy"}],"_useOriginalSize":false,"_string":"1","_N$string":"1","_fontSize":18,"_lineHeight":18,"_N$file":{"__uuid__":"41fwEWuyVLWaqNiOyZwKIo"},"_isSystemFontUsed":false,"_N$horizontalAlign":1,"_N$verticalAlign":1}],"_color":{"__type__":"cc.Color"},"_contentSize":{"__type__":"cc.Size","width":8.55,"height":18},"_trs":{"__type__":"TypedArray","ctor":"Float64Array","array":[-242,-17,0,0,0,0,1,1,1,1]}},{"__type__":"cc.Node","_name":"lab_paolvl10","_parent":{"__id__":68},"_active":false,"_components":[{"__type__":"cc.Label","node":{"__id__":78},"_materials":[{"__uuid__":"ecpdLyjvZBwrvm+cedCcQy"}],"_useOriginalSize":false,"_string":"1","_N$string":"1","_fontSize":18,"_lineHeight":18,"_N$file":{"__uuid__":"41fwEWuyVLWaqNiOyZwKIo"},"_isSystemFontUsed":false,"_N$horizontalAlign":1,"_N$verticalAlign":1}],"_color":{"__type__":"cc.Color"},"_contentSize":{"__type__":"cc.Size","width":8.55,"height":18},"_trs":{"__type__":"TypedArray","ctor":"Float64Array","array":[-115,-17,0,0,0,0,1,1,1,1]}},{"__type__":"cc.Node","_name":"lab_paolvl11","_parent":{"__id__":68},"_active":false,"_components":[{"__type__":"cc.Label","node":{"__id__":79},"_materials":[{"__uuid__":"ecpdLyjvZBwrvm+cedCcQy"}],"_useOriginalSize":false,"_string":"1","_N$string":"1","_fontSize":18,"_lineHeight":18,"_N$file":{"__uuid__":"41fwEWuyVLWaqNiOyZwKIo"},"_isSystemFontUsed":false,"_N$horizontalAlign":1,"_N$verticalAlign":1}],"_color":{"__type__":"cc.Color"},"_contentSize":{"__type__":"cc.Size","width":8.55,"height":18},"_trs":{"__type__":"TypedArray","ctor":"Float64Array","array":[15,-17,0,0,0,0,1,1,1,1]}},{"__type__":"cc.Node","_name":"lab_paolvl12","_parent":{"__id__":68},"_active":false,"_components":[{"__type__":"cc.Label","node":{"__id__":80},"_materials":[{"__uuid__":"ecpdLyjvZBwrvm+cedCcQy"}],"_useOriginalSize":false,"_string":"1","_N$string":"1","_fontSize":18,"_lineHeight":18,"_N$file":{"__uuid__":"41fwEWuyVLWaqNiOyZwKIo"},"_isSystemFontUsed":false,"_N$horizontalAlign":1,"_N$verticalAlign":1}],"_color":{"__type__":"cc.Color"},"_contentSize":{"__type__":"cc.Size","width":8.55,"height":18},"_trs":{"__type__":"TypedArray","ctor":"Float64Array","array":[143,-17,0,0,0,0,1,1,1,1]}},{"__type__":"cc.Node","_name":"lab_paolvl13","_parent":{"__id__":68},"_active":false,"_components":[{"__type__":"cc.Label","node":{"__id__":81},"_materials":[{"__uuid__":"ecpdLyjvZBwrvm+cedCcQy"}],"_useOriginalSize":false,"_string":"1","_N$string":"1","_fontSize":18,"_lineHeight":18,"_N$file":{"__uuid__":"41fwEWuyVLWaqNiOyZwKIo"},"_isSystemFontUsed":false,"_N$horizontalAlign":1,"_N$verticalAlign":1}],"_color":{"__type__":"cc.Color"},"_contentSize":{"__type__":"cc.Size","width":8.55,"height":18},"_trs":{"__type__":"TypedArray","ctor":"Float64Array","array":[-242,-153,0,0,0,0,1,1,1,1]}},{"__type__":"cc.Node","_name":"lab_paolvl14","_parent":{"__id__":68},"_active":false,"_components":[{"__type__":"cc.Label","node":{"__id__":82},"_materials":[{"__uuid__":"ecpdLyjvZBwrvm+cedCcQy"}],"_useOriginalSize":false,"_string":"1","_N$string":"1","_fontSize":18,"_lineHeight":18,"_N$file":{"__uuid__":"41fwEWuyVLWaqNiOyZwKIo"},"_isSystemFontUsed":false,"_N$horizontalAlign":1,"_N$verticalAlign":1}],"_color":{"__type__":"cc.Color"},"_contentSize":{"__type__":"cc.Size","width":8.55,"height":18},"_trs":{"__type__":"TypedArray","ctor":"Float64Array","array":[-115,-153,0,0,0,0,1,1,1,1]}},{"__type__":"cc.Node","_name":"lab_paolvl15","_parent":{"__id__":68},"_active":false,"_components":[{"__type__":"cc.Label","node":{"__id__":83},"_materials":[{"__uuid__":"ecpdLyjvZBwrvm+cedCcQy"}],"_useOriginalSize":false,"_string":"1","_N$string":"1","_fontSize":18,"_lineHeight":18,"_N$file":{"__uuid__":"41fwEWuyVLWaqNiOyZwKIo"},"_isSystemFontUsed":false,"_N$horizontalAlign":1,"_N$verticalAlign":1}],"_color":{"__type__":"cc.Color"},"_contentSize":{"__type__":"cc.Size","width":8.55,"height":18},"_trs":{"__type__":"TypedArray","ctor":"Float64Array","array":[15,-153,0,0,0,0,1,1,1,1]}},{"__type__":"cc.Node","_name":"lab_paolvl16","_parent":{"__id__":68},"_active":false,"_components":[{"__type__":"cc.Label","node":{"__id__":84},"_materials":[{"__uuid__":"ecpdLyjvZBwrvm+cedCcQy"}],"_useOriginalSize":false,"_string":"1","_N$string":"1","_fontSize":18,"_lineHeight":18,"_N$file":{"__uuid__":"41fwEWuyVLWaqNiOyZwKIo"},"_isSystemFontUsed":false,"_N$horizontalAlign":1,"_N$verticalAlign":1}],"_color":{"__type__":"cc.Color"},"_contentSize":{"__type__":"cc.Size","width":8.55,"height":18},"_trs":{"__type__":"TypedArray","ctor":"Float64Array","array":[143,-153,0,0,0,0,1,1,1,1]}},{"__type__":"cc.Node","_name":"lab_paolvl100","_parent":{"__id__":68},"_components":[{"__type__":"cc.Label","node":{"__id__":85},"_materials":[{"__uuid__":"ecpdLyjvZBwrvm+cedCcQy"}],"_useOriginalSize":false,"_fontSize":18,"_lineHeight":18,"_N$file":{"__uuid__":"41fwEWuyVLWaqNiOyZwKIo"},"_isSystemFontUsed":false,"_N$horizontalAlign":1,"_N$verticalAlign":1}],"_color":{"__type__":"cc.Color"},"_contentSize":{"__type__":"cc.Size","height":18},"_trs":{"__type__":"TypedArray","ctor":"Float64Array","array":[-42,467,0,0,0,0,1,1,1,1]}},{"__type__":"cc.Node","_name":"img_hecheng","_parent":{"__id__":33},"_children":[{"__id__":87},{"__id__":88},{"__id__":89},{"__id__":90},{"__id__":91},{"__id__":92},{"__id__":93},{"__id__":94},{"__id__":95},{"__id__":96},{"__id__":97},{"__id__":98},{"__id__":99},{"__id__":100},{"__id__":101},{"__id__":102}],"_trs":{"__type__":"TypedArray","ctor":"Float64Array","array":[-1,-8,0,0,0,0,1,1,1,1]}},{"__type__":"cc.Node","_name":"img_hecheng1","_parent":{"__id__":86},"_active":false,"_components":[{"__type__":"cc.Sprite","node":{"__id__":87},"_materials":[{"__uuid__":"ecpdLyjvZBwrvm+cedCcQy"}],"_spriteFrame":{"__uuid__":"17X5+kxItA/pP7TbK73vQm"},"_sizeMode":0}],"_contentSize":{"__type__":"cc.Size","width":100,"height":100},"_trs":{"__type__":"TypedArray","ctor":"Float64Array","array":[-194.702,204.548,0,0,0,0,1,1,1,1]}},{"__type__":"cc.Node","_name":"img_hecheng2","_parent":{"__id__":86},"_active":false,"_components":[{"__type__":"cc.Sprite","node":{"__id__":88},"_materials":[{"__uuid__":"ecpdLyjvZBwrvm+cedCcQy"}],"_spriteFrame":{"__uuid__":"17X5+kxItA/pP7TbK73vQm"},"_sizeMode":0}],"_contentSize":{"__type__":"cc.Size","width":100,"height":100},"_trs":{"__type__":"TypedArray","ctor":"Float64Array","array":[-67.702,204.548,0,0,0,0,1,1,1,1]}},{"__type__":"cc.Node","_name":"img_hecheng3","_parent":{"__id__":86},"_active":false,"_components":[{"__type__":"cc.Sprite","node":{"__id__":89},"_materials":[{"__uuid__":"ecpdLyjvZBwrvm+cedCcQy"}],"_spriteFrame":{"__uuid__":"17X5+kxItA/pP7TbK73vQm"},"_sizeMode":0}],"_contentSize":{"__type__":"cc.Size","width":100,"height":100},"_trs":{"__type__":"TypedArray","ctor":"Float64Array","array":[62.298,204.548,0,0,0,0,1,1,1,1]}},{"__type__":"cc.Node","_name":"img_hecheng4","_parent":{"__id__":86},"_active":false,"_components":[{"__type__":"cc.Sprite","node":{"__id__":90},"_materials":[{"__uuid__":"ecpdLyjvZBwrvm+cedCcQy"}],"_spriteFrame":{"__uuid__":"17X5+kxItA/pP7TbK73vQm"},"_sizeMode":0}],"_contentSize":{"__type__":"cc.Size","width":100,"height":100},"_trs":{"__type__":"TypedArray","ctor":"Float64Array","array":[190.298,204.548,0,0,0,0,1,1,1,1]}},{"__type__":"cc.Node","_name":"img_hecheng5","_parent":{"__id__":86},"_active":false,"_components":[{"__type__":"cc.Sprite","node":{"__id__":91},"_materials":[{"__uuid__":"ecpdLyjvZBwrvm+cedCcQy"}],"_spriteFrame":{"__uuid__":"17X5+kxItA/pP7TbK73vQm"},"_sizeMode":0}],"_contentSize":{"__type__":"cc.Size","width":100,"height":100},"_trs":{"__type__":"TypedArray","ctor":"Float64Array","array":[-194.702,75.548,0,0,0,0,1,1,1,1]}},{"__type__":"cc.Node","_name":"img_hecheng6","_parent":{"__id__":86},"_active":false,"_components":[{"__type__":"cc.Sprite","node":{"__id__":92},"_materials":[{"__uuid__":"ecpdLyjvZBwrvm+cedCcQy"}],"_spriteFrame":{"__uuid__":"17X5+kxItA/pP7TbK73vQm"},"_sizeMode":0}],"_contentSize":{"__type__":"cc.Size","width":100,"height":100},"_trs":{"__type__":"TypedArray","ctor":"Float64Array","array":[-67.702,75.548,0,0,0,0,1,1,1,1]}},{"__type__":"cc.Node","_name":"img_hecheng7","_parent":{"__id__":86},"_active":false,"_components":[{"__type__":"cc.Sprite","node":{"__id__":93},"_materials":[{"__uuid__":"ecpdLyjvZBwrvm+cedCcQy"}],"_spriteFrame":{"__uuid__":"17X5+kxItA/pP7TbK73vQm"},"_sizeMode":0}],"_contentSize":{"__type__":"cc.Size","width":100,"height":100},"_trs":{"__type__":"TypedArray","ctor":"Float64Array","array":[62.298,75.548,0,0,0,0,1,1,1,1]}},{"__type__":"cc.Node","_name":"img_hecheng8","_parent":{"__id__":86},"_active":false,"_components":[{"__type__":"cc.Sprite","node":{"__id__":94},"_materials":[{"__uuid__":"ecpdLyjvZBwrvm+cedCcQy"}],"_spriteFrame":{"__uuid__":"17X5+kxItA/pP7TbK73vQm"},"_sizeMode":0}],"_contentSize":{"__type__":"cc.Size","width":100,"height":100},"_trs":{"__type__":"TypedArray","ctor":"Float64Array","array":[190.298,75.548,0,0,0,0,1,1,1,1]}},{"__type__":"cc.Node","_name":"img_hecheng9","_parent":{"__id__":86},"_active":false,"_components":[{"__type__":"cc.Sprite","node":{"__id__":95},"_materials":[{"__uuid__":"ecpdLyjvZBwrvm+cedCcQy"}],"_spriteFrame":{"__uuid__":"17X5+kxItA/pP7TbK73vQm"},"_sizeMode":0}],"_contentSize":{"__type__":"cc.Size","width":100,"height":100},"_trs":{"__type__":"TypedArray","ctor":"Float64Array","array":[-194.702,-51.452,0,0,0,0,1,1,1,1]}},{"__type__":"cc.Node","_name":"img_hecheng10","_parent":{"__id__":86},"_active":false,"_components":[{"__type__":"cc.Sprite","node":{"__id__":96},"_materials":[{"__uuid__":"ecpdLyjvZBwrvm+cedCcQy"}],"_spriteFrame":{"__uuid__":"17X5+kxItA/pP7TbK73vQm"},"_sizeMode":0}],"_contentSize":{"__type__":"cc.Size","width":100,"height":100},"_trs":{"__type__":"TypedArray","ctor":"Float64Array","array":[-67.702,-51.452,0,0,0,0,1,1,1,1]}},{"__type__":"cc.Node","_name":"img_hecheng11","_parent":{"__id__":86},"_active":false,"_components":[{"__type__":"cc.Sprite","node":{"__id__":97},"_materials":[{"__uuid__":"ecpdLyjvZBwrvm+cedCcQy"}],"_spriteFrame":{"__uuid__":"17X5+kxItA/pP7TbK73vQm"},"_sizeMode":0}],"_contentSize":{"__type__":"cc.Size","width":100,"height":100},"_trs":{"__type__":"TypedArray","ctor":"Float64Array","array":[62.298,-51.452,0,0,0,0,1,1,1,1]}},{"__type__":"cc.Node","_name":"img_hecheng12","_parent":{"__id__":86},"_active":false,"_components":[{"__type__":"cc.Sprite","node":{"__id__":98},"_materials":[{"__uuid__":"ecpdLyjvZBwrvm+cedCcQy"}],"_spriteFrame":{"__uuid__":"17X5+kxItA/pP7TbK73vQm"},"_sizeMode":0}],"_contentSize":{"__type__":"cc.Size","width":100,"height":100},"_trs":{"__type__":"TypedArray","ctor":"Float64Array","array":[190.298,-51.452,0,0,0,0,1,1,1,1]}},{"__type__":"cc.Node","_name":"img_hecheng13","_parent":{"__id__":86},"_active":false,"_components":[{"__type__":"cc.Sprite","node":{"__id__":99},"_materials":[{"__uuid__":"ecpdLyjvZBwrvm+cedCcQy"}],"_spriteFrame":{"__uuid__":"17X5+kxItA/pP7TbK73vQm"},"_sizeMode":0}],"_contentSize":{"__type__":"cc.Size","width":100,"height":100},"_trs":{"__type__":"TypedArray","ctor":"Float64Array","array":[-194.702,-187.452,0,0,0,0,1,1,1,1]}},{"__type__":"cc.Node","_name":"img_hecheng14","_parent":{"__id__":86},"_active":false,"_components":[{"__type__":"cc.Sprite","node":{"__id__":100},"_materials":[{"__uuid__":"ecpdLyjvZBwrvm+cedCcQy"}],"_spriteFrame":{"__uuid__":"17X5+kxItA/pP7TbK73vQm"},"_sizeMode":0}],"_contentSize":{"__type__":"cc.Size","width":100,"height":100},"_trs":{"__type__":"TypedArray","ctor":"Float64Array","array":[-67.702,-187.452,0,0,0,0,1,1,1,1]}},{"__type__":"cc.Node","_name":"img_hecheng15","_parent":{"__id__":86},"_active":false,"_components":[{"__type__":"cc.Sprite","node":{"__id__":101},"_materials":[{"__uuid__":"ecpdLyjvZBwrvm+cedCcQy"}],"_spriteFrame":{"__uuid__":"17X5+kxItA/pP7TbK73vQm"},"_sizeMode":0}],"_contentSize":{"__type__":"cc.Size","width":100,"height":100},"_trs":{"__type__":"TypedArray","ctor":"Float64Array","array":[62.298,-187.452,0,0,0,0,1,1,1,1]}},{"__type__":"cc.Node","_name":"img_hecheng16","_parent":{"__id__":86},"_active":false,"_components":[{"__type__":"cc.Sprite","node":{"__id__":102},"_materials":[{"__uuid__":"ecpdLyjvZBwrvm+cedCcQy"}],"_spriteFrame":{"__uuid__":"17X5+kxItA/pP7TbK73vQm"},"_sizeMode":0}],"_contentSize":{"__type__":"cc.Size","width":100,"height":100},"_trs":{"__type__":"TypedArray","ctor":"Float64Array","array":[190.298,-187.452,0,0,0,0,1,1,1,1]}},{"__type__":"cc.Node","_name":"paoNode","_parent":{"__id__":33},"_components":[{"__type__":"cc.Widget","node":{"__id__":103},"_alignFlags":45,"_originalWidth":500,"_originalHeight":500}],"_contentSize":{"__type__":"cc.Size","width":500,"height":500},"_trs":{"__type__":"TypedArray","ctor":"Float64Array","array":[0,0,0,0,0,0,1,1,1,1]}},{"__type__":"cc.Node","_name":"paodanNode","_parent":{"__id__":31},"_contentSize":{"__type__":"cc.Size","width":500,"height":500},"_trs":{"__type__":"TypedArray","ctor":"Float64Array","array":[1,8,0,0,0,0,1,1,1,1]}},{"__type__":"cc.Node","_name":"pic_hua_left","_parent":{"__id__":31},"_components":[{"__type__":"cc.Sprite","node":{"__id__":105},"_materials":[{"__uuid__":"ecpdLyjvZBwrvm+cedCcQy"}],"_spriteFrame":{"__uuid__":"49vzzlB8tA2ZAQMsGVKxv/"}}],"_contentSize":{"__type__":"cc.Size","width":94,"height":94},"_trs":{"__type__":"TypedArray","ctor":"Float64Array","array":[-63,315,0,0,0,0,1,1,1,1]}},{"__type__":"cc.Node","_name":"pic_hua_right","_parent":{"__id__":31},"_components":[{"__type__":"cc.Sprite","node":{"__id__":106},"_materials":[{"__uuid__":"ecpdLyjvZBwrvm+cedCcQy"}],"_spriteFrame":{"__uuid__":"49vzzlB8tA2ZAQMsGVKxv/"}}],"_contentSize":{"__type__":"cc.Size","width":94,"height":94},"_trs":{"__type__":"TypedArray","ctor":"Float64Array","array":[68,316,0,0,0,0,1,1,1,1]}},{"__type__":"cc.Node","_name":"ic_guaichukou","_parent":{"__id__":31},"_components":[{"__type__":"cc.Sprite","node":{"__id__":107},"_materials":[{"__uuid__":"ecpdLyjvZBwrvm+cedCcQy"}],"_spriteFrame":{"__uuid__":"1aSmjWLR9LrKKbBjLckorW"}}],"_contentSize":{"__type__":"cc.Size","width":88,"height":88},"_trs":{"__type__":"TypedArray","ctor":"Float64Array","array":[193,314,0,0,0,0,1,1,1,1]}},{"__type__":"cc.Node","_name":"pic_shuijing","_parent":{"__id__":31},"_components":[{"__type__":"cc.Sprite","node":{"__id__":108},"_materials":[{"__uuid__":"ecpdLyjvZBwrvm+cedCcQy"}],"_spriteFrame":{"__uuid__":"5apS0obU5A5rWFdSPkJelA"}}],"_contentSize":{"__type__":"cc.Size","width":108,"height":170},"_trs":{"__type__":"TypedArray","ctor":"Float64Array","array":[-198.503,346.623,0,0,0,0,1,1,1,1]}},{"__type__":"cc.Node","_name":"guaiNode","_parent":{"__id__":31},"_components":[{"__type__":"cc.Widget","node":{"__id__":109},"_alignFlags":45,"_top":5.684341886080802e-14,"_bottom":-5.684341886080802e-14}],"_contentSize":{"__type__":"cc.Size","width":750,"height":770},"_trs":{"__type__":"TypedArray","ctor":"Float64Array","array":[0,-5.684341886080802e-14,0,0,0,0,1,1,1,1]}},{"__type__":"cc.Node","_name":"paotwtNode","_parent":{"__id__":31},"_children":[{"__id__":111}],"_contentSize":{"__type__":"cc.Size","width":500,"height":500},"_trs":{"__type__":"TypedArray","ctor":"Float64Array","array":[1,8,0,0,0,0,1,1,1,1]}},{"__type__":"cc.Node","_name":"paotwo","_parent":{"__id__":110},"_children":[{"__id__":112}],"_active":false,"_contentSize":{"__type__":"cc.Size","width":100,"height":100},"_trs":{"__type__":"TypedArray","ctor":"Float64Array","array":[0,0,0,0,0,0,1,1,1,1]}},{"__type__":"cc.Node","_name":"paoSpr","_parent":{"__id__":111},"_components":[{"__type__":"cc.Sprite","node":{"__id__":112},"_materials":[{"__uuid__":"ecpdLyjvZBwrvm+cedCcQy"}]}],"_contentSize":{"__type__":"cc.Size","width":92,"height":86},"_trs":{"__type__":"TypedArray","ctor":"Float64Array","array":[0,0,0,0,0,0,1,1,1,1]}},{"__type__":"cc.Node","_name":"node_path","_parent":{"__id__":2},"_children":[{"__type__":"cc.Node","_name":"p0","_parent":{"__id__":113},"_trs":{"__type__":"TypedArray","ctor":"Float64Array","array":[193,348,0,0,0,0,1,1,1,1]}},{"__type__":"cc.Node","_name":"p1","_parent":{"__id__":113},"_trs":{"__type__":"TypedArray","ctor":"Float64Array","array":[314,348,0,0,0,0,1,1,1,1]}},{"__type__":"cc.Node","_name":"p2","_parent":{"__id__":113},"_trs":{"__type__":"TypedArray","ctor":"Float64Array","array":[314,-270,0,0,0,0,1,1,1,1]}},{"__type__":"cc.Node","_name":"p3","_parent":{"__id__":113},"_trs":{"__type__":"TypedArray","ctor":"Float64Array","array":[-314,-270,0,0,0,0,1,1,1,1]}},{"__type__":"cc.Node","_name":"p4","_parent":{"__id__":113},"_trs":{"__type__":"TypedArray","ctor":"Float64Array","array":[-314,348,0,0,0,0,1,1,1,1]}},{"__type__":"cc.Node","_name":"p5","_parent":{"__id__":113},"_trs":{"__type__":"TypedArray","ctor":"Float64Array","array":[-186,348,0,0,0,0,1,1,1,1]}}],"_active":false,"_components":[{"__type__":"cc.Widget","node":{"__id__":113},"_alignFlags":1,"_top":343}],"_contentSize":{"__type__":"cc.Size","width":750,"height":770},"_trs":{"__type__":"TypedArray","ctor":"Float64Array","array":[0,-61,0,0,0,0,1,1,1,1]}},{"__type__":"cc.Node","_name":"ic_tujian","_parent":{"__id__":2},"_children":[{"__id__":115}],"_components":[{"__type__":"cc.Sprite","node":{"__id__":114},"_materials":[{"__uuid__":"ecpdLyjvZBwrvm+cedCcQy"}],"_spriteFrame":{"__uuid__":"4a3vCHDqVFzZLymSHYKqnt"}},{"__type__":"cc.Widget","node":{"__id__":114},"_alignFlags":12,"_left":43,"_bottom":142},{"__type__":"cc.Button","node":{"__id__":114},"_normalMaterial":{"__uuid__":"ecpdLyjvZBwrvm+cedCcQy"},"duration":0,"zoomScale":0.9,"_N$transition":3,"transition":3}],"_contentSize":{"__type__":"cc.Size","width":92,"height":92},"_trs":{"__type__":"TypedArray","ctor":"Float64Array","array":[-286,-479,0,0,0,0,1,1,1,1]}},{"__type__":"cc.Node","_name":"font_tujian","_parent":{"__id__":114},"_components":[{"__type__":"41ebaVoPpRA4Kp67XEdHfZn","node":{"__id__":115},"_materials":[{"__uuid__":"ecpdLyjvZBwrvm+cedCcQy"}],"_string":"图鉴","_N$string":"图鉴","_fontSize":24,"_lineHeight":24,"_N$file":{"__uuid__":"farb0WbWZMgrGmuICOt0MU"},"_isSystemFontUsed":false,"_N$horizontalAlign":1,"_N$verticalAlign":1,"i18n_string":"hallScene_1_6"},{"__type__":"cc.LabelOutline","node":{"__id__":115},"_color":{"__type__":"cc.Color","r":56,"g":27,"b":28},"_width":2}],"_color":{"__type__":"cc.Color","r":254,"g":244,"b":103},"_contentSize":{"__type__":"cc.Size","width":52,"height":34.239999999999995},"_trs":{"__type__":"TypedArray","ctor":"Float64Array","array":[2.123,-31.092,0,0,0,0,1,1,1,1]}},{"__type__":"cc.Node","_name":"bg_bottom","_parent":{"__id__":2},"_children":[{"__id__":117},{"__id__":119},{"__id__":121},{"__id__":122},{"__id__":125},{"__id__":131},{"__id__":133}],"_components":[{"__type__":"cc.Sprite","node":{"__id__":116},"_materials":[{"__uuid__":"ecpdLyjvZBwrvm+cedCcQy"}],"_spriteFrame":{"__uuid__":"07rplfR3hAH47SKD6Xbmsq"}},{"__type__":"cc.Widget","node":{"__id__":116},"_alignFlags":44,"_originalWidth":750}],"_contentSize":{"__type__":"cc.Size","width":750,"height":55},"_trs":{"__type__":"TypedArray","ctor":"Float64Array","array":[0,-639.5,0,0,0,0,1,1,1,1]}},{"__type__":"cc.Node","_name":"ic_yaoqing","_parent":{"__id__":116},"_children":[{"__id__":118}],"_components":[{"__type__":"cc.Sprite","node":{"__id__":117},"_materials":[{"__uuid__":"ecpdLyjvZBwrvm+cedCcQy"}],"_spriteFrame":{"__uuid__":"16JYFbYfxMg4oEByJu6iok"}},{"__type__":"cc.Button","node":{"__id__":117},"_normalMaterial":{"__uuid__":"ecpdLyjvZBwrvm+cedCcQy"},"duration":0,"zoomScale":0.9,"_N$transition":3,"transition":3}],"_contentSize":{"__type__":"cc.Size","width":116,"height":96},"_trs":{"__type__":"TypedArray","ctor":"Float64Array","array":[-287,43,0,0,0,0,1,1,1,1]}},{"__type__":"cc.Node","_name":"font_yaoqingling","_parent":{"__id__":117},"_components":[{"__type__":"41ebaVoPpRA4Kp67XEdHfZn","node":{"__id__":118},"_materials":[{"__uuid__":"ecpdLyjvZBwrvm+cedCcQy"}],"_string":"邀请领现金","_N$string":"邀请领现金","_fontSize":22,"_lineHeight":22,"_N$file":{"__uuid__":"farb0WbWZMgrGmuICOt0MU"},"_isSystemFontUsed":false,"_N$horizontalAlign":1,"_N$verticalAlign":1},{"__type__":"cc.LabelOutline","node":{"__id__":118},"_color":{"__type__":"cc.Color","r":56,"g":27,"b":28},"_width":2}],"_color":{"__type__":"cc.Color","r":254,"g":244,"b":103},"_contentSize":{"__type__":"cc.Size","width":114,"height":31.72},"_trs":{"__type__":"TypedArray","ctor":"Float64Array","array":[-1.754,-33.441,0,0,0,0,1,1,1,1]}},{"__type__":"cc.Node","_name":"ic_renwu","_parent":{"__id__":116},"_children":[{"__id__":120}],"_components":[{"__type__":"cc.Sprite","node":{"__id__":119},"_materials":[{"__uuid__":"ecpdLyjvZBwrvm+cedCcQy"}],"_spriteFrame":{"__uuid__":"31ZqmmDnFGVYtrQgOHEZVt"}},{"__type__":"cc.Button","node":{"__id__":119},"_normalMaterial":{"__uuid__":"ecpdLyjvZBwrvm+cedCcQy"},"duration":0,"zoomScale":0.9,"_N$transition":3,"transition":3}],"_contentSize":{"__type__":"cc.Size","width":116,"height":96},"_trs":{"__type__":"TypedArray","ctor":"Float64Array","array":[-164,39,0,0,0,0,1,1,1,1]}},{"__type__":"cc.Node","_name":"font_renwu","_parent":{"__id__":119},"_components":[{"__type__":"41ebaVoPpRA4Kp67XEdHfZn","node":{"__id__":120},"_materials":[{"__uuid__":"ecpdLyjvZBwrvm+cedCcQy"}],"_string":"任务","_N$string":"任务","_fontSize":22,"_lineHeight":22,"_N$file":{"__uuid__":"farb0WbWZMgrGmuICOt0MU"},"_isSystemFontUsed":false,"_N$horizontalAlign":1,"_N$verticalAlign":1,"i18n_string":"hallScene_1_8"},{"__type__":"cc.LabelOutline","node":{"__id__":120},"_color":{"__type__":"cc.Color","r":56,"g":27,"b":28},"_width":2}],"_color":{"__type__":"cc.Color","r":254,"g":244,"b":103},"_contentSize":{"__type__":"cc.Size","width":48,"height":31.72},"_trs":{"__type__":"TypedArray","ctor":"Float64Array","array":[0,-29.441,0,0,0,0,1,1,1,1]}},{"__type__":"cc.Node","_name":"pic_paodi","_parent":{"__id__":116},"_components":[{"__type__":"cc.Sprite","node":{"__id__":121},"_materials":[{"__uuid__":"ecpdLyjvZBwrvm+cedCcQy"}],"_spriteFrame":{"__uuid__":"75jSCXolJA0YGlkMWICwf2"}}],"_contentSize":{"__type__":"cc.Size","width":122,"height":122},"_trs":{"__type__":"TypedArray","ctor":"Float64Array","array":[3,80,0,0,0,0,1,1,1,1]}},{"__type__":"cc.Node","_name":"buyAnimNode","_parent":{"__id__":116},"_children":[{"__id__":123},{"__id__":124}],"_components":[{"__type__":"cc.Mask","node":{"__id__":122},"_materials":[{"__uuid__":"ecpdLyjvZBwrvm+cedCcQy"}]},{"__type__":"cc.Animation","node":{"__id__":122},"_defaultClip":{"__uuid__":"b5gIXr/5BFqZiWUkWqUmO/"},"_clips":[{"__uuid__":"b5gIXr/5BFqZiWUkWqUmO/"}],"playOnLoad":true}],"_contentSize":{"__type__":"cc.Size","width":130,"height":105},"_trs":{"__type__":"TypedArray","ctor":"Float64Array","array":[0,81,0,0,0,0,1,1,1,1]}},{"__type__":"cc.Node","_name":"buyAnimSpr1","_parent":{"__id__":122},"_components":[{"__type__":"cc.Sprite","node":{"__id__":123},"_materials":[{"__uuid__":"ecpdLyjvZBwrvm+cedCcQy"}],"_spriteFrame":{"__uuid__":"0fcD95ZgBNg4SQZa1aQ9c3"}}],"_contentSize":{"__type__":"cc.Size","width":420,"height":161},"_trs":{"__type__":"TypedArray","ctor":"Float64Array","array":[155,-125,0,0,0,0,1,1,1,1]}},{"__type__":"cc.Node","_name":"buyAnimSpr2","_parent":{"__id__":122},"_components":[{"__type__":"cc.Sprite","node":{"__id__":124},"_materials":[{"__uuid__":"ecpdLyjvZBwrvm+cedCcQy"}],"_spriteFrame":{"__uuid__":"0fcD95ZgBNg4SQZa1aQ9c3"}}],"_contentSize":{"__type__":"cc.Size","width":420,"height":161},"_trs":{"__type__":"TypedArray","ctor":"Float64Array","array":[575,-125,0,0,0,0,1,1,1,1]}},{"__type__":"cc.Node","_name":"pic_goumai","_parent":{"__id__":116},"_children":[{"__id__":126},{"__id__":127},{"__id__":129},{"__id__":130}],"_components":[{"__type__":"cc.Sprite","node":{"__id__":125},"_materials":[{"__uuid__":"ecpdLyjvZBwrvm+cedCcQy"}],"_spriteFrame":{"__uuid__":"b2RSlTYctGY7cHTlvk3a+T"},"_isTrimmedMode":false},{"__type__":"cc.Button","node":{"__id__":125},"_normalMaterial":{"__uuid__":"ecpdLyjvZBwrvm+cedCcQy"},"zoomScale":1.03,"_N$transition":3,"transition":3}],"_contentSize":{"__type__":"cc.Size","width":216,"height":182},"_trs":{"__type__":"TypedArray","ctor":"Float64Array","array":[3,62,0,0,0,0,1,1,1,1]}},{"__type__":"cc.Node","_name":"pic_pao_img","_parent":{"__id__":125},"_components":[{"__type__":"cc.Sprite","node":{"__id__":126},"_materials":[{"__uuid__":"ecpdLyjvZBwrvm+cedCcQy"}],"_spriteFrame":{"__uuid__":"8cVki+pLlL7bCDa/EpmGzL"}}],"_contentSize":{"__type__":"cc.Size","width":90,"height":84},"_trs":{"__type__":"TypedArray","ctor":"Float64Array","array":[-2,16,0,0,0,0,1,1,1,1]}},{"__type__":"cc.Node","_name":"pic_pao_lvl_bg","_parent":{"__id__":125},"_children":[{"__id__":128}],"_components":[{"__type__":"cc.Sprite","node":{"__id__":127},"_materials":[{"__uuid__":"ecpdLyjvZBwrvm+cedCcQy"}],"_spriteFrame":{"__uuid__":"8aqV4LUClGzpVdm0ziRnQK"}}],"_contentSize":{"__type__":"cc.Size","width":40,"height":36},"_trs":{"__type__":"TypedArray","ctor":"Float64Array","array":[32,-17,0,0,0,0,1,1,1,1]}},{"__type__":"cc.Node","_name":"pic_pao_lvl_data","_parent":{"__id__":127},"_components":[{"__type__":"cc.Label","node":{"__id__":128},"_materials":[{"__uuid__":"ecpdLyjvZBwrvm+cedCcQy"}],"_useOriginalSize":false,"_string":"1","_N$string":"1","_fontSize":20,"_lineHeight":20,"_N$file":{"__uuid__":"41fwEWuyVLWaqNiOyZwKIo"},"_isSystemFontUsed":false,"_N$horizontalAlign":1,"_N$verticalAlign":1}],"_color":{"__type__":"cc.Color","r":42,"g":42,"b":42},"_contentSize":{"__type__":"cc.Size","width":9.5,"height":20},"_trs":{"__type__":"TypedArray","ctor":"Float64Array","array":[-2,0,0,0,0,0,1,1,1,1]}},{"__type__":"cc.Node","_name":"pic_paoshuliang","_parent":{"__id__":125},"_components":[{"__type__":"cc.Sprite","node":{"__id__":129},"_materials":[{"__uuid__":"ecpdLyjvZBwrvm+cedCcQy"}],"_spriteFrame":{"__uuid__":"7ejMCjd81BcaLm7QnGthCU"}}],"_contentSize":{"__type__":"cc.Size","width":28,"height":28},"_trs":{"__type__":"TypedArray","ctor":"Float64Array","array":[-48,-62,0,0,0,0,1,1,1,1]}},{"__type__":"cc.Node","_name":"pic_pao_sum","_parent":{"__id__":125},"_components":[{"__type__":"41ebaVoPpRA4Kp67XEdHfZn","node":{"__id__":130},"_materials":[{"__uuid__":"ecpdLyjvZBwrvm+cedCcQy"}],"_string":"6/15","_N$string":"6/15","_fontSize":25,"_lineHeight":28,"_N$file":{"__uuid__":"41fwEWuyVLWaqNiOyZwKIo"},"_isSystemFontUsed":false,"_N$horizontalAlign":1,"_N$verticalAlign":1}],"_contentSize":{"__type__":"cc.Size","width":55.63,"height":28},"_trs":{"__type__":"TypedArray","ctor":"Float64Array","array":[11,-63,0,0,0,0,1,1,1,1]}},{"__type__":"cc.Node","_name":"ic_zhuanpan","_parent":{"__id__":116},"_children":[{"__id__":132}],"_components":[{"__type__":"cc.Sprite","node":{"__id__":131},"_materials":[{"__uuid__":"ecpdLyjvZBwrvm+cedCcQy"}],"_spriteFrame":{"__uuid__":"d26h9vN0VG7LOdHKHH7rrd"}},{"__type__":"cc.Button","node":{"__id__":131},"_normalMaterial":{"__uuid__":"ecpdLyjvZBwrvm+cedCcQy"},"duration":0,"zoomScale":0.9,"_N$transition":3,"transition":3}],"_contentSize":{"__type__":"cc.Size","width":116,"height":96},"_trs":{"__type__":"TypedArray","ctor":"Float64Array","array":[166,39,0,0,0,0,1,1,1,1]}},{"__type__":"cc.Node","_name":"font_zhuanpan","_parent":{"__id__":131},"_components":[{"__type__":"41ebaVoPpRA4Kp67XEdHfZn","node":{"__id__":132},"_materials":[{"__uuid__":"ecpdLyjvZBwrvm+cedCcQy"}],"_string":"转盘","_N$string":"转盘","_fontSize":22,"_lineHeight":22,"_N$file":{"__uuid__":"farb0WbWZMgrGmuICOt0MU"},"_isSystemFontUsed":false,"_N$horizontalAlign":1,"_N$verticalAlign":1,"i18n_string":"hallScene_1_9"},{"__type__":"cc.LabelOutline","node":{"__id__":132},"_color":{"__type__":"cc.Color","r":56,"g":27,"b":28},"_width":2}],"_color":{"__type__":"cc.Color","r":254,"g":244,"b":103},"_contentSize":{"__type__":"cc.Size","width":48,"height":31.72},"_trs":{"__type__":"TypedArray","ctor":"Float64Array","array":[0,-29.441,0,0,0,0,1,1,1,1]}},{"__type__":"cc.Node","_name":"ic_qiandao","_parent":{"__id__":116},"_children":[{"__id__":134}],"_components":[{"__type__":"cc.Sprite","node":{"__id__":133},"_materials":[{"__uuid__":"ecpdLyjvZBwrvm+cedCcQy"}],"_spriteFrame":{"__uuid__":"cbvw6OZWJClp+dX1Y4gc6p"}},{"__type__":"cc.Button","node":{"__id__":133},"_normalMaterial":{"__uuid__":"ecpdLyjvZBwrvm+cedCcQy"},"duration":0,"zoomScale":0.9,"_N$transition":3,"transition":3}],"_contentSize":{"__type__":"cc.Size","width":116,"height":96},"_trs":{"__type__":"TypedArray","ctor":"Float64Array","array":[292,39,0,0,0,0,1,1,1,1]}},{"__type__":"cc.Node","_name":"font_qiandao","_parent":{"__id__":133},"_components":[{"__type__":"41ebaVoPpRA4Kp67XEdHfZn","node":{"__id__":134},"_materials":[{"__uuid__":"ecpdLyjvZBwrvm+cedCcQy"}],"_string":"签到","_N$string":"签到","_fontSize":22,"_lineHeight":22,"_N$file":{"__uuid__":"farb0WbWZMgrGmuICOt0MU"},"_isSystemFontUsed":false,"_N$horizontalAlign":1,"_N$verticalAlign":1,"i18n_string":"hallScene_1_10"},{"__type__":"cc.LabelOutline","node":{"__id__":134},"_color":{"__type__":"cc.Color","r":56,"g":27,"b":28},"_width":2}],"_color":{"__type__":"cc.Color","r":254,"g":244,"b":103},"_contentSize":{"__type__":"cc.Size","width":48,"height":31.72},"_trs":{"__type__":"TypedArray","ctor":"Float64Array","array":[0,-29.441,0,0,0,0,1,1,1,1]}},{"__type__":"cc.Node","_name":"pic_fenhongpao","_parent":{"__id__":2},"_children":[{"__id__":136},{"__id__":137},{"__id__":138},{"__id__":139}],"_components":[{"__type__":"cc.Sprite","node":{"__id__":135},"_materials":[{"__uuid__":"ecpdLyjvZBwrvm+cedCcQy"}],"_spriteFrame":{"__uuid__":"c7syThm7hJlayYEsQmsCVR"}},{"__type__":"cc.Widget","node":{"__id__":135},"_alignFlags":36,"_right":-7,"_top":1093,"_bottom":163},{"__type__":"cc.Button","node":{"__id__":135},"_normalMaterial":{"__uuid__":"ecpdLyjvZBwrvm+cedCcQy"},"_N$transition":3,"transition":3}],"_contentSize":{"__type__":"cc.Size","width":224,"height":78},"_trs":{"__type__":"TypedArray","ctor":"Float64Array","array":[270,-465,0,0,0,0,1,1,1,1]}},{"__type__":"cc.Node","_name":"pic_paowangdi","_parent":{"__id__":135},"_components":[{"__type__":"cc.Sprite","node":{"__id__":136},"_materials":[{"__uuid__":"ecpdLyjvZBwrvm+cedCcQy"}],"_spriteFrame":{"__uuid__":"27kv5qAnZMT5/Ytvpnzb/t"}}],"_contentSize":{"__type__":"cc.Size","width":92,"height":92},"_trs":{"__type__":"TypedArray","ctor":"Float64Array","array":[-70,3,0,0,0,0,1,1,1,1]}},{"__type__":"cc.Node","_name":"pic_paowang","_parent":{"__id__":135},"_components":[{"__type__":"cc.Sprite","node":{"__id__":137},"_materials":[{"__uuid__":"ecpdLyjvZBwrvm+cedCcQy"}],"_spriteFrame":{"__uuid__":"f7Xw3kzCNPpbLTYDyM2Brp"}}],"_contentSize":{"__type__":"cc.Size","width":62,"height":62},"_trs":{"__type__":"TypedArray","ctor":"Float64Array","array":[-69,2,0,0,0,0,1,1,1,1]}},{"__type__":"cc.Node","_name":"pic_fenhongpao_label","_parent":{"__id__":135},"_components":[{"__type__":"41ebaVoPpRA4Kp67XEdHfZn","node":{"__id__":138},"_materials":[{"__uuid__":"ecpdLyjvZBwrvm+cedCcQy"}],"_string":"今日炮王收益","_N$string":"今日炮王收益","_fontSize":22,"_lineHeight":22,"_N$file":{"__uuid__":"farb0WbWZMgrGmuICOt0MU"},"_isSystemFontUsed":false}],"_contentSize":{"__type__":"cc.Size","width":132,"height":27.72},"_trs":{"__type__":"TypedArray","ctor":"Float64Array","array":[30,14,0,0,0,0,1,1,1,1]}},{"__type__":"cc.Node","_name":"pic_fenhongpao_data","_parent":{"__id__":135},"_components":[{"__type__":"cc.Label","node":{"__id__":139},"_materials":[{"__uuid__":"ecpdLyjvZBwrvm+cedCcQy"}],"_useOriginalSize":false,"_string":"￥159.60","_N$string":"￥159.60","_fontSize":22,"_lineHeight":22,"_N$file":{"__uuid__":"41fwEWuyVLWaqNiOyZwKIo"},"_isSystemFontUsed":false,"_N$horizontalAlign":1,"_N$verticalAlign":1}],"_contentSize":{"__type__":"cc.Size","width":100.65,"height":22},"_trs":{"__type__":"TypedArray","ctor":"Float64Array","array":[28,-14,0,0,0,0,1,1,1,1]}},{"__type__":"cc.Node","_name":"touxiangdi","_parent":{"__id__":141},"_contentSize":{"__type__":"cc.Size","width":70,"height":88},"_trs":{"__type__":"TypedArray","ctor":"Float64Array","array":[0,-94,0,0,0,0,1,1,1,1]}},{"__type__":"cc.Node","_name":"item","_parent":{"__id__":142},"_children":[{"__id__":140},{"__id__":150}],"_components":[{"__type__":"cc.Sprite","node":{"__id__":141},"_materials":[{"__uuid__":"ecpdLyjvZBwrvm+cedCcQy"}],"_spriteFrame":{"__uuid__":"c6vr/rxuRKuoXyqrE90jlW"}}],"_contentSize":{"__type__":"cc.Size","width":586,"height":274},"_anchorPoint":{"__type__":"cc.Vec2","x":0.5,"y":1},"_trs":{"__type__":"TypedArray","ctor":"Float64Array","array":[0,0,0,0,0,0,1,1,1,1]}},{"__type__":"cc.Node","_name":"content","_parent":{"__id__":143},"_children":[{"__id__":141}],"_components":[{"__type__":"cc.Widget","node":{"__id__":142},"_alignFlags":40,"_originalWidth":220}],"_contentSize":{"__type__":"cc.Size","width":610,"height":400},"_anchorPoint":{"__type__":"cc.Vec2","x":0.5,"y":1},"_trs":{"__type__":"TypedArray","ctor":"Float64Array","array":[0,0,0,0,0,0,1,1,1,1]}},{"__type__":"cc.Node","_name":"view","_parent":{"__id__":144},"_children":[{"__id__":142}],"_components":[{"__type__":"cc.Mask","node":{"__id__":143},"_materials":[{"__uuid__":"ecpdLyjvZBwrvm+cedCcQy"}],"_N$alphaThreshold":0},{"__type__":"cc.Widget","node":{"__id__":143},"_alignFlags":45,"_originalWidth":240,"_originalHeight":250}],"_contentSize":{"__type__":"cc.Size","width":610,"height":975},"_anchorPoint":{"__type__":"cc.Vec2","x":0.5,"y":1},"_trs":{"__type__":"TypedArray","ctor":"Float64Array","array":[0,487.5,0,0,0,0,1,1,1,1]}},{"__type__":"cc.Node","_name":"ScrollView","_parent":{"__id__":145},"_children":[{"__id__":143}],"_components":[{"__type__":"cc.ScrollView","node":{"__id__":144},"horizontal":false,"inertia":false,"brake":0.75,"elastic":false,"bounceDuration":0.23,"_N$content":{"__id__":142},"content":{"__id__":142},"_N$horizontalScrollBar":null,"_N$verticalScrollBar":null}],"_contentSize":{"__type__":"cc.Size","width":610,"height":975},"_trs":{"__type__":"TypedArray","ctor":"Float64Array","array":[0,-49,0,0,0,0,1,1,1,1]}},{"__type__":"cc.Node","_name":"bgNode","_parent":{"__id__":146},"_children":[{"__id__":148},{"__id__":149},{"__id__":144}],"_components":[{"__type__":"cc.Sprite","node":{"__id__":145},"_materials":[{"__uuid__":"ecpdLyjvZBwrvm+cedCcQy"}],"_spriteFrame":{"__uuid__":"fcWA/B9L5IZKjiJkUQd8Kf"},"_type":1,"_sizeMode":0}],"_contentSize":{"__type__":"cc.Size","width":657,"height":1125},"_trs":{"__type__":"TypedArray","ctor":"Float64Array","array":[0,-11,0,0,0,0,1,1,1,1]}},{"__type__":"cc.Node","_name":"shengji_layer","_parent":{"__id__":2},"_children":[{"__id__":147},{"__id__":145}],"_components":[{"__type__":"cc.Widget","node":{"__id__":146},"_alignFlags":45}],"_contentSize":{"__type__":"cc.Size","width":750,"height":1334},"_trs":{"__type__":"TypedArray","ctor":"Float64Array","array":[0,0,0,0,0,0,1,1,1,1]}},{"__type__":"cc.Node","_name":"mask","_parent":{"__id__":146},"_components":[{"__type__":"cc.Sprite","node":{"__id__":147},"_materials":[{"__uuid__":"ecpdLyjvZBwrvm+cedCcQy"}],"_spriteFrame":{"__uuid__":"a2MjXRFdtLlYQ5ouAFv/+R"},"_sizeMode":0},{"__type__":"cc.Widget","node":{"__id__":147},"_alignFlags":45,"_originalWidth":40,"_originalHeight":36}],"_opacity":130,"_color":{"__type__":"cc.Color"},"_contentSize":{"__type__":"cc.Size","width":750,"height":1334},"_trs":{"__type__":"TypedArray","ctor":"Float64Array","array":[0,0,0,0,0,0,1,1,1,1]}},{"__type__":"cc.Node","_name":"pic_shengjitixian","_parent":{"__id__":145},"_components":[{"__type__":"cc.Sprite","node":{"__id__":148},"_materials":[{"__uuid__":"ecpdLyjvZBwrvm+cedCcQy"}],"_spriteFrame":{"__uuid__":"6dDSxQE1NL1rFMMQOiXpHj"}}],"_contentSize":{"__type__":"cc.Size","width":448,"height":144},"_trs":{"__type__":"TypedArray","ctor":"Float64Array","array":[14,523,0,0,0,0,1,1,1,1]}},{"__type__":"cc.Node","_name":"ic_guanbi2","_parent":{"__id__":145},"_components":[{"__type__":"cc.Sprite","node":{"__id__":149},"_materials":[{"__uuid__":"ecpdLyjvZBwrvm+cedCcQy"}],"_spriteFrame":{"__uuid__":"5c4o7no3NMH7pZupb0latf"}}],"_contentSize":{"__type__":"cc.Size","width":84,"height":84},"_trs":{"__type__":"TypedArray","ctor":"Float64Array","array":[287,510,0,0,0,0,1,1,1,1]}},{"__type__":"cc.Node","_name":"touxiangkuang","_parent":{"__id__":141},"_components":[{"__type__":"cc.Sprite","node":{"__id__":150},"_materials":[{"__uuid__":"ecpdLyjvZBwrvm+cedCcQy"}],"_spriteFrame":{"__uuid__":"67mcVwXiRMta0ZN4+gjpfK"}}],"_contentSize":{"__type__":"cc.Size","width":70,"height":70},"_trs":{"__type__":"TypedArray","ctor":"Float64Array","array":[0,-84,0,0,0,0,1,1,1,1]}}],{"__type__":"cc.SpriteFrame","content":{"name":"ic_yaoqing","texture":"02krqH8i1AdZB/lC2WegR2","rect":[145,398,116,96],"offset":[0,0],"originalSize":[116,96],"capInsets":[0,0,0,0]}},{"__type__":"cc.SpriteFrame","content":{"name":"hecheng","texture":"02krqH8i1AdZB/lC2WegR2","rect":[1,378,142,142],"offset":[0,0],"originalSize":[142,142],"capInsets":[0,0,0,0]}},{"__type__":"cc.SpriteFrame","content":{"name":"pic_shuijingdi","texture":"c8Z9TMAsRDiKUH7MlrtJdX","rect":[111,1,114,112],"offset":[0,0],"originalSize":[114,112],"capInsets":[0,0,0,0]}},{"__type__":"cc.SpriteFrame","content":{"name":"ic_guaichukou","texture":"02krqH8i1AdZB/lC2WegR2","rect":[775,281,88,88],"offset":[0,0],"originalSize":[88,88],"capInsets":[0,0,0,0]}},{"__type__":"cc.SpriteFrame","content":{"name":"btn_lvbg","texture":"02krqH8i1AdZB/lC2WegR2","rect":[145,496,72,36],"offset":[0,0],"originalSize":[72,36],"capInsets":[0,0,0,0]}},{"__type__":"cc.SpriteFrame","content":{"name":"touxiangdi","texture":"e0kPQXrAlLBp/dRPfCD6sk","rect":[515,543,70,88],"offset":[0,0],"originalSize":[70,88],"capInsets":[0,0,0,0]}},{"__type__":"cc.SpriteFrame","content":{"name":"pic_paowangdi","texture":"02krqH8i1AdZB/lC2WegR2","rect":[573,411,92,92],"offset":[0,0],"originalSize":[92,92],"capInsets":[0,0,0,0]}},{"__type__":"cc.SpriteFrame","content":{"name":"ic_baoxiang1","texture":"02krqH8i1AdZB/lC2WegR2","rect":[667,441,88,88],"offset":[0,0],"originalSize":[88,88],"capInsets":[0,0,0,0]}},{"__type__":"cc.SpriteFrame","content":{"name":"ic_renwu","texture":"02krqH8i1AdZB/lC2WegR2","rect":[263,398,116,96],"offset":[0,0],"originalSize":[116,96],"capInsets":[0,0,0,0]}},{"__type__":"cc.SpriteFrame","content":{"name":"bg_touxiang","texture":"02krqH8i1AdZB/lC2WegR2","rect":[865,299,70,70],"offset":[0,0],"originalSize":[70,70],"capInsets":[0,0,0,0]}},{"__type__":"cc.SpriteFrame","content":{"name":"paress","texture":"02krqH8i1AdZB/lC2WegR2","rect":[155,380,62,16],"offset":[0,0],"originalSize":[62,16],"capInsets":[8,0,8,0]}},{"__type__":"cc.SpriteFrame","content":{"name":"pic_shuijing1","texture":"c8Z9TMAsRDiKUH7MlrtJdX","rect":[111,115,54,72],"offset":[0,0],"originalSize":[54,72],"capInsets":[0,0,0,0]}},{"__type__":"cc.SpriteFrame","content":{"name":"pic_hua","texture":"02krqH8i1AdZB/lC2WegR2","rect":[381,400,94,94],"offset":[0,0],"originalSize":[94,94],"capInsets":[0,0,0,0]}},{"__type__":"cc.SpriteFrame","content":{"name":"ic_xinrenfuli","texture":"02krqH8i1AdZB/lC2WegR2","rect":[477,400,94,94],"offset":[0,0],"originalSize":[94,94],"capInsets":[0,0,0,0]}},{"__type__":"cc.SpriteFrame","content":{"name":"ic_tujian","texture":"02krqH8i1AdZB/lC2WegR2","rect":[681,281,92,92],"offset":[0,0],"originalSize":[92,92],"capInsets":[0,0,0,0]}},{"__type__":"cc.SpriteFrame","content":{"name":"pic_shuijing","texture":"c8Z9TMAsRDiKUH7MlrtJdX","rect":[1,1,108,170],"offset":[0,0],"originalSize":[108,170],"capInsets":[0,0,0,0]}},{"__type__":"cc.SpriteFrame","content":{"name":"ic_guanbi2","texture":"02krqH8i1AdZB/lC2WegR2","rect":[789,371,84,84],"offset":[0,0],"originalSize":[84,84],"capInsets":[0,0,0,0]}},{"__type__":"cc.SpriteFrame","content":{"name":"pic_shuijing4","texture":"c8Z9TMAsRDiKUH7MlrtJdX","rect":[231,79,60,46],"offset":[0,0],"originalSize":[60,46],"capInsets":[0,0,0,0]}},{"__type__":"cc.SpriteFrame","content":{"name":"touxiangkuang","texture":"e0kPQXrAlLBp/dRPfCD6sk","rect":[503,633,70,70],"offset":[0,0],"originalSize":[70,70],"capInsets":[0,0,0,0]}},{"__type__":"cc.SpriteFrame","content":{"name":"pic_shengjitixian","texture":"e0kPQXrAlLBp/dRPfCD6sk","rect":[1,413,448,144],"offset":[0,0],"originalSize":[448,144],"capInsets":[0,0,0,0]}},{"__type__":"cc.SpriteFrame","content":{"name":"ic_qian","texture":"02krqH8i1AdZB/lC2WegR2","rect":[877,1,50,50],"offset":[0,0],"originalSize":[50,50],"capInsets":[0,0,0,0]}},{"__type__":"cc.SpriteFrame","content":{"name":"buybg","texture":"02krqH8i1AdZB/lC2WegR2","rect":[219,274,122,122],"offset":[0,0],"originalSize":[122,122],"capInsets":[0,0,0,0]}},{"__type__":"cc.SpriteFrame","content":{"name":"btn_zhishipai","texture":"02krqH8i1AdZB/lC2WegR2","rect":[445,194,128,102],"offset":[0,0],"originalSize":[128,102],"capInsets":[0,0,0,0]}},{"__type__":"cc.SpriteFrame","content":{"name":"pic_paoshuliang","texture":"02krqH8i1AdZB/lC2WegR2","rect":[833,251,28,28],"offset":[0,0],"originalSize":[28,28],"capInsets":[0,0,0,0]}},{"__type__":"cc.SpriteFrame","content":{"name":"bg_lv","texture":"02krqH8i1AdZB/lC2WegR2","rect":[293,496,40,36],"offset":[0,0],"originalSize":[40,36],"capInsets":[0,0,0,0]}},{"__type__":"cc.SpriteFrame","content":{"name":"pao1","texture":"afV9Rl6MtP5rvRYLVNm4KC","rect":[10,13,90,84],"offset":[0,0],"originalSize":[110,110],"capInsets":[0,0,0,0]}},{"__type__":"cc.SpriteFrame","content":{"name":"default_sprite_splash","texture":"02delMVqdBD70a/HSD99FK","rect":[0,0,2,2],"offset":[0,0],"originalSize":[2,2],"capInsets":[0,0,0,0]}},{"__type__":"cc.SpriteFrame","content":{"name":"pic_shuijing5","texture":"c8Z9TMAsRDiKUH7MlrtJdX","rect":[167,115,62,56],"offset":[0,0],"originalSize":[62,56],"capInsets":[0,0,0,0]}},{"__type__":"cc.SpriteFrame","content":{"name":"pic_goumai","texture":"02krqH8i1AdZB/lC2WegR2","rect":[1,194,216,182],"offset":[0,0],"originalSize":[216,182],"capInsets":[0,0,0,0]}},{"__type__":"cc.SpriteAtlas","_name":"shuijing.plist","_spriteFrames":{"pic_shuijing":{"__uuid__":"5apS0obU5A5rWFdSPkJelA"},"pic_shuijing1":{"__uuid__":"45dzpQTzpBap0K2Npm4hjn"},"pic_shuijing2":{"__uuid__":"dfQT/6piZOd4X443dLi+UL"},"pic_shuijing3":{"__uuid__":"b8vFKAZZpL2JxyfKRQq7UG"},"pic_shuijing4":{"__uuid__":"66Y22PInZLHrVEPpi28yv4"},"pic_shuijing5":{"__uuid__":"a6V1Qaz5NN+7lwn9RIYQBO"},"pic_shuijingdi":{"__uuid__":"174cAMdhxMjbMUQOKPthDk"}}},{"__type__":"cc.AnimationClip","_name":"buypao","_duration":4.016666666666667,"speed":0.5,"wrapMode":2,"curveData":{"paths":{"buyAnimSpr1":{"props":{"x":[{"frame":0,"value":155},{"frame":2,"value":-265},{"frame":2.0166666666666666,"value":571.5},{"frame":4,"value":155}]}},"buyAnimSpr2":{"props":{"x":[{"frame":0,"value":575},{"frame":2,"value":155},{"frame":4,"value":-265},{"frame":4.016666666666667,"value":575}]}}}}},{"__type__":"cc.SpriteFrame","content":{"name":"pic_shuijing3","texture":"c8Z9TMAsRDiKUH7MlrtJdX","rect":[231,127,40,44],"offset":[0,0],"originalSize":[40,44],"capInsets":[0,0,0,0]}},{"__type__":"cc.SpriteFrame","content":{"name":"btn_huangbg","texture":"02krqH8i1AdZB/lC2WegR2","rect":[219,496,72,36],"offset":[0,0],"originalSize":[72,36],"capInsets":[18,0,18,0]}},{"__type__":"cc.SpriteFrame","content":{"name":"bg_xiangqing1","texture":"e0kPQXrAlLBp/dRPfCD6sk","rect":[1,1,586,274],"offset":[0,0],"originalSize":[586,274],"capInsets":[0,0,0,0]}},{"__type__":"cc.SpriteFrame","content":{"name":"pic_fenhongpao","texture":"02krqH8i1AdZB/lC2WegR2","rect":[219,194,224,78],"offset":[0,0],"originalSize":[224,78],"capInsets":[0,0,0,0]}},{"__type__":"cc.SpriteFrame","content":{"name":"ic_qiandao","texture":"02krqH8i1AdZB/lC2WegR2","rect":[343,300,116,96],"offset":[0,0],"originalSize":[116,96],"capInsets":[0,0,0,0]}},{"__type__":"cc.SpriteFrame","content":{"name":"ic_zhuanpan","texture":"02krqH8i1AdZB/lC2WegR2","rect":[753,125,116,96],"offset":[0,0],"originalSize":[116,96],"capInsets":[0,0,0,0]}},{"__type__":"cc.SpriteFrame","content":{"name":"ic_hongbao","texture":"02krqH8i1AdZB/lC2WegR2","rect":[877,53,50,50],"offset":[0,0],"originalSize":[50,50],"capInsets":[0,0,0,0]}},{"__type__":"cc.SpriteFrame","content":{"name":"bg_dengjidi","texture":"02krqH8i1AdZB/lC2WegR2","rect":[683,195,68,26],"offset":[0,0],"originalSize":[68,26],"capInsets":[0,0,0,0]}},{"__type__":"cc.SpriteFrame","content":{"name":"bg_shidi","texture":"02krqH8i1AdZB/lC2WegR2","rect":[461,298,100,100],"offset":[0,0],"originalSize":[100,100],"capInsets":[0,0,0,0]}},{"__type__":"cc.SpriteFrame","content":{"name":"pic_shuijing2","texture":"c8Z9TMAsRDiKUH7MlrtJdX","rect":[227,1,38,76],"offset":[0,0],"originalSize":[38,76],"capInsets":[0,0,0,0]}},{"__type__":"cc.SpriteFrame","content":{"name":"ic_shengjitixian","texture":"02krqH8i1AdZB/lC2WegR2","rect":[573,315,94,94],"offset":[0,0],"originalSize":[94,94],"capInsets":[0,0,0,0]}},{"__type__":"cc.SpriteFrame","content":{"name":"bg_jingyandi","texture":"02krqH8i1AdZB/lC2WegR2","rect":[343,282,62,16],"offset":[0,0],"originalSize":[62,16],"capInsets":[21,0,27,0]}},{"__type__":"cc.SpriteFrame","content":{"name":"pic_paowang","texture":"02krqH8i1AdZB/lC2WegR2","rect":[865,235,62,62],"offset":[0,0],"originalSize":[62,62],"capInsets":[0,0,0,0]}},{"__type__":"cc.SpriteFrame","content":{"name":"bg_paowang","texture":"5fIZ6eNjtLcoTSqUYB8890","rect":[1,0,657,808],"offset":[0.5,0],"originalSize":[658,808],"capInsets":[248.5,335,248.5,335]}},{"__type__":"cc.SpriteFrame","content":{"name":"bg_senlin","texture":"ffQBqz58ZNZJPxeQgCzKWp","rect":[0,0,750,1700],"offset":[0,0],"originalSize":[750,1700],"capInsets":[0,0,0,0]}},{"__type__":"cc.SpriteFrame","content":{"name":"bg_top","texture":"02krqH8i1AdZB/lC2WegR2","rect":[1,1,750,134],"offset":[0,0],"originalSize":[750,134],"capInsets":[0,0,0,0]}}]