[{"__type__":"cc.BitmapFont","_name":"number2","spriteFrame":{"__uuid__":"86SuZfdANFDZas2GjTAeVD"},"fontSize":40,"_fntConfig":{"commonHeight":41,"fontSize":40,"atlasName":"number2.png","fontDefDictionary":{"42":{"rect":{"x":322,"y":272,"width":23,"height":23},"xOffset":4,"yOffset":0,"xAdvance":23},"43":{"rect":{"x":351,"y":284,"width":28,"height":28},"xOffset":5,"yOffset":13,"xAdvance":30},"45":{"rect":{"x":322,"y":296,"width":28,"height":11},"xOffset":5,"yOffset":21,"xAdvance":30},"46":{"rect":{"x":250,"y":217,"width":15,"height":13},"xOffset":3,"yOffset":28,"xAdvance":14},"47":{"rect":{"x":322,"y":210,"width":18,"height":35},"xOffset":3,"yOffset":6,"xAdvance":17},"48":{"rect":{"x":195,"y":273,"width":31,"height":33},"xOffset":2,"yOffset":8,"xAdvance":28},"49":{"rect":{"x":322,"y":150,"width":20,"height":33},"xOffset":9,"yOffset":7,"xAdvance":31},"50":{"rect":{"x":0,"y":273,"width":32,"height":34},"xOffset":3,"yOffset":7,"xAdvance":31},"51":{"rect":{"x":227,"y":273,"width":31,"height":33},"xOffset":3,"yOffset":7,"xAdvance":31},"52":{"rect":{"x":287,"y":105,"width":33,"height":34},"xOffset":1,"yOffset":6,"xAdvance":28},"53":{"rect":{"x":0,"y":308,"width":30,"height":35},"xOffset":2,"yOffset":7,"xAdvance":28},"54":{"rect":{"x":31,"y":308,"width":30,"height":34},"xOffset":4,"yOffset":7,"xAdvance":31},"55":{"rect":{"x":351,"y":77,"width":29,"height":33},"xOffset":4,"yOffset":7,"xAdvance":31},"56":{"rect":{"x":217,"y":206,"width":32,"height":32},"xOffset":0,"yOffset":9,"xAdvance":28},"57":{"rect":{"x":291,"y":273,"width":30,"height":33},"xOffset":4,"yOffset":7,"xAdvance":31},"65":{"rect":{"x":75,"y":239,"width":35,"height":33},"xOffset":2,"yOffset":7,"xAdvance":32},"66":{"rect":{"x":250,"y":37,"width":35,"height":36},"xOffset":3,"yOffset":6,"xAdvance":33},"67":{"rect":{"x":99,"y":273,"width":31,"height":34},"xOffset":2,"yOffset":7,"xAdvance":29},"68":{"rect":{"x":287,"y":0,"width":34,"height":34},"xOffset":4,"yOffset":7,"xAdvance":33},"69":{"rect":{"x":322,"y":0,"width":28,"height":38},"xOffset":3,"yOffset":6,"xAdvance":28},"70":{"rect":{"x":351,"y":111,"width":27,"height":35},"xOffset":3,"yOffset":6,"xAdvance":26},"71":{"rect":{"x":44,"y":206,"width":34,"height":32},"xOffset":4,"yOffset":8,"xAdvance":33},"72":{"rect":{"x":250,"y":113,"width":36,"height":34},"xOffset":4,"yOffset":7,"xAdvance":35},"73":{"rect":{"x":0,"y":344,"width":15,"height":34},"xOffset":3,"yOffset":7,"xAdvance":13},"74":{"rect":{"x":351,"y":216,"width":27,"height":33},"xOffset":2,"yOffset":8,"xAdvance":25},"75":{"rect":{"x":250,"y":0,"width":36,"height":36},"xOffset":3,"yOffset":6,"xAdvance":36},"76":{"rect":{"x":351,"y":250,"width":24,"height":33},"xOffset":3,"yOffset":7,"xAdvance":23},"77":{"rect":{"x":0,"y":239,"width":37,"height":33},"xOffset":3,"yOffset":8,"xAdvance":35},"78":{"rect":{"x":287,"y":140,"width":34,"height":33},"xOffset":3,"yOffset":7,"xAdvance":34},"79":{"rect":{"x":149,"y":206,"width":33,"height":32},"xOffset":3,"yOffset":8,"xAdvance":31},"80":{"rect":{"x":33,"y":273,"width":32,"height":34},"xOffset":3,"yOffset":6,"xAdvance":30},"81":{"rect":{"x":250,"y":74,"width":33,"height":38},"xOffset":3,"yOffset":7,"xAdvance":31},"82":{"rect":{"x":250,"y":148,"width":35,"height":34},"xOffset":3,"yOffset":7,"xAdvance":32},"83":{"rect":{"x":351,"y":0,"width":29,"height":34},"xOffset":2,"yOffset":6,"xAdvance":26},"84":{"rect":{"x":259,"y":273,"width":31,"height":33},"xOffset":3,"yOffset":7,"xAdvance":29},"85":{"rect":{"x":287,"y":174,"width":33,"height":34},"xOffset":3,"yOffset":7,"xAdvance":32},"86":{"rect":{"x":287,"y":35,"width":34,"height":34},"xOffset":3,"yOffset":7,"xAdvance":31},"87":{"rect":{"x":0,"y":206,"width":43,"height":32},"xOffset":3,"yOffset":9,"xAdvance":42},"88":{"rect":{"x":287,"y":70,"width":34,"height":34},"xOffset":2,"yOffset":7,"xAdvance":30},"89":{"rect":{"x":250,"y":183,"width":36,"height":33},"xOffset":3,"yOffset":8,"xAdvance":35},"90":{"rect":{"x":351,"y":147,"width":28,"height":33},"xOffset":2,"yOffset":7,"xAdvance":25},"97":{"rect":{"x":351,"y":313,"width":29,"height":25},"xOffset":3,"yOffset":16,"xAdvance":27},"98":{"rect":{"x":131,"y":273,"width":31,"height":34},"xOffset":3,"yOffset":7,"xAdvance":29},"99":{"rect":{"x":322,"y":97,"width":26,"height":26},"xOffset":3,"yOffset":15,"xAdvance":25},"100":{"rect":{"x":287,"y":209,"width":32,"height":35},"xOffset":4,"yOffset":7,"xAdvance":32},"101":{"rect":{"x":322,"y":71,"width":28,"height":25},"xOffset":3,"yOffset":16,"xAdvance":27},"102":{"rect":{"x":351,"y":181,"width":27,"height":34},"xOffset":3,"yOffset":7,"xAdvance":22},"103":{"rect":{"x":79,"y":206,"width":34,"height":32},"xOffset":2,"yOffset":16,"xAdvance":32},"104":{"rect":{"x":163,"y":273,"width":31,"height":34},"xOffset":3,"yOffset":6,"xAdvance":29},"105":{"rect":{"x":16,"y":344,"width":14,"height":32},"xOffset":2,"yOffset":8,"xAdvance":12},"106":{"rect":{"x":351,"y":35,"width":24,"height":41},"xOffset":1,"yOffset":7,"xAdvance":22},"107":{"rect":{"x":66,"y":273,"width":32,"height":34},"xOffset":3,"yOffset":7,"xAdvance":31},"108":{"rect":{"x":381,"y":0,"width":13,"height":34},"xOffset":3,"yOffset":7,"xAdvance":13},"109":{"rect":{"x":154,"y":239,"width":40,"height":25},"xOffset":3,"yOffset":15,"xAdvance":40},"110":{"rect":{"x":195,"y":239,"width":31,"height":25},"xOffset":3,"yOffset":15,"xAdvance":29},"111":{"rect":{"x":125,"y":308,"width":29,"height":25},"xOffset":3,"yOffset":16,"xAdvance":27},"112":{"rect":{"x":62,"y":308,"width":31,"height":32},"xOffset":3,"yOffset":15,"xAdvance":30},"113":{"rect":{"x":183,"y":206,"width":33,"height":32},"xOffset":3,"yOffset":16,"xAdvance":30},"114":{"rect":{"x":322,"y":246,"width":22,"height":25},"xOffset":4,"yOffset":16,"xAdvance":21},"115":{"rect":{"x":322,"y":124,"width":27,"height":25},"xOffset":3,"yOffset":15,"xAdvance":26},"116":{"rect":{"x":322,"y":39,"width":24,"height":31},"xOffset":3,"yOffset":10,"xAdvance":21},"117":{"rect":{"x":94,"y":308,"width":30,"height":25},"xOffset":4,"yOffset":16,"xAdvance":31},"118":{"rect":{"x":227,"y":239,"width":31,"height":25},"xOffset":3,"yOffset":15,"xAdvance":29},"119":{"rect":{"x":111,"y":239,"width":42,"height":25},"xOffset":4,"yOffset":15,"xAdvance":42},"120":{"rect":{"x":287,"y":245,"width":32,"height":26},"xOffset":3,"yOffset":15,"xAdvance":30},"121":{"rect":{"x":114,"y":206,"width":34,"height":32},"xOffset":4,"yOffset":14,"xAdvance":33},"122":{"rect":{"x":322,"y":184,"width":26,"height":25},"xOffset":2,"yOffset":16,"xAdvance":24},"20154":{"rect":{"x":0,"y":83,"width":40,"height":40},"xOffset":3,"yOffset":4,"xAdvance":40},"20219":{"rect":{"x":41,"y":83,"width":40,"height":40},"xOffset":3,"yOffset":4,"xAdvance":40},"20803":{"rect":{"x":123,"y":165,"width":40,"height":39},"xOffset":3,"yOffset":5,"xAdvance":40},"20987":{"rect":{"x":82,"y":83,"width":40,"height":40},"xOffset":3,"yOffset":4,"xAdvance":40},"20998":{"rect":{"x":127,"y":0,"width":40,"height":40},"xOffset":3,"yOffset":4,"xAdvance":40},"21040":{"rect":{"x":127,"y":41,"width":40,"height":40},"xOffset":3,"yOffset":5,"xAdvance":40},"21153":{"rect":{"x":43,"y":0,"width":41,"height":40},"xOffset":3,"yOffset":4,"xAdvance":40},"21253":{"rect":{"x":164,"y":165,"width":40,"height":39},"xOffset":3,"yOffset":5,"xAdvance":40},"21319":{"rect":{"x":127,"y":82,"width":40,"height":40},"xOffset":3,"yOffset":5,"xAdvance":40},"21462":{"rect":{"x":0,"y":124,"width":40,"height":40},"xOffset":3,"yOffset":5,"xAdvance":40},"21487":{"rect":{"x":209,"y":0,"width":40,"height":39},"xOffset":3,"yOffset":5,"xAdvance":40},"22270":{"rect":{"x":209,"y":80,"width":39,"height":39},"xOffset":4,"yOffset":5,"xAdvance":40},"24180":{"rect":{"x":41,"y":124,"width":40,"height":40},"xOffset":3,"yOffset":5,"xAdvance":40},"24635":{"rect":{"x":82,"y":124,"width":40,"height":40},"xOffset":3,"yOffset":5,"xAdvance":40},"25552":{"rect":{"x":0,"y":0,"width":42,"height":40},"xOffset":3,"yOffset":5,"xAdvance":40},"26032":{"rect":{"x":0,"y":41,"width":40,"height":41},"xOffset":3,"yOffset":4,"xAdvance":40},"26085":{"rect":{"x":209,"y":161,"width":35,"height":38},"xOffset":6,"yOffset":5,"xAdvance":40},"26159":{"rect":{"x":41,"y":41,"width":41,"height":40},"xOffset":3,"yOffset":5,"xAdvance":40},"26292":{"rect":{"x":85,"y":0,"width":41,"height":40},"xOffset":3,"yOffset":4,"xAdvance":40},"26376":{"rect":{"x":209,"y":120,"width":37,"height":40},"xOffset":5,"yOffset":5,"xAdvance":40},"29486":{"rect":{"x":123,"y":124,"width":40,"height":40},"xOffset":3,"yOffset":5,"xAdvance":40},"29616":{"rect":{"x":168,"y":0,"width":40,"height":40},"xOffset":3,"yOffset":5,"xAdvance":40},"31186":{"rect":{"x":168,"y":41,"width":40,"height":40},"xOffset":3,"yOffset":4,"xAdvance":40},"31614":{"rect":{"x":85,"y":41,"width":41,"height":40},"xOffset":3,"yOffset":5,"xAdvance":40},"32418":{"rect":{"x":209,"y":40,"width":40,"height":39},"xOffset":3,"yOffset":5,"xAdvance":40},"32423":{"rect":{"x":168,"y":82,"width":40,"height":40},"xOffset":3,"yOffset":4,"xAdvance":40},"36129":{"rect":{"x":168,"y":123,"width":40,"height":40},"xOffset":3,"yOffset":5,"xAdvance":40},"37329":{"rect":{"x":0,"y":165,"width":40,"height":40},"xOffset":3,"yOffset":4,"xAdvance":40},"37492":{"rect":{"x":41,"y":165,"width":40,"height":40},"xOffset":3,"yOffset":4,"xAdvance":40},"39046":{"rect":{"x":82,"y":165,"width":40,"height":40},"xOffset":3,"yOffset":4,"xAdvance":40},"65509":{"rect":{"x":38,"y":239,"width":36,"height":33},"xOffset":5,"yOffset":8,"xAdvance":40}},"kerningDict":{}}},{"__type__":"cc.SpriteFrame","content":{"name":"number2","texture":"5chNfnK8lPEJcBqREkykVR","rect":[0,0,394,378],"offset":[0,0],"originalSize":[394,378],"capInsets":[0,0,0,0]}}]