[{"__type__":"cc.SpriteAtlas","_name":"paodan10.plist","_spriteFrames":{"1":{"__uuid__":"c6wn3DUHVE/qRMAFdraJ+w"}}},{"__type__":"cc.SpriteFrame","content":{"name":"1","texture":"a4XIdFkZ5D/5xVhXSvOP3A","rect":[1,1,88,88],"offset":[0,0],"originalSize":[88,88],"capInsets":[0,0,0,0]}},[{"__type__":"cc.Prefab","_name":"paodan0","data":{"__id__":1}},{"__type__":"cc.Node","_name":"paodan0","_children":[{"__id__":2}],"_components":[{"__type__":"3b915VV/BZN15/v0qniHo0Q","node":{"__id__":1}}],"_prefab":{"__type__":"cc.PrefabInfo","root":{"__id__":1},"asset":{"__uuid__":"d1CJeV15tO25jEGUP3NZGB"},"fileId":"ecd7uEYC5Jyr88y889vHzB"},"_contentSize":{"__type__":"cc.Size","width":88,"height":88},"_trs":{"__type__":"TypedArray","ctor":"Float64Array","array":[0,0,0,0,0,0,1,1,1,1]}},{"__type__":"cc.Node","_name":"padanSpr","_parent":{"__id__":1},"_components":[{"__type__":"cc.Sprite","node":{"__id__":2},"_materials":[{"__uuid__":"ecpdLyjvZBwrvm+cedCcQy"}],"_spriteFrame":{"__uuid__":"c6wn3DUHVE/qRMAFdraJ+w"}}],"_prefab":{"__type__":"cc.PrefabInfo","root":{"__id__":1},"asset":{"__uuid__":"d1CJeV15tO25jEGUP3NZGB"},"fileId":"433lTvEDNHtIMjS9zT9uWG"},"_contentSize":{"__type__":"cc.Size","width":88,"height":88},"_trs":{"__type__":"TypedArray","ctor":"Float64Array","array":[0,0,0,0,0,0,1,1,1,1]}}]]