[{"__type__":"cc.SpriteFrame","content":{"name":"bg_bottom","texture":"02krqH8i1AdZB/lC2WegR2","rect":[1,137,750,55],"offset":[0,0],"originalSize":[750,55],"capInsets":[0,0,0,0]}},{"__type__":"cc.SpriteFrame","content":{"name":"lajitong","texture":"02krqH8i1AdZB/lC2WegR2","rect":[575,194,104,119],"offset":[0,0],"originalSize":[104,119],"capInsets":[0,0,0,0]}},{"__type__":"cc.SpriteFrame","content":{"name":"ic_yaoqing","texture":"02krqH8i1AdZB/lC2WegR2","rect":[145,398,116,96],"offset":[0,0],"originalSize":[116,96],"capInsets":[0,0,0,0]}},{"__type__":"cc.SpriteFrame","content":{"name":"hecheng","texture":"02krqH8i1AdZB/lC2WegR2","rect":[1,378,142,142],"offset":[0,0],"originalSize":[142,142],"capInsets":[0,0,0,0]}},{"__type__":"cc.SpriteFrame","content":{"name":"ic_guaichukou","texture":"02krqH8i1AdZB/lC2WegR2","rect":[775,281,88,88],"offset":[0,0],"originalSize":[88,88],"capInsets":[0,0,0,0]}},{"__type__":"cc.SpriteFrame","content":{"name":"btn_lvbg","texture":"02krqH8i1AdZB/lC2WegR2","rect":[145,496,72,36],"offset":[0,0],"originalSize":[72,36],"capInsets":[0,0,0,0]}},{"__type__":"cc.SpriteFrame","content":{"name":"pic_paowangdi","texture":"02krqH8i1AdZB/lC2WegR2","rect":[573,411,92,92],"offset":[0,0],"originalSize":[92,92],"capInsets":[0,0,0,0]}},{"__type__":"cc.SpriteFrame","content":{"name":"ic_baoxiang1","texture":"02krqH8i1AdZB/lC2WegR2","rect":[667,441,88,88],"offset":[0,0],"originalSize":[88,88],"capInsets":[0,0,0,0]}},{"__type__":"cc.SpriteFrame","content":{"name":"ic_renwu","texture":"02krqH8i1AdZB/lC2WegR2","rect":[263,398,116,96],"offset":[0,0],"originalSize":[116,96],"capInsets":[0,0,0,0]}},{"__type__":"cc.SpriteFrame","content":{"name":"bg_touxiang","texture":"02krqH8i1AdZB/lC2WegR2","rect":[865,299,70,70],"offset":[0,0],"originalSize":[70,70],"capInsets":[0,0,0,0]}},{"__type__":"cc.SpriteAtlas","_name":"hallScene.plist","_spriteFrames":{"bg_bottom":{"__uuid__":"07rplfR3hAH47SKD6Xbmsq"},"bg_dengjidi":{"__uuid__":"ddBMIRW7lL2olibP+wIRth"},"bg_jingyandi":{"__uuid__":"e5jk3ISXNJlZNrPzDitLM5"},"bg_jingyantiao":{"__uuid__":"9aSFfHFBpK1KY5/+owxacO"},"bg_lv":{"__uuid__":"8aqV4LUClGzpVdm0ziRnQK"},"bg_shidi":{"__uuid__":"ddyeKQ73tFhLgl+3/YzWXM"},"bg_top":{"__uuid__":"feCv91WZxEWLnx1LRJtN7e"},"bg_touxiang":{"__uuid__":"38YbdFaMVGuJg57Hj6rYRp"},"bt":{"__uuid__":"f9T+Efp2hDXaeTvH+VXlcQ"},"btn_fenxiang":{"__uuid__":"adBbk/hpBLYKen3N4LQ/+t"},"btn_huangbg":{"__uuid__":"bfOeKaIaRHWYN+l5L9QqNP"},"btn_lvbg":{"__uuid__":"1fxGmjKQZDmqZI186KDu8N"},"btn_zhishipai":{"__uuid__":"76ODD0v/dGY5NZGg4jF8A6"},"buybg":{"__uuid__":"75jSCXolJA0YGlkMWICwf2"},"guaidie":{"__uuid__":"4f7ILlkzFGcoRtYIUeQqSp"},"hecheng":{"__uuid__":"17X5+kxItA/pP7TbK73vQm"},"ic_baoxiang":{"__uuid__":"a3U4RKl99FCpGgAjZcOsYy"},"ic_baoxiang1":{"__uuid__":"30k/qWmZFFNLDURwiWzBu/"},"ic_fenxiang":{"__uuid__":"e3TrVEskZE/LNnLmuzu/z1"},"ic_guaichukou":{"__uuid__":"1aSmjWLR9LrKKbBjLckorW"},"ic_guanbi":{"__uuid__":"9024VapyNB2rlxXqeMBRNH"},"ic_guanbi2":{"__uuid__":"5c4o7no3NMH7pZupb0latf"},"ic_hongbao":{"__uuid__":"d7yO+rwDtPepaDOkmOet3q"},"ic_qian":{"__uuid__":"6e514hQ7tHqpAm7RYCZ58e"},"ic_qiandao":{"__uuid__":"cbvw6OZWJClp+dX1Y4gc6p"},"ic_renwu":{"__uuid__":"31ZqmmDnFGVYtrQgOHEZVt"},"ic_shengjitixian":{"__uuid__":"e0U4Aw39NCg7cYzgVHD1Xu"},"ic_tujian":{"__uuid__":"4a3vCHDqVFzZLymSHYKqnt"},"ic_xinrenfuli":{"__uuid__":"4aTFPi10NG1rLbx7oWAcaw"},"ic_yaoqing":{"__uuid__":"16JYFbYfxMg4oEByJu6iok"},"ic_zhuanpan":{"__uuid__":"d26h9vN0VG7LOdHKHH7rrd"},"lajitong":{"__uuid__":"08mizEB09NqrxleSUFU948"},"paress":{"__uuid__":"44wg3RCWlJvoHLcSaHBzgr"},"pic_fenhongpao":{"__uuid__":"c7syThm7hJlayYEsQmsCVR"},"pic_goumai":{"__uuid__":"b2RSlTYctGY7cHTlvk3a+T"},"pic_hua":{"__uuid__":"49vzzlB8tA2ZAQMsGVKxv/"},"pic_paodi":{"__uuid__":"e92Ml2zEJLMo9sdEEJaCIq"},"pic_paoshuliang":{"__uuid__":"7ejMCjd81BcaLm7QnGthCU"},"pic_paowang":{"__uuid__":"f7Xw3kzCNPpbLTYDyM2Brp"},"pic_paowangdi":{"__uuid__":"27kv5qAnZMT5/Ytvpnzb/t"},"pic_zfb":{"__uuid__":"51LCoCUrJFrZFUerjFHM/x"}}},{"__type__":"cc.SpriteFrame","content":{"name":"paress","texture":"02krqH8i1AdZB/lC2WegR2","rect":[155,380,62,16],"offset":[0,0],"originalSize":[62,16],"capInsets":[8,0,8,0]}},{"__type__":"cc.SpriteFrame","content":{"name":"pic_hua","texture":"02krqH8i1AdZB/lC2WegR2","rect":[381,400,94,94],"offset":[0,0],"originalSize":[94,94],"capInsets":[0,0,0,0]}},{"__type__":"cc.SpriteFrame","content":{"name":"ic_xinrenfuli","texture":"02krqH8i1AdZB/lC2WegR2","rect":[477,400,94,94],"offset":[0,0],"originalSize":[94,94],"capInsets":[0,0,0,0]}},{"__type__":"cc.SpriteFrame","content":{"name":"ic_tujian","texture":"02krqH8i1AdZB/lC2WegR2","rect":[681,281,92,92],"offset":[0,0],"originalSize":[92,92],"capInsets":[0,0,0,0]}},{"__type__":"cc.SpriteFrame","content":{"name":"guaidie","texture":"02krqH8i1AdZB/lC2WegR2","rect":[669,375,118,64],"offset":[0,0],"originalSize":[118,64],"capInsets":[0,0,0,0]}},{"__type__":"cc.SpriteFrame","content":{"name":"pic_zfb","texture":"02krqH8i1AdZB/lC2WegR2","rect":[875,371,60,60],"offset":[0,0],"originalSize":[60,60],"capInsets":[0,0,0,0]}},{"__type__":"cc.SpriteFrame","content":{"name":"ic_guanbi2","texture":"02krqH8i1AdZB/lC2WegR2","rect":[789,371,84,84],"offset":[0,0],"originalSize":[84,84],"capInsets":[0,0,0,0]}},{"__type__":"cc.SpriteFrame","content":{"name":"ic_qian","texture":"02krqH8i1AdZB/lC2WegR2","rect":[877,1,50,50],"offset":[0,0],"originalSize":[50,50],"capInsets":[0,0,0,0]}},{"__type__":"cc.SpriteFrame","content":{"name":"buybg","texture":"02krqH8i1AdZB/lC2WegR2","rect":[219,274,122,122],"offset":[0,0],"originalSize":[122,122],"capInsets":[0,0,0,0]}},{"__type__":"cc.SpriteFrame","content":{"name":"btn_zhishipai","texture":"02krqH8i1AdZB/lC2WegR2","rect":[445,194,128,102],"offset":[0,0],"originalSize":[128,102],"capInsets":[0,0,0,0]}},{"__type__":"cc.SpriteFrame","content":{"name":"pic_paoshuliang","texture":"02krqH8i1AdZB/lC2WegR2","rect":[833,251,28,28],"offset":[0,0],"originalSize":[28,28],"capInsets":[0,0,0,0]}},{"__type__":"cc.SpriteFrame","content":{"name":"bg_lv","texture":"02krqH8i1AdZB/lC2WegR2","rect":[293,496,40,36],"offset":[0,0],"originalSize":[40,36],"capInsets":[0,0,0,0]}},{"__type__":"cc.SpriteFrame","content":{"name":"ic_guanbi","texture":"02krqH8i1AdZB/lC2WegR2","rect":[837,457,76,76],"offset":[0,0],"originalSize":[76,76],"capInsets":[0,0,0,0]}},{"__type__":"cc.SpriteFrame","content":{"name":"bg_jingyantiao","texture":"02krqH8i1AdZB/lC2WegR2","rect":[155,380,62,16],"offset":[0,0],"originalSize":[62,16],"capInsets":[0,0,0,0]}},{"__type__":"cc.SpriteFrame","content":{"name":"ic_baoxiang","texture":"02krqH8i1AdZB/lC2WegR2","rect":[757,457,78,78],"offset":[0,0],"originalSize":[78,78],"capInsets":[0,0,0,0]}},{"__type__":"cc.SpriteFrame","content":{"name":"btn_fenxiang","texture":"02krqH8i1AdZB/lC2WegR2","rect":[681,223,150,56],"offset":[0,0],"originalSize":[150,56],"capInsets":[68,22,69,22]}},{"__type__":"cc.SpriteFrame","content":{"name":"pic_goumai","texture":"02krqH8i1AdZB/lC2WegR2","rect":[1,194,216,182],"offset":[0,0],"originalSize":[216,182],"capInsets":[0,0,0,0]}},{"__type__":"cc.SpriteFrame","content":{"name":"btn_huangbg","texture":"02krqH8i1AdZB/lC2WegR2","rect":[219,496,72,36],"offset":[0,0],"originalSize":[72,36],"capInsets":[18,0,18,0]}},{"__type__":"cc.SpriteFrame","content":{"name":"pic_fenhongpao","texture":"02krqH8i1AdZB/lC2WegR2","rect":[219,194,224,78],"offset":[0,0],"originalSize":[224,78],"capInsets":[0,0,0,0]}},{"__type__":"cc.SpriteFrame","content":{"name":"ic_qiandao","texture":"02krqH8i1AdZB/lC2WegR2","rect":[343,300,116,96],"offset":[0,0],"originalSize":[116,96],"capInsets":[0,0,0,0]}},{"__type__":"cc.SpriteFrame","content":{"name":"ic_zhuanpan","texture":"02krqH8i1AdZB/lC2WegR2","rect":[753,125,116,96],"offset":[0,0],"originalSize":[116,96],"capInsets":[0,0,0,0]}},{"__type__":"cc.SpriteFrame","content":{"name":"ic_hongbao","texture":"02krqH8i1AdZB/lC2WegR2","rect":[877,53,50,50],"offset":[0,0],"originalSize":[50,50],"capInsets":[0,0,0,0]}},{"__type__":"cc.SpriteFrame","content":{"name":"bg_dengjidi","texture":"02krqH8i1AdZB/lC2WegR2","rect":[683,195,68,26],"offset":[0,0],"originalSize":[68,26],"capInsets":[0,0,0,0]}},{"__type__":"cc.SpriteFrame","content":{"name":"bg_shidi","texture":"02krqH8i1AdZB/lC2WegR2","rect":[461,298,100,100],"offset":[0,0],"originalSize":[100,100],"capInsets":[0,0,0,0]}},{"__type__":"cc.SpriteFrame","content":{"name":"ic_shengjitixian","texture":"02krqH8i1AdZB/lC2WegR2","rect":[573,315,94,94],"offset":[0,0],"originalSize":[94,94],"capInsets":[0,0,0,0]}},{"__type__":"cc.SpriteFrame","content":{"name":"ic_fenxiang","texture":"02krqH8i1AdZB/lC2WegR2","rect":[871,183,50,50],"offset":[0,0],"originalSize":[50,50],"capInsets":[0,0,0,0]}},{"__type__":"cc.SpriteFrame","content":{"name":"bg_jingyandi","texture":"02krqH8i1AdZB/lC2WegR2","rect":[343,282,62,16],"offset":[0,0],"originalSize":[62,16],"capInsets":[21,0,27,0]}},{"__type__":"cc.SpriteFrame","content":{"name":"pic_paodi","texture":"02krqH8i1AdZB/lC2WegR2","rect":[753,1,122,122],"offset":[0,0],"originalSize":[122,122],"capInsets":[0,0,0,0]}},{"__type__":"cc.SpriteFrame","content":{"name":"pic_paowang","texture":"02krqH8i1AdZB/lC2WegR2","rect":[865,235,62,62],"offset":[0,0],"originalSize":[62,62],"capInsets":[0,0,0,0]}},{"__type__":"cc.SpriteFrame","content":{"name":"bt","texture":"02krqH8i1AdZB/lC2WegR2","rect":[871,131,50,50],"offset":[0,0],"originalSize":[50,50],"capInsets":[0,0,0,0]}},{"__type__":"cc.SpriteFrame","content":{"name":"bg_top","texture":"02krqH8i1AdZB/lC2WegR2","rect":[1,1,750,134],"offset":[0,0],"originalSize":[750,134],"capInsets":[0,0,0,0]}}]