[1,["bdzPrwYnpF4q+dxR0bN7sM@c28f0","bdzPrwYnpF4q+dxR0bN7sM@e3b8e","bdzPrwYnpF4q+dxR0bN7sM@bfae8","1brw/JvvpFnIvdrxpFCgMZ"],["root","node","data","_mesh","mainTexture","_effectAsset"],[["cc.Prefab",[],3],["cc.Node",["_name","_components","_prefab"],2,9,4],["cc.MeshRenderer",["node","__prefab","_materials","bakeSettings","_mesh"],3,1,4,3,4,6],["cc.CompPrefabInfo",["fileId"],2],["cc.ModelBakeSettings",[],3],["cc.PrefabInfo",["fileId","instance","targetOverrides","nestedPrefabInstanceRoots","root","asset"],-1,1,1],["cc.Material",["_name","_states","_defines","_props"],0,12],["cc.Mesh",["_native","_hash","_struct"],1,11]],[[0,1],[1,0,1,2,2],[2,0,1,2,3,4,1],[3,0,2],[4,1],[5,0,1,2,3,4,5,5],[6,0,1,2,3,4],[7,0,1,2,3]],[[[[0],[1,"Hunting",[[2,-2,[3,"4f7VPI7gdXAZ2cu2Xni7v5"],[0],[4],1]],[5,"6aMFU3ekxToKFp3O+xABjn",null,null,null,-1,0]]],0,[0,0,1,0,1,1,0,2,1,2],[0,0],[-1,3],[0,1]],[[[6,"Material #26",[{"rasterizerState":{},"blendState":{"targets":[{"blend":true,"blendSrc":2,"blendDst":4,"blendDstAlpha":4}]},"depthStencilState":{"depthWrite":false}}],[{"USE_ALBEDO_MAP":true}],[[[{"metallic":0.4000000059604645,"roughness":0.7071067690849304},"albedoScale",8,[1,1,1,1],"mainTexture",6,0]],11]]],0,0,[0,0],[4,5],[2,3]],[[[7,".bin",921300728,[{"primitives":[{"primitiveMode":7,"vertexBundelIndices":[0],"indexView":{"offset":192,"length":24,"count":6,"stride":4}}],"vertexBundles":[{"view":{"offset":0,"length":192,"count":4,"stride":48},"attributes":[{"name":"a_position","format":32,"isNormalized":false},{"name":"a_normal","format":32,"isNormalized":false},{"name":"a_texCoord","format":21,"isNormalized":false},{"name":"a_tangent","format":44,"isNormalized":false}]}]},"minPosition",8,[1,12.997982025146484,-0.000004155058377364185,-12.069013595581055],"maxPosition",8,[1,53.28545379638672,4.86946646560682e-7,14.001002311706543]]],-1],0,0,[],[],[]]]]
