[1,["5fjHrMTNxCmK0Xw1NaF/9j@d90a4","5fjHrMTNxCmK0Xw1NaF/9j@699ad","5fjHrMTNxCmK0Xw1NaF/9j@f2af8","1brw/JvvpFnIvdrxpFCgMZ"],["node","_mesh","root","data","_effectAsset"],[["cc.Node",["_name","_prefab","_children","_parent","_components","_lpos"],2,4,2,1,9,5],["cc.Prefab",[],3],["cc.PrefabInfo",["fileId","instance","targetOverrides","nestedPrefabInstanceRoots","root","asset"],-1,1,1],["cc.MeshRenderer",["node","__prefab","_materials","bakeSettings","_mesh"],3,1,4,3,4,6],["cc.CompPrefabInfo",["fileId"],2],["cc.ModelBakeSettings",[],3],["cc.Mesh",["_native","_hash","_struct"],1,11],["cc.Material",["_name","_states","_defines","_props"],0,12]],[[2,0,1,2,3,4,5,5],[0,0,3,4,1,5,2],[3,0,1,2,3,4,1],[4,0,2],[5,1],[6,0,1,2,3],[1,1],[0,0,2,1,2],[7,0,1,2,3,4]],[[[[6],[7,"Door_Fengsuo",[-2,-3],[0,"d0+GpBlZZY+I3auT5yVH4r",null,null,null,-1,0]],[1,"Door_a",1,[[2,-4,[3,"f2D1Ke5upRGKzePE9vrcmr"],[0],[4],1]],[0,"6bq6S9VP5ZSrwldrARoMnl",null,null,null,1,0],[1,9.692797660827637,-1.5258788721439487e-7,-2.232196569442749]],[1,"Door_b",1,[[2,-5,[3,"9e6ToXeMVTK70yxSBWJZ/E"],[2],[4],3]],[0,"cc/nZTu4de5a6R4ZWavfld",null,null,null,1,0],[1,9.692797660827637,-3.0517577442878974e-7,-4.355016708374023]]],0,[0,2,1,0,-1,2,0,-2,3,0,0,2,0,0,3,0,3,1,5],[0,0,0,0],[-1,1,-1,1],[0,1,0,2]],[[[5,".bin",292315952,[{"primitives":[{"primitiveMode":7,"vertexBundelIndices":[0],"indexView":{"offset":4224,"length":816,"count":204,"stride":4}}],"vertexBundles":[{"view":{"offset":0,"length":4224,"count":88,"stride":48},"attributes":[{"name":"a_position","format":32,"isNormalized":false},{"name":"a_normal","format":32,"isNormalized":false},{"name":"a_texCoord","format":21,"isNormalized":false},{"name":"a_tangent","format":44,"isNormalized":false}]}]},"minPosition",8,[1,-0.1395271271467209,0.0000014434860986511922,-1.0498931407928467],"maxPosition",8,[1,0.13952529430389404,1.6467965841293335,0.0016058410983532667]]],-1],0,0,[],[],[]],[[[8,"01 - Default",[{"rasterizerState":{},"blendState":{"targets":[{}]},"depthStencilState":{}}],[{}],[[[{"metallic":0.4000000059604645,"roughness":0.7071067690849304},"albedoScale",8,[1,0.5882353186607361,0.5882353186607361,0.5882353186607361]]],11]]],0,0,[0],[4],[3]],[[[5,".bin",969924445,[{"primitives":[{"primitiveMode":7,"vertexBundelIndices":[0],"indexView":{"offset":4224,"length":816,"count":204,"stride":4}}],"vertexBundles":[{"view":{"offset":0,"length":4224,"count":88,"stride":48},"attributes":[{"name":"a_position","format":32,"isNormalized":false},{"name":"a_normal","format":32,"isNormalized":false},{"name":"a_texCoord","format":21,"isNormalized":false},{"name":"a_tangent","format":44,"isNormalized":false}]}]},"minPosition",8,[1,-0.1395258605480194,0.0000014434860986511922,-0.0016058410983532667],"maxPosition",8,[1,0.1395263969898224,1.6467965841293335,1.0498931407928467]]],-1],0,0,[],[],[]]]]
