[{"__type__":"cc.SpriteFrame","content":{"name":"clock","texture":"f1AWgpu+pClbT98tLOhQBf","rect":[0,0,35,42],"offset":[0,0],"originalSize":[35,42]}},{"__type__":"cc.SpriteFrame","content":{"name":"pic_yxjm_kp1","texture":"e1iER4oQ1Pfq0eaAiuYr13","rect":[0,0,106,146],"offset":[0,0],"originalSize":[106,146]}},{"__type__":"cc.SpriteFrame","content":{"name":"setting","texture":"a4K2Yy35BK8q4ZWsKsua2g","rect":[3,1,71,71],"offset":[1,10],"originalSize":[75,93]}},{"__type__":"cc.SpriteFrame","content":{"name":"hand","texture":"64Ckh9XuNNo7MjXJkPYoRo","rect":[2,0,72,72],"offset":[0.5,10.5],"originalSize":[75,93]}},{"__type__":"cc.SpriteFrame","content":{"name":"default_btn_disabled","texture":"71VhFCTINJM6/Ky3oX9nBT","rect":[0,0,40,40],"offset":[0,0],"originalSize":[40,40],"capInsets":[15,7,15,9]}},{"__type__":"cc.SpriteFrame","content":{"name":"hint","texture":"a2Uigc/ctLebtWv+MJvtND","rect":[10,1,56,72],"offset":[0.5,9.5],"originalSize":[75,93]}},{"__type__":"cc.SpriteFrame","content":{"name":"pic_zdsp_di","texture":"a2ogqUSOpMxrQrgQn3yQHd","rect":[0,0,60,60],"offset":[0,0],"originalSize":[60,60],"capInsets":[19,19,19,18]}},{"__type__":"cc.SpriteFrame","content":{"name":"pic_yxjm_dk","texture":"04DL+ttzlMa62fqGFFZ0Jm","rect":[0,0,750,142],"offset":[0,0],"originalSize":[750,142]}},{"__type__":"cc.SpriteFrame","content":{"name":"sx1","texture":"5eQwoQiXlJa6HdE2+j+BJN","rect":[0,0,106,146],"offset":[0,0],"originalSize":[106,146]}},{"__type__":"cc.AnimationClip","_name":"tipkuang","_duration":0.16666666666666666,"speed":0.1,"wrapMode":"2","curveData":{"props":{"opacity":[{"frame":0,"value":255},{"frame":0.08333333333333333,"value":50},{"frame":0.16666666666666666,"value":255}]}}},{"__type__":"cc.SpriteFrame","content":{"name":"bg","texture":"adzh+Dz2ZB/5USIcC9uqKF","rect":[728,725,104,145],"offset":[0,0],"originalSize":[104,145]}},{"__type__":"cc.AnimationClip","_name":"flashing","_duration":1,"wrapMode":"2","curveData":{"props":{"opacity":[{"frame":0,"value":100},{"frame":0.5,"value":255},{"frame":1,"value":100}]}}},{"__type__":"cc.SpriteFrame","content":{"name":"bg1","texture":"c1/ewBx3pOA4ZoAAvO+jWy","rect":[0,0,750,1630],"offset":[0,0],"originalSize":[750,1630]}},{"__type__":"cc.SpriteFrame","content":{"name":"rili","texture":"3427I7IO9NoY9sjoDP/9k5","rect":[8,1,61,66],"offset":[1,12.5],"originalSize":[75,93]}},{"__type__":"cc.SpriteFrame","content":{"name":"undo","texture":"84hqwXrNdLQ5RVaCBilRm3","rect":[6,1,65,72],"offset":[1,9.5],"originalSize":[75,93]}},{"__type__":"cc.SpriteFrame","content":{"name":"default_btn_pressed","texture":"b4P/PCArtIdIH38t6mlw8Y","rect":[0,0,40,40],"offset":[0,0],"originalSize":[40,40],"capInsets":[11,11,11,7]}},{"__type__":"cc.SpriteFrame","content":{"name":"hint_kuang","texture":"64XDxuf2FELKJLuCz/OGj6","rect":[0,0,118,157],"offset":[0,0],"originalSize":[118,157],"capInsets":[42,42,42,42]}},{"__type__":"cc.SpriteFrame","content":{"name":"default_btn_normal","texture":"e8Ueib+qJEhL6mXAHdnwbi","rect":[0,0,40,40],"offset":[0,0],"originalSize":[40,40],"capInsets":[8,11,7,9]}},[{"__type__":"cc.Prefab","_name":"MainNode","data":{"__id__":1},"asyncLoadAssets":null},{"__type__":"cc.Node","_name":"MainNode","_children":[{"__id__":2},{"__id__":3},{"__id__":70},{"__id__":72}],"_components":[{"__type__":"cc.Widget","node":{"__id__":1},"_alignFlags":45,"_originalWidth":750,"_originalHeight":1334},{"__type__":"54e20TsS5pJu5ZxKMCS9tKw","node":{"__id__":1},"cardItem":{"__uuid__":"70lWJdpKNHK5uasJ9yLlRA"},"promptNode":{"__id__":42},"cardsPanel":{"__id__":4},"shoupaiBtn":{"__id__":70}},{"__type__":"65727dyS+BDfpCTDxWHjFwA","node":{"__id__":1},"exclude_list":[{"__id__":2}]}],"_prefab":{"__type__":"cc.PrefabInfo","root":{"__id__":1},"asset":{"__uuid__":"fdtfVtW3dMc5YpKBMdE4Ug"},"fileId":"b7S9Y5KXlK3qe+T30otycI"},"_contentSize":{"__type__":"cc.Size","width":750,"height":1334},"_position":{"__type__":"cc.Vec2","x":375,"y":667}},{"__type__":"cc.Node","_name":"bg","_parent":{"__id__":1},"_components":[{"__type__":"cc.Sprite","node":{"__id__":2},"_spriteFrame":{"__uuid__":"a7dqjOUKJCkJ3e7gygbmE8"}},{"__type__":"cc.Widget","node":{"__id__":2},"_alignFlags":44,"_top":-148,"_originalWidth":750,"_originalHeight":1334}],"_prefab":{"__type__":"cc.PrefabInfo","root":{"__id__":1},"asset":{"__uuid__":"fdtfVtW3dMc5YpKBMdE4Ug"},"fileId":"c8Xv0EwlhMGZbTg0RR8nKz"},"_contentSize":{"__type__":"cc.Size","width":750,"height":1630},"_position":{"__type__":"cc.Vec2","y":148}},{"__type__":"cc.Node","_name":"mainBg","_parent":{"__id__":1},"_children":[{"__id__":4},{"__id__":45},{"__id__":64}],"_components":[{"__type__":"cc.Widget","node":{"__id__":3},"_alignFlags":45,"_originalWidth":750,"_originalHeight":1334}],"_prefab":{"__type__":"cc.PrefabInfo","root":{"__id__":1},"asset":{"__uuid__":"fdtfVtW3dMc5YpKBMdE4Ug"},"fileId":"91p4FXslRPCJWbV5uI+PJp"},"_contentSize":{"__type__":"cc.Size","width":750,"height":1334}},{"__type__":"cc.Node","_name":"cardspanel","_parent":{"__id__":3},"_children":[{"__id__":5},{"__id__":34},{"__id__":39},{"__type__":"cc.Node","_name":"fcardlayout","_parent":{"__id__":4},"_prefab":{"__type__":"cc.PrefabInfo","root":{"__id__":1},"asset":{"__uuid__":"fdtfVtW3dMc5YpKBMdE4Ug"},"fileId":"d3El0hqflG1Zae2dI5HLvE"},"_anchorPoint":{"__type__":"cc.Vec2","y":0.5},"_contentSize":{"__type__":"cc.Size","width":200,"height":140},"_position":{"__type__":"cc.Vec2","x":-254,"y":470}},{"__type__":"cc.Node","_name":"movecardlayout","_parent":{"__id__":4},"_prefab":{"__type__":"cc.PrefabInfo","root":{"__id__":1},"asset":{"__uuid__":"fdtfVtW3dMc5YpKBMdE4Ug"},"fileId":"75k14SwT1MoJYJBo6F19q8"},"_anchorPoint":{"__type__":"cc.Vec2","x":0.5,"y":1},"_contentSize":{"__type__":"cc.Size","width":736,"height":800},"_position":{"__type__":"cc.Vec2","y":266}},{"__id__":42}],"_components":[{"__type__":"cc.Widget","node":{"__id__":4},"_alignFlags":41,"_top":80,"_originalWidth":750},{"__type__":"cc.Button","node":{"__id__":4},"clickEvents":[{"__type__":"cc.ClickEvent","target":{"__id__":1},"handler":"onBgHit"}]}],"_prefab":{"__type__":"cc.PrefabInfo","root":{"__id__":1},"asset":{"__uuid__":"fdtfVtW3dMc5YpKBMdE4Ug"},"fileId":"3c+EDUvltAYaWRnd0d0nYJ"},"_contentSize":{"__type__":"cc.Size","width":750,"height":1100},"_position":{"__type__":"cc.Vec2","y":37}},{"__type__":"cc.Node","_name":"cardlayout","_parent":{"__id__":4},"_children":[{"__id__":6},{"__id__":7},{"__id__":8},{"__id__":9},{"__id__":10},{"__id__":11},{"__id__":12},{"__id__":13},{"__id__":16},{"__id__":19},{"__id__":22},{"__id__":25},{"__id__":28},{"__id__":31}],"_components":[{"__type__":"cc.Layout","node":{"__id__":5},"_enabled":false,"_N$layoutType":1,"_N$paddingLeft":3,"_N$spacingX":5}],"_prefab":{"__type__":"cc.PrefabInfo","root":{"__id__":1},"asset":{"__uuid__":"fdtfVtW3dMc5YpKBMdE4Ug"},"fileId":"f8Hsi5akVJmLNisRruDyMK"},"_anchorPoint":{"__type__":"cc.Vec2","x":0.5,"y":1},"_contentSize":{"__type__":"cc.Size","width":736,"height":800},"_position":{"__type__":"cc.Vec2","y":266}},{"__type__":"cc.Node","_name":"as1","_parent":{"__id__":5},"_components":[{"__type__":"cc.Sprite","node":{"__id__":6},"_spriteFrame":{"__uuid__":"10ifJjraNDXYHC6kkdJVlq"}}],"_prefab":{"__type__":"cc.PrefabInfo","root":{"__id__":1},"asset":{"__uuid__":"fdtfVtW3dMc5YpKBMdE4Ug"},"fileId":"6fj4zq/7BJpYn1hyhty2X4"},"_contentSize":{"__type__":"cc.Size","width":106,"height":146},"_position":{"__type__":"cc.Vec2","x":-315,"y":-71}},{"__type__":"cc.Node","_name":"as2","_parent":{"__id__":5},"_components":[{"__type__":"cc.Sprite","node":{"__id__":7},"_spriteFrame":{"__uuid__":"10ifJjraNDXYHC6kkdJVlq"}}],"_prefab":{"__type__":"cc.PrefabInfo","root":{"__id__":1},"asset":{"__uuid__":"fdtfVtW3dMc5YpKBMdE4Ug"},"fileId":"ebefOMw5NDhbcVSHT/HgJl"},"_contentSize":{"__type__":"cc.Size","width":106,"height":146},"_position":{"__type__":"cc.Vec2","x":-210,"y":-71}},{"__type__":"cc.Node","_name":"as3","_parent":{"__id__":5},"_components":[{"__type__":"cc.Sprite","node":{"__id__":8},"_spriteFrame":{"__uuid__":"10ifJjraNDXYHC6kkdJVlq"}}],"_prefab":{"__type__":"cc.PrefabInfo","root":{"__id__":1},"asset":{"__uuid__":"fdtfVtW3dMc5YpKBMdE4Ug"},"fileId":"79Pput1uNPfbcDiuhStBIv"},"_contentSize":{"__type__":"cc.Size","width":106,"height":146},"_position":{"__type__":"cc.Vec2","x":-105,"y":-71}},{"__type__":"cc.Node","_name":"as4","_parent":{"__id__":5},"_components":[{"__type__":"cc.Sprite","node":{"__id__":9},"_spriteFrame":{"__uuid__":"10ifJjraNDXYHC6kkdJVlq"}}],"_prefab":{"__type__":"cc.PrefabInfo","root":{"__id__":1},"asset":{"__uuid__":"fdtfVtW3dMc5YpKBMdE4Ug"},"fileId":"3au6cOTSROQofjnGQP0xyP"},"_contentSize":{"__type__":"cc.Size","width":106,"height":146},"_position":{"__type__":"cc.Vec2","y":-71}},{"__type__":"cc.Node","_name":"as5","_parent":{"__id__":5},"_components":[{"__type__":"cc.Sprite","node":{"__id__":10},"_spriteFrame":{"__uuid__":"10ifJjraNDXYHC6kkdJVlq"}}],"_prefab":{"__type__":"cc.PrefabInfo","root":{"__id__":1},"asset":{"__uuid__":"fdtfVtW3dMc5YpKBMdE4Ug"},"fileId":"f57n4PZYtMG6x9jVMHD2f2"},"_contentSize":{"__type__":"cc.Size","width":106,"height":146},"_position":{"__type__":"cc.Vec2","x":105,"y":-71}},{"__type__":"cc.Node","_name":"as6","_parent":{"__id__":5},"_components":[{"__type__":"cc.Sprite","node":{"__id__":11},"_spriteFrame":{"__uuid__":"10ifJjraNDXYHC6kkdJVlq"}}],"_prefab":{"__type__":"cc.PrefabInfo","root":{"__id__":1},"asset":{"__uuid__":"fdtfVtW3dMc5YpKBMdE4Ug"},"fileId":"456JJ95QFPiIUraM2OgvZ5"},"_contentSize":{"__type__":"cc.Size","width":106,"height":146},"_position":{"__type__":"cc.Vec2","x":210,"y":-71}},{"__type__":"cc.Node","_name":"as7","_parent":{"__id__":5},"_components":[{"__type__":"cc.Sprite","node":{"__id__":12},"_spriteFrame":{"__uuid__":"10ifJjraNDXYHC6kkdJVlq"}}],"_prefab":{"__type__":"cc.PrefabInfo","root":{"__id__":1},"asset":{"__uuid__":"fdtfVtW3dMc5YpKBMdE4Ug"},"fileId":"3dl1P1jQFJqphIjJZAn6Dv"},"_contentSize":{"__type__":"cc.Size","width":106,"height":146},"_position":{"__type__":"cc.Vec2","x":315,"y":-71}},{"__type__":"cc.Node","_name":"cardlayout0","_parent":{"__id__":5},"_children":[{"__id__":14},{"__id__":15}],"_components":[{"__type__":"cc.Layout","node":{"__id__":13},"_layoutSize":{"__type__":"cc.Size","width":100,"height":120},"_resize":1,"_N$layoutType":2,"_N$spacingY":-120},{"__type__":"cc.Widget","node":{"__id__":13},"_alignFlags":1}],"_prefab":{"__type__":"cc.PrefabInfo","root":{"__id__":1},"asset":{"__uuid__":"fdtfVtW3dMc5YpKBMdE4Ug"},"fileId":"f52atfemJJ/JiM+70lUZ0w"},"_anchorPoint":{"__type__":"cc.Vec2","x":0.5,"y":1},"_contentSize":{"__type__":"cc.Size","width":100,"height":120},"_position":{"__type__":"cc.Vec2","x":-315}},{"__type__":"cc.Node","_name":"hide","_parent":{"__id__":13},"_components":[{"__type__":"cc.Layout","node":{"__id__":14},"_layoutSize":{"__type__":"cc.Size","width":100,"height":120},"_resize":1,"_N$layoutType":2,"_N$spacingY":-120}],"_prefab":{"__type__":"cc.PrefabInfo","root":{"__id__":1},"asset":{"__uuid__":"fdtfVtW3dMc5YpKBMdE4Ug"},"fileId":"c7vQf7YeNAEL70gGoiU+XT"},"_anchorPoint":{"__type__":"cc.Vec2","x":0.5,"y":1},"_contentSize":{"__type__":"cc.Size","width":100,"height":120}},{"__type__":"cc.Node","_name":"show","_parent":{"__id__":13},"_components":[{"__type__":"cc.Layout","node":{"__id__":15},"_layoutSize":{"__type__":"cc.Size","width":100,"height":120},"_resize":1,"_N$layoutType":2,"_N$spacingY":-90}],"_prefab":{"__type__":"cc.PrefabInfo","root":{"__id__":1},"asset":{"__uuid__":"fdtfVtW3dMc5YpKBMdE4Ug"},"fileId":"ecqCD76j9D/LQKDwhE3cz8"},"_anchorPoint":{"__type__":"cc.Vec2","x":0.5,"y":1},"_contentSize":{"__type__":"cc.Size","width":100,"height":120}},{"__type__":"cc.Node","_name":"cardlayout1","_parent":{"__id__":5},"_children":[{"__id__":17},{"__id__":18}],"_components":[{"__type__":"cc.Layout","node":{"__id__":16},"_layoutSize":{"__type__":"cc.Size","width":100,"height":120},"_resize":1,"_N$layoutType":2,"_N$spacingY":-120},{"__type__":"cc.Widget","node":{"__id__":16},"_alignFlags":1}],"_prefab":{"__type__":"cc.PrefabInfo","root":{"__id__":1},"asset":{"__uuid__":"fdtfVtW3dMc5YpKBMdE4Ug"},"fileId":"8exWz+zFVDlrji03XcuCvm"},"_anchorPoint":{"__type__":"cc.Vec2","x":0.5,"y":1},"_contentSize":{"__type__":"cc.Size","width":100,"height":120},"_position":{"__type__":"cc.Vec2","x":-210}},{"__type__":"cc.Node","_name":"hide","_parent":{"__id__":16},"_components":[{"__type__":"cc.Layout","node":{"__id__":17},"_layoutSize":{"__type__":"cc.Size","width":100,"height":120},"_resize":1,"_N$layoutType":2,"_N$spacingY":-120}],"_prefab":{"__type__":"cc.PrefabInfo","root":{"__id__":1},"asset":{"__uuid__":"fdtfVtW3dMc5YpKBMdE4Ug"},"fileId":"1cVn0bhCtE+Z0hC/87Fvwk"},"_anchorPoint":{"__type__":"cc.Vec2","x":0.5,"y":1},"_contentSize":{"__type__":"cc.Size","width":100,"height":120}},{"__type__":"cc.Node","_name":"show","_parent":{"__id__":16},"_components":[{"__type__":"cc.Layout","node":{"__id__":18},"_layoutSize":{"__type__":"cc.Size","width":100,"height":120},"_resize":1,"_N$layoutType":2,"_N$spacingY":-90}],"_prefab":{"__type__":"cc.PrefabInfo","root":{"__id__":1},"asset":{"__uuid__":"fdtfVtW3dMc5YpKBMdE4Ug"},"fileId":"57FPGS2IVE9427nEgVfgQ3"},"_anchorPoint":{"__type__":"cc.Vec2","x":0.5,"y":1},"_contentSize":{"__type__":"cc.Size","width":100,"height":120}},{"__type__":"cc.Node","_name":"cardlayout2","_parent":{"__id__":5},"_children":[{"__id__":20},{"__id__":21}],"_components":[{"__type__":"cc.Layout","node":{"__id__":19},"_layoutSize":{"__type__":"cc.Size","width":100,"height":120},"_resize":1,"_N$layoutType":2,"_N$spacingY":-120},{"__type__":"cc.Widget","node":{"__id__":19},"_alignFlags":1}],"_prefab":{"__type__":"cc.PrefabInfo","root":{"__id__":1},"asset":{"__uuid__":"fdtfVtW3dMc5YpKBMdE4Ug"},"fileId":"9f40OZnexEe5JTWooNb3H3"},"_anchorPoint":{"__type__":"cc.Vec2","x":0.5,"y":1},"_contentSize":{"__type__":"cc.Size","width":100,"height":120},"_position":{"__type__":"cc.Vec2","x":-105}},{"__type__":"cc.Node","_name":"hide","_parent":{"__id__":19},"_components":[{"__type__":"cc.Layout","node":{"__id__":20},"_layoutSize":{"__type__":"cc.Size","width":100,"height":120},"_resize":1,"_N$layoutType":2,"_N$spacingY":-120}],"_prefab":{"__type__":"cc.PrefabInfo","root":{"__id__":1},"asset":{"__uuid__":"fdtfVtW3dMc5YpKBMdE4Ug"},"fileId":"122+KDoBZO5KJkRwQfK8DK"},"_anchorPoint":{"__type__":"cc.Vec2","x":0.5,"y":1},"_contentSize":{"__type__":"cc.Size","width":100,"height":120}},{"__type__":"cc.Node","_name":"show","_parent":{"__id__":19},"_components":[{"__type__":"cc.Layout","node":{"__id__":21},"_layoutSize":{"__type__":"cc.Size","width":100,"height":120},"_resize":1,"_N$layoutType":2,"_N$spacingY":-90}],"_prefab":{"__type__":"cc.PrefabInfo","root":{"__id__":1},"asset":{"__uuid__":"fdtfVtW3dMc5YpKBMdE4Ug"},"fileId":"72I5T+M4FHvqgg7zPsS9rq"},"_anchorPoint":{"__type__":"cc.Vec2","x":0.5,"y":1},"_contentSize":{"__type__":"cc.Size","width":100,"height":120}},{"__type__":"cc.Node","_name":"cardlayout3","_parent":{"__id__":5},"_children":[{"__id__":23},{"__id__":24}],"_components":[{"__type__":"cc.Layout","node":{"__id__":22},"_layoutSize":{"__type__":"cc.Size","width":100,"height":120},"_resize":1,"_N$layoutType":2,"_N$spacingY":-120},{"__type__":"cc.Widget","node":{"__id__":22},"_alignFlags":1}],"_prefab":{"__type__":"cc.PrefabInfo","root":{"__id__":1},"asset":{"__uuid__":"fdtfVtW3dMc5YpKBMdE4Ug"},"fileId":"d314Gak4hFj78cC4dI7yeu"},"_anchorPoint":{"__type__":"cc.Vec2","x":0.5,"y":1},"_contentSize":{"__type__":"cc.Size","width":100,"height":120}},{"__type__":"cc.Node","_name":"hide","_parent":{"__id__":22},"_components":[{"__type__":"cc.Layout","node":{"__id__":23},"_layoutSize":{"__type__":"cc.Size","width":100,"height":120},"_resize":1,"_N$layoutType":2,"_N$spacingY":-120}],"_prefab":{"__type__":"cc.PrefabInfo","root":{"__id__":1},"asset":{"__uuid__":"fdtfVtW3dMc5YpKBMdE4Ug"},"fileId":"2caPTdss5BgohDzj8w5qpN"},"_anchorPoint":{"__type__":"cc.Vec2","x":0.5,"y":1},"_contentSize":{"__type__":"cc.Size","width":100,"height":120}},{"__type__":"cc.Node","_name":"show","_parent":{"__id__":22},"_components":[{"__type__":"cc.Layout","node":{"__id__":24},"_layoutSize":{"__type__":"cc.Size","width":100,"height":120},"_resize":1,"_N$layoutType":2,"_N$spacingY":-90}],"_prefab":{"__type__":"cc.PrefabInfo","root":{"__id__":1},"asset":{"__uuid__":"fdtfVtW3dMc5YpKBMdE4Ug"},"fileId":"a5Qh62rbpGKaKdYDW6h3zg"},"_anchorPoint":{"__type__":"cc.Vec2","x":0.5,"y":1},"_contentSize":{"__type__":"cc.Size","width":100,"height":120}},{"__type__":"cc.Node","_name":"cardlayout4","_parent":{"__id__":5},"_children":[{"__id__":26},{"__id__":27}],"_components":[{"__type__":"cc.Layout","node":{"__id__":25},"_layoutSize":{"__type__":"cc.Size","width":100,"height":120},"_resize":1,"_N$layoutType":2,"_N$spacingY":-120},{"__type__":"cc.Widget","node":{"__id__":25},"_alignFlags":1}],"_prefab":{"__type__":"cc.PrefabInfo","root":{"__id__":1},"asset":{"__uuid__":"fdtfVtW3dMc5YpKBMdE4Ug"},"fileId":"96AO2kDGFApZCxZLzWgtSp"},"_anchorPoint":{"__type__":"cc.Vec2","x":0.5,"y":1},"_contentSize":{"__type__":"cc.Size","width":100,"height":120},"_position":{"__type__":"cc.Vec2","x":105}},{"__type__":"cc.Node","_name":"hide","_parent":{"__id__":25},"_components":[{"__type__":"cc.Layout","node":{"__id__":26},"_layoutSize":{"__type__":"cc.Size","width":100,"height":120},"_resize":1,"_N$layoutType":2,"_N$spacingY":-120}],"_prefab":{"__type__":"cc.PrefabInfo","root":{"__id__":1},"asset":{"__uuid__":"fdtfVtW3dMc5YpKBMdE4Ug"},"fileId":"bfyRyzUU1IiZP3I4BLnGvS"},"_anchorPoint":{"__type__":"cc.Vec2","x":0.5,"y":1},"_contentSize":{"__type__":"cc.Size","width":100,"height":120}},{"__type__":"cc.Node","_name":"show","_parent":{"__id__":25},"_components":[{"__type__":"cc.Layout","node":{"__id__":27},"_layoutSize":{"__type__":"cc.Size","width":100,"height":120},"_resize":1,"_N$layoutType":2,"_N$spacingY":-90}],"_prefab":{"__type__":"cc.PrefabInfo","root":{"__id__":1},"asset":{"__uuid__":"fdtfVtW3dMc5YpKBMdE4Ug"},"fileId":"2fZOIOo35PCL9KQ9MlaZKp"},"_anchorPoint":{"__type__":"cc.Vec2","x":0.5,"y":1},"_contentSize":{"__type__":"cc.Size","width":100,"height":120}},{"__type__":"cc.Node","_name":"cardlayout5","_parent":{"__id__":5},"_children":[{"__id__":29},{"__id__":30}],"_components":[{"__type__":"cc.Layout","node":{"__id__":28},"_layoutSize":{"__type__":"cc.Size","width":100,"height":120},"_resize":1,"_N$layoutType":2,"_N$spacingY":-120},{"__type__":"cc.Widget","node":{"__id__":28},"_alignFlags":1}],"_prefab":{"__type__":"cc.PrefabInfo","root":{"__id__":1},"asset":{"__uuid__":"fdtfVtW3dMc5YpKBMdE4Ug"},"fileId":"3dfX02mJFEcKB84/Q+6Of6"},"_anchorPoint":{"__type__":"cc.Vec2","x":0.5,"y":1},"_contentSize":{"__type__":"cc.Size","width":100,"height":120},"_position":{"__type__":"cc.Vec2","x":210}},{"__type__":"cc.Node","_name":"hide","_parent":{"__id__":28},"_components":[{"__type__":"cc.Layout","node":{"__id__":29},"_layoutSize":{"__type__":"cc.Size","width":100,"height":120},"_resize":1,"_N$layoutType":2,"_N$spacingY":-120}],"_prefab":{"__type__":"cc.PrefabInfo","root":{"__id__":1},"asset":{"__uuid__":"fdtfVtW3dMc5YpKBMdE4Ug"},"fileId":"d2QiFrdcNJGYN5ORChI2Hs"},"_anchorPoint":{"__type__":"cc.Vec2","x":0.5,"y":1},"_contentSize":{"__type__":"cc.Size","width":100,"height":120}},{"__type__":"cc.Node","_name":"show","_parent":{"__id__":28},"_components":[{"__type__":"cc.Layout","node":{"__id__":30},"_layoutSize":{"__type__":"cc.Size","width":100,"height":120},"_resize":1,"_N$layoutType":2,"_N$spacingY":-90}],"_prefab":{"__type__":"cc.PrefabInfo","root":{"__id__":1},"asset":{"__uuid__":"fdtfVtW3dMc5YpKBMdE4Ug"},"fileId":"3fJmZPtLpMi7Bx6DoN7oqt"},"_anchorPoint":{"__type__":"cc.Vec2","x":0.5,"y":1},"_contentSize":{"__type__":"cc.Size","width":100,"height":120}},{"__type__":"cc.Node","_name":"cardlayout6","_parent":{"__id__":5},"_children":[{"__id__":32},{"__id__":33}],"_components":[{"__type__":"cc.Layout","node":{"__id__":31},"_layoutSize":{"__type__":"cc.Size","width":100,"height":120},"_resize":1,"_N$layoutType":2,"_N$spacingY":-120},{"__type__":"cc.Widget","node":{"__id__":31},"_alignFlags":1}],"_prefab":{"__type__":"cc.PrefabInfo","root":{"__id__":1},"asset":{"__uuid__":"fdtfVtW3dMc5YpKBMdE4Ug"},"fileId":"8bYWlBEvJLmpsHu9Qa7yJR"},"_anchorPoint":{"__type__":"cc.Vec2","x":0.5,"y":1},"_contentSize":{"__type__":"cc.Size","width":100,"height":120},"_position":{"__type__":"cc.Vec2","x":315}},{"__type__":"cc.Node","_name":"hide","_parent":{"__id__":31},"_components":[{"__type__":"cc.Layout","node":{"__id__":32},"_layoutSize":{"__type__":"cc.Size","width":100,"height":120},"_resize":1,"_N$layoutType":2,"_N$spacingY":-120}],"_prefab":{"__type__":"cc.PrefabInfo","root":{"__id__":1},"asset":{"__uuid__":"fdtfVtW3dMc5YpKBMdE4Ug"},"fileId":"d6xlfTnEZACYbE7pASYswX"},"_anchorPoint":{"__type__":"cc.Vec2","x":0.5,"y":1},"_contentSize":{"__type__":"cc.Size","width":100,"height":120}},{"__type__":"cc.Node","_name":"show","_parent":{"__id__":31},"_components":[{"__type__":"cc.Layout","node":{"__id__":33},"_layoutSize":{"__type__":"cc.Size","width":100,"height":120},"_resize":1,"_N$layoutType":2,"_N$spacingY":-90}],"_prefab":{"__type__":"cc.PrefabInfo","root":{"__id__":1},"asset":{"__uuid__":"fdtfVtW3dMc5YpKBMdE4Ug"},"fileId":"54s0D1wFRAgqfi8wsum+Lj"},"_anchorPoint":{"__type__":"cc.Vec2","x":0.5,"y":1},"_contentSize":{"__type__":"cc.Size","width":100,"height":120}},{"__type__":"cc.Node","_name":"scardlayout","_parent":{"__id__":4},"_children":[{"__id__":35},{"__id__":36},{"__id__":37},{"__id__":38}],"_components":[{"__type__":"cc.Layout","node":{"__id__":34},"_layoutSize":{"__type__":"cc.Size","width":418,"height":140},"_resize":1,"_N$layoutType":1,"_N$spacingX":-2}],"_prefab":{"__type__":"cc.PrefabInfo","root":{"__id__":1},"asset":{"__uuid__":"fdtfVtW3dMc5YpKBMdE4Ug"},"fileId":"cd8M38B/RHrZJUHWWhFaSq"},"_anchorPoint":{"__type__":"cc.Vec2","y":0.5},"_contentSize":{"__type__":"cc.Size","width":418,"height":140},"_position":{"__type__":"cc.Vec2","x":-45,"y":470}},{"__type__":"cc.Node","_name":"shoucard0","_parent":{"__id__":34},"_components":[{"__type__":"cc.Sprite","node":{"__id__":35},"_spriteFrame":{"__uuid__":"10ifJjraNDXYHC6kkdJVlq"}}],"_prefab":{"__type__":"cc.PrefabInfo","root":{"__id__":1},"asset":{"__uuid__":"fdtfVtW3dMc5YpKBMdE4Ug"},"fileId":"fbjZgH5qNKmpTWZk/5Sty2"},"_contentSize":{"__type__":"cc.Size","width":106,"height":146},"_position":{"__type__":"cc.Vec2","x":53}},{"__type__":"cc.Node","_name":"shoucard1","_parent":{"__id__":34},"_components":[{"__type__":"cc.Sprite","node":{"__id__":36},"_spriteFrame":{"__uuid__":"10ifJjraNDXYHC6kkdJVlq"}}],"_prefab":{"__type__":"cc.PrefabInfo","root":{"__id__":1},"asset":{"__uuid__":"fdtfVtW3dMc5YpKBMdE4Ug"},"fileId":"350dZE3kdAPIXh+PgvMUnt"},"_contentSize":{"__type__":"cc.Size","width":106,"height":146},"_position":{"__type__":"cc.Vec2","x":157}},{"__type__":"cc.Node","_name":"shoucard2","_parent":{"__id__":34},"_components":[{"__type__":"cc.Sprite","node":{"__id__":37},"_spriteFrame":{"__uuid__":"10ifJjraNDXYHC6kkdJVlq"}}],"_prefab":{"__type__":"cc.PrefabInfo","root":{"__id__":1},"asset":{"__uuid__":"fdtfVtW3dMc5YpKBMdE4Ug"},"fileId":"e4eUJ1nnJIvY7NwK/P5JW+"},"_contentSize":{"__type__":"cc.Size","width":106,"height":146},"_position":{"__type__":"cc.Vec2","x":261}},{"__type__":"cc.Node","_name":"shoucard3","_parent":{"__id__":34},"_components":[{"__type__":"cc.Sprite","node":{"__id__":38},"_spriteFrame":{"__uuid__":"10ifJjraNDXYHC6kkdJVlq"}}],"_prefab":{"__type__":"cc.PrefabInfo","root":{"__id__":1},"asset":{"__uuid__":"fdtfVtW3dMc5YpKBMdE4Ug"},"fileId":"1d8LxmYj9L2qJhQgKA82/r"},"_contentSize":{"__type__":"cc.Size","width":106,"height":146},"_position":{"__type__":"cc.Vec2","x":365}},{"__type__":"cc.Node","_name":"factorylayout","_parent":{"__id__":4},"_children":[{"__type__":"cc.Node","_name":"pool","_parent":{"__id__":39},"_prefab":{"__type__":"cc.PrefabInfo","root":{"__id__":1},"asset":{"__uuid__":"fdtfVtW3dMc5YpKBMdE4Ug"},"fileId":"85Fs0N6CBE06tCtbucGg9H"}},{"__id__":40},{"__id__":41}],"_components":[{"__type__":"cc.Sprite","node":{"__id__":39},"_spriteFrame":{"__uuid__":"61CCCkXbRKLYowen/fLMkp"}}],"_prefab":{"__type__":"cc.PrefabInfo","root":{"__id__":1},"asset":{"__uuid__":"fdtfVtW3dMc5YpKBMdE4Ug"},"fileId":"2bWOKd/j5IXI7TVCA9MRR4"},"_contentSize":{"__type__":"cc.Size","width":106,"height":146},"_position":{"__type__":"cc.Vec2","x":-320,"y":470}},{"__type__":"cc.Node","_name":"factorybtn","_parent":{"__id__":39},"_components":[{"__type__":"cc.Button","node":{"__id__":40}}],"_prefab":{"__type__":"cc.PrefabInfo","root":{"__id__":1},"asset":{"__uuid__":"fdtfVtW3dMc5YpKBMdE4Ug"},"fileId":"6df91cHc1EyIzDy2rj+W41"},"_contentSize":{"__type__":"cc.Size","width":100,"height":140}},{"__type__":"cc.Node","_name":"tipkuang","_parent":{"__id__":39},"_components":[{"__type__":"cc.Sprite","node":{"__id__":41},"_spriteFrame":{"__uuid__":"eddYIZoJFMQqVRVDIeXmld"}},{"__type__":"cc.Animation","node":{"__id__":41},"_defaultClip":{"__uuid__":"63dtW6fZpAlol34IC5cwnX"},"_clips":[{"__uuid__":"63dtW6fZpAlol34IC5cwnX"}]}],"_prefab":{"__type__":"cc.PrefabInfo","root":{"__id__":1},"asset":{"__uuid__":"fdtfVtW3dMc5YpKBMdE4Ug"},"fileId":"e1ZoV23apA8oJhwUGgTYMB"},"_contentSize":{"__type__":"cc.Size","width":118,"height":157}},{"__type__":"cc.Node","_name":"prompt","_parent":{"__id__":4},"_children":[{"__id__":43}],"_components":[{"__type__":"cc.Layout","node":{"__id__":42},"_layoutSize":{"__type__":"cc.Size","width":124,"height":163},"_resize":1,"_N$paddingLeft":10,"_N$paddingRight":10,"_N$paddingTop":10,"_N$paddingBottom":8},{"__type__":"cc.Sprite","node":{"__id__":42},"_spriteFrame":{"__uuid__":"eddYIZoJFMQqVRVDIeXmld"},"_type":1,"_sizeMode":0},{"__type__":"cc.Animation","node":{"__id__":42},"_defaultClip":{"__uuid__":"a4uoiybgJNuZzSpoWWzqzn"},"_clips":[{"__uuid__":"a4uoiybgJNuZzSpoWWzqzn"}]}],"_prefab":{"__type__":"cc.PrefabInfo","root":{"__id__":1},"asset":{"__uuid__":"fdtfVtW3dMc5YpKBMdE4Ug"},"fileId":"33Pym2XlRM0aKo+ge6ScHk"},"_anchorPoint":{"__type__":"cc.Vec2","x":0.5,"y":0.94},"_contentSize":{"__type__":"cc.Size","width":124,"height":163},"_position":{"__type__":"cc.Vec2","x":-573,"y":-38}},{"__type__":"cc.Node","_name":"cards","_parent":{"__id__":42},"_children":[{"__id__":44}],"_components":[{"__type__":"cc.Layout","node":{"__id__":43},"_layoutSize":{"__type__":"cc.Size","width":100,"height":145},"_resize":1,"_N$layoutType":2,"_N$spacingY":-90}],"_prefab":{"__type__":"cc.PrefabInfo","root":{"__id__":1},"asset":{"__uuid__":"fdtfVtW3dMc5YpKBMdE4Ug"},"fileId":"5e554+J1VP5p7iQ1DGcC4B"},"_anchorPoint":{"__type__":"cc.Vec2","x":0.5,"y":1},"_contentSize":{"__type__":"cc.Size","width":100,"height":145}},{"__type__":"cc.Node","_name":"cardItem","_parent":{"__id__":43},"_components":[{"__type__":"cc.Sprite","node":{"__id__":44},"_spriteFrame":{"__uuid__":"72KWen1lNBCZFfq6fvqvmc"}},{"__type__":"f7a72oQp1FHi7AA8KAv06o/","node":{"__id__":44},"poksers1":{"__uuid__":"a8a4zAUsFJVoCUtDhuwmNx"},"poksers2":{"__uuid__":"2eOUu4R3BKpY2UlTvl577x"},"poksers3":{"__uuid__":"d5qbBJEJhPubieHM077N4R"},"poksers4":{"__uuid__":"78ks6qSgBGZIoymhhCn5rM"},"poksers5":{"__uuid__":"1eArWj9lFKc7M42hIOFtP0"}}],"_prefab":{"__type__":"cc.PrefabInfo","root":{"__id__":1},"asset":{"__uuid__":"fdtfVtW3dMc5YpKBMdE4Ug"},"fileId":"66xeFi+KtPyrJqhHDCWX8P"},"_contentSize":{"__type__":"cc.Size","width":104,"height":145},"_position":{"__type__":"cc.Vec2","y":-72.5}},{"__type__":"cc.Node","_name":"bottombg","_parent":{"__id__":3},"_children":[{"__id__":46},{"__id__":47},{"__id__":48}],"_components":[{"__type__":"cc.Widget","node":{"__id__":45},"_alignFlags":44,"_bottom":2,"_originalWidth":750}],"_prefab":{"__type__":"cc.PrefabInfo","root":{"__id__":1},"asset":{"__uuid__":"fdtfVtW3dMc5YpKBMdE4Ug"},"fileId":"f1cD6mdHhFeqgVUadtBtMH"},"_contentSize":{"__type__":"cc.Size","width":750,"height":150},"_position":{"__type__":"cc.Vec2","y":-590}},{"__type__":"cc.Node","_name":"pic_yxjm_dk","_parent":{"__id__":45},"_components":[{"__type__":"cc.Sprite","node":{"__id__":46},"_spriteFrame":{"__uuid__":"4c5fWyKSlDsb+nklC71/Vl"}}],"_prefab":{"__type__":"cc.PrefabInfo","root":{"__id__":1},"asset":{"__uuid__":"fdtfVtW3dMc5YpKBMdE4Ug"},"fileId":"62BjEgf1lG1o72L7Vwd6NA"},"_contentSize":{"__type__":"cc.Size","width":750,"height":142},"_position":{"__type__":"cc.Vec2","y":-4}},{"__type__":"cc.Node","_name":"paijudesc","_parent":{"__id__":45},"_components":[{"__type__":"cc.Label","node":{"__id__":47},"_useOriginalSize":false,"_fontSize":20,"_lineHeight":36,"_N$string":"随机牌局","_N$horizontalAlign":1,"_N$verticalAlign":1}],"_prefab":{"__type__":"cc.PrefabInfo","root":{"__id__":1},"asset":{"__uuid__":"fdtfVtW3dMc5YpKBMdE4Ug"},"fileId":"57cewlCldFjYdtd64bgjgA"},"_contentSize":{"__type__":"cc.Size","width":80,"height":36},"_position":{"__type__":"cc.Vec2","y":49}},{"__type__":"cc.Node","_name":"bottomlayout","_parent":{"__id__":45},"_children":[{"__id__":49},{"__id__":52},{"__id__":55},{"__id__":58},{"__id__":61}],"_prefab":{"__type__":"cc.PrefabInfo","root":{"__id__":1},"asset":{"__uuid__":"fdtfVtW3dMc5YpKBMdE4Ug"},"fileId":"1c0b9q+LhC0K/spqm33l3e"},"_contentSize":{"__type__":"cc.Size","width":750,"height":100},"_position":{"__type__":"cc.Vec2","y":-24}},{"__type__":"cc.Node","_name":"undobtn","_parent":{"__id__":48},"_children":[{"__id__":50},{"__id__":51}],"_components":[{"__type__":"cc.Button","node":{"__id__":49},"transition":3,"zoomScale":0.8,"_N$enableAutoGrayEffect":true},{"__type__":"14976GZuG1P34yFpTPW7yYX","node":{"__id__":49}}],"_prefab":{"__type__":"cc.PrefabInfo","root":{"__id__":1},"asset":{"__uuid__":"fdtfVtW3dMc5YpKBMdE4Ug"},"fileId":"d6dRrnp3tJYLqL2Q0OVuOs"},"_contentSize":{"__type__":"cc.Size","width":100,"height":100},"_position":{"__type__":"cc.Vec2","x":-310}},{"__type__":"cc.Node","_name":"icon","_parent":{"__id__":49},"_components":[{"__type__":"cc.Sprite","node":{"__id__":50},"_spriteFrame":{"__uuid__":"e8aaZNDBlLzII1bN+rGiDq"}}],"_prefab":{"__type__":"cc.PrefabInfo","root":{"__id__":1},"asset":{"__uuid__":"fdtfVtW3dMc5YpKBMdE4Ug"},"fileId":"9295nl07NIeqv/5X0w+Eq1"},"_contentSize":{"__type__":"cc.Size","width":65,"height":72},"_position":{"__type__":"cc.Vec2","y":15}},{"__type__":"cc.Node","_name":"label","_parent":{"__id__":49},"_components":[{"__type__":"cc.Label","node":{"__id__":51},"_useOriginalSize":false,"_fontSize":20,"_lineHeight":30,"_N$string":"撤销","_N$horizontalAlign":1,"_N$verticalAlign":1}],"_prefab":{"__type__":"cc.PrefabInfo","root":{"__id__":1},"asset":{"__uuid__":"fdtfVtW3dMc5YpKBMdE4Ug"},"fileId":"f9KnPuEN1OGp6s+gsvMln3"},"_contentSize":{"__type__":"cc.Size","width":40,"height":30},"_position":{"__type__":"cc.Vec2","y":-34}},{"__type__":"cc.Node","_name":"tipsbtn","_parent":{"__id__":48},"_children":[{"__id__":53},{"__id__":54}],"_components":[{"__type__":"cc.Button","node":{"__id__":52},"transition":3,"zoomScale":0.8,"_N$enableAutoGrayEffect":true},{"__type__":"14976GZuG1P34yFpTPW7yYX","node":{"__id__":52}}],"_prefab":{"__type__":"cc.PrefabInfo","root":{"__id__":1},"asset":{"__uuid__":"fdtfVtW3dMc5YpKBMdE4Ug"},"fileId":"82hgsj3dRIfqHqeaEGq8rE"},"_contentSize":{"__type__":"cc.Size","width":100,"height":100},"_position":{"__type__":"cc.Vec2","x":-155}},{"__type__":"cc.Node","_name":"icon","_parent":{"__id__":52},"_components":[{"__type__":"cc.Sprite","node":{"__id__":53},"_spriteFrame":{"__uuid__":"346GPw4K1IsL0MKiVciGzw"}}],"_prefab":{"__type__":"cc.PrefabInfo","root":{"__id__":1},"asset":{"__uuid__":"fdtfVtW3dMc5YpKBMdE4Ug"},"fileId":"7eFEb+tKJFnpERn3gBvGDN"},"_contentSize":{"__type__":"cc.Size","width":56,"height":72},"_position":{"__type__":"cc.Vec2","y":15}},{"__type__":"cc.Node","_name":"label","_parent":{"__id__":52},"_components":[{"__type__":"cc.Label","node":{"__id__":54},"_useOriginalSize":false,"_fontSize":20,"_lineHeight":30,"_N$string":"提示","_N$horizontalAlign":1,"_N$verticalAlign":1}],"_prefab":{"__type__":"cc.PrefabInfo","root":{"__id__":1},"asset":{"__uuid__":"fdtfVtW3dMc5YpKBMdE4Ug"},"fileId":"e2b8E3nMZGMokvjZR9tT43"},"_contentSize":{"__type__":"cc.Size","width":40,"height":30},"_position":{"__type__":"cc.Vec2","y":-34}},{"__type__":"cc.Node","_name":"handbtn","_parent":{"__id__":48},"_children":[{"__id__":56},{"__id__":57}],"_components":[{"__type__":"cc.Button","node":{"__id__":55},"transition":3,"zoomScale":0.8,"_N$enableAutoGrayEffect":true},{"__type__":"14976GZuG1P34yFpTPW7yYX","node":{"__id__":55}}],"_prefab":{"__type__":"cc.PrefabInfo","root":{"__id__":1},"asset":{"__uuid__":"fdtfVtW3dMc5YpKBMdE4Ug"},"fileId":"86I/yVFBNPNb2kwfHZBn9T"},"_contentSize":{"__type__":"cc.Size","width":100,"height":100}},{"__type__":"cc.Node","_name":"icon","_parent":{"__id__":55},"_components":[{"__type__":"cc.Sprite","node":{"__id__":56},"_spriteFrame":{"__uuid__":"22fmrQWp9Js676I82AYzyv"}}],"_prefab":{"__type__":"cc.PrefabInfo","root":{"__id__":1},"asset":{"__uuid__":"fdtfVtW3dMc5YpKBMdE4Ug"},"fileId":"a1hAJtpDxK9IK9G/s48HBo"},"_contentSize":{"__type__":"cc.Size","width":72,"height":72},"_position":{"__type__":"cc.Vec2","y":15}},{"__type__":"cc.Node","_name":"label","_parent":{"__id__":55},"_components":[{"__type__":"cc.Label","node":{"__id__":57},"_useOriginalSize":false,"_fontSize":20,"_lineHeight":30,"_N$string":"牌局","_N$horizontalAlign":1,"_N$verticalAlign":1}],"_prefab":{"__type__":"cc.PrefabInfo","root":{"__id__":1},"asset":{"__uuid__":"fdtfVtW3dMc5YpKBMdE4Ug"},"fileId":"faAZTI8CdE9bogyXUzPQ0n"},"_contentSize":{"__type__":"cc.Size","width":40,"height":30},"_position":{"__type__":"cc.Vec2","y":-34}},{"__type__":"cc.Node","_name":"dailybtn","_parent":{"__id__":48},"_children":[{"__id__":59},{"__id__":60}],"_components":[{"__type__":"cc.Button","node":{"__id__":58},"transition":3,"zoomScale":0.8,"_N$enableAutoGrayEffect":true},{"__type__":"14976GZuG1P34yFpTPW7yYX","node":{"__id__":58}}],"_prefab":{"__type__":"cc.PrefabInfo","root":{"__id__":1},"asset":{"__uuid__":"fdtfVtW3dMc5YpKBMdE4Ug"},"fileId":"04Yl5X9yZJj7gAMD9XmJ8I"},"_contentSize":{"__type__":"cc.Size","width":100,"height":100},"_position":{"__type__":"cc.Vec2","x":155}},{"__type__":"cc.Node","_name":"icon","_parent":{"__id__":58},"_components":[{"__type__":"cc.Sprite","node":{"__id__":59},"_spriteFrame":{"__uuid__":"aahrjpgmtOZKvHOUQgwrrT"}}],"_prefab":{"__type__":"cc.PrefabInfo","root":{"__id__":1},"asset":{"__uuid__":"fdtfVtW3dMc5YpKBMdE4Ug"},"fileId":"29YeDOveBHFLfKbpk0MNJP"},"_contentSize":{"__type__":"cc.Size","width":61,"height":66},"_position":{"__type__":"cc.Vec2","y":15}},{"__type__":"cc.Node","_name":"label","_parent":{"__id__":58},"_components":[{"__type__":"cc.Label","node":{"__id__":60},"_useOriginalSize":false,"_fontSize":20,"_lineHeight":30,"_N$string":"每日","_N$horizontalAlign":1,"_N$verticalAlign":1}],"_prefab":{"__type__":"cc.PrefabInfo","root":{"__id__":1},"asset":{"__uuid__":"fdtfVtW3dMc5YpKBMdE4Ug"},"fileId":"acnwREnaxKBqnAGsS0MVqf"},"_contentSize":{"__type__":"cc.Size","width":40,"height":30},"_position":{"__type__":"cc.Vec2","y":-34}},{"__type__":"cc.Node","_name":"settingbtn","_parent":{"__id__":48},"_children":[{"__id__":62},{"__id__":63}],"_components":[{"__type__":"cc.Button","node":{"__id__":61},"transition":3,"zoomScale":0.8,"_N$enableAutoGrayEffect":true},{"__type__":"14976GZuG1P34yFpTPW7yYX","node":{"__id__":61}}],"_prefab":{"__type__":"cc.PrefabInfo","root":{"__id__":1},"asset":{"__uuid__":"fdtfVtW3dMc5YpKBMdE4Ug"},"fileId":"32CJbAgE9CzpPQ35MKOtXy"},"_contentSize":{"__type__":"cc.Size","width":100,"height":100},"_position":{"__type__":"cc.Vec2","x":310}},{"__type__":"cc.Node","_name":"icon","_parent":{"__id__":61},"_components":[{"__type__":"cc.Sprite","node":{"__id__":62},"_spriteFrame":{"__uuid__":"12TOThM05Io5NQaf3u3QkZ"}}],"_prefab":{"__type__":"cc.PrefabInfo","root":{"__id__":1},"asset":{"__uuid__":"fdtfVtW3dMc5YpKBMdE4Ug"},"fileId":"a9TzVz+xRF5YBkscmR6DfI"},"_contentSize":{"__type__":"cc.Size","width":71,"height":71},"_position":{"__type__":"cc.Vec2","y":15}},{"__type__":"cc.Node","_name":"label","_parent":{"__id__":61},"_components":[{"__type__":"cc.Label","node":{"__id__":63},"_useOriginalSize":false,"_fontSize":20,"_lineHeight":30,"_N$string":"设置","_N$horizontalAlign":1,"_N$verticalAlign":1}],"_prefab":{"__type__":"cc.PrefabInfo","root":{"__id__":1},"asset":{"__uuid__":"fdtfVtW3dMc5YpKBMdE4Ug"},"fileId":"7dV2w7CTtNvp3IKMz3Bhto"},"_contentSize":{"__type__":"cc.Size","width":40,"height":30},"_position":{"__type__":"cc.Vec2","y":-34}},{"__type__":"cc.Node","_name":"toplayout","_parent":{"__id__":3},"_children":[{"__id__":65},{"__id__":66},{"__id__":69}],"_components":[{"__type__":"cc.Widget","node":{"__id__":64},"_alignFlags":41,"_top":5,"_originalWidth":750}],"_prefab":{"__type__":"cc.PrefabInfo","root":{"__id__":1},"asset":{"__uuid__":"fdtfVtW3dMc5YpKBMdE4Ug"},"fileId":"e067OW4kRK57BdGpmpT92b"},"_contentSize":{"__type__":"cc.Size","width":750,"height":60},"_position":{"__type__":"cc.Vec2","y":632}},{"__type__":"cc.Node","_name":"score","_parent":{"__id__":64},"_components":[{"__type__":"cc.Label","node":{"__id__":65},"_fontSize":36,"_lineHeight":48,"_N$string":"得分 0"}],"_prefab":{"__type__":"cc.PrefabInfo","root":{"__id__":1},"asset":{"__uuid__":"fdtfVtW3dMc5YpKBMdE4Ug"},"fileId":"2dFhuSiTlCWIReE18mtFvz"},"_anchorPoint":{"__type__":"cc.Vec2","x":1,"y":0.5},"_contentSize":{"__type__":"cc.Size","width":102.02,"height":48},"_position":{"__type__":"cc.Vec2","x":360}},{"__type__":"cc.Node","_name":"timenode","_parent":{"__id__":64},"_children":[{"__id__":67},{"__id__":68}],"_prefab":{"__type__":"cc.PrefabInfo","root":{"__id__":1},"asset":{"__uuid__":"fdtfVtW3dMc5YpKBMdE4Ug"},"fileId":"72k8JyiK5JAKdSb5D8Ybb+"},"_contentSize":{"__type__":"cc.Size","width":180,"height":48}},{"__type__":"cc.Node","_name":"clock","_parent":{"__id__":66},"_components":[{"__type__":"cc.Sprite","node":{"__id__":67},"_spriteFrame":{"__uuid__":"01xTgBKkdKL7V7pGpW3QXS"}}],"_prefab":{"__type__":"cc.PrefabInfo","root":{"__id__":1},"asset":{"__uuid__":"fdtfVtW3dMc5YpKBMdE4Ug"},"fileId":"76x3pIFy5GKqxRMYp2mmMg"},"_contentSize":{"__type__":"cc.Size","width":35,"height":42},"_position":{"__type__":"cc.Vec2","x":-54}},{"__type__":"cc.Node","_name":"time","_parent":{"__id__":66},"_components":[{"__type__":"cc.Label","node":{"__id__":68},"_fontSize":36,"_lineHeight":48,"_N$string":"00:00","_N$horizontalAlign":1,"_N$verticalAlign":1},{"__type__":"cc.Widget","node":{"__id__":68},"_alignFlags":41,"_left":343.05,"_right":306.84999999999997,"_originalWidth":128.98}],"_prefab":{"__type__":"cc.PrefabInfo","root":{"__id__":1},"asset":{"__uuid__":"fdtfVtW3dMc5YpKBMdE4Ug"},"fileId":"92lgwCzI5HQJIkClMAp423"},"_contentSize":{"__type__":"cc.Size","width":90.09,"height":48},"_position":{"__type__":"cc.Vec2","x":18.100000000000023}},{"__type__":"cc.Node","_name":"move","_parent":{"__id__":64},"_components":[{"__type__":"cc.Label","node":{"__id__":69},"_fontSize":36,"_lineHeight":48,"_N$string":"移动 0"}],"_prefab":{"__type__":"cc.PrefabInfo","root":{"__id__":1},"asset":{"__uuid__":"fdtfVtW3dMc5YpKBMdE4Ug"},"fileId":"88e/j86UBNk7/+RiW+tfzT"},"_anchorPoint":{"__type__":"cc.Vec2","y":0.5},"_contentSize":{"__type__":"cc.Size","width":102.02,"height":48},"_position":{"__type__":"cc.Vec2","x":-371}},{"__type__":"cc.Node","_name":"autoshoupai","_parent":{"__id__":1},"_children":[{"__id__":71}],"_components":[{"__type__":"cc.Sprite","node":{"__id__":70},"_spriteFrame":{"__uuid__":"45LVZ2GMhCgKZv+rP+WG4C"},"_type":1,"_sizeMode":0},{"__type__":"cc.Button","node":{"__id__":70},"transition":3,"pressedColor":{"__type__":"cc.Color","r":200,"g":200,"b":200},"zoomScale":0.8,"clickEvents":[{"__type__":"cc.ClickEvent","target":{"__id__":1},"handler":"onAutoShoupai"}],"_N$normalColor":{"__type__":"cc.Color","r":230,"g":230,"b":230},"_N$disabledColor":{"__type__":"cc.Color","r":120,"g":120,"b":120,"a":200},"_N$normalSprite":{"__uuid__":"f0BIwQ8D5Ml7nTNQbh1YlS"},"_N$pressedSprite":{"__uuid__":"e97GVMl6JHh5Ml5qEDdSGa"},"pressedSprite":{"__uuid__":"e97GVMl6JHh5Ml5qEDdSGa"},"_N$hoverSprite":{"__uuid__":"f0BIwQ8D5Ml7nTNQbh1YlS"},"hoverSprite":{"__uuid__":"f0BIwQ8D5Ml7nTNQbh1YlS"},"_N$disabledSprite":{"__uuid__":"29FYIk+N1GYaeWH/q1NxQO"}}],"_prefab":{"__type__":"cc.PrefabInfo","root":{"__id__":1},"asset":{"__uuid__":"fdtfVtW3dMc5YpKBMdE4Ug"},"fileId":"ec/qaFSUtKqolXCTEfh/wt"},"_contentSize":{"__type__":"cc.Size","width":470,"height":160},"_position":{"__type__":"cc.Vec2","y":-279}},{"__type__":"cc.Node","_name":"label","_parent":{"__id__":70},"_components":[{"__type__":"cc.Label","node":{"__id__":71},"_useOriginalSize":false,"_fontSize":60,"_lineHeight":72,"_enableWrapText":false,"_N$string":"自动收牌","_N$horizontalAlign":1,"_N$verticalAlign":1,"_N$overflow":1}],"_prefab":{"__type__":"cc.PrefabInfo","root":{"__id__":1},"asset":{"__uuid__":"fdtfVtW3dMc5YpKBMdE4Ug"},"fileId":"99eYJ+Z+tGf7/oGu+ZNRRQ"},"_contentSize":{"__type__":"cc.Size","width":300,"height":100}},{"__type__":"cc.Node","_name":"touchlayer","_parent":{"__id__":1},"_active":false,"_components":[{"__type__":"cc.Widget","node":{"__id__":72},"_alignFlags":45},{"__type__":"cc.Button","node":{"__id__":72}}],"_prefab":{"__type__":"cc.PrefabInfo","root":{"__id__":1},"asset":{"__uuid__":"fdtfVtW3dMc5YpKBMdE4Ug"},"fileId":"43qiW+3spOorBOYAoQzSVN"},"_contentSize":{"__type__":"cc.Size","width":750,"height":1334}}]]