[1,0,0,[["cc.JsonAsset",["_name","json"],1]],[[0,0,1,3]],[[0,"TableUpgradeConfig",[{"level":1,"upSpeedRatio":[0,0],"upBagNum":[0,0],"upCaptureTimeRatio":[0,0]},{"level":2,"upSpeedRatio":[400,0.15],"upBagNum":[100,1],"upCaptureTimeRatio":[1000,0.15]},{"level":3,"upSpeedRatio":[800,0.2],"upBagNum":[1000,1],"upCaptureTimeRatio":[3000,0.2]},{"level":4,"upSpeedRatio":[4000,0.25],"upBagNum":[5000,1],"upCaptureTimeRatio":[10000,0.23]},{"level":5,"upSpeedRatio":[7500,0.3],"upBagNum":[12000,1],"upCaptureTimeRatio":[18000,0.26]},{"level":6,"upSpeedRatio":[15000,0.35],"upBagNum":[18000,1],"upCaptureTimeRatio":[24000,0.29]},{"level":7,"upSpeedRatio":[21000,0.4],"upBagNum":[24000,1],"upCaptureTimeRatio":[30000,0.31]},{"level":8,"upSpeedRatio":[27000,0.45],"upBagNum":[30000,1],"upCaptureTimeRatio":[40000,0.33]},{"level":9,"upSpeedRatio":[33000,0.5],"upBagNum":[40000,1],"upCaptureTimeRatio":[50000,0.35]},{"level":10,"upSpeedRatio":[40000,0.55],"upBagNum":[50000,1],"upCaptureTimeRatio":[60000,0.37]},{"level":11,"upSpeedRatio":[47000,0.6],"upBagNum":[60000,1],"upCaptureTimeRatio":[80000,0.39]},{"level":12,"upSpeedRatio":[54000,0.65],"upBagNum":[80000,1],"upCaptureTimeRatio":[120000,0.4]},{"level":13,"upSpeedRatio":[61000,0.7],"upBagNum":[120000,1],"upCaptureTimeRatio":[160000,0.41]},{"level":14,"upSpeedRatio":[71000,0.75],"upBagNum":[160000,1],"upCaptureTimeRatio":[200000,0.42]},{"level":15,"upSpeedRatio":[84000,0.8],"upBagNum":[200000,1],"upCaptureTimeRatio":[240000,0.43]},{"level":16,"upSpeedRatio":[97000,0.85],"upBagNum":[240000,1],"upCaptureTimeRatio":[280000,0.44]},{"level":17,"upSpeedRatio":[110000,0.9],"upBagNum":[280000,1],"upCaptureTimeRatio":[320000,0.45]},{"level":18,"upSpeedRatio":[130000,0.95],"upBagNum":[320000,1],"upCaptureTimeRatio":[360000,0.46]},{"level":19,"upSpeedRatio":[150000,1],"upBagNum":[360000,1],"upCaptureTimeRatio":[400000,0.47]},{"level":20,"upSpeedRatio":[170000,1.05],"upBagNum":[400000,1],"upCaptureTimeRatio":[480000,0.48]},{"level":21,"upSpeedRatio":[200000,1.1],"upBagNum":[480000,1],"upCaptureTimeRatio":[560000,0.49]},{"level":22,"upSpeedRatio":[230000,1.15],"upBagNum":[560000,1],"upCaptureTimeRatio":[640000,0.5]},{"level":23,"upSpeedRatio":[260000,1.2],"upBagNum":[640000,1],"upCaptureTimeRatio":[700000,0.51]},{"level":24,"upSpeedRatio":[300000,1.25],"upBagNum":[700000,1],"upCaptureTimeRatio":[800000,0.52]},{"level":25,"upSpeedRatio":[350000,1.3],"upBagNum":[800000,1],"upCaptureTimeRatio":[900000,0.53]},{"level":26,"upSpeedRatio":[400000,1.35],"upBagNum":[900000,1],"upCaptureTimeRatio":[1000000,0.54]},{"level":27,"upSpeedRatio":[450000,1.4],"upBagNum":[1000000,1],"upCaptureTimeRatio":[1200000,0.55]},{"level":28,"upSpeedRatio":[500000,1.45],"upBagNum":[1200000,1],"upCaptureTimeRatio":[1400000,0.56]},{"level":29,"upSpeedRatio":[600000,1.5],"upBagNum":[1400000,1],"upCaptureTimeRatio":[1600000,0.57]},{"level":30,"upSpeedRatio":[800000,1.55],"upBagNum":[1600000,1],"upCaptureTimeRatio":[1800000,0.58]}]]],0,0,[],[],[]]
