[1,["b8+VcfVPRHYb99UTWSIu6/@f9941","b8+VcfVPRHYb99UTWSIu6/@6c48a"],["spriteFrame","_textureSource"],["cc.SpriteFrame",["cc.LabelAtlas",["_name","fontSize","fntConfig"],0]],[[1,0,1,2,4]],[[[[0,"stroke",73.92,{"commonHeight":84,"fontSize":73,"atlasName":"stroke","fontDefDictionary":{"47":{"xOffset":0,"yOffset":0,"xAdvance":68,"rect":{"x":0,"y":0,"width":68,"height":84}},"48":{"xOffset":0,"yOffset":0,"xAdvance":68,"rect":{"x":68,"y":0,"width":68,"height":84}},"49":{"xOffset":0,"yOffset":0,"xAdvance":68,"rect":{"x":136,"y":0,"width":68,"height":84}},"50":{"xOffset":0,"yOffset":0,"xAdvance":68,"rect":{"x":204,"y":0,"width":68,"height":84}},"51":{"xOffset":0,"yOffset":0,"xAdvance":68,"rect":{"x":272,"y":0,"width":68,"height":84}},"52":{"xOffset":0,"yOffset":0,"xAdvance":68,"rect":{"x":340,"y":0,"width":68,"height":84}},"53":{"xOffset":0,"yOffset":0,"xAdvance":68,"rect":{"x":408,"y":0,"width":68,"height":84}},"54":{"xOffset":0,"yOffset":0,"xAdvance":68,"rect":{"x":476,"y":0,"width":68,"height":84}},"55":{"xOffset":0,"yOffset":0,"xAdvance":68,"rect":{"x":544,"y":0,"width":68,"height":84}},"56":{"xOffset":0,"yOffset":0,"xAdvance":68,"rect":{"x":612,"y":0,"width":68,"height":84}},"57":{"xOffset":0,"yOffset":0,"xAdvance":68,"rect":{"x":680,"y":0,"width":68,"height":84}}},"kerningDict":{}}]],0,0,[0],[0],[0]],[[{"name":"stroke","rect":{"x":16,"y":1,"width":724,"height":83},"offset":{"x":4,"y":0.5},"originalSize":{"width":748,"height":86},"rotated":false,"capInsets":[0,0,0,0],"vertices":{"rawPosition":[-362,-41.5,0,362,-41.5,0,-362,41.5,0,362,41.5,0],"indexes":[0,1,2,2,1,3],"uv":[16,85,740,85,16,2,740,2],"nuv":[0.0213903743315508,0.023255813953488372,0.9893048128342246,0.023255813953488372,0.0213903743315508,0.9883720930232558,0.9893048128342246,0.9883720930232558],"minPos":{"x":-362,"y":-41.5,"z":0},"maxPos":{"x":362,"y":41.5,"z":0}},"packable":true,"pixelsToUnit":100,"pivot":{"x":0.5,"y":0.5},"meshType":0}],[0],0,[0],[1],[1]]]]
