[1,["6883SKQK9OerYi7tYIIgoG@7d2a0","06yzEFgftO+JUcjSJDTLH4@6c48a","30A9aHAHhNvqBrWT7B6fy+@6c48a","7dj5uJT9FMn6OrOOx83tfK@f9941","30A9aHAHhNvqBrWT7B6fy+@f9941","6883SKQK9OerYi7tYIIgoG@04e88","6883SKQK9OerYi7tYIIgoG@298b4","06yzEFgftO+JUcjSJDTLH4@f9941","6883SKQK9OerYi7tYIIgoG@f27e6"],["node","_spriteFrame","_textureSource","root","contentNode","_target","_content","data","_normalSprite"],[["cc.Node",["_name","_layer","_objFlags","_active","_components","_prefab","_parent","_lpos","_children"],-1,9,4,1,5,2],["cc.Sprite",["_sizeMode","_type","node","__prefab","_spriteFrame","_color"],1,1,4,6,5],["cc.Widget",["_alignFlags","_verticalCenter","_originalWidth","_originalHeight","_horizontalCenter","node","__prefab"],-2,1,4],"cc.SpriteFrame",["cc.UITransform",["node","__prefab","_contentSize","_anchorPoint"],3,1,4,5,5],["cc.Prefab",["_name"],2],["cc.CompPrefabInfo",["fileId"],2],["3267eqraCVAaJutE0ESRcN8",["node","__prefab","contentNode"],3,1,4,1],["cc.PrefabInfo",["fileId","instance","targetOverrides","nestedPrefabInstanceRoots","root","asset"],-1,1,1],["cc.Button",["_transition","node","__prefab","clickEvents","_normalColor","_target","_normalSprite"],2,1,4,9,5,1,6],["cc.ClickEvent",["_componentId","handler","target"],1,1],["cc.ScrollView",["bounceDuration","brake","horizontal","node","__prefab","_content"],0,1,4,1],["cc.Mask",["node","__prefab"],3,1,4],["cc.Graphics",["node","__prefab","_strokeColor","_fillColor"],3,1,4,5,5],["cc.Layout",["_layoutType","_spacingY","_isAlign","node","__prefab"],0,1,4]],[[6,0,2],[8,0,1,2,3,4,5,5],[4,0,1,2,1],[0,0,1,6,8,4,5,7,3],[1,2,3,4,1],[0,0,1,6,4,5,7,3],[0,0,3,1,6,4,5,7,4],[2,0,2,3,5,6,4],[1,1,0,2,3,4,3],[5,0,2],[0,0,1,8,4,5,3],[0,0,2,1,6,4,5,4],[0,0,1,6,4,5,3],[4,0,1,2,3,1],[2,0,1,5,6,3],[2,0,4,1,5,6,4],[7,0,1,2,1],[1,1,0,2,3,3],[1,0,2,3,5,4,2],[1,0,2,3,4,2],[9,0,1,2,3,4,5,6,2],[10,0,1,2,3],[11,0,1,2,3,4,5,4],[12,0,1,1],[13,0,1,2,3,1],[14,0,1,2,3,4,4]],[[[{"name":"map_pop","rect":{"x":0,"y":0,"width":577,"height":580},"offset":{"x":0,"y":0},"originalSize":{"width":577,"height":580},"rotated":false,"capInsets":[0,0,0,0],"vertices":{"rawPosition":[-288.5,-290,0,288.5,-290,0,-288.5,290,0,288.5,290,0],"indexes":[0,1,2,2,1,3],"uv":[0,580,577,580,0,0,577,0],"nuv":[0,0,1,0,0,1,1,1],"minPos":{"x":-288.5,"y":-290,"z":0},"maxPos":{"x":288.5,"y":290,"z":0}},"packable":true,"pixelsToUnit":100,"pivot":{"x":0.5,"y":0.5},"meshType":0}],[3],0,[0],[2],[1]],[[{"name":"frame_pop_2","rect":{"x":0,"y":0,"width":504,"height":260},"offset":{"x":0,"y":0},"originalSize":{"width":504,"height":260},"rotated":false,"capInsets":[189,97,183,106],"vertices":{"rawPosition":[-252,-130,0,252,-130,0,-252,130,0,252,130,0],"indexes":[0,1,2,2,1,3],"uv":[0,260,504,260,0,0,504,0],"nuv":[0,0,1,0,0,1,1,1],"minPos":{"x":-252,"y":-130,"z":0},"maxPos":{"x":252,"y":130,"z":0}},"packable":true,"pixelsToUnit":100,"pivot":{"x":0.5,"y":0.5},"meshType":0}],[3],0,[0],[2],[2]],[[[9,"LobbyMapView"],[10,"LobbyMapView",33554432,[-6,-7,-8,-9],[[2,-2,[0,"5fOONregNC4JXgFRpi7NNS"],[5,720,1280]],[7,45,720,1280,-3,[0,"28nWKHgzlJHbDRP/CaLh/L"]],[16,-5,[0,"b6l8uwcMhJnpoi9mZ1BUMM"],-4]],[1,"cbAZ5c7TxJyLOs69G7YNdr",null,null,null,-1,0]],[3,"SpriteBG",33554432,1,[-13,-14,-15],[[2,-10,[0,"66wgfkaShMwb6ORIMO/bEs"],[5,577,580]],[8,1,0,-11,[0,"b9WLQgvStKAJibgDWz65P/"],4],[14,18,79.693,-12,[0,"c7Dco+bD5IJ7vJmWkFzngb"]]],[1,"acKmiXlJFFe6ZCK3/K+wUe",null,null,null,1,0],[1,0,79.693,0]],[5,"closeBtn",33554432,1,[[2,-16,[0,"b6j4JxculLk4Z2wlAYM2WH"],[5,44,44]],[8,1,0,-17,[0,"86ejD+RGxBprnF9QWocrH7"],5],[20,3,-19,[0,"1bvMak3RZD2blx6VTDVvse"],[[21,"3267eqraCVAaJutE0ESRcN8","onCloseEvent",1]],[4,4292269782],-18,6],[15,18,280,500,-20,[0,"07mrqr4vBIEpmLQrlFFCv1"]]],[1,"efxa6YnPlPtL4fAS2lqGTh",null,null,null,1,0],[1,280,500,0]],[3,"ScrollView",33554432,2,[-25],[[2,-21,[0,"d8pZV7qtJCNriKCYgDCsjB"],[5,545.394,485.936]],[17,1,0,-22,[0,"9c21OmL/RGlZ7T2zm1BUJX"]],[22,0.23,0.75,false,-24,[0,"15gGzYMRNO0qGeV9jHHoOz"],-23]],[1,"07doC8xCtEorEkI82pegXx",null,null,null,1,0],[1,1.2289999999999992,14.746000000000002,0]],[3,"view",33554432,4,[-29],[[2,-26,[0,"5frvJ2rChNfq+pyDti657y"],[5,521.9359999999999,505.792]],[23,-27,[0,"70JYPxDgdAxrr5hAa9i6sN"]],[24,-28,[0,"44rwp06XtJWqB4L9rZOdop"],[4,0],[4,16777215]]],[1,"5d4TtDB9RFLJLkQEUDEU2P",null,null,null,1,0],[1,0,3.4400000000000013,0]],[5,"content",33554432,5,[[13,-30,[0,"e34SzEwp5FSrQ/4V/ad9Ud"],[5,524.8430000000001,628],[0,0.5,1]],[25,2,20,true,-31,[0,"88QZK8gwFHBqvT7SxEP3Nf"]]],[1,"f6ThadNOFHPIRfSEgK8bxz",null,null,null,1,0],[1,3.215500000000006,232.488,0]],[11,"SpriteSplash",512,33554432,1,[[2,-32,[0,"13qw1h+EdCCI5z6l80dGto"],[5,720,1280]],[18,0,-33,[0,"28U75h8otOU6YcKuPegdjg"],[4,2516582400],0],[7,45,720,1280,-34,[0,"77nlCplxpPGLHjgoU51Yfv"]]],[1,"b69Q6GpkZPIJa7O6nJKZM1",null,null,null,1,0]],[3,"Sprite",33554432,2,[-37],[[2,-35,[0,"32dusjHb5LO7oEPveXUjdk"],[5,576,96]],[4,-36,[0,"f1T+60b65Clp5nCrtRpd9/"],3]],[1,"b134czyZJAzJl/onJM4iGn",null,null,null,1,0],[1,0,338.247,0]],[6,"Sprite-002",false,33554432,2,[[2,-38,[0,"d6kbcQ7GFHvYF9/08RPq8s"],[5,504,260]],[19,0,-39,[0,"f874khL41KpI2TP40wNRQE"],1]],[1,"9doIryq01M8oIQin9A/GP1",null,null,null,1,0],[1,0,-32.109,0]],[12,"Sprite",33554432,8,[[2,-40,[0,"63KwnbMkZLWrMhS7C+FBBD"],[5,205,45]],[4,-41,[0,"acY0akFd5EzLzISJcGJNG8"],2]],[1,"50MeLDgDVLKoohs0q4TFEX",null,null,null,1,0]],[6,"finger",false,33554432,1,[[2,-42,[0,"55Y8Q+QfpE+7ZR+wrKL+uc"],[5,118,127]],[4,-43,[0,"c0z9VYe0ZF/ofQB0Cb2z8t"],7]],[1,"208rcDAiNLAaaNk17r1LAt",null,null,null,1,0],[1,179.933,69.205,0]]],0,[0,3,1,0,0,1,0,0,1,0,4,6,0,0,1,0,-1,7,0,-2,2,0,-3,3,0,-4,11,0,0,2,0,0,2,0,0,2,0,-1,9,0,-2,8,0,-3,4,0,0,3,0,0,3,0,5,3,0,0,3,0,0,3,0,0,4,0,0,4,0,6,6,0,0,4,0,-1,5,0,0,5,0,0,5,0,0,5,0,-1,6,0,0,6,0,0,6,0,0,7,0,0,7,0,0,7,0,0,8,0,0,8,0,-1,10,0,0,9,0,0,9,0,0,10,0,0,10,0,0,11,0,0,11,0,7,1,43],[0,0,0,0,0,0,0,0],[1,1,1,1,1,1,8,1],[3,4,5,6,7,0,0,8]]]]
