[{"__type__":"cc.SpriteFrame","content":{"name":"bg_shang","texture":"d4ZUKktepNW6SuDUf2dDAT","rect":[0,0,600,356],"offset":[0,1],"originalSize":[600,358],"capInsets":[234,104,188,146]}},{"__type__":"cc.SpriteFrame","content":{"name":"bg_xiao","texture":"c6ZGjV9tNKqbnxaBNcj5DE","rect":[0,0,657,640],"offset":[-0.5,0],"originalSize":[658,640],"capInsets":[0,0,0,0]}},{"__type__":"cc.SpriteFrame","content":{"name":"pic_tixianshuoming","texture":"5aYOhfs7pKtLhlmMoO6JlO","rect":[102,5,389,268],"offset":[46.5,11],"originalSize":[500,300],"capInsets":[0,0,0,0]}},{"__type__":"cc.SpriteFrame","content":{"name":"ic_guanbi2","texture":"02krqH8i1AdZB/lC2WegR2","rect":[789,371,84,84],"offset":[0,0],"originalSize":[84,84],"capInsets":[0,0,0,0]}},[{"__type__":"cc.Prefab","_name":"tixianinfo_layer","data":{"__id__":1}},{"__type__":"cc.Node","_name":"tixianinfo_layer","_children":[{"__id__":2},{"__id__":3}],"_components":[{"__type__":"cc.Widget","node":{"__id__":1},"_alignFlags":45},{"__type__":"a3e87L5lHhJg7GCchlVLOfx","node":{"__id__":1}}],"_prefab":{"__type__":"cc.PrefabInfo","root":{"__id__":1},"asset":{"__uuid__":"65/iyJW9BC85KZF4BNSXFD"},"fileId":"7b5kTi845ENqtrHwpG5qNu"},"_contentSize":{"__type__":"cc.Size","width":750,"height":1334},"_trs":{"__type__":"TypedArray","ctor":"Float64Array","array":[375,667,0,0,0,0,1,1,1,1]}},{"__type__":"cc.Node","_name":"mask","_parent":{"__id__":1},"_components":[{"__type__":"cc.Sprite","node":{"__id__":2},"_materials":[{"__uuid__":"ecpdLyjvZBwrvm+cedCcQy"}],"_spriteFrame":{"__uuid__":"a2MjXRFdtLlYQ5ouAFv/+R"},"_sizeMode":0},{"__type__":"cc.Widget","node":{"__id__":2},"_alignFlags":45,"_originalWidth":40,"_originalHeight":36},{"__type__":"cc.BlockInputEvents","node":{"__id__":2}}],"_prefab":{"__type__":"cc.PrefabInfo","root":{"__id__":1},"asset":{"__uuid__":"65/iyJW9BC85KZF4BNSXFD"},"fileId":"3eoCuwV09K74rpCquL4dcS"},"_opacity":130,"_color":{"__type__":"cc.Color"},"_contentSize":{"__type__":"cc.Size","width":750,"height":1334},"_trs":{"__type__":"TypedArray","ctor":"Float64Array","array":[0,0,0,0,0,0,1,1,1,1]}},{"__type__":"cc.Node","_name":"bg_xiao","_parent":{"__id__":1},"_children":[{"__id__":4},{"__id__":6},{"__id__":17}],"_components":[{"__type__":"cc.Sprite","node":{"__id__":3},"_materials":[{"__uuid__":"ecpdLyjvZBwrvm+cedCcQy"}],"_spriteFrame":{"__uuid__":"1diSJI4F1EnIfhjsBkEDQ1"}}],"_prefab":{"__type__":"cc.PrefabInfo","root":{"__id__":1},"asset":{"__uuid__":"65/iyJW9BC85KZF4BNSXFD"},"fileId":"ebPkBKtZBFL6dFHhZBeb7C"},"_contentSize":{"__type__":"cc.Size","width":657,"height":640},"_trs":{"__type__":"TypedArray","ctor":"Float64Array","array":[0,0,0,0,0,0,1,1,1,1]}},{"__type__":"cc.Node","_name":"pic_fuwuxieyi","_parent":{"__id__":3},"_children":[{"__id__":5}],"_components":[{"__type__":"cc.Sprite","node":{"__id__":4},"_materials":[{"__uuid__":"ecpdLyjvZBwrvm+cedCcQy"}],"_spriteFrame":{"__uuid__":"cdEvF//9tDQ7A6VuL1Xfzj"}}],"_prefab":{"__type__":"cc.PrefabInfo","root":{"__id__":1},"asset":{"__uuid__":"65/iyJW9BC85KZF4BNSXFD"},"fileId":"be1J8jgfNFOL1ep3IqT6QW"},"_contentSize":{"__type__":"cc.Size","width":304,"height":110},"_trs":{"__type__":"TypedArray","ctor":"Float64Array","array":[0,276,0,0,0,0,1,1,1,1]}},{"__type__":"cc.Node","_name":"titlefont","_parent":{"__id__":4},"_components":[{"__type__":"41ebaVoPpRA4Kp67XEdHfZn","node":{"__id__":5},"_materials":[{"__uuid__":"ecpdLyjvZBwrvm+cedCcQy"}],"_string":"提现说明","_N$string":"提现说明","_fontSize":50,"_lineHeight":50,"_N$file":{"__uuid__":"farb0WbWZMgrGmuICOt0MU"},"_isSystemFontUsed":false,"_N$horizontalAlign":1,"i18n_string":"tixianinfo_layer_3_1"},{"__type__":"cc.LabelOutline","node":{"__id__":5},"_color":{"__type__":"cc.Color","r":117,"g":59,"b":23},"_width":5}],"_prefab":{"__type__":"cc.PrefabInfo","root":{"__id__":1},"asset":{"__uuid__":"65/iyJW9BC85KZF4BNSXFD"},"fileId":"09xoLbsNdCeIu+Qz+KOJE3"},"_contentSize":{"__type__":"cc.Size","width":210,"height":73},"_trs":{"__type__":"TypedArray","ctor":"Float64Array","array":[0,0,0,0,0,0,1,1,1,1]}},{"__type__":"cc.Node","_name":"bg_shang","_parent":{"__id__":3},"_children":[{"__id__":7}],"_components":[{"__type__":"cc.Sprite","node":{"__id__":6},"_materials":[{"__uuid__":"ecpdLyjvZBwrvm+cedCcQy"}],"_spriteFrame":{"__uuid__":"0cKUJWXVNEw6HHsfaAIFET"},"_type":1,"_sizeMode":0}],"_prefab":{"__type__":"cc.PrefabInfo","root":{"__id__":1},"asset":{"__uuid__":"65/iyJW9BC85KZF4BNSXFD"},"fileId":"04S0FwBNRPYqKR4RFeTCRd"},"_contentSize":{"__type__":"cc.Size","width":600,"height":490},"_trs":{"__type__":"TypedArray","ctor":"Float64Array","array":[0,-47,0,0,0,0,1,1,1,1]}},{"__type__":"cc.Node","_name":"ScrollView","_parent":{"__id__":6},"_children":[{"__id__":8}],"_components":[{"__type__":"cc.ScrollView","node":{"__id__":7},"horizontal":false,"brake":0.75,"bounceDuration":0.23,"_N$content":{"__id__":9},"content":{"__id__":9},"_N$horizontalScrollBar":null,"_N$verticalScrollBar":null}],"_prefab":{"__type__":"cc.PrefabInfo","root":{"__id__":1},"asset":{"__uuid__":"65/iyJW9BC85KZF4BNSXFD"},"fileId":"19BJ/8HuJDBLqUhsxaqL2i"},"_contentSize":{"__type__":"cc.Size","width":550,"height":440},"_trs":{"__type__":"TypedArray","ctor":"Float64Array","array":[0,0,0,0,0,0,1,1,1,1]}},{"__type__":"cc.Node","_name":"view","_parent":{"__id__":7},"_children":[{"__id__":9}],"_components":[{"__type__":"cc.Mask","node":{"__id__":8},"_materials":[{"__uuid__":"ecpdLyjvZBwrvm+cedCcQy"}],"_N$alphaThreshold":0},{"__type__":"cc.Widget","node":{"__id__":8},"_alignFlags":45,"_originalWidth":240,"_originalHeight":250}],"_prefab":{"__type__":"cc.PrefabInfo","root":{"__id__":1},"asset":{"__uuid__":"65/iyJW9BC85KZF4BNSXFD"},"fileId":"f8Btx2mONMk5q80Jd98QZV"},"_contentSize":{"__type__":"cc.Size","width":550,"height":440},"_anchorPoint":{"__type__":"cc.Vec2","x":0.5,"y":1},"_trs":{"__type__":"TypedArray","ctor":"Float64Array","array":[0,220,0,0,0,0,1,1,1,1]}},{"__type__":"cc.Node","_name":"content","_parent":{"__id__":8},"_children":[{"__id__":10},{"__id__":13},{"__id__":16}],"_components":[{"__type__":"cc.Layout","node":{"__id__":9},"_layoutSize":{"__type__":"cc.Size","width":550,"height":261.2},"_resize":1,"_N$layoutType":2,"_N$paddingTop":10,"_N$spacingY":20},{"__type__":"cc.Widget","node":{"__id__":9},"_alignFlags":41,"_originalWidth":220}],"_prefab":{"__type__":"cc.PrefabInfo","root":{"__id__":1},"asset":{"__uuid__":"65/iyJW9BC85KZF4BNSXFD"},"fileId":"00gp3IJLRNPYGh5YLM88/q"},"_contentSize":{"__type__":"cc.Size","width":550,"height":261.2},"_anchorPoint":{"__type__":"cc.Vec2","x":0.5,"y":1},"_trs":{"__type__":"TypedArray","ctor":"Float64Array","array":[0,0,0,0,0,0,1,1,1,1]}},{"__type__":"cc.Node","_name":"item1","_parent":{"__id__":9},"_children":[{"__id__":11},{"__id__":12}],"_components":[{"__type__":"cc.Layout","node":{"__id__":10},"_layoutSize":{"__type__":"cc.Size","width":550,"height":145.6},"_resize":1,"_N$layoutType":2,"_N$spacingY":10}],"_prefab":{"__type__":"cc.PrefabInfo","root":{"__id__":1},"asset":{"__uuid__":"65/iyJW9BC85KZF4BNSXFD"},"fileId":"00mewgnj1MAIn4kFX/G4sY"},"_contentSize":{"__type__":"cc.Size","width":550,"height":145.6},"_anchorPoint":{"__type__":"cc.Vec2","x":0.5,"y":1},"_trs":{"__type__":"TypedArray","ctor":"Float64Array","array":[0,-10,0,0,0,0,1,1,1,1]}},{"__type__":"cc.Node","_name":"item1_title","_parent":{"__id__":10},"_components":[{"__type__":"41ebaVoPpRA4Kp67XEdHfZn","node":{"__id__":11},"_materials":[{"__uuid__":"ecpdLyjvZBwrvm+cedCcQy"}],"_string":"现金获取：","_N$string":"现金获取：","_fontSize":30,"_lineHeight":30,"_N$file":{"__uuid__":"farb0WbWZMgrGmuICOt0MU"},"_isSystemFontUsed":false}],"_prefab":{"__type__":"cc.PrefabInfo","root":{"__id__":1},"asset":{"__uuid__":"65/iyJW9BC85KZF4BNSXFD"},"fileId":"90j3r30DRBdJt5rzTyaDqt"},"_color":{"__type__":"cc.Color","r":117,"g":59,"b":23},"_contentSize":{"__type__":"cc.Size","width":150,"height":37.8},"_anchorPoint":{"__type__":"cc.Vec2","y":0.5},"_trs":{"__type__":"TypedArray","ctor":"Float64Array","array":[-249,-18.9,0,0,0,0,1,1,1,1]}},{"__type__":"cc.Node","_name":"itme1_info","_parent":{"__id__":10},"_components":[{"__type__":"41ebaVoPpRA4Kp67XEdHfZn","node":{"__id__":12},"_materials":[{"__uuid__":"ecpdLyjvZBwrvm+cedCcQy"}],"_string":"徒弟、徒孙、自己看视频可产生【贡献】，【贡献】满100%时必得现金红包（最高300元）","_N$string":"徒弟、徒孙、自己看视频可产生【贡献】，【贡献】满100%时必得现金红包（最高300元）","_fontSize":25,"_lineHeight":30,"_N$file":{"__uuid__":"farb0WbWZMgrGmuICOt0MU"},"_isSystemFontUsed":false,"_N$overflow":3}],"_prefab":{"__type__":"cc.PrefabInfo","root":{"__id__":1},"asset":{"__uuid__":"65/iyJW9BC85KZF4BNSXFD"},"fileId":"c71C6nVmhKeLsC9E/+SFtk"},"_color":{"__type__":"cc.Color","r":117,"g":59,"b":23},"_contentSize":{"__type__":"cc.Size","width":500,"height":97.8},"_anchorPoint":{"__type__":"cc.Vec2","y":0.5},"_trs":{"__type__":"TypedArray","ctor":"Float64Array","array":[-249,-96.69999999999999,0,0,0,0,1,1,1,1]}},{"__type__":"cc.Node","_name":"item2","_parent":{"__id__":9},"_children":[{"__id__":14},{"__id__":15}],"_components":[{"__type__":"cc.Layout","node":{"__id__":13},"_layoutSize":{"__type__":"cc.Size","width":550,"height":85.6},"_resize":1,"_N$layoutType":2,"_N$spacingY":10}],"_prefab":{"__type__":"cc.PrefabInfo","root":{"__id__":1},"asset":{"__uuid__":"65/iyJW9BC85KZF4BNSXFD"},"fileId":"e97D/sPTBIK79xTsFB9Qxl"},"_contentSize":{"__type__":"cc.Size","width":550,"height":85.6},"_anchorPoint":{"__type__":"cc.Vec2","x":0.5,"y":1},"_trs":{"__type__":"TypedArray","ctor":"Float64Array","array":[0,-175.6,0,0,0,0,1,1,1,1]}},{"__type__":"cc.Node","_name":"item2_title","_parent":{"__id__":13},"_components":[{"__type__":"41ebaVoPpRA4Kp67XEdHfZn","node":{"__id__":14},"_materials":[{"__uuid__":"ecpdLyjvZBwrvm+cedCcQy"}],"_string":"提现规则：","_N$string":"提现规则：","_fontSize":30,"_lineHeight":30,"_N$file":{"__uuid__":"farb0WbWZMgrGmuICOt0MU"},"_isSystemFontUsed":false}],"_prefab":{"__type__":"cc.PrefabInfo","root":{"__id__":1},"asset":{"__uuid__":"65/iyJW9BC85KZF4BNSXFD"},"fileId":"916Gr+1RlOhJ5k5w6On6+h"},"_color":{"__type__":"cc.Color","r":117,"g":59,"b":23},"_contentSize":{"__type__":"cc.Size","width":150,"height":37.8},"_anchorPoint":{"__type__":"cc.Vec2","y":0.5},"_trs":{"__type__":"TypedArray","ctor":"Float64Array","array":[-249,-18.9,0,0,0,0,1,1,1,1]}},{"__type__":"cc.Node","_name":"itme2_info","_parent":{"__id__":13},"_components":[{"__type__":"41ebaVoPpRA4Kp67XEdHfZn","node":{"__id__":15},"_materials":[{"__uuid__":"ecpdLyjvZBwrvm+cedCcQy"}],"_string":"提现需要实名制，非实名制玩家无法提现","_N$string":"提现需要实名制，非实名制玩家无法提现","_fontSize":25,"_lineHeight":30,"_N$file":{"__uuid__":"farb0WbWZMgrGmuICOt0MU"},"_isSystemFontUsed":false,"_N$overflow":3}],"_prefab":{"__type__":"cc.PrefabInfo","root":{"__id__":1},"asset":{"__uuid__":"65/iyJW9BC85KZF4BNSXFD"},"fileId":"40PbqQAI5LqZkr2JTZ9JBT"},"_color":{"__type__":"cc.Color","r":117,"g":59,"b":23},"_contentSize":{"__type__":"cc.Size","width":500,"height":37.8},"_anchorPoint":{"__type__":"cc.Vec2","y":0.5},"_trs":{"__type__":"TypedArray","ctor":"Float64Array","array":[-249,-66.69999999999999,0,0,0,0,1,1,1,1]}},{"__type__":"cc.Node","_name":"item3","_parent":{"__id__":9},"_active":false,"_components":[{"__type__":"cc.Sprite","node":{"__id__":16},"_materials":[{"__uuid__":"ecpdLyjvZBwrvm+cedCcQy"}],"_spriteFrame":{"__uuid__":"5cKWXGBDpIWbdZFw46g1kJ"},"_sizeMode":2,"_isTrimmedMode":false}],"_prefab":{"__type__":"cc.PrefabInfo","root":{"__id__":1},"asset":{"__uuid__":"65/iyJW9BC85KZF4BNSXFD"},"fileId":"47NGaf76NG2JXn0/M4Fe5a"},"_contentSize":{"__type__":"cc.Size","width":500,"height":300},"_trs":{"__type__":"TypedArray","ctor":"Float64Array","array":[0,-431.2,0,0,0,0,1,1,1,1]}},{"__type__":"cc.Node","_name":"ic_guanbi2","_parent":{"__id__":3},"_components":[{"__type__":"cc.Sprite","node":{"__id__":17},"_materials":[{"__uuid__":"ecpdLyjvZBwrvm+cedCcQy"}],"_spriteFrame":{"__uuid__":"5c4o7no3NMH7pZupb0latf"}}],"_prefab":{"__type__":"cc.PrefabInfo","root":{"__id__":1},"asset":{"__uuid__":"65/iyJW9BC85KZF4BNSXFD"},"fileId":"06O84FB2FAlZ3i3zwQ5d9c"},"_contentSize":{"__type__":"cc.Size","width":84,"height":84},"_trs":{"__type__":"TypedArray","ctor":"Float64Array","array":[287,272,0,0,0,0,1,1,1,1]}}],{"__type__":"cc.SpriteFrame","content":{"name":"default_sprite_splash","texture":"02delMVqdBD70a/HSD99FK","rect":[0,0,2,2],"offset":[0,0],"originalSize":[2,2],"capInsets":[0,0,0,0]}},{"__type__":"cc.SpriteFrame","content":{"name":"img_title","texture":"36otX/aM1E4Zo+o68pRLtJ","rect":[1,1,304,110],"offset":[0,0],"originalSize":[304,110],"capInsets":[0,0,0,0]}}]