[{"__type__":"cc.SpriteFrame","content":{"name":"jindukuang","texture":"e3oUwxoE5E6onhugTHUtF0","rect":[1,788,400,40],"offset":[0,0],"originalSize":[400,40],"capInsets":[0,0,0,0]}},{"__type__":"cc.SpriteFrame","content":{"name":"loading","texture":"18u5lu0V1HYqKj76ToRaeL","rect":[0,0,82,82],"offset":[0,0],"originalSize":[82,82],"capInsets":[0,0,0,0]}},{"__type__":"cc.SpriteFrame","content":{"name":"pic_fuwuxieyi","texture":"e1nHmwLG9MI5dEsVEotxok","rect":[0,0,304,110],"offset":[0,0],"originalSize":[304,110],"capInsets":[0,0,0,0]}},{"__type__":"cc.SpriteFrame","content":{"name":"tongyixx_icon2_block","texture":"e3oUwxoE5E6onhugTHUtF0","rect":[261,645,56,56],"offset":[0,0],"originalSize":[56,56],"capInsets":[0,0,0,0]}},{"__type__":"cc.SpriteFrame","content":{"name":"bg_xiao","texture":"c6ZGjV9tNKqbnxaBNcj5DE","rect":[0,0,657,640],"offset":[-0.5,0],"originalSize":[658,640],"capInsets":[0,0,0,0]}},{"__type__":"cc.SpriteFrame","content":{"name":"jindudi","texture":"e3oUwxoE5E6onhugTHUtF0","rect":[1,746,400,40],"offset":[0,0],"originalSize":[400,40],"capInsets":[0,0,0,0]}},{"__type__":"cc.SpriteFrame","content":{"name":"baifang","texture":"b9HrI0nBFNFYOegxbs3y7w","rect":[0,0,10,10],"offset":[0,0],"originalSize":[10,10],"capInsets":[0,0,0,0]}},[{"__type__":"cc.SceneAsset","_name":"loginScene","scene":{"__id__":1},"asyncLoadAssets":null},{"__type__":"cc.Scene","_name":"New Node","_children":[{"__id__":2},{"__id__":58}],"_active":false,"_anchorPoint":{"__type__":"cc.Vec2"},"_trs":{"__type__":"TypedArray","ctor":"Float64Array","array":[0,0,0,0,0,0,1,1,1,1]},"autoReleaseAssets":false},{"__type__":"cc.Node","_name":"Canvas","_parent":{"__id__":1},"_children":[{"__id__":3},{"__id__":4},{"__id__":5},{"__id__":6},{"__id__":7},{"__id__":10},{"__id__":33},{"__id__":34},{"__id__":43}],"_components":[{"__type__":"cc.Canvas","node":{"__id__":2},"_designResolution":{"__type__":"cc.Size","width":750,"height":1334},"_fitWidth":true,"_fitHeight":false},{"__type__":"cc.Widget","node":{"__id__":2},"_alignFlags":45},{"__type__":"7c83cVEE4ZEiJQ+xyM7TEmm","node":{"__id__":2}}],"_contentSize":{"__type__":"cc.Size","width":750,"height":1334},"_trs":{"__type__":"TypedArray","ctor":"Float64Array","array":[375,667,0,0,0,0,1,1,1,1]},"_id":"8bSZINGjxD/5RtHK3+WQay"},{"__type__":"cc.Node","_name":"Main Camera","_parent":{"__id__":2},"_components":[{"__type__":"cc.Camera","node":{"__id__":3},"_clearFlags":7,"_depth":-1}],"_trs":{"__type__":"TypedArray","ctor":"Float64Array","array":[0,0,565.5145886712385,0,0,0,1,1,1,1]}},{"__type__":"cc.Node","_name":"background","_parent":{"__id__":2},"_components":[{"__type__":"cc.Widget","node":{"__id__":4},"alignMode":0,"_alignFlags":45,"_originalWidth":200,"_originalHeight":150},{"__type__":"cc.Sprite","node":{"__id__":4},"_materials":[{"__uuid__":"ecpdLyjvZBwrvm+cedCcQy"}],"_spriteFrame":{"__uuid__":"877uoCwFNEyobINzMRwnxW"},"_type":1,"_sizeMode":0}],"_contentSize":{"__type__":"cc.Size","width":750,"height":1334},"_trs":{"__type__":"TypedArray","ctor":"Float64Array","array":[0,0,0,0,0,0,1,1,1,1]}},{"__type__":"cc.Node","_name":"version","_parent":{"__id__":2},"_active":false,"_components":[{"__type__":"cc.Widget","node":{"__id__":5},"_alignFlags":36,"_right":0.015,"_bottom":0.01,"_isAbsRight":false,"_isAbsBottom":false},{"__type__":"41ebaVoPpRA4Kp67XEdHfZn","node":{"__id__":5},"_materials":[{"__uuid__":"ecpdLyjvZBwrvm+cedCcQy"}],"_string":"版本号1.0.0","_N$string":"版本号1.0.0","_N$horizontalAlign":2,"_N$verticalAlign":1,"i18n_string":"loginScene_1_1","i18n_params":["1","0","0"]}],"_opacity":129,"_color":{"__type__":"cc.Color"},"_contentSize":{"__type__":"cc.Size","width":208.96,"height":50.4},"_anchorPoint":{"__type__":"cc.Vec2","x":1,"y":0.5},"_trs":{"__type__":"TypedArray","ctor":"Float64Array","array":[363.75,-628.4599999999999,0,0,0,0,1,1,1,1]}},{"__type__":"cc.Node","_name":"logo","_parent":{"__id__":2},"_components":[{"__type__":"cc.Sprite","node":{"__id__":6},"_materials":[{"__uuid__":"ecpdLyjvZBwrvm+cedCcQy"}],"_spriteFrame":{"__uuid__":"2dtTJ1pMNMp7dc6kzaV7rr"}},{"__type__":"cc.Widget","node":{"__id__":6},"_alignFlags":1,"_top":182.73000000000002}],"_contentSize":{"__type__":"cc.Size","width":642,"height":396},"_trs":{"__type__":"TypedArray","ctor":"Float64Array","array":[0,286.27,0,0,0,0,1,1,1,1]}},{"__type__":"cc.Node","_name":"ProgressBar1","_parent":{"__id__":2},"_children":[{"__id__":8}],"_components":[{"__type__":"cc.Sprite","node":{"__id__":7},"_materials":[{"__uuid__":"ecpdLyjvZBwrvm+cedCcQy"}],"_spriteFrame":{"__uuid__":"01kb34yvdKLbhDGQ1oDr3B"},"_type":1},{"__type__":"cc.ProgressBar","node":{"__id__":7},"_N$totalLength":384,"_N$barSprite":{"__id__":9},"_N$progress":0}],"_contentSize":{"__type__":"cc.Size","width":400,"height":40},"_trs":{"__type__":"TypedArray","ctor":"Float64Array","array":[-6,-419,0,0,0,0,1,1,1,1]}},{"__type__":"cc.Node","_name":"bar1","_parent":{"__id__":7},"_components":[{"__id__":9}],"_contentSize":{"__type__":"cc.Size","height":26},"_anchorPoint":{"__type__":"cc.Vec2","y":0.5},"_trs":{"__type__":"TypedArray","ctor":"Float64Array","array":[-192,0.5,0,0,0,0,1,1,1,1]}},{"__type__":"cc.Sprite","node":{"__id__":8},"_materials":[{"__uuid__":"ecpdLyjvZBwrvm+cedCcQy"}],"_spriteFrame":{"__uuid__":"acYekRfQNOraZ2AInS9P/N"},"_type":1,"_sizeMode":0},{"__type__":"cc.Node","_name":"Hotupdate","_parent":{"__id__":2},"_children":[{"__id__":11},{"__id__":15},{"__id__":16},{"__id__":25}],"_active":false,"_components":[{"__type__":"f36ab3ewHRH+7RFTqeQfVAF","node":{"__id__":10}},{"__type__":"cc.Widget","node":{"__id__":10},"_alignFlags":45,"_originalWidth":750,"_originalHeight":1334},{"__type__":"cc.BlockInputEvents","node":{"__id__":10}}],"_prefab":{"__type__":"cc.PrefabInfo","root":{"__id__":10},"asset":{"__uuid__":"d04w0+RGBMOYgx0xH46oNJ"},"fileId":"317fvGTClEb5PtBMQbJRKy"},"_contentSize":{"__type__":"cc.Size","width":750,"height":1334},"_trs":{"__type__":"TypedArray","ctor":"Float64Array","array":[0,0,0,0,0,0,1,1,1,1]}},{"__type__":"cc.Node","_name":"ProgressBar","_parent":{"__id__":10},"_children":[{"__id__":12},{"__id__":14}],"_active":false,"_components":[{"__type__":"cc.Sprite","node":{"__id__":11},"_materials":[{"__uuid__":"ecpdLyjvZBwrvm+cedCcQy"}],"_spriteFrame":{"__uuid__":"5cPiZmWsxIyYfP6HWMdVVw"},"_type":1,"_sizeMode":0},{"__type__":"cc.ProgressBar","node":{"__id__":11},"_N$totalLength":572,"_N$barSprite":{"__id__":13}}],"_prefab":{"__type__":"cc.PrefabInfo","root":{"__id__":10},"asset":{"__uuid__":"d04w0+RGBMOYgx0xH46oNJ"},"fileId":"46McZ6Hf9ELZUcnOE/Hp23"},"_contentSize":{"__type__":"cc.Size","width":572,"height":26},"_trs":{"__type__":"TypedArray","ctor":"Float64Array","array":[0,-249.695,0,0,0,0,1,1,1,1]}},{"__type__":"cc.Node","_name":"bar","_parent":{"__id__":11},"_components":[{"__id__":13}],"_prefab":{"__type__":"cc.PrefabInfo","root":{"__id__":10},"asset":{"__uuid__":"d04w0+RGBMOYgx0xH46oNJ"},"fileId":"74/+zaBhBJvp+W4AWfjAhy"},"_contentSize":{"__type__":"cc.Size","width":572,"height":26},"_anchorPoint":{"__type__":"cc.Vec2","y":0.5},"_trs":{"__type__":"TypedArray","ctor":"Float64Array","array":[-286,0,0,0,0,0,1,1,1,1]}},{"__type__":"cc.Sprite","node":{"__id__":12},"_materials":[{"__uuid__":"ecpdLyjvZBwrvm+cedCcQy"}],"_spriteFrame":{"__uuid__":"33yaewTYJPhKlKq/JbX0fu"},"_sizeMode":0},{"__type__":"cc.Node","_name":"progresstip","_parent":{"__id__":11},"_components":[{"__type__":"cc.Label","node":{"__id__":14},"_materials":[{"__uuid__":"ecpdLyjvZBwrvm+cedCcQy"}],"_useOriginalSize":false,"_string":"0%","_N$string":"0%","_fontSize":25,"_N$horizontalAlign":1,"_N$verticalAlign":1}],"_prefab":{"__type__":"cc.PrefabInfo","root":{"__id__":10},"asset":{"__uuid__":"d04w0+RGBMOYgx0xH46oNJ"},"fileId":"96bP1vj9JK3ILy/K4u5AOO"},"_color":{"__type__":"cc.Color","r":144,"g":84,"b":34},"_contentSize":{"__type__":"cc.Size","width":36.13,"height":50.4},"_trs":{"__type__":"TypedArray","ctor":"Float64Array","array":[0,0,0,0,0,0,1,1,1,1]}},{"__type__":"cc.Node","_name":"label_tip","_parent":{"__id__":10},"_active":false,"_components":[{"__type__":"cc.Label","node":{"__id__":15},"_materials":[{"__uuid__":"ecpdLyjvZBwrvm+cedCcQy"}],"_useOriginalSize":false,"_string":"正在检测更新...","_N$string":"正在检测更新...","_fontSize":28,"_N$horizontalAlign":1,"_N$verticalAlign":1}],"_prefab":{"__type__":"cc.PrefabInfo","root":{"__id__":10},"asset":{"__uuid__":"d04w0+RGBMOYgx0xH46oNJ"},"fileId":"f4t8NvMvBNargqHKX3Wey2"},"_color":{"__type__":"cc.Color","r":144,"g":84,"b":34},"_contentSize":{"__type__":"cc.Size","width":191.34,"height":50.4},"_trs":{"__type__":"TypedArray","ctor":"Float64Array","array":[0,-113.097,0,0,0,0,1,1,1,1]}},{"__type__":"cc.Node","_name":"update_tip_start","_parent":{"__id__":10},"_children":[{"__id__":17},{"__id__":19},{"__id__":21},{"__id__":22},{"__id__":24}],"_active":false,"_components":[{"__type__":"cc.BlockInputEvents","node":{"__id__":16}}],"_prefab":{"__type__":"cc.PrefabInfo","root":{"__id__":10},"asset":{"__uuid__":"d04w0+RGBMOYgx0xH46oNJ"},"fileId":"96rwQabolGn7Id397YTjku"},"_contentSize":{"__type__":"cc.Size","width":750,"height":1334},"_trs":{"__type__":"TypedArray","ctor":"Float64Array","array":[0,0,0,0,0,0,1,1,1,1]}},{"__type__":"cc.Node","_name":"tip_frame","_parent":{"__id__":16},"_children":[{"__id__":18}],"_components":[{"__type__":"cc.Sprite","node":{"__id__":17},"_materials":[{"__uuid__":"ecpdLyjvZBwrvm+cedCcQy"}],"_spriteFrame":{"__uuid__":"1diSJI4F1EnIfhjsBkEDQ1"}}],"_prefab":{"__type__":"cc.PrefabInfo","root":{"__id__":10},"asset":{"__uuid__":"d04w0+RGBMOYgx0xH46oNJ"},"fileId":"486N2QqMVCWoV9CB/gVulx"},"_contentSize":{"__type__":"cc.Size","width":657,"height":640},"_trs":{"__type__":"TypedArray","ctor":"Float64Array","array":[0,0,0,0,0,0,1,1,1,1]}},{"__type__":"cc.Node","_name":"bg_xiao_nei","_parent":{"__id__":17},"_components":[{"__type__":"cc.Sprite","node":{"__id__":18},"_materials":[{"__uuid__":"ecpdLyjvZBwrvm+cedCcQy"}],"_spriteFrame":{"__uuid__":"7cf1UlLmNJEaR8GVffqggr"}}],"_prefab":{"__type__":"cc.PrefabInfo","root":{"__id__":10},"asset":{"__uuid__":"d04w0+RGBMOYgx0xH46oNJ"},"fileId":"79OV5L5aNLvIVZsTxq406Y"},"_contentSize":{"__type__":"cc.Size","width":600,"height":489},"_trs":{"__type__":"TypedArray","ctor":"Float64Array","array":[0,-42.831,0,0,0,0,1,1,1,1]}},{"__type__":"cc.Node","_name":"tip_updatetip","_parent":{"__id__":16},"_children":[{"__id__":20}],"_components":[{"__type__":"cc.Sprite","node":{"__id__":19},"_materials":[{"__uuid__":"ecpdLyjvZBwrvm+cedCcQy"}],"_spriteFrame":{"__uuid__":"17eMQzcWBCHaVrYzOK9qF4"}}],"_prefab":{"__type__":"cc.PrefabInfo","root":{"__id__":10},"asset":{"__uuid__":"d04w0+RGBMOYgx0xH46oNJ"},"fileId":"8cABVMX6tCkqXJhZuFRIay"},"_contentSize":{"__type__":"cc.Size","width":304,"height":110},"_trs":{"__type__":"TypedArray","ctor":"Float64Array","array":[-4.287,278.882,0,0,0,0,1,1,1,1]}},{"__type__":"cc.Node","_name":"lab_top","_parent":{"__id__":19},"_components":[{"__type__":"cc.Label","node":{"__id__":20},"_materials":[{"__uuid__":"ecpdLyjvZBwrvm+cedCcQy"}],"_useOriginalSize":false,"_string":"内容更新","_N$string":"内容更新","_fontSize":35,"_N$horizontalAlign":1,"_N$verticalAlign":1},{"__type__":"cc.LabelOutline","node":{"__id__":20},"_color":{"__type__":"cc.Color","r":144,"g":84,"b":34},"_width":3}],"_prefab":{"__type__":"cc.PrefabInfo","root":{"__id__":10},"asset":{"__uuid__":"d04w0+RGBMOYgx0xH46oNJ"},"fileId":"027EdtEj1IJbpy9G0v/I7b"},"_contentSize":{"__type__":"cc.Size","width":146,"height":56.4},"_trs":{"__type__":"TypedArray","ctor":"Float64Array","array":[3.392,13.567,0,0,0,0,1,1,1,1]}},{"__type__":"cc.Node","_name":"tishi","_parent":{"__id__":16},"_components":[{"__type__":"cc.Label","node":{"__id__":21},"_materials":[{"__uuid__":"ecpdLyjvZBwrvm+cedCcQy"}],"_string":"系统检测到有新版本,为了更好的游戏体验,请更新游戏","_N$string":"系统检测到有新版本,为了更好的游戏体验,请更新游戏","_fontSize":30,"_N$verticalAlign":1,"_N$overflow":3}],"_prefab":{"__type__":"cc.PrefabInfo","root":{"__id__":10},"asset":{"__uuid__":"d04w0+RGBMOYgx0xH46oNJ"},"fileId":"55U5T+GhRGYJ/KdBB/CFrJ"},"_color":{"__type__":"cc.Color","r":144,"g":84,"b":34},"_contentSize":{"__type__":"cc.Size","width":450,"height":90.39999999999999},"_trs":{"__type__":"TypedArray","ctor":"Float64Array","array":[1.604,53.019,0,0,0,0,1,1,1,1]}},{"__type__":"cc.Node","_name":"btn_confirm","_parent":{"__id__":16},"_children":[{"__id__":23}],"_components":[{"__type__":"cc.Sprite","node":{"__id__":22},"_materials":[{"__uuid__":"ecpdLyjvZBwrvm+cedCcQy"}],"_spriteFrame":{"__uuid__":"a4ubWZ+5tD/5uKeRUTQzdm"}}],"_prefab":{"__type__":"cc.PrefabInfo","root":{"__id__":10},"asset":{"__uuid__":"d04w0+RGBMOYgx0xH46oNJ"},"fileId":"6470rCKoJJQrx6isBA8S2W"},"_contentSize":{"__type__":"cc.Size","width":230,"height":80},"_trs":{"__type__":"TypedArray","ctor":"Float64Array","array":[-13.125,-113.864,0,0,0,0,1,1,1,1]}},{"__type__":"cc.Node","_name":"lab_sure","_parent":{"__id__":22},"_components":[{"__type__":"cc.Label","node":{"__id__":23},"_materials":[{"__uuid__":"ecpdLyjvZBwrvm+cedCcQy"}],"_useOriginalSize":false,"_string":"确定","_N$string":"确定","_fontSize":30,"_N$horizontalAlign":1,"_N$verticalAlign":1},{"__type__":"cc.LabelOutline","node":{"__id__":23},"_color":{"__type__":"cc.Color","r":144,"g":84,"b":34},"_width":3}],"_prefab":{"__type__":"cc.PrefabInfo","root":{"__id__":10},"asset":{"__uuid__":"d04w0+RGBMOYgx0xH46oNJ"},"fileId":"13xUX0hBJJMr94eGz0g0Sh"},"_contentSize":{"__type__":"cc.Size","width":66,"height":56.4},"_trs":{"__type__":"TypedArray","ctor":"Float64Array","array":[0,0,0,0,0,0,1,1,1,1]}},{"__type__":"cc.Node","_name":"btn_cancel","_parent":{"__id__":16},"_active":false,"_components":[{"__type__":"cc.Sprite","node":{"__id__":24},"_materials":[{"__uuid__":"ecpdLyjvZBwrvm+cedCcQy"}]}],"_prefab":{"__type__":"cc.PrefabInfo","root":{"__id__":10},"asset":{"__uuid__":"d04w0+RGBMOYgx0xH46oNJ"},"fileId":"cegMb6HkxMAIo6y4C/PugS"},"_contentSize":{"__type__":"cc.Size","width":163,"height":62},"_trs":{"__type__":"TypedArray","ctor":"Float64Array","array":[-120,-124.545,0,0,0,0,1,1,1,1]}},{"__type__":"cc.Node","_name":"update_tip_finish","_parent":{"__id__":10},"_children":[{"__id__":26},{"__id__":28},{"__id__":30},{"__id__":31}],"_active":false,"_components":[{"__type__":"cc.BlockInputEvents","node":{"__id__":25}}],"_prefab":{"__type__":"cc.PrefabInfo","root":{"__id__":10},"asset":{"__uuid__":"d04w0+RGBMOYgx0xH46oNJ"},"fileId":"d2N4M7gMJAr7YydsSVJ2um"},"_contentSize":{"__type__":"cc.Size","width":750,"height":1334},"_trs":{"__type__":"TypedArray","ctor":"Float64Array","array":[0,0,0,0,0,0,1,1,1,1]}},{"__type__":"cc.Node","_name":"tip_frame1","_parent":{"__id__":25},"_children":[{"__id__":27}],"_components":[{"__type__":"cc.Sprite","node":{"__id__":26},"_materials":[{"__uuid__":"ecpdLyjvZBwrvm+cedCcQy"}],"_spriteFrame":{"__uuid__":"1diSJI4F1EnIfhjsBkEDQ1"}}],"_prefab":{"__type__":"cc.PrefabInfo","root":{"__id__":10},"asset":{"__uuid__":"d04w0+RGBMOYgx0xH46oNJ"},"fileId":"04KgIV44RCT5VDX4oiRT8R"},"_contentSize":{"__type__":"cc.Size","width":657,"height":640},"_trs":{"__type__":"TypedArray","ctor":"Float64Array","array":[0,0,0,0,0,0,1,1,1,1]}},{"__type__":"cc.Node","_name":"bg_xiao_nei1","_parent":{"__id__":26},"_components":[{"__type__":"cc.Sprite","node":{"__id__":27},"_materials":[{"__uuid__":"ecpdLyjvZBwrvm+cedCcQy"}],"_spriteFrame":{"__uuid__":"7cf1UlLmNJEaR8GVffqggr"}}],"_prefab":{"__type__":"cc.PrefabInfo","root":{"__id__":10},"asset":{"__uuid__":"d04w0+RGBMOYgx0xH46oNJ"},"fileId":"53Z0uW/rtBG77SexiJs7wh"},"_contentSize":{"__type__":"cc.Size","width":600,"height":489},"_trs":{"__type__":"TypedArray","ctor":"Float64Array","array":[0,-42.831,0,0,0,0,1,1,1,1]}},{"__type__":"cc.Node","_name":"tip_updatetip1","_parent":{"__id__":25},"_children":[{"__id__":29}],"_components":[{"__type__":"cc.Sprite","node":{"__id__":28},"_materials":[{"__uuid__":"ecpdLyjvZBwrvm+cedCcQy"}],"_spriteFrame":{"__uuid__":"17eMQzcWBCHaVrYzOK9qF4"}}],"_prefab":{"__type__":"cc.PrefabInfo","root":{"__id__":10},"asset":{"__uuid__":"d04w0+RGBMOYgx0xH46oNJ"},"fileId":"ceCDsN4AVLBIPjL4Dgtkbf"},"_contentSize":{"__type__":"cc.Size","width":304,"height":110},"_trs":{"__type__":"TypedArray","ctor":"Float64Array","array":[-2.543,279.486,0,0,0,0,1,1,1,1]}},{"__type__":"cc.Node","_name":"lab_top1","_parent":{"__id__":28},"_components":[{"__type__":"cc.Label","node":{"__id__":29},"_materials":[{"__uuid__":"ecpdLyjvZBwrvm+cedCcQy"}],"_useOriginalSize":false,"_string":"内容更新","_N$string":"内容更新","_fontSize":35,"_N$horizontalAlign":1,"_N$verticalAlign":1},{"__type__":"cc.LabelOutline","node":{"__id__":29},"_color":{"__type__":"cc.Color","r":144,"g":84,"b":34},"_width":3}],"_prefab":{"__type__":"cc.PrefabInfo","root":{"__id__":10},"asset":{"__uuid__":"d04w0+RGBMOYgx0xH46oNJ"},"fileId":"40n0YEGZ5MGJkntgqSY9xP"},"_contentSize":{"__type__":"cc.Size","width":146,"height":56.4},"_trs":{"__type__":"TypedArray","ctor":"Float64Array","array":[0,13,0,0,0,0,1,1,1,1]}},{"__type__":"cc.Node","_name":"tishi1","_parent":{"__id__":25},"_components":[{"__type__":"cc.Label","node":{"__id__":30},"_materials":[{"__uuid__":"ecpdLyjvZBwrvm+cedCcQy"}],"_string":"版本更新成功点击确定重启游戏","_N$string":"版本更新成功点击确定重启游戏","_fontSize":35.4}],"_prefab":{"__type__":"cc.PrefabInfo","root":{"__id__":10},"asset":{"__uuid__":"d04w0+RGBMOYgx0xH46oNJ"},"fileId":"03niwIeZ1NkqI50/gie6Qf"},"_color":{"__type__":"cc.Color","r":144,"g":84,"b":34},"_contentSize":{"__type__":"cc.Size","width":495.6,"height":50.4},"_trs":{"__type__":"TypedArray","ctor":"Float64Array","array":[0,14.53,0,0,0,0,1,1,1,1]}},{"__type__":"cc.Node","_name":"btn_ok","_parent":{"__id__":25},"_children":[{"__id__":32}],"_components":[{"__type__":"cc.Sprite","node":{"__id__":31},"_materials":[{"__uuid__":"ecpdLyjvZBwrvm+cedCcQy"}],"_spriteFrame":{"__uuid__":"a4ubWZ+5tD/5uKeRUTQzdm"}}],"_prefab":{"__type__":"cc.PrefabInfo","root":{"__id__":10},"asset":{"__uuid__":"d04w0+RGBMOYgx0xH46oNJ"},"fileId":"1eD6BlME9M8L5+ZPeeHFUO"},"_contentSize":{"__type__":"cc.Size","width":230,"height":80},"_trs":{"__type__":"TypedArray","ctor":"Float64Array","array":[-13.125,-113.864,0,0,0,0,1,1,1,1]}},{"__type__":"cc.Node","_name":"lab_ok","_parent":{"__id__":31},"_components":[{"__type__":"cc.Label","node":{"__id__":32},"_materials":[{"__uuid__":"ecpdLyjvZBwrvm+cedCcQy"}],"_useOriginalSize":false,"_string":"确定","_N$string":"确定","_fontSize":30,"_N$horizontalAlign":1,"_N$verticalAlign":1},{"__type__":"cc.LabelOutline","node":{"__id__":32},"_color":{"__type__":"cc.Color","r":144,"g":84,"b":34},"_width":3}],"_prefab":{"__type__":"cc.PrefabInfo","root":{"__id__":10},"asset":{"__uuid__":"d04w0+RGBMOYgx0xH46oNJ"},"fileId":"b4A3A7VfxD6YM4/uj6PEP4"},"_contentSize":{"__type__":"cc.Size","width":66,"height":56.4},"_trs":{"__type__":"TypedArray","ctor":"Float64Array","array":[0,0,0,0,0,0,1,1,1,1]}},{"__type__":"cc.Node","_name":"btn_login","_parent":{"__id__":2},"_active":false,"_components":[{"__type__":"cc.Sprite","node":{"__id__":33},"_materials":[{"__uuid__":"ecpdLyjvZBwrvm+cedCcQy"}],"_spriteFrame":{"__uuid__":"78PEYRg1pIXKcJdobmE17D"}},{"__type__":"cc.Button","node":{"__id__":33},"_normalMaterial":{"__uuid__":"ecpdLyjvZBwrvm+cedCcQy"},"duration":0,"zoomScale":0.9,"_N$transition":3,"transition":3}],"_contentSize":{"__type__":"cc.Size","width":258,"height":99},"_trs":{"__type__":"TypedArray","ctor":"Float64Array","array":[-6,-417,0,0,0,0,1,1,1,1]}},{"__type__":"cc.Node","_name":"layout_footer","_parent":{"__id__":2},"_children":[{"__id__":35},{"__id__":39},{"__id__":40},{"__id__":41},{"__id__":42}],"_active":false,"_components":[{"__type__":"cc.Layout","node":{"__id__":34},"_layoutSize":{"__type__":"cc.Size","width":595,"height":50},"_resize":1,"_N$layoutType":1}],"_contentSize":{"__type__":"cc.Size","width":595,"height":50},"_trs":{"__type__":"TypedArray","ctor":"Float64Array","array":[0,-562.862,0,0,0,0,1,1,1,1]}},{"__type__":"cc.Node","_name":"Toggle","_parent":{"__id__":34},"_children":[{"__id__":36},{"__id__":37}],"_components":[{"__type__":"cc.Toggle","node":{"__id__":35},"_N$transition":3,"transition":3,"_N$normalColor":{"__type__":"cc.Color","r":214,"g":214,"b":214},"_N$target":{"__id__":36},"_N$isChecked":false,"checkMark":{"__id__":38}}],"_contentSize":{"__type__":"cc.Size","width":70,"height":70},"_trs":{"__type__":"TypedArray","ctor":"Float64Array","array":[-262.5,0,0,0,0,0,1,1,1,1]}},{"__type__":"cc.Node","_name":"img_Background","_parent":{"__id__":35},"_components":[{"__type__":"cc.Sprite","node":{"__id__":36},"_materials":[{"__uuid__":"ecpdLyjvZBwrvm+cedCcQy"}],"_spriteFrame":{"__uuid__":"fdeNbudH1BSoMat0/MGi/7"}}],"_contentSize":{"__type__":"cc.Size","width":56,"height":56},"_trs":{"__type__":"TypedArray","ctor":"Float64Array","array":[0,0,0,0,0,0,1,0.7,0.7,1]}},{"__type__":"cc.Node","_name":"img_checkmark","_parent":{"__id__":35},"_active":false,"_components":[{"__id__":38}],"_contentSize":{"__type__":"cc.Size","width":56,"height":56},"_trs":{"__type__":"TypedArray","ctor":"Float64Array","array":[0,0,0,0,0,0,1,0.7,0.7,1]}},{"__type__":"cc.Sprite","node":{"__id__":37},"_materials":[{"__uuid__":"ecpdLyjvZBwrvm+cedCcQy"}],"_spriteFrame":{"__uuid__":"193UE3XiFLhbOkm1tD5wAA"},"_sizeMode":2,"_isTrimmedMode":false},{"__type__":"cc.Node","_name":"lab_font1","_parent":{"__id__":34},"_components":[{"__type__":"cc.Label","node":{"__id__":39},"_materials":[{"__uuid__":"ecpdLyjvZBwrvm+cedCcQy"}],"_useOriginalSize":false,"_string":"请仔细阅览并同意","_N$string":"请仔细阅览并同意","_fontSize":25,"_lineHeight":25,"_N$horizontalAlign":1,"_N$verticalAlign":1}],"_color":{"__type__":"cc.Color","r":73,"g":73,"b":73},"_contentSize":{"__type__":"cc.Size","width":200,"height":31.5},"_trs":{"__type__":"TypedArray","ctor":"Float64Array","array":[-127.5,0,0,0,0,0,1,1,1,1]}},{"__type__":"cc.Node","_name":"lab_zhengce","_parent":{"__id__":34},"_components":[{"__type__":"cc.Label","node":{"__id__":40},"_materials":[{"__uuid__":"ecpdLyjvZBwrvm+cedCcQy"}],"_useOriginalSize":false,"_string":"《隐私政策》","_N$string":"《隐私政策》","_fontSize":25,"_N$horizontalAlign":1,"_N$verticalAlign":1}],"_color":{"__type__":"cc.Color","r":61,"g":61,"b":255},"_contentSize":{"__type__":"cc.Size","width":150,"height":50.4},"_trs":{"__type__":"TypedArray","ctor":"Float64Array","array":[47.5,0,0,0,0,0,1,1,1,1]}},{"__type__":"cc.Node","_name":"lab_font2","_parent":{"__id__":34},"_components":[{"__type__":"cc.Label","node":{"__id__":41},"_materials":[{"__uuid__":"ecpdLyjvZBwrvm+cedCcQy"}],"_useOriginalSize":false,"_string":"与","_N$string":"与","_fontSize":25,"_lineHeight":25,"_N$horizontalAlign":1,"_N$verticalAlign":1}],"_color":{"__type__":"cc.Color","r":73,"g":73,"b":73},"_contentSize":{"__type__":"cc.Size","width":25,"height":31.5},"_trs":{"__type__":"TypedArray","ctor":"Float64Array","array":[135,0,0,0,0,0,1,1,1,1]}},{"__type__":"cc.Node","_name":"lab_xieyi","_parent":{"__id__":34},"_components":[{"__type__":"cc.Label","node":{"__id__":42},"_materials":[{"__uuid__":"ecpdLyjvZBwrvm+cedCcQy"}],"_useOriginalSize":false,"_string":"《用户协议》","_N$string":"《用户协议》","_fontSize":25,"_N$horizontalAlign":1,"_N$verticalAlign":1}],"_color":{"__type__":"cc.Color","r":61,"g":61,"b":255},"_contentSize":{"__type__":"cc.Size","width":150,"height":50.4},"_trs":{"__type__":"TypedArray","ctor":"Float64Array","array":[222.5,0,0,0,0,0,1,1,1,1]}},{"__type__":"cc.Node","_name":"xieyiNode","_parent":{"__id__":2},"_children":[{"__id__":44},{"__id__":45}],"_active":false,"_components":[{"__type__":"cc.Widget","node":{"__id__":43},"_alignFlags":45}],"_contentSize":{"__type__":"cc.Size","width":750,"height":1334},"_trs":{"__type__":"TypedArray","ctor":"Float64Array","array":[0,0,0,0,0,0,1,1,1,1]}},{"__type__":"cc.Node","_name":"mask","_parent":{"__id__":43},"_components":[{"__type__":"cc.Sprite","node":{"__id__":44},"_materials":[{"__uuid__":"ecpdLyjvZBwrvm+cedCcQy"}],"_spriteFrame":{"__uuid__":"a2MjXRFdtLlYQ5ouAFv/+R"},"_sizeMode":0},{"__type__":"cc.Widget","node":{"__id__":44},"_alignFlags":45,"_originalWidth":40,"_originalHeight":36},{"__type__":"cc.BlockInputEvents","node":{"__id__":44}}],"_opacity":130,"_color":{"__type__":"cc.Color"},"_contentSize":{"__type__":"cc.Size","width":750,"height":1334},"_trs":{"__type__":"TypedArray","ctor":"Float64Array","array":[0,0,0,0,0,0,1,1,1,1]}},{"__type__":"cc.Node","_name":"img_bg_node","_parent":{"__id__":43},"_children":[{"__id__":46},{"__id__":47},{"__id__":48},{"__id__":49},{"__id__":50},{"__id__":51}],"_components":[{"__type__":"cc.Sprite","node":{"__id__":45},"_materials":[{"__uuid__":"ecpdLyjvZBwrvm+cedCcQy"}],"_spriteFrame":{"__uuid__":"25ZUzywtNEiatG5Yhm8Kqm"},"_sizeMode":0}],"_contentSize":{"__type__":"cc.Size","width":500,"height":750},"_trs":{"__type__":"TypedArray","ctor":"Float64Array","array":[0,0,0,0,0,0,1,1,1,1]}},{"__type__":"cc.Node","_name":"img_fenge","_parent":{"__id__":45},"_components":[{"__type__":"cc.Sprite","node":{"__id__":46},"_materials":[{"__uuid__":"ecpdLyjvZBwrvm+cedCcQy"}],"_spriteFrame":{"__uuid__":"d1y30W3MhG/IrYSYlvIBvI"},"_sizeMode":0},{"__type__":"cc.Widget","node":{"__id__":46},"_alignFlags":40,"_originalWidth":700}],"_color":{"__type__":"cc.Color","r":194,"g":194,"b":194},"_contentSize":{"__type__":"cc.Size","width":500,"height":1},"_trs":{"__type__":"TypedArray","ctor":"Float64Array","array":[0,-299.5,0,0,0,0,1,1,1,1]}},{"__type__":"cc.Node","_name":"img_btn_false","_parent":{"__id__":45},"_components":[{"__type__":"cc.Sprite","node":{"__id__":47},"_materials":[{"__uuid__":"ecpdLyjvZBwrvm+cedCcQy"}],"_spriteFrame":{"__uuid__":"25ZUzywtNEiatG5Yhm8Kqm"},"_sizeMode":0},{"__type__":"cc.Widget","node":{"__id__":47},"_alignFlags":44,"_originalWidth":10}],"_color":{"__type__":"cc.Color","r":238,"g":238,"b":238},"_contentSize":{"__type__":"cc.Size","width":500,"height":75},"_trs":{"__type__":"TypedArray","ctor":"Float64Array","array":[0,-337.5,0,0,0,0,1,1,1,1]}},{"__type__":"cc.Node","_name":"img_btn_true","_parent":{"__id__":45},"_active":false,"_components":[{"__type__":"cc.Sprite","node":{"__id__":48},"_materials":[{"__uuid__":"ecpdLyjvZBwrvm+cedCcQy"}],"_spriteFrame":{"__uuid__":"25ZUzywtNEiatG5Yhm8Kqm"},"_sizeMode":0},{"__type__":"cc.Widget","node":{"__id__":48},"_alignFlags":44,"_originalWidth":10}],"_color":{"__type__":"cc.Color","r":25,"g":121,"b":255},"_contentSize":{"__type__":"cc.Size","width":500,"height":75},"_trs":{"__type__":"TypedArray","ctor":"Float64Array","array":[0,-337.5,0,0,0,0,1,1,1,1]}},{"__type__":"cc.Node","_name":"lab_btn_false","_parent":{"__id__":45},"_components":[{"__type__":"cc.Label","node":{"__id__":49},"_materials":[{"__uuid__":"ecpdLyjvZBwrvm+cedCcQy"}],"_useOriginalSize":false,"_string":"同意（5）","_N$string":"同意（5）","_fontSize":25,"_lineHeight":25,"_N$horizontalAlign":1,"_N$verticalAlign":1,"_N$cacheMode":2}],"_color":{"__type__":"cc.Color","r":187,"g":187,"b":187},"_contentSize":{"__type__":"cc.Size","width":113.9,"height":25},"_trs":{"__type__":"TypedArray","ctor":"Float64Array","array":[0,-338,0,0,0,0,1,1,1,1]}},{"__type__":"cc.Node","_name":"lab_btn_true","_parent":{"__id__":45},"_active":false,"_components":[{"__type__":"cc.Label","node":{"__id__":50},"_materials":[{"__uuid__":"ecpdLyjvZBwrvm+cedCcQy"}],"_useOriginalSize":false,"_string":"同意","_N$string":"同意","_fontSize":25,"_lineHeight":25,"_N$horizontalAlign":1,"_N$verticalAlign":1,"_N$cacheMode":2}],"_contentSize":{"__type__":"cc.Size","width":50,"height":25},"_trs":{"__type__":"TypedArray","ctor":"Float64Array","array":[0,-338,0,0,0,0,1,1,1,1]}},{"__type__":"cc.Node","_name":"ScrollView","_parent":{"__id__":45},"_children":[{"__id__":52}],"_components":[{"__type__":"cc.ScrollView","node":{"__id__":51},"horizontal":false,"brake":0.75,"elastic":false,"bounceDuration":0.23,"_N$content":{"__id__":53},"content":{"__id__":53},"_N$horizontalScrollBar":null,"_N$verticalScrollBar":null},{"__type__":"cc.Widget","node":{"__id__":51},"_alignFlags":41,"_originalWidth":240}],"_contentSize":{"__type__":"cc.Size","width":500,"height":674},"_anchorPoint":{"__type__":"cc.Vec2","x":0.5,"y":1},"_trs":{"__type__":"TypedArray","ctor":"Float64Array","array":[0,375,0,0,0,0,1,1,1,1]}},{"__type__":"cc.Node","_name":"view","_parent":{"__id__":51},"_children":[{"__id__":53}],"_components":[{"__type__":"cc.Mask","node":{"__id__":52},"_materials":[{"__uuid__":"ecpdLyjvZBwrvm+cedCcQy"}],"_N$alphaThreshold":0},{"__type__":"cc.Widget","node":{"__id__":52},"_alignFlags":45,"_originalWidth":240,"_originalHeight":250}],"_contentSize":{"__type__":"cc.Size","width":500,"height":674},"_anchorPoint":{"__type__":"cc.Vec2","x":0.5,"y":1},"_trs":{"__type__":"TypedArray","ctor":"Float64Array","array":[0,0,0,0,0,0,1,1,1,1]}},{"__type__":"cc.Node","_name":"content","_parent":{"__id__":52},"_children":[{"__id__":54},{"__id__":55},{"__id__":56},{"__id__":57}],"_components":[{"__type__":"cc.Layout","node":{"__id__":53},"_layoutSize":{"__type__":"cc.Size","width":500,"height":40},"_resize":1,"_N$layoutType":2,"_N$paddingTop":20,"_N$paddingBottom":20},{"__type__":"cc.Widget","node":{"__id__":53},"_alignFlags":41,"_originalWidth":220}],"_contentSize":{"__type__":"cc.Size","width":500,"height":40},"_anchorPoint":{"__type__":"cc.Vec2","x":0.5,"y":1},"_trs":{"__type__":"TypedArray","ctor":"Float64Array","array":[0,0,0,0,0,0,1,1,1,1]}},{"__type__":"cc.Node","_name":"lab_xieyi_title","_parent":{"__id__":53},"_active":false,"_components":[{"__type__":"cc.Label","node":{"__id__":54},"_materials":[{"__uuid__":"ecpdLyjvZBwrvm+cedCcQy"}],"_useOriginalSize":false,"_string":"用户协议","_N$string":"用户协议","_fontSize":28,"_lineHeight":35,"_N$horizontalAlign":1,"_N$verticalAlign":1}],"_color":{"__type__":"cc.Color"},"_contentSize":{"__type__":"cc.Size","width":112,"height":44.1},"_trs":{"__type__":"TypedArray","ctor":"Float64Array","array":[0,-42.05,0,0,0,0,1,1,1,1]}},{"__type__":"cc.Node","_name":"lab_xieyi_body","_parent":{"__id__":53},"_active":false,"_components":[{"__type__":"cc.Label","node":{"__id__":55},"_materials":[{"__uuid__":"ecpdLyjvZBwrvm+cedCcQy"}],"_useOriginalSize":false,"_string":"\n【首部及导言】\n欢迎您使用本游戏软件及服务！\n本协议的订立、履行、解释及争议的解决均适用中华人民共和国法律并排除其他一切冲突法的适用。本协议订立于【  】。如双方就本协议的内容或其执行发生任何争议（包括但不限于合同或者其他权益纠纷），双方应友好协商解决；协商不成时，双方同意交由【  】人民法院管辖并处理。\n本游戏的钻石/金币仅为游戏道具，不具任何财产性功能，仅限本人在游戏中使用。本公司对钻石/金币不提供任何形式的官方回购、直接或变相兑换现金或实物、相互赠与转让等服务及相关功能。本公司严禁用户之间在游戏及线下进行任何相互叫卖、转让游戏钻石、金币及弹头等行为。一经发现且经本公司评估后，有权采取封号处理；情节严重的，有权移交相关机构处理。\n温馨提示您：抵制不良游戏，拒绝盗版游戏，注意自我保护，谨防受骗上当，适度游戏益脑，沉迷游戏伤身，合理安排时间，享受健康生活。\n一、【协议的范围】\n1.1 【协议适用主体范围】\n本协议是您与【 成都西谷新域科技有限公司】公司（以下简称“公司”）之间关于您下载、安装、使用、复制本软件，以及使用公司相关服务所订立的协议。\n本协议内容同时包括公司可能不断发布的关于本服务的相关协议、业务规则等内容。上述内容一经正式发布，即为本协议不可分割的组成部分，您同样应当遵守。\n如果您未满14周岁，请您立即停止使用我们的产品和服务，本游戏仅供年满14周岁的用户使用。\n如果您未满18周岁，请在法定监护人的陪同下阅读本协议及其他上述协议。\n1.2【格式条款】\n为使用本游戏软件（以下简称“本软件”）及服务，您应当阅读并遵守《用户协议》（以下简称“本协议”）。请您务必审慎阅读、充分理解各条款内容，特别是免除或者限制责任的条款，以及开通或使用某项服务的单独协议，并选择接受或不接受。限制、免责条款可能以加粗形式提示您注意。\n除非您已阅读并接受本协议所有条款，否则您无权下载、安装或使用本软件及相关服务。您的下载、安装、使用、获取游戏帐号、登录等行为即视为您已阅读并同意上述协议的约束。\n二、【关于本服务】\n2.1 【本服务的内容】\n本服务内容是指公司向用户提供的网络游戏（以下简称“本游戏”）软件许可及服务（以下简称“本服务”）。上述“本游戏”，指由公司负责运营的网络游戏的统称，包括计算机客户端游戏、网页游戏、HTML5游戏（H5游戏）、移动终端游戏、电视端游戏以及其他形式的游戏。\n2.2 【本服务的形式】\n2.2.1 您使用本服务需要下载本游戏的客户端软件或者登陆HTML5网页，对于这些软件，公司给予您一项个人的、不可转让及非排他性的许可。您仅可为访问或使用本服务的目的而使用这些软件及服务。\n2.3 【本服务许可的范围】\n2.3.1 公司给予您一项个人的、不可转让及非排他性的许可，以使用本软件。您可以为非商业目的在单一台终端设备上安装、使用、显示、运行本软件。\n2.3.2 您可以为使用本软件及服务的目的复制本软件的一个副本，仅用作备份。备份副本必须包含原软件中含有的所有著作权信息。\n2.3.3 本条及本协议其他条款未明示授权的其他一切权利仍由公司保留，您在行使这些权利时须另外取得公司的书面许可。公司如果未行使前述任何权利，并不构成对该权利的放弃。\n三、【软件的获取】\n3.1 您可以直接从公司的网站上获取本软件，也可以从得到公司授权的第三方获取。\n3.2 如果您从未经公司授权的第三方获取本软件或与本软件名称相同的安装程序，公司无法保证该软件能够正常使用，并对因此给您造成的损失不予负责。\n四、【软件的安装与卸载】\n4.1 公司可能为不同的终端设备开发了不同的软件版本，您应当根据实际情况选择下载合适的版本进行安装。\n4.2 下载安装程序后，您需要按照该程序提示的步骤正确安装。\n4.3 为提供更加优质、安全的服务，在本软件安装时公司可能推荐您安装其他软件，您可以选择安装或不安装。\n4.4 如果您不再需要使用本软件或者需要安装新版软件，可以自行卸载。如果您愿意帮助公司改进产品服务，请告知卸载的原因。\n五、【软件的更新】\n5.1 为了改善用户体验、完善服务内容，公司将不断努力开发新的服务，并为您不时提供软件更新（这些更新可能会采取软件替换、修改、功能强化、版本升级等形式）。\n5.2 为了保证本软件及服务的安全性和功能的一致性，公司有权不经向您特别通知而对软件进行更新，或者对软件的部分功能效果进行改变或限制。\n5.3 本软件新版本发布后，旧版本的软件可能无法使用。公司不保证旧版本软件继续可用及相应的客户服务，请您随时核对并下载最新版本。\n六、【游戏账号】\n6.1 您如果需要使用和享受本游戏，则您需要将您享有使用权的微信账号作为游戏账号，并按照《网络游戏管理暂行办法》及文化部《网络游戏服务格式化协议必备条款》等要求，登录实名注册系统并进行实名注册。您对该游戏账号的使用等行为应符合公司不时修订并公布的《用户协议》规范。\n6.2您进行实名注册时，应提供有关您本人真实、合法、准确、有效的身份信息及其他相关信息，且不得以他人身份资料进行实名注册。否则，公司有权终止为您提供本服务，并有权对您的游戏账号采取包括但不限于警告、限制或禁止使用游戏帐号全部或部分功能、删除游戏账号及游戏数据、删除相关信息、游戏账号封禁（以下有时简称“封号”）直至注销暂的处理措施（为描述方便，以下有时也将该等处理措施称为“处罚”），因此造成的一切后果由您自行承担。\n6.3游戏账号的所有权归公司所有，用户注册成功后获得的是网络游戏用户账号的使用权，相应地基于该游戏账号产生并储存于公司数据库的任何数据信息（包括但不限于账号数据信息、角色数据信息等）均属于公司。用户在完全遵守协议的前提下，在正常使用网络游戏的过程中对属于其用户账号的数据信息享有协议规定的使用权。用户仅可为非商业目的使用游戏服务，包括：\n（1）接收、下载、安装、启动、升级、登录、运行和/或截屏游戏；\n（2）创建游戏角色，查阅游戏规则、用户个人资料，在游戏中购买、使用游戏道具、金币、钻石等，使用聊天功能、社交分享功能；\n（3）使用游戏支持并允许的其他某一项或几项功能。\n6.4 网络游戏产品和服务中的虚拟物品，包括但不限于金币、钻石、虚拟道具等，由公司享有其所有权，相应地基于该虚拟物品产生并储存于公司数据库的任何数据信息（包括但不限于虚拟物品数据信息、等级物品数据信息等）的所有权均属于公司。用户在完全遵守协议的前提下，在正常使用网络游戏的过程中对属于其虚拟物品的数据信息享有协议规定的使用权。您购买、使用游戏道具、游戏币等应遵循本协议、游戏具体规则的要求；同时，游戏道具、游戏币等可能受到一定有效期限的限制，若您在规定的有效期内未使用，除不可抗力或可归责于公司的原因外，一旦有效期届满，将会自动失效。\n6.5游戏账号的使用权属于最先注册人，任何用户不得以任何形式转让（包括但不限于买卖、赠与、互易、租赁、继承等）用户账号或密码。如果公司发现使用者并非账号最先注册人，公司可以不经通知该账户使用人而直接回收该账号，同时不承担任何由此产生的法律责任，用户违反本条款规定而遭致的任何损失均由用户自行承担。\n6.6 您充分理解并同意：公司会按照国家相关要求将您的实名注册信息运用于防沉迷系统之中，即公司可能会根据您的实名注册信息判断您是否年满18周岁，从而决定是否对您的游戏账号予以防沉迷限制；同时，为保障您使用本服务的合法权益及身心健康，公司也会结合不同棋牌游戏的玩法及类型，逐级进行防沉迷限制和提醒，具体标准将由各棋牌游戏单独制定并以合适的方式提示您。\n6.7 您充分理解并同意，根据公安部等《关于规范网络游戏经营秩序查禁利用网络游戏赌博的通知》及文化部文化市场司《关于开展棋牌类网络游戏专项核查工作的通知》等规定，公司有权对您在使用本服务时每局、每日游戏币或者其他游戏道具的输赢数量进行限制；具体标准将在游戏内以合适的方式提示您。\n6.8发生下列情形之一时，公司有权停止或中断网络游戏，并且不向任何人承担因此产生的任何责任：\n6.8.1 对于公司的网络设备进行必要的保养及施工；\n6.8.2其它合作厂商或相关电信业者网络系统软硬件设备的故障、失灵、或人为操作的疏失而全部或一部分中断、暂时无法使用、迟延或因他人侵入公司系统篡改或伪造变造资料等，造成网络游戏的停止或中断者；\n6.8.3 由于公司所用的网络通信设备由于任何原因停止，无法提供服务时；\n6.8.4 由于不可抗力因素致使公司无法提供网络游戏服务；\n6.8.5 在根据用户使用游戏时间和/或道具作为收费项目的情况下，用户连续180天没有上线游戏，则自第180天当天的24时起，公司有权采取措施取消该用户至最后一次游戏当日止账号上剩余的游戏时间和价值，被取消的游戏时间和价值将不予任何补偿。\n6.8.6 用户连续180天没有上线游戏，则自第180天当天的24时起，公司有权采取措施删除该用户账号在游戏数据库中的任何纪录（包括但不限于注册信息、角色信息、等级物品信息等）。\n6.8.7 在以用户购买虚拟道具的使用权或者以接受其他增值服务作为收费项目的情况下，如超出该虚拟道具的有效使用期限或增值服务的有效服务期限（不管用户是否已经实际使用或者享受服务），或者超出有效使用或服务次数，公司均有权采取措施取消用户对上述虚拟道具的使用权或者取消继续提供增值服务。上述虚拟道具的使用权以及增值服务的具体收费标准均由公司在其相关网站上颁布，用户有义务在选择前仔细阅读并确认理解，一旦用户选择购买相关虚拟道具使用权或者接受相关服务，则表明用户已经充分理解上述虚拟道具使用权或者相关增值服务的具体收费标准，并接受其价格。\n6.9 用户了解并同意，本游戏作为一款网络游戏，必然有全面终止运营的情况发生，公司在发生以下情况下会终止运营网络游戏（1）应政府机关的命令终止运营；（2）游戏软件本身的技术问题导致无法继续运营；（3）公司决定停止运营。不管由于任何原因终止运营，公司均会提前60日通知用户，用户应依照公司指示采取相应措施自行处理游戏账号（包括注销或停止使用该账号）、游戏内虚拟物品等相关事宜。用户不得以任何原因要求公司不得全面终止运营。\n6.10 您充分理解并同意，若公司依照相关业务规则限制、冻结或终止您的账号的使用，可能会导致您游戏账号下游戏数据及相关信息被删除，以及相关权益的丧失，该损失由您自行承担，对此公司不承担任何责任。\n七、【用户个人信息保护】\n7.1保护用户个人信息是公司的一项基本原则，公司将会采取合理的措施保护用户的个人信息。除法律法规规定的情形外，未经用户许可公司不会向第三方公开、透露用户个人信息。公司对相关信息采用专业加密存储与传输方式，保障用户个人信息的安全。\n7.2 您在注册帐号或使用本服务的过程中，可能需要提供一些必要的信息，例如：为向您提供帐号注册服务或进行用户身份识别，需要您使用微信账号/手机号码授权登录。若国家法律法规或政策有特殊规定的，您需要提供真实的身份信息。若您提供的信息不完整，则无法使用本服务或在使用过程中受到限制。\n7.3一般情况下，您可随时浏览、修改自己提交的信息，但出于安全性和身份识别（如号码申诉服务）的考虑，您可能无法修改注册时提供的初始注册信息及其他验证信息。\n7.4 公司将运用各种安全技术和程序建立完善的管理制度来保护您的个人信息，以免遭受未经授权的访问、使用或披露。\n7.5未经您的同意，公司不会向公司以外的任何公司、组织和个人披露您的个人信息，但法律法规另有规定的除外。\n八、【用户行为规范】\n8.1【信息内容规范】\n8.1.1本条所述信息内容是指用户使用本软件及本服务过程中所制作、复制、发布、传播的任何内容，包括但不限于游戏帐号头像、名字、用户说明等注册信息，或文字、语音、图片等发送，以及其他使用游戏帐号或本软件及本服务所产生的内容。\n8.1.2 您理解并同意，公司一直致力于为用户提供公平公正、绿色健康、规范有序的网络环境，您不得利用游戏帐号或本软件及本服务制作、复制、发布、传播如下干扰本游戏正常运营，以及侵犯其他用户或第三方合法权益的内容，包括但不限于：\n8.1.2.1 发布、传送、传播、储存违反国家法律、危害国家安全统一、社会稳定、公序良俗、社会公德以及赌博、宣扬赌博、侮辱、诽谤、淫秽或含有任何性或性暗示的、暴力的内容；\n8.1.2.2 发布、传送、传播、储存侵害他人名誉权、肖像权、知识产权、商业秘密等合法权利的内容；\n8.1.2.3 涉及他人隐私、个人信息或资料的；\n8.1.2.4 发表、传送、传播骚扰、广告信息及垃圾信息；\n8.1.2.5 其他违反法律法规、政策及公序良俗、社会公德或干扰本游戏正常运营和侵犯其他用户或第三方合法权益内容的信息。\n8.2【软件使用规范】\n除非法律允许或公司书面许可，您使用本软件过程中不得从事下列行为：\n8.2.1 删除本软件及其副本上关于著作权的信息；\n8.2.2 对本软件进行反向工程、反向汇编、反向编译，或者以其他方式尝试发现本软件的源代码；\n8.2.3 对公司拥有知识产权的内容进行使用、出租、出借、复制、修改、链接、转载、汇编、发表、出版、建立镜像站点等；\n8.2.4 对本软件或者本软件运行过程中释放到任何终端内存中的数据、软件运行过程中客户端与服务器端的交互数据，以及本软件运行所必需的系统数据，进行复制、修改、增加、删除、挂接运行或创作任何衍生作品，形式包括但不限于使用插件、外挂或非公司经授权的第三方工具/服务接入本软件和相关系统；\n8.2.5 通过修改或伪造软件运行中的指令、数据，增加、删减、变动软件的功能或运行效果，或者将用于上述用途的软件、方法进行运营或向公众传播，无论这些行为是否为商业目的；\n8.2.6 通过非公司开发、授权的第三方软件、插件、外挂、系统，登录或使用公司软件及服务，或制作、发布、传播上述工具；\n8.2.7 自行或者授权他人、第三方软件对本软件及其组件、模块、数据进行干扰；\n8.2.8 其他未经公司明示授权的行为。\n8.3【服务运营规范】\n除非法律允许或公司书面许可，您使用本服务过程中不得从事下列行为（以下称“违规行为”）：\n8.3.1 安装使用会影响本软件平衡的第三方软件；\n8.3.2 利用游戏漏洞采用盗刷游戏币或其他游戏道具等方式，谋取利益、破坏游戏的公平秩序；\n8.3.3 同一玩家（或同一IP，或同一物理地址）注册或登录多个帐号角色；\n8.3.4 在游戏内哄抬物价、直接或变相非法倒卖虚拟货币、游戏币或其他游戏道具；\n8.3.5公司收到他人举报或投诉用户存在线下交易行为（交易渠道包括但不限于QQ转账、微信转账、银行卡汇款或转账）；\n8.3.6 在游戏内传播宣扬淫秽、色情、赌博或宣扬赌博、暴力、或者教唆犯罪等信息；或者利用游戏帐号和/或本软件及服务从事任何违法犯罪活动的（包括但不限于赌博、开设赌场）；\n8.3.7 提交、发布虚假信息，或冒充、利用他人名义的；\n8.3.8 诱导其他用户点击链接页面或分享信息的；\n8.3.9 虚构事实、隐瞒真相以误导、欺骗他人的；\n8.3.10 侵害他人名誉权、肖像权、知识产权、商业秘密等合法权利的；\n8.3.11 未经公司书面许可利用游戏帐号和任何功能，以及第三方运营平台进行推广或互相推广的；\n8.3.12 制作、发布与以上行为相关的方法、工具，或对此类方法、工具进行运营或传播，无论这些行为是否为商业目的；\n8.3.13 其他违反法律法规规定、侵犯其他用户合法权益、干扰产品正常运营或公司未明示授权的行为。\n（备注：公司有权根据监测到的游戏数据、用户行为等进行独立判断，从而判定是否构成以上违规行为）\n8.4 【对自己行为负责】\n您充分了解并同意，您必须为自己注册帐号下的一切行为负责，包括您所发表的任何内容以及由此产生的任何后果。您应对本服务中的内容自行加以判断，并承担因使用内容而引起的所有风险，包括因对内容的正确性、完整性或实用性的依赖而产生的风险。公司无法且不会对因前述风险而导致的任何损失或损害承担责任。\n8.5【违规处理】\n8.5.1 如果公司发现或者收到他人举报或投诉用户违反本协议约定的，公司有权不经通知随时对相关内容进行删除，并视行为情节对违规帐号处以包括但不限于警告，限制或禁止使用全部或部分功能，取消游戏帐号由此获得的相关奖励（比如游戏币、游戏道具等），帐号封禁直至注销的处罚，并公告处理结果；情节严重的将移交有关行政管理机关给予行政处罚，或者追究刑事责任；用户应独自承担由此而产生的一切法律责任。\n8.5.2 您理解并同意，因您违反本协议或相关服务条款的规定，导致或产生第三方主张的任何索赔、要求或损失，您应当独立承担责任；公司因此遭受损失的，您也应当一并赔偿。\n8.5.3公司对于您基于使用本软件及本服务所获得的虚拟货币、游戏币及其他游戏道具等均不提供任何形式的官方回购、直接或变相兑换现金等服务及相关功能。一经发现并经公司评估后，有权立即采取封号处理；情节严重的，有权移交相关机构依法处理。\n九、【知识产权声明】\n9.1 公司是本软件的知识产权权利人。本软件的一切著作权、商标权、专利权、商业秘密等知识产权，以及与本软件相关的所有信息内容（包括但不限于文字、图片、音频、视频、图表、界面设计、版面框架、有关数据或电子文档等）均受中华人民共和国法律法规和相应的国际条约保护，公司享有上述知识产权。\n9.2 未经公司书面同意，您不得为任何商业或非商业目的自行或许可任何第三方实施、利用、转让上述知识产权，公司保留追究上述行为法律责任的权利。\n十、【终端安全责任】\n10.1您理解并同意，本软件同大多数互联网软件一样，可能会受多种因素影响，包括但不限于用户原因、网络服务质量、社会环境等；也可能会受各种安全问题的侵扰，包括但不限于他人非法利用用户资料，进行现实中的骚扰；用户下载安装的其他软件或访问的其他网站中可能含有病毒、木马程序或其他恶意程序，威胁您的终端设备信息和数据安全，继而影响本软件的正常使用等。因此，您应加强信息安全及个人信息的保护意识，注意密码保护，以免遭受损失。\n10.2 您不得制作、发布、使用、传播用于窃取游戏帐号及他人个人信息、财产的恶意程序。\n10.3 维护软件安全与正常使用是公司和您的共同责任，公司将按照行业标准合理审慎地采取必要技术措施保护您的终端设备信息和数据安全，但是您承认和同意公司并不能就此提供完全保证。\n10.4 在任何情况下，您不应轻信借款、索要密码或其他涉及财产的网络信息。涉及财产操作的，请一定先核实对方身份，并请经常留意公司有关防范诈骗犯罪的提示。\n十一、【其他】\n11.1 您使用本软件即视为您已阅读并同意受本协议的约束。公司有权在必要时修改本协议条款。您可以在本软件的最新版本中查阅相关协议条款。本协议条款变更后，如果您继续使用本软件，即视为您已接受修改后的协议。如果您不接受修改后的协议，应当停止使用本软件。\n11.2 本协议所有条款的标题仅为阅读方便，本身并无实际涵义，不能作为本协议涵义解释的依据。\n11.3 本协议条款无论因何种原因部分无效或不可执行，其余条款仍有效，对双方具有约束力。\n11.4如果您对本协议或其他服务协议有任何意见或建议，可与公司客户服务部门联系，我们会给予您必要的帮助。\n","_N$string":"\n【首部及导言】\n欢迎您使用本游戏软件及服务！\n本协议的订立、履行、解释及争议的解决均适用中华人民共和国法律并排除其他一切冲突法的适用。本协议订立于【  】。如双方就本协议的内容或其执行发生任何争议（包括但不限于合同或者其他权益纠纷），双方应友好协商解决；协商不成时，双方同意交由【  】人民法院管辖并处理。\n本游戏的钻石/金币仅为游戏道具，不具任何财产性功能，仅限本人在游戏中使用。本公司对钻石/金币不提供任何形式的官方回购、直接或变相兑换现金或实物、相互赠与转让等服务及相关功能。本公司严禁用户之间在游戏及线下进行任何相互叫卖、转让游戏钻石、金币及弹头等行为。一经发现且经本公司评估后，有权采取封号处理；情节严重的，有权移交相关机构处理。\n温馨提示您：抵制不良游戏，拒绝盗版游戏，注意自我保护，谨防受骗上当，适度游戏益脑，沉迷游戏伤身，合理安排时间，享受健康生活。\n一、【协议的范围】\n1.1 【协议适用主体范围】\n本协议是您与【 成都西谷新域科技有限公司】公司（以下简称“公司”）之间关于您下载、安装、使用、复制本软件，以及使用公司相关服务所订立的协议。\n本协议内容同时包括公司可能不断发布的关于本服务的相关协议、业务规则等内容。上述内容一经正式发布，即为本协议不可分割的组成部分，您同样应当遵守。\n如果您未满14周岁，请您立即停止使用我们的产品和服务，本游戏仅供年满14周岁的用户使用。\n如果您未满18周岁，请在法定监护人的陪同下阅读本协议及其他上述协议。\n1.2【格式条款】\n为使用本游戏软件（以下简称“本软件”）及服务，您应当阅读并遵守《用户协议》（以下简称“本协议”）。请您务必审慎阅读、充分理解各条款内容，特别是免除或者限制责任的条款，以及开通或使用某项服务的单独协议，并选择接受或不接受。限制、免责条款可能以加粗形式提示您注意。\n除非您已阅读并接受本协议所有条款，否则您无权下载、安装或使用本软件及相关服务。您的下载、安装、使用、获取游戏帐号、登录等行为即视为您已阅读并同意上述协议的约束。\n二、【关于本服务】\n2.1 【本服务的内容】\n本服务内容是指公司向用户提供的网络游戏（以下简称“本游戏”）软件许可及服务（以下简称“本服务”）。上述“本游戏”，指由公司负责运营的网络游戏的统称，包括计算机客户端游戏、网页游戏、HTML5游戏（H5游戏）、移动终端游戏、电视端游戏以及其他形式的游戏。\n2.2 【本服务的形式】\n2.2.1 您使用本服务需要下载本游戏的客户端软件或者登陆HTML5网页，对于这些软件，公司给予您一项个人的、不可转让及非排他性的许可。您仅可为访问或使用本服务的目的而使用这些软件及服务。\n2.3 【本服务许可的范围】\n2.3.1 公司给予您一项个人的、不可转让及非排他性的许可，以使用本软件。您可以为非商业目的在单一台终端设备上安装、使用、显示、运行本软件。\n2.3.2 您可以为使用本软件及服务的目的复制本软件的一个副本，仅用作备份。备份副本必须包含原软件中含有的所有著作权信息。\n2.3.3 本条及本协议其他条款未明示授权的其他一切权利仍由公司保留，您在行使这些权利时须另外取得公司的书面许可。公司如果未行使前述任何权利，并不构成对该权利的放弃。\n三、【软件的获取】\n3.1 您可以直接从公司的网站上获取本软件，也可以从得到公司授权的第三方获取。\n3.2 如果您从未经公司授权的第三方获取本软件或与本软件名称相同的安装程序，公司无法保证该软件能够正常使用，并对因此给您造成的损失不予负责。\n四、【软件的安装与卸载】\n4.1 公司可能为不同的终端设备开发了不同的软件版本，您应当根据实际情况选择下载合适的版本进行安装。\n4.2 下载安装程序后，您需要按照该程序提示的步骤正确安装。\n4.3 为提供更加优质、安全的服务，在本软件安装时公司可能推荐您安装其他软件，您可以选择安装或不安装。\n4.4 如果您不再需要使用本软件或者需要安装新版软件，可以自行卸载。如果您愿意帮助公司改进产品服务，请告知卸载的原因。\n五、【软件的更新】\n5.1 为了改善用户体验、完善服务内容，公司将不断努力开发新的服务，并为您不时提供软件更新（这些更新可能会采取软件替换、修改、功能强化、版本升级等形式）。\n5.2 为了保证本软件及服务的安全性和功能的一致性，公司有权不经向您特别通知而对软件进行更新，或者对软件的部分功能效果进行改变或限制。\n5.3 本软件新版本发布后，旧版本的软件可能无法使用。公司不保证旧版本软件继续可用及相应的客户服务，请您随时核对并下载最新版本。\n六、【游戏账号】\n6.1 您如果需要使用和享受本游戏，则您需要将您享有使用权的微信账号作为游戏账号，并按照《网络游戏管理暂行办法》及文化部《网络游戏服务格式化协议必备条款》等要求，登录实名注册系统并进行实名注册。您对该游戏账号的使用等行为应符合公司不时修订并公布的《用户协议》规范。\n6.2您进行实名注册时，应提供有关您本人真实、合法、准确、有效的身份信息及其他相关信息，且不得以他人身份资料进行实名注册。否则，公司有权终止为您提供本服务，并有权对您的游戏账号采取包括但不限于警告、限制或禁止使用游戏帐号全部或部分功能、删除游戏账号及游戏数据、删除相关信息、游戏账号封禁（以下有时简称“封号”）直至注销暂的处理措施（为描述方便，以下有时也将该等处理措施称为“处罚”），因此造成的一切后果由您自行承担。\n6.3游戏账号的所有权归公司所有，用户注册成功后获得的是网络游戏用户账号的使用权，相应地基于该游戏账号产生并储存于公司数据库的任何数据信息（包括但不限于账号数据信息、角色数据信息等）均属于公司。用户在完全遵守协议的前提下，在正常使用网络游戏的过程中对属于其用户账号的数据信息享有协议规定的使用权。用户仅可为非商业目的使用游戏服务，包括：\n（1）接收、下载、安装、启动、升级、登录、运行和/或截屏游戏；\n（2）创建游戏角色，查阅游戏规则、用户个人资料，在游戏中购买、使用游戏道具、金币、钻石等，使用聊天功能、社交分享功能；\n（3）使用游戏支持并允许的其他某一项或几项功能。\n6.4 网络游戏产品和服务中的虚拟物品，包括但不限于金币、钻石、虚拟道具等，由公司享有其所有权，相应地基于该虚拟物品产生并储存于公司数据库的任何数据信息（包括但不限于虚拟物品数据信息、等级物品数据信息等）的所有权均属于公司。用户在完全遵守协议的前提下，在正常使用网络游戏的过程中对属于其虚拟物品的数据信息享有协议规定的使用权。您购买、使用游戏道具、游戏币等应遵循本协议、游戏具体规则的要求；同时，游戏道具、游戏币等可能受到一定有效期限的限制，若您在规定的有效期内未使用，除不可抗力或可归责于公司的原因外，一旦有效期届满，将会自动失效。\n6.5游戏账号的使用权属于最先注册人，任何用户不得以任何形式转让（包括但不限于买卖、赠与、互易、租赁、继承等）用户账号或密码。如果公司发现使用者并非账号最先注册人，公司可以不经通知该账户使用人而直接回收该账号，同时不承担任何由此产生的法律责任，用户违反本条款规定而遭致的任何损失均由用户自行承担。\n6.6 您充分理解并同意：公司会按照国家相关要求将您的实名注册信息运用于防沉迷系统之中，即公司可能会根据您的实名注册信息判断您是否年满18周岁，从而决定是否对您的游戏账号予以防沉迷限制；同时，为保障您使用本服务的合法权益及身心健康，公司也会结合不同棋牌游戏的玩法及类型，逐级进行防沉迷限制和提醒，具体标准将由各棋牌游戏单独制定并以合适的方式提示您。\n6.7 您充分理解并同意，根据公安部等《关于规范网络游戏经营秩序查禁利用网络游戏赌博的通知》及文化部文化市场司《关于开展棋牌类网络游戏专项核查工作的通知》等规定，公司有权对您在使用本服务时每局、每日游戏币或者其他游戏道具的输赢数量进行限制；具体标准将在游戏内以合适的方式提示您。\n6.8发生下列情形之一时，公司有权停止或中断网络游戏，并且不向任何人承担因此产生的任何责任：\n6.8.1 对于公司的网络设备进行必要的保养及施工；\n6.8.2其它合作厂商或相关电信业者网络系统软硬件设备的故障、失灵、或人为操作的疏失而全部或一部分中断、暂时无法使用、迟延或因他人侵入公司系统篡改或伪造变造资料等，造成网络游戏的停止或中断者；\n6.8.3 由于公司所用的网络通信设备由于任何原因停止，无法提供服务时；\n6.8.4 由于不可抗力因素致使公司无法提供网络游戏服务；\n6.8.5 在根据用户使用游戏时间和/或道具作为收费项目的情况下，用户连续180天没有上线游戏，则自第180天当天的24时起，公司有权采取措施取消该用户至最后一次游戏当日止账号上剩余的游戏时间和价值，被取消的游戏时间和价值将不予任何补偿。\n6.8.6 用户连续180天没有上线游戏，则自第180天当天的24时起，公司有权采取措施删除该用户账号在游戏数据库中的任何纪录（包括但不限于注册信息、角色信息、等级物品信息等）。\n6.8.7 在以用户购买虚拟道具的使用权或者以接受其他增值服务作为收费项目的情况下，如超出该虚拟道具的有效使用期限或增值服务的有效服务期限（不管用户是否已经实际使用或者享受服务），或者超出有效使用或服务次数，公司均有权采取措施取消用户对上述虚拟道具的使用权或者取消继续提供增值服务。上述虚拟道具的使用权以及增值服务的具体收费标准均由公司在其相关网站上颁布，用户有义务在选择前仔细阅读并确认理解，一旦用户选择购买相关虚拟道具使用权或者接受相关服务，则表明用户已经充分理解上述虚拟道具使用权或者相关增值服务的具体收费标准，并接受其价格。\n6.9 用户了解并同意，本游戏作为一款网络游戏，必然有全面终止运营的情况发生，公司在发生以下情况下会终止运营网络游戏（1）应政府机关的命令终止运营；（2）游戏软件本身的技术问题导致无法继续运营；（3）公司决定停止运营。不管由于任何原因终止运营，公司均会提前60日通知用户，用户应依照公司指示采取相应措施自行处理游戏账号（包括注销或停止使用该账号）、游戏内虚拟物品等相关事宜。用户不得以任何原因要求公司不得全面终止运营。\n6.10 您充分理解并同意，若公司依照相关业务规则限制、冻结或终止您的账号的使用，可能会导致您游戏账号下游戏数据及相关信息被删除，以及相关权益的丧失，该损失由您自行承担，对此公司不承担任何责任。\n七、【用户个人信息保护】\n7.1保护用户个人信息是公司的一项基本原则，公司将会采取合理的措施保护用户的个人信息。除法律法规规定的情形外，未经用户许可公司不会向第三方公开、透露用户个人信息。公司对相关信息采用专业加密存储与传输方式，保障用户个人信息的安全。\n7.2 您在注册帐号或使用本服务的过程中，可能需要提供一些必要的信息，例如：为向您提供帐号注册服务或进行用户身份识别，需要您使用微信账号/手机号码授权登录。若国家法律法规或政策有特殊规定的，您需要提供真实的身份信息。若您提供的信息不完整，则无法使用本服务或在使用过程中受到限制。\n7.3一般情况下，您可随时浏览、修改自己提交的信息，但出于安全性和身份识别（如号码申诉服务）的考虑，您可能无法修改注册时提供的初始注册信息及其他验证信息。\n7.4 公司将运用各种安全技术和程序建立完善的管理制度来保护您的个人信息，以免遭受未经授权的访问、使用或披露。\n7.5未经您的同意，公司不会向公司以外的任何公司、组织和个人披露您的个人信息，但法律法规另有规定的除外。\n八、【用户行为规范】\n8.1【信息内容规范】\n8.1.1本条所述信息内容是指用户使用本软件及本服务过程中所制作、复制、发布、传播的任何内容，包括但不限于游戏帐号头像、名字、用户说明等注册信息，或文字、语音、图片等发送，以及其他使用游戏帐号或本软件及本服务所产生的内容。\n8.1.2 您理解并同意，公司一直致力于为用户提供公平公正、绿色健康、规范有序的网络环境，您不得利用游戏帐号或本软件及本服务制作、复制、发布、传播如下干扰本游戏正常运营，以及侵犯其他用户或第三方合法权益的内容，包括但不限于：\n8.1.2.1 发布、传送、传播、储存违反国家法律、危害国家安全统一、社会稳定、公序良俗、社会公德以及赌博、宣扬赌博、侮辱、诽谤、淫秽或含有任何性或性暗示的、暴力的内容；\n8.1.2.2 发布、传送、传播、储存侵害他人名誉权、肖像权、知识产权、商业秘密等合法权利的内容；\n8.1.2.3 涉及他人隐私、个人信息或资料的；\n8.1.2.4 发表、传送、传播骚扰、广告信息及垃圾信息；\n8.1.2.5 其他违反法律法规、政策及公序良俗、社会公德或干扰本游戏正常运营和侵犯其他用户或第三方合法权益内容的信息。\n8.2【软件使用规范】\n除非法律允许或公司书面许可，您使用本软件过程中不得从事下列行为：\n8.2.1 删除本软件及其副本上关于著作权的信息；\n8.2.2 对本软件进行反向工程、反向汇编、反向编译，或者以其他方式尝试发现本软件的源代码；\n8.2.3 对公司拥有知识产权的内容进行使用、出租、出借、复制、修改、链接、转载、汇编、发表、出版、建立镜像站点等；\n8.2.4 对本软件或者本软件运行过程中释放到任何终端内存中的数据、软件运行过程中客户端与服务器端的交互数据，以及本软件运行所必需的系统数据，进行复制、修改、增加、删除、挂接运行或创作任何衍生作品，形式包括但不限于使用插件、外挂或非公司经授权的第三方工具/服务接入本软件和相关系统；\n8.2.5 通过修改或伪造软件运行中的指令、数据，增加、删减、变动软件的功能或运行效果，或者将用于上述用途的软件、方法进行运营或向公众传播，无论这些行为是否为商业目的；\n8.2.6 通过非公司开发、授权的第三方软件、插件、外挂、系统，登录或使用公司软件及服务，或制作、发布、传播上述工具；\n8.2.7 自行或者授权他人、第三方软件对本软件及其组件、模块、数据进行干扰；\n8.2.8 其他未经公司明示授权的行为。\n8.3【服务运营规范】\n除非法律允许或公司书面许可，您使用本服务过程中不得从事下列行为（以下称“违规行为”）：\n8.3.1 安装使用会影响本软件平衡的第三方软件；\n8.3.2 利用游戏漏洞采用盗刷游戏币或其他游戏道具等方式，谋取利益、破坏游戏的公平秩序；\n8.3.3 同一玩家（或同一IP，或同一物理地址）注册或登录多个帐号角色；\n8.3.4 在游戏内哄抬物价、直接或变相非法倒卖虚拟货币、游戏币或其他游戏道具；\n8.3.5公司收到他人举报或投诉用户存在线下交易行为（交易渠道包括但不限于QQ转账、微信转账、银行卡汇款或转账）；\n8.3.6 在游戏内传播宣扬淫秽、色情、赌博或宣扬赌博、暴力、或者教唆犯罪等信息；或者利用游戏帐号和/或本软件及服务从事任何违法犯罪活动的（包括但不限于赌博、开设赌场）；\n8.3.7 提交、发布虚假信息，或冒充、利用他人名义的；\n8.3.8 诱导其他用户点击链接页面或分享信息的；\n8.3.9 虚构事实、隐瞒真相以误导、欺骗他人的；\n8.3.10 侵害他人名誉权、肖像权、知识产权、商业秘密等合法权利的；\n8.3.11 未经公司书面许可利用游戏帐号和任何功能，以及第三方运营平台进行推广或互相推广的；\n8.3.12 制作、发布与以上行为相关的方法、工具，或对此类方法、工具进行运营或传播，无论这些行为是否为商业目的；\n8.3.13 其他违反法律法规规定、侵犯其他用户合法权益、干扰产品正常运营或公司未明示授权的行为。\n（备注：公司有权根据监测到的游戏数据、用户行为等进行独立判断，从而判定是否构成以上违规行为）\n8.4 【对自己行为负责】\n您充分了解并同意，您必须为自己注册帐号下的一切行为负责，包括您所发表的任何内容以及由此产生的任何后果。您应对本服务中的内容自行加以判断，并承担因使用内容而引起的所有风险，包括因对内容的正确性、完整性或实用性的依赖而产生的风险。公司无法且不会对因前述风险而导致的任何损失或损害承担责任。\n8.5【违规处理】\n8.5.1 如果公司发现或者收到他人举报或投诉用户违反本协议约定的，公司有权不经通知随时对相关内容进行删除，并视行为情节对违规帐号处以包括但不限于警告，限制或禁止使用全部或部分功能，取消游戏帐号由此获得的相关奖励（比如游戏币、游戏道具等），帐号封禁直至注销的处罚，并公告处理结果；情节严重的将移交有关行政管理机关给予行政处罚，或者追究刑事责任；用户应独自承担由此而产生的一切法律责任。\n8.5.2 您理解并同意，因您违反本协议或相关服务条款的规定，导致或产生第三方主张的任何索赔、要求或损失，您应当独立承担责任；公司因此遭受损失的，您也应当一并赔偿。\n8.5.3公司对于您基于使用本软件及本服务所获得的虚拟货币、游戏币及其他游戏道具等均不提供任何形式的官方回购、直接或变相兑换现金等服务及相关功能。一经发现并经公司评估后，有权立即采取封号处理；情节严重的，有权移交相关机构依法处理。\n九、【知识产权声明】\n9.1 公司是本软件的知识产权权利人。本软件的一切著作权、商标权、专利权、商业秘密等知识产权，以及与本软件相关的所有信息内容（包括但不限于文字、图片、音频、视频、图表、界面设计、版面框架、有关数据或电子文档等）均受中华人民共和国法律法规和相应的国际条约保护，公司享有上述知识产权。\n9.2 未经公司书面同意，您不得为任何商业或非商业目的自行或许可任何第三方实施、利用、转让上述知识产权，公司保留追究上述行为法律责任的权利。\n十、【终端安全责任】\n10.1您理解并同意，本软件同大多数互联网软件一样，可能会受多种因素影响，包括但不限于用户原因、网络服务质量、社会环境等；也可能会受各种安全问题的侵扰，包括但不限于他人非法利用用户资料，进行现实中的骚扰；用户下载安装的其他软件或访问的其他网站中可能含有病毒、木马程序或其他恶意程序，威胁您的终端设备信息和数据安全，继而影响本软件的正常使用等。因此，您应加强信息安全及个人信息的保护意识，注意密码保护，以免遭受损失。\n10.2 您不得制作、发布、使用、传播用于窃取游戏帐号及他人个人信息、财产的恶意程序。\n10.3 维护软件安全与正常使用是公司和您的共同责任，公司将按照行业标准合理审慎地采取必要技术措施保护您的终端设备信息和数据安全，但是您承认和同意公司并不能就此提供完全保证。\n10.4 在任何情况下，您不应轻信借款、索要密码或其他涉及财产的网络信息。涉及财产操作的，请一定先核实对方身份，并请经常留意公司有关防范诈骗犯罪的提示。\n十一、【其他】\n11.1 您使用本软件即视为您已阅读并同意受本协议的约束。公司有权在必要时修改本协议条款。您可以在本软件的最新版本中查阅相关协议条款。本协议条款变更后，如果您继续使用本软件，即视为您已接受修改后的协议。如果您不接受修改后的协议，应当停止使用本软件。\n11.2 本协议所有条款的标题仅为阅读方便，本身并无实际涵义，不能作为本协议涵义解释的依据。\n11.3 本协议条款无论因何种原因部分无效或不可执行，其余条款仍有效，对双方具有约束力。\n11.4如果您对本协议或其他服务协议有任何意见或建议，可与公司客户服务部门联系，我们会给予您必要的帮助。\n","_fontSize":20,"_lineHeight":28,"_N$overflow":3,"_N$cacheMode":2}],"_color":{"__type__":"cc.Color"},"_contentSize":{"__type__":"cc.Size","width":400,"height":12404},"_anchorPoint":{"__type__":"cc.Vec2","x":0.5,"y":1},"_trs":{"__type__":"TypedArray","ctor":"Float64Array","array":[0,-64.1,0,0,0,0,1,1,1,1]}},{"__type__":"cc.Node","_name":"lab_zhengce_title","_parent":{"__id__":53},"_active":false,"_components":[{"__type__":"cc.Label","node":{"__id__":56},"_materials":[{"__uuid__":"ecpdLyjvZBwrvm+cedCcQy"}],"_useOriginalSize":false,"_string":"隐私政策","_N$string":"隐私政策","_fontSize":28,"_lineHeight":35,"_N$horizontalAlign":1,"_N$verticalAlign":1,"_N$cacheMode":2}],"_color":{"__type__":"cc.Color"},"_contentSize":{"__type__":"cc.Size","width":100,"height":25},"_trs":{"__type__":"TypedArray","ctor":"Float64Array","array":[0,-32.5,0,0,0,0,1,1,1,1]}},{"__type__":"cc.Node","_name":"lab_zhengce_body","_parent":{"__id__":53},"_active":false,"_components":[{"__type__":"cc.Label","node":{"__id__":57},"_materials":[{"__uuid__":"ecpdLyjvZBwrvm+cedCcQy"}],"_useOriginalSize":false,"_string":"\n本游戏郑重承诺以保护使用其交互性产品和服务之用户的隐私。以下声明旨在披露与本游戏网页有关的隐私政策：\n\n本游戏收集哪些个人信息并怎样使用这些信息谁有权接触这些个人信息\n\n本游戏的用户在披露个人信息时有哪些选择\n\n本游戏的用户怎样接近、更新或删除他/她的信息\n\n如果本游戏的用户对本游戏的隐私政策有问题，他们应该和谁联系\n\n本游戏是一个手机游戏发行信息网站。它向用户提供广泛的服务，包括产品信息、新闻等。因为本游戏的成功取决于建立与维护对用户的良好信誉及尊重用户的合法权益，我们会坚定的实施保护我们用户隐私的措施。在登记过程中，每一项服务都要求用户提供不同类型和数量的个人信息。本游戏力图通过合法使用这些资料而为用户提供更好的服务。本隐私政策适用于您与本游戏页面的交互行为以及您登记和使用本游戏的在线服务。除了在本隐私政策和服务条款以及其他公布的准则的规定的情况下，我们不会公布与用户个人身份有关的资料。请注意本游戏不时地会更新完善其隐私措施，因此有关的措施会随之变化。请您定期浏览本页以确保对本游戏隐私政策最新版本始终保持了解。\n\n本游戏收集用户的两类信息：\n\n(1) 与个人身份无关的信息：\n\n当用户访问我们的网页，我们收集和汇总诸如哪些网页受到了访问，访问的顺序，链接途径等信息。收集这些信息涉及到记录访问本游戏的每个用户的IP地址、操作平台、浏览器软件等。尽管这些信息无关个人身份，但我们能够通过其IP地址确定其使用的ISP和其上网的地理位置。\n\n(2) 有关个人身份的信息：\n\n在本游戏网页的某些区域，比如提出客户服务时，用户会被要求提供个人相关信息。\n\n本游戏收集这类关于个人身份的信息主要是为了用户能够更容易和更满意地使用本游戏的网页。本游戏的目标是向所有的互联网用户提供刺激、有趣及有教益的上网经历。而这些个人信息有助于我们实现这一目标。\n\n当您发现本游戏的用户不正当地收集或使用您或他人的信息时，请联系：y3z3ft@yeah.net。\n\n信息的披露\n\n本游戏将在出现下述情形时披露您有关个人身份的信息：\n\n您授权或同意本游戏披露的；\n\n在紧急情况下，为了保护本游戏及其用户的合法权益或公共安全及利益；\n\n根据法律规定或有权部门的要求提供您的个人信息；\n\n根据本游戏各服务条款及声明中的相关规定，或者本游戏认为必要的其他情形下。\n\n未成年人信息及使用\n\n本游戏建议：任何未成年人参加网上活动应事先取得家长或其法定监护人（以下简称\"监护人\"）的同意。本游戏将根据国家相关法律法规的规定保护未成年人的相关信息。\n\n信息的提供\n\n本游戏的用户总是可以选择是否披露信息。有些信息是登记我们的服务所必需的，但大多数其他信息的提供是由用户决定的。\n\n本游戏为用户提供不计其数的网络互动活动，为便于用户参与互动活动并获取互动奖品，本游戏通常要求申请者在联系方法(通讯地址和电话)之外，还要根据其个人兴趣填写表格。此类信息被本游戏用来累积其用户的数据。如果用户不想提供所要求的信息和参加此类活动，这完全由用户自行决定。\n\n链接\n\n本游戏的网页上有与其他许多网页的链接，如网页上的广告等。本游戏对其他任何网站的内容、隐私政策或运营，或经营这些网站的公司的行为概不负责。在向这些网站提供个人信息之前，请查阅它们的隐私政策。\n\n更新与公开信息\n\n为给用户提供更好的服务，本游戏鼓励用户更新和修改其个人信息以使其有效。本游戏用户能在任何时候非常容易地获取并修改其个人信息。用户可以自行决定修改、删除他们的相关资料。\n\n无论何时您自愿披露个人信息（如在留言板、通过电子邮件或在聊天区公布）， 此种信息可能被他人收集及使用，因此造成您的个人信息泄露，本游戏不承担责任，如果你将个人信息公布在上述渠道，你就有可能造成个人信息泄露。因此，我们提醒并请您慎重考虑是否有必要在上述渠道公开您的个人信息。\n\n最后，您是唯一对您的账号和密码信息负有保密责任的人。任何情况下，请小心妥善保管。","_N$string":"\n本游戏郑重承诺以保护使用其交互性产品和服务之用户的隐私。以下声明旨在披露与本游戏网页有关的隐私政策：\n\n本游戏收集哪些个人信息并怎样使用这些信息谁有权接触这些个人信息\n\n本游戏的用户在披露个人信息时有哪些选择\n\n本游戏的用户怎样接近、更新或删除他/她的信息\n\n如果本游戏的用户对本游戏的隐私政策有问题，他们应该和谁联系\n\n本游戏是一个手机游戏发行信息网站。它向用户提供广泛的服务，包括产品信息、新闻等。因为本游戏的成功取决于建立与维护对用户的良好信誉及尊重用户的合法权益，我们会坚定的实施保护我们用户隐私的措施。在登记过程中，每一项服务都要求用户提供不同类型和数量的个人信息。本游戏力图通过合法使用这些资料而为用户提供更好的服务。本隐私政策适用于您与本游戏页面的交互行为以及您登记和使用本游戏的在线服务。除了在本隐私政策和服务条款以及其他公布的准则的规定的情况下，我们不会公布与用户个人身份有关的资料。请注意本游戏不时地会更新完善其隐私措施，因此有关的措施会随之变化。请您定期浏览本页以确保对本游戏隐私政策最新版本始终保持了解。\n\n本游戏收集用户的两类信息：\n\n(1) 与个人身份无关的信息：\n\n当用户访问我们的网页，我们收集和汇总诸如哪些网页受到了访问，访问的顺序，链接途径等信息。收集这些信息涉及到记录访问本游戏的每个用户的IP地址、操作平台、浏览器软件等。尽管这些信息无关个人身份，但我们能够通过其IP地址确定其使用的ISP和其上网的地理位置。\n\n(2) 有关个人身份的信息：\n\n在本游戏网页的某些区域，比如提出客户服务时，用户会被要求提供个人相关信息。\n\n本游戏收集这类关于个人身份的信息主要是为了用户能够更容易和更满意地使用本游戏的网页。本游戏的目标是向所有的互联网用户提供刺激、有趣及有教益的上网经历。而这些个人信息有助于我们实现这一目标。\n\n当您发现本游戏的用户不正当地收集或使用您或他人的信息时，请联系：y3z3ft@yeah.net。\n\n信息的披露\n\n本游戏将在出现下述情形时披露您有关个人身份的信息：\n\n您授权或同意本游戏披露的；\n\n在紧急情况下，为了保护本游戏及其用户的合法权益或公共安全及利益；\n\n根据法律规定或有权部门的要求提供您的个人信息；\n\n根据本游戏各服务条款及声明中的相关规定，或者本游戏认为必要的其他情形下。\n\n未成年人信息及使用\n\n本游戏建议：任何未成年人参加网上活动应事先取得家长或其法定监护人（以下简称\"监护人\"）的同意。本游戏将根据国家相关法律法规的规定保护未成年人的相关信息。\n\n信息的提供\n\n本游戏的用户总是可以选择是否披露信息。有些信息是登记我们的服务所必需的，但大多数其他信息的提供是由用户决定的。\n\n本游戏为用户提供不计其数的网络互动活动，为便于用户参与互动活动并获取互动奖品，本游戏通常要求申请者在联系方法(通讯地址和电话)之外，还要根据其个人兴趣填写表格。此类信息被本游戏用来累积其用户的数据。如果用户不想提供所要求的信息和参加此类活动，这完全由用户自行决定。\n\n链接\n\n本游戏的网页上有与其他许多网页的链接，如网页上的广告等。本游戏对其他任何网站的内容、隐私政策或运营，或经营这些网站的公司的行为概不负责。在向这些网站提供个人信息之前，请查阅它们的隐私政策。\n\n更新与公开信息\n\n为给用户提供更好的服务，本游戏鼓励用户更新和修改其个人信息以使其有效。本游戏用户能在任何时候非常容易地获取并修改其个人信息。用户可以自行决定修改、删除他们的相关资料。\n\n无论何时您自愿披露个人信息（如在留言板、通过电子邮件或在聊天区公布）， 此种信息可能被他人收集及使用，因此造成您的个人信息泄露，本游戏不承担责任，如果你将个人信息公布在上述渠道，你就有可能造成个人信息泄露。因此，我们提醒并请您慎重考虑是否有必要在上述渠道公开您的个人信息。\n\n最后，您是唯一对您的账号和密码信息负有保密责任的人。任何情况下，请小心妥善保管。","_fontSize":20,"_lineHeight":28,"_N$overflow":3,"_N$cacheMode":2}],"_color":{"__type__":"cc.Color"},"_contentSize":{"__type__":"cc.Size","width":400,"height":2675},"_anchorPoint":{"__type__":"cc.Vec2","x":0.5,"y":1},"_trs":{"__type__":"TypedArray","ctor":"Float64Array","array":[0,-45,0,0,0,0,1,1,1,1]}},{"__type__":"cc.Node","_name":"loding","_parent":{"__id__":1},"_children":[{"__id__":59},{"__id__":60}],"_active":false,"_components":[{"__type__":"cc.Widget","node":{"__id__":58},"_alignFlags":45},{"__type__":"d4937fmD4NOJoAdc60P3xJ8","node":{"__id__":58}}],"_contentSize":{"__type__":"cc.Size","width":750,"height":1334},"_trs":{"__type__":"TypedArray","ctor":"Float64Array","array":[375,667,0,0,0,0,1,1,1,1]},"_id":"3cEpdcfR1Lu6TlQaAmOJeY"},{"__type__":"cc.Node","_name":"model","_parent":{"__id__":58},"_components":[{"__type__":"cc.Sprite","node":{"__id__":59},"_materials":[{"__uuid__":"ecpdLyjvZBwrvm+cedCcQy"}],"_spriteFrame":{"__uuid__":"a2MjXRFdtLlYQ5ouAFv/+R"},"_sizeMode":0},{"__type__":"cc.Widget","node":{"__id__":59},"_alignFlags":45,"_originalWidth":100,"_originalHeight":100},{"__type__":"cc.BlockInputEvents","node":{"__id__":59}}],"_opacity":100,"_color":{"__type__":"cc.Color"},"_contentSize":{"__type__":"cc.Size","width":750,"height":1334},"_trs":{"__type__":"TypedArray","ctor":"Float64Array","array":[0,0,0,0,0,0,1,1,1,1]}},{"__type__":"cc.Node","_name":"load","_parent":{"__id__":58},"_components":[{"__type__":"cc.Sprite","node":{"__id__":60},"_materials":[{"__uuid__":"ecpdLyjvZBwrvm+cedCcQy"}],"_spriteFrame":{"__uuid__":"09icMTiUBIfJ+Fg8QcBgNE"}}],"_contentSize":{"__type__":"cc.Size","width":82,"height":82},"_trs":{"__type__":"TypedArray","ctor":"Float64Array","array":[0,0,0,0,0,0,1,1,1,1]}}],{"__type__":"cc.SpriteFrame","content":{"name":"logo","texture":"e3oUwxoE5E6onhugTHUtF0","rect":[1,1,642,396],"offset":[3,-6],"originalSize":[660,408],"rotated":1,"capInsets":[0,0,0,0]}},{"__type__":"cc.SpriteFrame","content":{"name":"jindutiao","texture":"70uZhxIuNEn4cyfrG7FT01","rect":[1,688,572,26],"offset":[0,0],"originalSize":[572,26],"capInsets":[39,0,39,0]}},{"__type__":"cc.SpriteFrame","content":{"name":"jindudi","texture":"70uZhxIuNEn4cyfrG7FT01","rect":[1,716,572,26],"offset":[0,0],"originalSize":[572,26],"capInsets":[0,0,0,0]}},{"__type__":"cc.SpriteFrame","content":{"name":"login","texture":"e3oUwxoE5E6onhugTHUtF0","rect":[1,645,258,99],"offset":[0,0],"originalSize":[258,99],"capInsets":[0,0,0,0]}},{"__type__":"cc.SpriteFrame","content":{"name":"bg_xiao_nei","texture":"f4vjHC5+VGWrsOJQJq5mr0","rect":[0,0,600,489],"offset":[0,0.5],"originalSize":[600,490],"capInsets":[58,62.5,58,62.5]}},{"__type__":"cc.SpriteFrame","content":{"name":"bg_dl","texture":"b6p/FjugZObL+GDFJiYolh","rect":[0,0,750,1700],"offset":[0,0],"originalSize":[750,1700],"capInsets":[0,0,0,0]}},{"__type__":"cc.SpriteFrame","content":{"name":"default_sprite_splash","texture":"02delMVqdBD70a/HSD99FK","rect":[0,0,2,2],"offset":[0,0],"originalSize":[2,2],"capInsets":[0,0,0,0]}},{"__type__":"cc.SpriteFrame","content":{"name":"btn_anniu","texture":"70uZhxIuNEn4cyfrG7FT01","rect":[575,856,230,80],"offset":[0,0],"originalSize":[230,80],"capInsets":[50,30,50,28]}},{"__type__":"cc.SpriteFrame","content":{"name":"jindutiao","texture":"e3oUwxoE5E6onhugTHUtF0","rect":[1,830,380,26],"offset":[0,0],"originalSize":[380,26],"capInsets":[15,0,15,0]}},{"__type__":"cc.SpriteFrame","content":{"name":"fenge","texture":"70uZhxIuNEn4cyfrG7FT01","rect":[1,685,700,1],"offset":[0,0],"originalSize":[700,1],"capInsets":[0,0,0,0]}},{"__type__":"cc.SpriteAtlas","_name":"loginScene.plist","_spriteFrames":{"jindudi":{"__uuid__":"1exR0DDntBvIodhI11jIww"},"jindukuang":{"__uuid__":"01kb34yvdKLbhDGQ1oDr3B"},"jindutiao":{"__uuid__":"acYekRfQNOraZ2AInS9P/N"},"login":{"__uuid__":"78PEYRg1pIXKcJdobmE17D"},"logo":{"__uuid__":"2dtTJ1pMNMp7dc6kzaV7rr"},"tongyixx_icon2_block":{"__uuid__":"193UE3XiFLhbOkm1tD5wAA"},"tongyixx_icon_none":{"__uuid__":"fdeNbudH1BSoMat0/MGi/7"}}},{"__type__":"cc.SpriteFrame","content":{"name":"tongyixx_icon_none","texture":"e3oUwxoE5E6onhugTHUtF0","rect":[319,645,56,56],"offset":[0,0],"originalSize":[56,56],"capInsets":[0,0,0,0]}}]