[[{"__type__":"cc.Prefab","_name":"ruheshengji_layer","data":{"__id__":1}},{"__type__":"cc.Node","_name":"ruheshengji_layer","_children":[{"__id__":2},{"__id__":3},{"__id__":18}],"_components":[{"__type__":"cc.Widget","node":{"__id__":1},"_alignFlags":45},{"__type__":"294c6FQFelGk5OrbDJQJIve","node":{"__id__":1}}],"_prefab":{"__type__":"cc.PrefabInfo","root":{"__id__":1},"asset":{"__uuid__":"3cwxBHuMhCHIOJm5Sn7hB3"},"fileId":"f25cB/v2xHr7cEDRLk/G/0"},"_contentSize":{"__type__":"cc.Size","width":750,"height":1334},"_trs":{"__type__":"TypedArray","ctor":"Float64Array","array":[375,667,0,0,0,0,1,1,1,1]}},{"__type__":"cc.Node","_name":"mask","_parent":{"__id__":1},"_components":[{"__type__":"cc.Sprite","node":{"__id__":2},"_materials":[{"__uuid__":"ecpdLyjvZBwrvm+cedCcQy"}],"_spriteFrame":{"__uuid__":"a2MjXRFdtLlYQ5ouAFv/+R"},"_sizeMode":0},{"__type__":"cc.Widget","node":{"__id__":2},"_alignFlags":45,"_originalWidth":40,"_originalHeight":36},{"__type__":"cc.BlockInputEvents","node":{"__id__":2}}],"_prefab":{"__type__":"cc.PrefabInfo","root":{"__id__":1},"asset":{"__uuid__":"3cwxBHuMhCHIOJm5Sn7hB3"},"fileId":"97saLHaJ1FjJ8QDHm10RkR"},"_opacity":130,"_color":{"__type__":"cc.Color"},"_contentSize":{"__type__":"cc.Size","width":750,"height":1334},"_trs":{"__type__":"TypedArray","ctor":"Float64Array","array":[0,0,0,0,0,0,1,1,1,1]}},{"__type__":"cc.Node","_name":"bgNode","_parent":{"__id__":1},"_children":[{"__id__":4}],"_components":[{"__type__":"cc.Sprite","node":{"__id__":3},"_materials":[{"__uuid__":"ecpdLyjvZBwrvm+cedCcQy"}],"_spriteFrame":{"__uuid__":"fcWA/B9L5IZKjiJkUQd8Kf"},"_type":1,"_sizeMode":0}],"_prefab":{"__type__":"cc.PrefabInfo","root":{"__id__":1},"asset":{"__uuid__":"3cwxBHuMhCHIOJm5Sn7hB3"},"fileId":"53LT08o1ZCwaA7J5wponyB"},"_contentSize":{"__type__":"cc.Size","width":657,"height":650},"_trs":{"__type__":"TypedArray","ctor":"Float64Array","array":[1,12.19,0,0,0,0,1,1,1,1]}},{"__type__":"cc.Node","_name":"topnode","_parent":{"__id__":3},"_children":[{"__id__":5},{"__id__":7},{"__id__":16}],"_components":[{"__type__":"cc.Widget","node":{"__id__":4},"_alignFlags":45}],"_prefab":{"__type__":"cc.PrefabInfo","root":{"__id__":1},"asset":{"__uuid__":"3cwxBHuMhCHIOJm5Sn7hB3"},"fileId":"a5CCF/0OZOc7sLokvSa7Nk"},"_contentSize":{"__type__":"cc.Size","width":657,"height":650},"_trs":{"__type__":"TypedArray","ctor":"Float64Array","array":[0,0,0,0,0,0,1,1,1,1]}},{"__type__":"cc.Node","_name":"pic_tixian","_parent":{"__id__":4},"_children":[{"__id__":6}],"_components":[{"__type__":"cc.Sprite","node":{"__id__":5},"_materials":[{"__uuid__":"ecpdLyjvZBwrvm+cedCcQy"}],"_spriteFrame":{"__uuid__":"cdEvF//9tDQ7A6VuL1Xfzj"}}],"_prefab":{"__type__":"cc.PrefabInfo","root":{"__id__":1},"asset":{"__uuid__":"3cwxBHuMhCHIOJm5Sn7hB3"},"fileId":"5foG1/GY1H+a/ETkM80rFY"},"_contentSize":{"__type__":"cc.Size","width":304,"height":110},"_trs":{"__type__":"TypedArray","ctor":"Float64Array","array":[0,290.994,0,0,0,0,1,1,1,1]}},{"__type__":"cc.Node","_name":"font_title","_parent":{"__id__":5},"_components":[{"__type__":"41ebaVoPpRA4Kp67XEdHfZn","node":{"__id__":6},"_materials":[{"__uuid__":"ecpdLyjvZBwrvm+cedCcQy"}],"_string":"如何升级","_N$string":"如何升级","_fontSize":50,"_lineHeight":50,"_N$file":{"__uuid__":"farb0WbWZMgrGmuICOt0MU"},"_isSystemFontUsed":false,"i18n_string":"ruheshengji_layer_1_1"},{"__type__":"cc.LabelOutline","node":{"__id__":6},"_color":{"__type__":"cc.Color","r":117,"g":59,"b":23},"_width":5}],"_prefab":{"__type__":"cc.PrefabInfo","root":{"__id__":1},"asset":{"__uuid__":"3cwxBHuMhCHIOJm5Sn7hB3"},"fileId":"6dxn9P3WZC/4N0K5Pq5qrk"},"_contentSize":{"__type__":"cc.Size","width":210,"height":73},"_trs":{"__type__":"TypedArray","ctor":"Float64Array","array":[0,0,0,0,0,0,1,1,1,1]}},{"__type__":"cc.Node","_name":"bg_bai","_parent":{"__id__":4},"_children":[{"__id__":8},{"__id__":9},{"__id__":15}],"_components":[{"__type__":"cc.Sprite","node":{"__id__":7},"_materials":[{"__uuid__":"ecpdLyjvZBwrvm+cedCcQy"}],"_spriteFrame":{"__uuid__":"ef3UVVgTJF6pp4WVJpkmCA"},"_type":1,"_sizeMode":0}],"_prefab":{"__type__":"cc.PrefabInfo","root":{"__id__":1},"asset":{"__uuid__":"3cwxBHuMhCHIOJm5Sn7hB3"},"fileId":"62KFZAgSlNEoobYIynrHFA"},"_contentSize":{"__type__":"cc.Size","width":600,"height":350},"_trs":{"__type__":"TypedArray","ctor":"Float64Array","array":[0,21.25,0,0,0,0,1,1,1,1]}},{"__type__":"cc.Node","_name":"font_1","_parent":{"__id__":7},"_components":[{"__type__":"41ebaVoPpRA4Kp67XEdHfZn","node":{"__id__":8},"_materials":[{"__uuid__":"ecpdLyjvZBwrvm+cedCcQy"}],"_string":"通过以下方式可快速升级","_N$string":"通过以下方式可快速升级","_fontSize":30,"_lineHeight":30,"_N$file":{"__uuid__":"farb0WbWZMgrGmuICOt0MU"},"_isSystemFontUsed":false,"_N$horizontalAlign":1,"_N$verticalAlign":1,"i18n_string":"ruheshengji_layer_1_2"}],"_prefab":{"__type__":"cc.PrefabInfo","root":{"__id__":1},"asset":{"__uuid__":"3cwxBHuMhCHIOJm5Sn7hB3"},"fileId":"89bHnNWhxBN4pwW4yUtdNu"},"_color":{"__type__":"cc.Color","r":110,"g":60,"b":14},"_contentSize":{"__type__":"cc.Size","width":330,"height":37.8},"_anchorPoint":{"__type__":"cc.Vec2","y":0.5},"_trs":{"__type__":"TypedArray","ctor":"Float64Array","array":[-266,126.084,0,0,0,0,1,1,1,1]}},{"__type__":"cc.Node","_name":"layout_font","_parent":{"__id__":7},"_children":[{"__id__":10},{"__id__":11},{"__id__":12},{"__id__":13},{"__id__":14}],"_components":[{"__type__":"cc.Layout","node":{"__id__":9},"_layoutSize":{"__type__":"cc.Size","width":200,"height":229},"_resize":1,"_N$layoutType":2,"_N$spacingY":10}],"_prefab":{"__type__":"cc.PrefabInfo","root":{"__id__":1},"asset":{"__uuid__":"3cwxBHuMhCHIOJm5Sn7hB3"},"fileId":"04DZnlwcRAG5lI4PnWrSyx"},"_contentSize":{"__type__":"cc.Size","width":200,"height":229},"_trs":{"__type__":"TypedArray","ctor":"Float64Array","array":[0,-32.29,0,0,0,0,1,1,1,1]}},{"__type__":"cc.Node","_name":"font_2","_parent":{"__id__":9},"_components":[{"__type__":"41ebaVoPpRA4Kp67XEdHfZn","node":{"__id__":10},"_materials":[{"__uuid__":"ecpdLyjvZBwrvm+cedCcQy"}],"_string":"   1.观看视频（大量）","_N$string":"   1.观看视频（大量）","_fontSize":30,"_lineHeight":30,"_N$file":{"__uuid__":"farb0WbWZMgrGmuICOt0MU"},"_isSystemFontUsed":false,"_N$horizontalAlign":1,"_N$verticalAlign":1,"i18n_string":"ruheshengji_layer_1_3"}],"_prefab":{"__type__":"cc.PrefabInfo","root":{"__id__":1},"asset":{"__uuid__":"3cwxBHuMhCHIOJm5Sn7hB3"},"fileId":"64HLKsjn5OdIOW8KbqAB+B"},"_color":{"__type__":"cc.Color","r":110,"g":60,"b":14},"_contentSize":{"__type__":"cc.Size","width":307.06,"height":37.8},"_anchorPoint":{"__type__":"cc.Vec2","y":0.5},"_trs":{"__type__":"TypedArray","ctor":"Float64Array","array":[-266,95.6,0,0,0,0,1,1,1,1]}},{"__type__":"cc.Node","_name":"font_3","_parent":{"__id__":9},"_components":[{"__type__":"41ebaVoPpRA4Kp67XEdHfZn","node":{"__id__":11},"_materials":[{"__uuid__":"ecpdLyjvZBwrvm+cedCcQy"}],"_string":"   2.完成任务","_N$string":"   2.完成任务","_fontSize":30,"_lineHeight":30,"_N$file":{"__uuid__":"farb0WbWZMgrGmuICOt0MU"},"_isSystemFontUsed":false,"_N$horizontalAlign":1,"_N$verticalAlign":1,"i18n_string":"ruheshengji_layer_1_4"}],"_prefab":{"__type__":"cc.PrefabInfo","root":{"__id__":1},"asset":{"__uuid__":"3cwxBHuMhCHIOJm5Sn7hB3"},"fileId":"9cxqfrAB1BkYQQT1QRhA8z"},"_color":{"__type__":"cc.Color","r":110,"g":60,"b":14},"_contentSize":{"__type__":"cc.Size","width":187,"height":37.8},"_anchorPoint":{"__type__":"cc.Vec2","y":0.5},"_trs":{"__type__":"TypedArray","ctor":"Float64Array","array":[-266,47.79999999999999,0,0,0,0,1,1,1,1]}},{"__type__":"cc.Node","_name":"font_4","_parent":{"__id__":9},"_components":[{"__type__":"41ebaVoPpRA4Kp67XEdHfZn","node":{"__id__":12},"_materials":[{"__uuid__":"ecpdLyjvZBwrvm+cedCcQy"}],"_string":"   3.合成和解锁炮塔","_N$string":"   3.合成和解锁炮塔","_fontSize":30,"_lineHeight":30,"_N$file":{"__uuid__":"farb0WbWZMgrGmuICOt0MU"},"_isSystemFontUsed":false,"_N$horizontalAlign":1,"_N$verticalAlign":1,"i18n_string":"ruheshengji_layer_1_5"}],"_prefab":{"__type__":"cc.PrefabInfo","root":{"__id__":1},"asset":{"__uuid__":"3cwxBHuMhCHIOJm5Sn7hB3"},"fileId":"26DpxB68pGFoUrzPxTBIcj"},"_color":{"__type__":"cc.Color","r":110,"g":60,"b":14},"_contentSize":{"__type__":"cc.Size","width":276.91,"height":37.8},"_anchorPoint":{"__type__":"cc.Vec2","y":0.5},"_trs":{"__type__":"TypedArray","ctor":"Float64Array","array":[-266,-7.105427357601002e-15,0,0,0,0,1,1,1,1]}},{"__type__":"cc.Node","_name":"font_5","_parent":{"__id__":9},"_components":[{"__type__":"41ebaVoPpRA4Kp67XEdHfZn","node":{"__id__":13},"_materials":[{"__uuid__":"ecpdLyjvZBwrvm+cedCcQy"}],"_string":"   4.领取红包","_N$string":"   4.领取红包","_fontSize":30,"_lineHeight":30,"_N$file":{"__uuid__":"farb0WbWZMgrGmuICOt0MU"},"_isSystemFontUsed":false,"_N$horizontalAlign":1,"_N$verticalAlign":1,"i18n_string":"ruheshengji_layer_1_6"}],"_prefab":{"__type__":"cc.PrefabInfo","root":{"__id__":1},"asset":{"__uuid__":"3cwxBHuMhCHIOJm5Sn7hB3"},"fileId":"57J84M8XJDhL3XTAWV0jK7"},"_color":{"__type__":"cc.Color","r":110,"g":60,"b":14},"_contentSize":{"__type__":"cc.Size","width":186.91,"height":37.8},"_anchorPoint":{"__type__":"cc.Vec2","y":0.5},"_trs":{"__type__":"TypedArray","ctor":"Float64Array","array":[-266,-47.800000000000004,0,0,0,0,1,1,1,1]}},{"__type__":"cc.Node","_name":"font_6","_parent":{"__id__":9},"_components":[{"__type__":"41ebaVoPpRA4Kp67XEdHfZn","node":{"__id__":14},"_materials":[{"__uuid__":"ecpdLyjvZBwrvm+cedCcQy"}],"_string":"   5.转盘抽奖、签到","_N$string":"   5.转盘抽奖、签到","_fontSize":30,"_lineHeight":30,"_N$file":{"__uuid__":"farb0WbWZMgrGmuICOt0MU"},"_isSystemFontUsed":false,"_N$horizontalAlign":1,"_N$verticalAlign":1,"i18n_string":"ruheshengji_layer_1_7"}],"_prefab":{"__type__":"cc.PrefabInfo","root":{"__id__":1},"asset":{"__uuid__":"3cwxBHuMhCHIOJm5Sn7hB3"},"fileId":"4e1Y4sielC27mbGz5ml2Q1"},"_color":{"__type__":"cc.Color","r":110,"g":60,"b":14},"_contentSize":{"__type__":"cc.Size","width":277.29,"height":37.8},"_anchorPoint":{"__type__":"cc.Vec2","y":0.5},"_trs":{"__type__":"TypedArray","ctor":"Float64Array","array":[-266,-95.6,0,0,0,0,1,1,1,1]}},{"__type__":"cc.Node","_name":"pic_ruheshengji","_parent":{"__id__":7},"_active":false,"_components":[{"__type__":"cc.Sprite","node":{"__id__":15},"_materials":[{"__uuid__":"ecpdLyjvZBwrvm+cedCcQy"}],"_spriteFrame":{"__uuid__":"bfKTbgk4lFJ5bxIbo6jQDE"}}],"_prefab":{"__type__":"cc.PrefabInfo","root":{"__id__":1},"asset":{"__uuid__":"3cwxBHuMhCHIOJm5Sn7hB3"},"fileId":"fcTnBX7ZhBmYhbLcXyrlxQ"},"_contentSize":{"__type__":"cc.Size","width":377,"height":167},"_trs":{"__type__":"TypedArray","ctor":"Float64Array","array":[67,56,0,0,0,0,1,1,1,1]}},{"__type__":"cc.Node","_name":"btn_ruheshengji","_parent":{"__id__":4},"_children":[{"__id__":17}],"_components":[{"__type__":"cc.Sprite","node":{"__id__":16},"_materials":[{"__uuid__":"ecpdLyjvZBwrvm+cedCcQy"}],"_spriteFrame":{"__uuid__":"72vssc8EtLjbZBs4KWL+8I"}}],"_prefab":{"__type__":"cc.PrefabInfo","root":{"__id__":1},"asset":{"__uuid__":"3cwxBHuMhCHIOJm5Sn7hB3"},"fileId":"968kzBLGhH9I3J5VD6kaGJ"},"_contentSize":{"__type__":"cc.Size","width":230,"height":80},"_trs":{"__type__":"TypedArray","ctor":"Float64Array","array":[0,-225.73,0,0,0,0,1,1,1,1]}},{"__type__":"cc.Node","_name":"lab_queding","_parent":{"__id__":16},"_components":[{"__type__":"41ebaVoPpRA4Kp67XEdHfZn","node":{"__id__":17},"_materials":[{"__uuid__":"ecpdLyjvZBwrvm+cedCcQy"}],"_string":"确定","_N$string":"确定","_fontSize":35,"_lineHeight":35,"_N$file":{"__uuid__":"farb0WbWZMgrGmuICOt0MU"},"_isSystemFontUsed":false,"_N$horizontalAlign":1,"_N$verticalAlign":1,"i18n_string":"ruheshengji_layer_1_8"},{"__type__":"cc.LabelOutline","node":{"__id__":17},"_color":{"__type__":"cc.Color"},"_width":2}],"_prefab":{"__type__":"cc.PrefabInfo","root":{"__id__":1},"asset":{"__uuid__":"3cwxBHuMhCHIOJm5Sn7hB3"},"fileId":"f01n4g8OpNSYJVL/bv6Of5"},"_contentSize":{"__type__":"cc.Size","width":74,"height":48.1},"_trs":{"__type__":"TypedArray","ctor":"Float64Array","array":[0,0,0,0,0,0,1,1,1,1]}},{"__type__":"cc.Node","_name":"ic_guanbi2","_parent":{"__id__":1},"_components":[{"__type__":"cc.Sprite","node":{"__id__":18},"_materials":[{"__uuid__":"ecpdLyjvZBwrvm+cedCcQy"}],"_spriteFrame":{"__uuid__":"5c4o7no3NMH7pZupb0latf"}},{"__type__":"cc.Button","node":{"__id__":18},"_normalMaterial":{"__uuid__":"ecpdLyjvZBwrvm+cedCcQy"},"zoomScale":0.9,"_N$transition":3,"transition":3}],"_prefab":{"__type__":"cc.PrefabInfo","root":{"__id__":1},"asset":{"__uuid__":"3cwxBHuMhCHIOJm5Sn7hB3"},"fileId":"52MG+4I9dLaroFtGI3Rmbq"},"_contentSize":{"__type__":"cc.Size","width":84,"height":84},"_trs":{"__type__":"TypedArray","ctor":"Float64Array","array":[288,292.005,0,0,0,0,1,1,1,1]}}],{"__type__":"cc.SpriteFrame","content":{"name":"ic_guanbi2","texture":"02krqH8i1AdZB/lC2WegR2","rect":[789,371,84,84],"offset":[0,0],"originalSize":[84,84],"capInsets":[0,0,0,0]}},{"__type__":"cc.SpriteFrame","content":{"name":"btn_anniu","texture":"1bGMIb4PFCPLdSEzxrUZ4h","rect":[539,228,230,80],"offset":[0,0],"originalSize":[230,80],"capInsets":[27,22,26,21]}},{"__type__":"cc.SpriteFrame","content":{"name":"default_sprite_splash","texture":"02delMVqdBD70a/HSD99FK","rect":[0,0,2,2],"offset":[0,0],"originalSize":[2,2],"capInsets":[0,0,0,0]}},{"__type__":"cc.SpriteFrame","content":{"name":"pic_ruheshengji","texture":"32YhgXHp5LW4c8kofCSgCz","rect":[201,24,377,167],"offset":[89.5,67.5],"originalSize":[600,350],"capInsets":[0,0,0,0]}},{"__type__":"cc.SpriteFrame","content":{"name":"img_title","texture":"36otX/aM1E4Zo+o68pRLtJ","rect":[1,1,304,110],"offset":[0,0],"originalSize":[304,110],"capInsets":[0,0,0,0]}},{"__type__":"cc.SpriteFrame","content":{"name":"bg_bai","texture":"7ay42iyKVAQ41J+IO+pzMZ","rect":[0,0,600,400],"offset":[0,0],"originalSize":[600,400],"capInsets":[54,54,54,54]}},{"__type__":"cc.SpriteFrame","content":{"name":"bg_paowang","texture":"5fIZ6eNjtLcoTSqUYB8890","rect":[1,0,657,808],"offset":[0.5,0],"originalSize":[658,808],"capInsets":[248.5,335,248.5,335]}}]