[{"__type__":"cc.SpriteFrame","content":{"name":"touxiangdi","texture":"e0kPQXrAlLBp/dRPfCD6sk","rect":[515,543,70,88],"offset":[0,0],"originalSize":[70,88],"capInsets":[0,0,0,0]}},{"__type__":"cc.SpriteFrame","content":{"name":"pic_jindudi","texture":"e0kPQXrAlLBp/dRPfCD6sk","rect":[1,559,358,34],"offset":[0,0],"originalSize":[358,34],"capInsets":[0,0,0,0]}},{"__type__":"cc.SpriteFrame","content":{"name":"ic_guanbi2","texture":"02krqH8i1AdZB/lC2WegR2","rect":[789,371,84,84],"offset":[0,0],"originalSize":[84,84],"capInsets":[0,0,0,0]}},{"__type__":"cc.SpriteFrame","content":{"name":"pic_shengjitixian","texture":"e0kPQXrAlLBp/dRPfCD6sk","rect":[1,413,448,144],"offset":[0,0],"originalSize":[448,144],"capInsets":[0,0,0,0]}},{"__type__":"cc.SpriteFrame","content":{"name":"default_sprite_splash","texture":"02delMVqdBD70a/HSD99FK","rect":[0,0,2,2],"offset":[0,0],"originalSize":[2,2],"capInsets":[0,0,0,0]}},{"__type__":"cc.SpriteFrame","content":{"name":"bg_xiangqing1","texture":"e0kPQXrAlLBp/dRPfCD6sk","rect":[1,1,586,274],"offset":[0,0],"originalSize":[586,274],"capInsets":[0,0,0,0]}},[{"__type__":"cc.Prefab","_name":"lvlTixian_layer","data":{"__id__":1}},{"__type__":"cc.Node","_name":"lvlTixian_layer","_children":[{"__id__":2},{"__id__":3},{"__id__":26}],"_components":[{"__type__":"cc.Widget","node":{"__id__":1},"_alignFlags":45},{"__type__":"0b5ceQTqZRBnYYaP68DlZHd","node":{"__id__":1},"item":{"__uuid__":"a1GT44r+NFHIi1/rI/zuiD"}}],"_prefab":{"__type__":"cc.PrefabInfo","root":{"__id__":1},"asset":{"__uuid__":"d0VpYu3nNFeJS2oHK+2E+7"},"fileId":"f25cB/v2xHr7cEDRLk/G/0"},"_contentSize":{"__type__":"cc.Size","width":750,"height":1334},"_trs":{"__type__":"TypedArray","ctor":"Float64Array","array":[375,667,0,0,0,0,1,1,1,1]}},{"__type__":"cc.Node","_name":"mask","_parent":{"__id__":1},"_components":[{"__type__":"cc.Sprite","node":{"__id__":2},"_materials":[{"__uuid__":"ecpdLyjvZBwrvm+cedCcQy"}],"_spriteFrame":{"__uuid__":"a2MjXRFdtLlYQ5ouAFv/+R"},"_sizeMode":0},{"__type__":"cc.Widget","node":{"__id__":2},"_alignFlags":45,"_originalWidth":40,"_originalHeight":36},{"__type__":"cc.BlockInputEvents","node":{"__id__":2}}],"_prefab":{"__type__":"cc.PrefabInfo","root":{"__id__":1},"asset":{"__uuid__":"d0VpYu3nNFeJS2oHK+2E+7"},"fileId":"97saLHaJ1FjJ8QDHm10RkR"},"_opacity":130,"_color":{"__type__":"cc.Color"},"_contentSize":{"__type__":"cc.Size","width":750,"height":1334},"_trs":{"__type__":"TypedArray","ctor":"Float64Array","array":[0,0,0,0,0,0,1,1,1,1]}},{"__type__":"cc.Node","_name":"bgNode","_parent":{"__id__":1},"_children":[{"__id__":4}],"_components":[{"__type__":"cc.Sprite","node":{"__id__":3},"_materials":[{"__uuid__":"ecpdLyjvZBwrvm+cedCcQy"}],"_spriteFrame":{"__uuid__":"fcWA/B9L5IZKjiJkUQd8Kf"},"_type":1,"_sizeMode":0}],"_prefab":{"__type__":"cc.PrefabInfo","root":{"__id__":1},"asset":{"__uuid__":"d0VpYu3nNFeJS2oHK+2E+7"},"fileId":"53LT08o1ZCwaA7J5wponyB"},"_contentSize":{"__type__":"cc.Size","width":657,"height":1126},"_trs":{"__type__":"TypedArray","ctor":"Float64Array","array":[1,-11.498,0,0,0,0,1,1,1,1]}},{"__type__":"cc.Node","_name":"topnode","_parent":{"__id__":3},"_children":[{"__id__":5},{"__id__":6},{"__id__":7},{"__id__":23}],"_components":[{"__type__":"cc.Widget","node":{"__id__":4},"_alignFlags":45}],"_prefab":{"__type__":"cc.PrefabInfo","root":{"__id__":1},"asset":{"__uuid__":"d0VpYu3nNFeJS2oHK+2E+7"},"fileId":"a5CCF/0OZOc7sLokvSa7Nk"},"_contentSize":{"__type__":"cc.Size","width":657,"height":1126},"_trs":{"__type__":"TypedArray","ctor":"Float64Array","array":[0,0,0,0,0,0,1,1,1,1]}},{"__type__":"cc.Node","_name":"pic_tixian","_parent":{"__id__":4},"_components":[{"__type__":"cc.Sprite","node":{"__id__":5},"_materials":[{"__uuid__":"ecpdLyjvZBwrvm+cedCcQy"}],"_spriteFrame":{"__uuid__":"6dDSxQE1NL1rFMMQOiXpHj"}}],"_prefab":{"__type__":"cc.PrefabInfo","root":{"__id__":1},"asset":{"__uuid__":"d0VpYu3nNFeJS2oHK+2E+7"},"fileId":"5foG1/GY1H+a/ETkM80rFY"},"_contentSize":{"__type__":"cc.Size","width":448,"height":144},"_trs":{"__type__":"TypedArray","ctor":"Float64Array","array":[2,528,0,0,0,0,1,1,1,1]}},{"__type__":"cc.Node","_name":"pic_tixian_en","_parent":{"__id__":4},"_active":false,"_components":[{"__type__":"cc.Sprite","node":{"__id__":6},"_materials":[{"__uuid__":"ecpdLyjvZBwrvm+cedCcQy"}],"_spriteFrame":{"__uuid__":"d3ymkPeYxOhqU/yyPD/hP8"}}],"_prefab":{"__type__":"cc.PrefabInfo","root":{"__id__":1},"asset":{"__uuid__":"d0VpYu3nNFeJS2oHK+2E+7"},"fileId":"ceevb9Y1BKPaNmUT2L26q7"},"_contentSize":{"__type__":"cc.Size","width":375,"height":132},"_trs":{"__type__":"TypedArray","ctor":"Float64Array","array":[2,528,0,0,0,0,1,1,1,1]}},{"__type__":"cc.Node","_name":"bg_xiangqing1","_parent":{"__id__":4},"_children":[{"__id__":8},{"__id__":11},{"__id__":13},{"__id__":17},{"__id__":19},{"__id__":21},{"__id__":22}],"_components":[{"__type__":"cc.Sprite","node":{"__id__":7},"_materials":[{"__uuid__":"ecpdLyjvZBwrvm+cedCcQy"}],"_spriteFrame":{"__uuid__":"c6vr/rxuRKuoXyqrE90jlW"}}],"_prefab":{"__type__":"cc.PrefabInfo","root":{"__id__":1},"asset":{"__uuid__":"d0VpYu3nNFeJS2oHK+2E+7"},"fileId":"d1RfjUifRBbKvoad28Ysig"},"_contentSize":{"__type__":"cc.Size","width":586,"height":274},"_trs":{"__type__":"TypedArray","ctor":"Float64Array","array":[0,299.426,0,0,0,0,1,1,1,1]}},{"__type__":"cc.Node","_name":"ProgressBar","_parent":{"__id__":7},"_children":[{"__id__":9}],"_components":[{"__type__":"cc.Sprite","node":{"__id__":8},"_materials":[{"__uuid__":"ecpdLyjvZBwrvm+cedCcQy"}],"_spriteFrame":{"__uuid__":"43Op49xVBGY5z5/mWfW9Ny"},"_type":1,"_sizeMode":0},{"__type__":"cc.ProgressBar","node":{"__id__":8},"_N$totalLength":352,"_N$barSprite":{"__id__":10},"_N$progress":0}],"_prefab":{"__type__":"cc.PrefabInfo","root":{"__id__":1},"asset":{"__uuid__":"d0VpYu3nNFeJS2oHK+2E+7"},"fileId":"efnr49GzdPxJtbHhze4vYo"},"_contentSize":{"__type__":"cc.Size","width":352,"height":28},"_trs":{"__type__":"TypedArray","ctor":"Float64Array","array":[-28.578,-31.075,0,0,0,0,1,1,1,1]}},{"__type__":"cc.Node","_name":"bar","_parent":{"__id__":8},"_components":[{"__id__":10}],"_prefab":{"__type__":"cc.PrefabInfo","root":{"__id__":1},"asset":{"__uuid__":"d0VpYu3nNFeJS2oHK+2E+7"},"fileId":"aedmgzZzhPGK08ntWgQuGl"},"_contentSize":{"__type__":"cc.Size","height":28},"_anchorPoint":{"__type__":"cc.Vec2","y":0.5},"_trs":{"__type__":"TypedArray","ctor":"Float64Array","array":[-179,0,0,0,0,0,1,1,1,1]}},{"__type__":"cc.Sprite","node":{"__id__":9},"_materials":[{"__uuid__":"ecpdLyjvZBwrvm+cedCcQy"}],"_spriteFrame":{"__uuid__":"eesuBtcoVK6IShqLMUscf/"},"_type":1,"_sizeMode":0},{"__type__":"cc.Node","_name":"pic_dengji","_parent":{"__id__":7},"_children":[{"__id__":12}],"_components":[{"__type__":"cc.Sprite","node":{"__id__":11},"_materials":[{"__uuid__":"ecpdLyjvZBwrvm+cedCcQy"}],"_spriteFrame":{"__uuid__":"d3szbdZQlN0LbmKn7UVZcM"}}],"_prefab":{"__type__":"cc.PrefabInfo","root":{"__id__":1},"asset":{"__uuid__":"d0VpYu3nNFeJS2oHK+2E+7"},"fileId":"95+sRYgBlIw7Za7rXtldEz"},"_contentSize":{"__type__":"cc.Size","width":80,"height":70},"_trs":{"__type__":"TypedArray","ctor":"Float64Array","array":[-218.944,-28.255,0,0,0,0,1,1,1,1]}},{"__type__":"cc.Node","_name":"lab_lvl","_parent":{"__id__":11},"_components":[{"__type__":"cc.Label","node":{"__id__":12},"_materials":[{"__uuid__":"ecpdLyjvZBwrvm+cedCcQy"}],"_useOriginalSize":false,"_string":"0","_N$string":"0","_fontSize":25,"_lineHeight":25,"_N$horizontalAlign":1,"_N$verticalAlign":1}],"_prefab":{"__type__":"cc.PrefabInfo","root":{"__id__":1},"asset":{"__uuid__":"d0VpYu3nNFeJS2oHK+2E+7"},"fileId":"04f/Vp00FCyJrnAizZjHKr"},"_contentSize":{"__type__":"cc.Size","width":13.9,"height":31.5},"_trs":{"__type__":"TypedArray","ctor":"Float64Array","array":[-1,1,0,0,0,0,1,1,1,1]}},{"__type__":"cc.Node","_name":"touxiangdi","_parent":{"__id__":7},"_children":[{"__id__":14},{"__id__":16}],"_components":[{"__type__":"cc.Sprite","node":{"__id__":13},"_materials":[{"__uuid__":"ecpdLyjvZBwrvm+cedCcQy"}],"_spriteFrame":{"__uuid__":"20IU6BUUBBV6MYOFRk6ygf"}}],"_prefab":{"__type__":"cc.PrefabInfo","root":{"__id__":1},"asset":{"__uuid__":"d0VpYu3nNFeJS2oHK+2E+7"},"fileId":"9d90SS0tVAFoJWVUMWikd0"},"_contentSize":{"__type__":"cc.Size","width":70,"height":88},"_trs":{"__type__":"TypedArray","ctor":"Float64Array","array":[0,47.022,0,0,0,0,1,1,1,1]}},{"__type__":"cc.Node","_name":"touxiang","_parent":{"__id__":13},"_children":[{"__id__":15}],"_components":[{"__type__":"cc.Mask","node":{"__id__":14},"_materials":[{"__uuid__":"ecpdLyjvZBwrvm+cedCcQy"}]}],"_prefab":{"__type__":"cc.PrefabInfo","root":{"__id__":1},"asset":{"__uuid__":"d0VpYu3nNFeJS2oHK+2E+7"},"fileId":"706/NUj8ZJKLUSDSinfvxt"},"_contentSize":{"__type__":"cc.Size","width":70,"height":70},"_trs":{"__type__":"TypedArray","ctor":"Float64Array","array":[0,8.9,0,0,0,0,1,1,1,1]}},{"__type__":"cc.Node","_name":"avatar","_parent":{"__id__":14},"_components":[{"__type__":"cc.Sprite","node":{"__id__":15},"_materials":[{"__uuid__":"ecpdLyjvZBwrvm+cedCcQy"}],"_spriteFrame":{"__uuid__":"d048izQVVL9oRMaFCVIAx4"},"_sizeMode":0}],"_prefab":{"__type__":"cc.PrefabInfo","root":{"__id__":1},"asset":{"__uuid__":"d0VpYu3nNFeJS2oHK+2E+7"},"fileId":"83g9JNErtLjpgl4zg52tyn"},"_contentSize":{"__type__":"cc.Size","width":70,"height":70},"_trs":{"__type__":"TypedArray","ctor":"Float64Array","array":[0,0,0,0,0,0,1,1,1,1]}},{"__type__":"cc.Node","_name":"lab_lvl_num","_parent":{"__id__":13},"_components":[{"__type__":"cc.Label","node":{"__id__":16},"_materials":[{"__uuid__":"ecpdLyjvZBwrvm+cedCcQy"}],"_useOriginalSize":false,"_string":"LV6","_N$string":"LV6","_fontSize":16,"_lineHeight":16,"_N$horizontalAlign":1,"_N$verticalAlign":1}],"_prefab":{"__type__":"cc.PrefabInfo","root":{"__id__":1},"asset":{"__uuid__":"d0VpYu3nNFeJS2oHK+2E+7"},"fileId":"23xbKR4ldP4oh1Hf0+47zg"},"_contentSize":{"__type__":"cc.Size","width":27.28,"height":20.16},"_trs":{"__type__":"TypedArray","ctor":"Float64Array","array":[0,-35.056,0,0,0,0,1,1,1,1]}},{"__type__":"cc.Node","_name":"btn_ruheshengji","_parent":{"__id__":7},"_children":[{"__id__":18}],"_components":[{"__type__":"cc.Sprite","node":{"__id__":17},"_materials":[{"__uuid__":"ecpdLyjvZBwrvm+cedCcQy"}],"_spriteFrame":{"__uuid__":"e3gjKADI5AALjqcJqqOHTh"}},{"__type__":"cc.Button","node":{"__id__":17},"_normalMaterial":{"__uuid__":"ecpdLyjvZBwrvm+cedCcQy"},"zoomScale":0.9,"_N$transition":3,"transition":3}],"_prefab":{"__type__":"cc.PrefabInfo","root":{"__id__":1},"asset":{"__uuid__":"d0VpYu3nNFeJS2oHK+2E+7"},"fileId":"29nUbdypBHP4YDknCHzCc5"},"_contentSize":{"__type__":"cc.Size","width":120,"height":46},"_trs":{"__type__":"TypedArray","ctor":"Float64Array","array":[211.269,-28.047,0,0,0,0,1,1,1,1]}},{"__type__":"cc.Node","_name":"lab_shengji","_parent":{"__id__":17},"_components":[{"__type__":"41ebaVoPpRA4Kp67XEdHfZn","node":{"__id__":18},"_materials":[{"__uuid__":"ecpdLyjvZBwrvm+cedCcQy"}],"_string":"如何升级","_N$string":"如何升级","_fontSize":20,"_lineHeight":20,"_N$file":{"__uuid__":"farb0WbWZMgrGmuICOt0MU"},"_isSystemFontUsed":false,"_N$horizontalAlign":1,"_N$verticalAlign":1},{"__type__":"cc.LabelOutline","node":{"__id__":18},"_color":{"__type__":"cc.Color"},"_width":2}],"_prefab":{"__type__":"cc.PrefabInfo","root":{"__id__":1},"asset":{"__uuid__":"d0VpYu3nNFeJS2oHK+2E+7"},"fileId":"d45kuk3jRNf6PJSWkmUnaF"},"_contentSize":{"__type__":"cc.Size","width":84,"height":29.2},"_trs":{"__type__":"TypedArray","ctor":"Float64Array","array":[0,0,0,0,0,0,1,1,1,1]}},{"__type__":"cc.Node","_name":"btn_ruheshengji_en","_parent":{"__id__":7},"_children":[{"__id__":20}],"_active":false,"_components":[{"__type__":"cc.Sprite","node":{"__id__":19},"_materials":[{"__uuid__":"ecpdLyjvZBwrvm+cedCcQy"}],"_spriteFrame":{"__uuid__":"e3gjKADI5AALjqcJqqOHTh"},"_type":1,"_sizeMode":0},{"__type__":"cc.Button","node":{"__id__":19},"_normalMaterial":{"__uuid__":"ecpdLyjvZBwrvm+cedCcQy"},"zoomScale":0.9,"_N$transition":3,"transition":3}],"_prefab":{"__type__":"cc.PrefabInfo","root":{"__id__":1},"asset":{"__uuid__":"d0VpYu3nNFeJS2oHK+2E+7"},"fileId":"ab9Ary+xBH96wMMbUCj3RD"},"_contentSize":{"__type__":"cc.Size","width":120,"height":63},"_trs":{"__type__":"TypedArray","ctor":"Float64Array","array":[211.269,-28.047,0,0,0,0,1,1,1,1]}},{"__type__":"cc.Node","_name":"lab_shengji_en","_parent":{"__id__":19},"_components":[{"__type__":"cc.Label","node":{"__id__":20},"_materials":[{"__uuid__":"ecpdLyjvZBwrvm+cedCcQy"}],"_string":"دەرىجىسىنى\nقانداق ئۆستۈرىدۇ","_N$string":"دەرىجىسىنى\nقانداق ئۆستۈرىدۇ","_fontSize":16,"_lineHeight":25,"_N$file":{"__uuid__":"farb0WbWZMgrGmuICOt0MU"},"_isSystemFontUsed":false,"_N$horizontalAlign":1,"_N$verticalAlign":1,"_N$overflow":1},{"__type__":"cc.LabelOutline","node":{"__id__":20},"_color":{"__type__":"cc.Color"},"_width":2}],"_prefab":{"__type__":"cc.PrefabInfo","root":{"__id__":1},"asset":{"__uuid__":"d0VpYu3nNFeJS2oHK+2E+7"},"fileId":"42xQbwOGJBT6TPWGo6FkGP"},"_contentSize":{"__type__":"cc.Size","width":149.7,"height":58.2},"_trs":{"__type__":"TypedArray","ctor":"Float64Array","array":[-1,4,0,0,0,0,1,1,1,1]}},{"__type__":"cc.Node","_name":"lab_title","_parent":{"__id__":7},"_components":[{"__type__":"41ebaVoPpRA4Kp67XEdHfZn","node":{"__id__":21},"_materials":[{"__uuid__":"ecpdLyjvZBwrvm+cedCcQy"}],"_string":"看广告，做任务，合炮塔可提升等级哦","_N$string":"看广告，做任务，合炮塔可提升等级哦","_fontSize":18,"_lineHeight":18,"_N$file":{"__uuid__":"farb0WbWZMgrGmuICOt0MU"},"_isSystemFontUsed":false,"_N$horizontalAlign":1,"_N$verticalAlign":1}],"_prefab":{"__type__":"cc.PrefabInfo","root":{"__id__":1},"asset":{"__uuid__":"d0VpYu3nNFeJS2oHK+2E+7"},"fileId":"03aqQCDhFMCby4Fi+fjLw1"},"_color":{"__type__":"cc.Color","r":145,"g":78},"_contentSize":{"__type__":"cc.Size","width":306,"height":22.68},"_trs":{"__type__":"TypedArray","ctor":"Float64Array","array":[0,-85.613,0,0,0,0,1,1,1,1]}},{"__type__":"cc.Node","_name":"lab_title_en","_parent":{"__id__":7},"_active":false,"_components":[{"__type__":"41ebaVoPpRA4Kp67XEdHfZn","node":{"__id__":22},"_materials":[{"__uuid__":"ecpdLyjvZBwrvm+cedCcQy"}],"_string":"ئېلان كۆرۈش،ۋەزىپە ئورۇنداش، بوتەي بېرىكتۈرۈش\n ئارقىلىق دەرىجىڭىزنى ئۆستۈرەلەيسىز ","_N$string":"ئېلان كۆرۈش،ۋەزىپە ئورۇنداش، بوتەي بېرىكتۈرۈش\n ئارقىلىق دەرىجىڭىزنى ئۆستۈرەلەيسىز ","_fontSize":18,"_lineHeight":25,"_N$file":{"__uuid__":"farb0WbWZMgrGmuICOt0MU"},"_isSystemFontUsed":false,"_N$horizontalAlign":1,"_N$verticalAlign":1,"_N$overflow":1}],"_prefab":{"__type__":"cc.PrefabInfo","root":{"__id__":1},"asset":{"__uuid__":"d0VpYu3nNFeJS2oHK+2E+7"},"fileId":"38TI71R4xJRZjuke1fad+Y"},"_color":{"__type__":"cc.Color","r":145,"g":78},"_contentSize":{"__type__":"cc.Size","width":414.47,"height":55.68},"_trs":{"__type__":"TypedArray","ctor":"Float64Array","array":[0,-85.613,0,0,0,0,1,1,1,1]}},{"__type__":"cc.Node","_name":"ScrollView","_parent":{"__id__":4},"_children":[{"__id__":24}],"_components":[{"__type__":"cc.ScrollView","node":{"__id__":23},"horizontal":false,"brake":0.75,"bounceDuration":0.23,"_N$content":{"__id__":25},"content":{"__id__":25},"_N$horizontalScrollBar":null,"_N$verticalScrollBar":null}],"_prefab":{"__type__":"cc.PrefabInfo","root":{"__id__":1},"asset":{"__uuid__":"d0VpYu3nNFeJS2oHK+2E+7"},"fileId":"bcSqFxealGKZAH65H8o4oy"},"_contentSize":{"__type__":"cc.Size","width":600,"height":670},"_trs":{"__type__":"TypedArray","ctor":"Float64Array","array":[0,-181.098,0,0,0,0,1,1,1,1]}},{"__type__":"cc.Node","_name":"view","_parent":{"__id__":23},"_children":[{"__id__":25}],"_components":[{"__type__":"cc.Mask","node":{"__id__":24},"_materials":[{"__uuid__":"ecpdLyjvZBwrvm+cedCcQy"}],"_N$alphaThreshold":0}],"_prefab":{"__type__":"cc.PrefabInfo","root":{"__id__":1},"asset":{"__uuid__":"d0VpYu3nNFeJS2oHK+2E+7"},"fileId":"abDZ4NH1VNYq8VVDRq09iA"},"_contentSize":{"__type__":"cc.Size","width":600,"height":670},"_trs":{"__type__":"TypedArray","ctor":"Float64Array","array":[0,0,0,0,0,0,1,1,1,1]}},{"__type__":"cc.Node","_name":"content","_parent":{"__id__":24},"_components":[{"__type__":"cc.Layout","node":{"__id__":25},"_layoutSize":{"__type__":"cc.Size","width":600,"height":-15},"_resize":1,"_N$layoutType":2,"_N$spacingY":15}],"_prefab":{"__type__":"cc.PrefabInfo","root":{"__id__":1},"asset":{"__uuid__":"d0VpYu3nNFeJS2oHK+2E+7"},"fileId":"14nU3x1R9CiI1agkRwlaSU"},"_contentSize":{"__type__":"cc.Size","width":600,"height":-15},"_anchorPoint":{"__type__":"cc.Vec2","x":0.5,"y":1},"_trs":{"__type__":"TypedArray","ctor":"Float64Array","array":[0,335,0,0,0,0,1,1,1,1]}},{"__type__":"cc.Node","_name":"ic_guanbi2","_parent":{"__id__":1},"_components":[{"__type__":"cc.Sprite","node":{"__id__":26},"_materials":[{"__uuid__":"ecpdLyjvZBwrvm+cedCcQy"}],"_spriteFrame":{"__uuid__":"5c4o7no3NMH7pZupb0latf"}},{"__type__":"cc.Button","node":{"__id__":26},"_normalMaterial":{"__uuid__":"ecpdLyjvZBwrvm+cedCcQy"},"duration":0,"zoomScale":0.9,"_N$transition":3,"transition":3}],"_prefab":{"__type__":"cc.PrefabInfo","root":{"__id__":1},"asset":{"__uuid__":"d0VpYu3nNFeJS2oHK+2E+7"},"fileId":"52MG+4I9dLaroFtGI3Rmbq"},"_contentSize":{"__type__":"cc.Size","width":84,"height":84},"_trs":{"__type__":"TypedArray","ctor":"Float64Array","array":[288,547,0,0,0,0,1,1,1,1]}}],{"__type__":"cc.SpriteFrame","content":{"name":"touxiang","texture":"e0kPQXrAlLBp/dRPfCD6sk","rect":[533,471,70,70],"offset":[0,0],"originalSize":[70,70],"capInsets":[0,0,0,0]}},{"__type__":"cc.SpriteFrame","content":{"name":"pic_dengji","texture":"e0kPQXrAlLBp/dRPfCD6sk","rect":[421,619,80,70],"offset":[0,0],"originalSize":[80,70],"capInsets":[0,0,0,0]}},{"__type__":"cc.SpriteFrame","content":{"name":"pic_lvltixian","texture":"d7/nKEZNNBK6zL4fm+F/BM","rect":[47,6,375,132],"offset":[10.5,0],"originalSize":[448,144],"capInsets":[0,0,0,0]}},{"__type__":"cc.SpriteFrame","content":{"name":"btn_ruheshengji","texture":"e0kPQXrAlLBp/dRPfCD6sk","rect":[451,413,120,46],"offset":[0,0],"originalSize":[120,46],"capInsets":[15,15,15,15]}},{"__type__":"cc.SpriteFrame","content":{"name":"pic_jindu","texture":"e0kPQXrAlLBp/dRPfCD6sk","rect":[1,595,352,28],"offset":[0,0],"originalSize":[352,28],"capInsets":[150,0,150,0]}},{"__type__":"cc.SpriteFrame","content":{"name":"bg_paowang","texture":"5fIZ6eNjtLcoTSqUYB8890","rect":[1,0,657,808],"offset":[0.5,0],"originalSize":[658,808],"capInsets":[248.5,335,248.5,335]}}]