[{"__type__":"cc.AnimationClip","_name":"paodan_lvl6","_duration":0.1,"wrapMode":2,"curveData":{"comps":{"cc.Sprite":{"spriteFrame":[{"frame":0,"value":{"__uuid__":"c4+wsqkX1NyJPLO6x9TzCq"}},{"frame":0.08333333333333333,"value":{"__uuid__":"1aAOFt+kZJmra+JQ9ethZC"}}]}}}},{"__type__":"cc.SpriteFrame","content":{"name":"2","texture":"73gznKhgBLcJTczFoLXfo4","rect":[1,293,100,82],"offset":[0,0],"originalSize":[100,82],"capInsets":[0,0,0,0]}},{"__type__":"cc.SpriteAtlas","_name":"paodan6.plist","_spriteFrames":{"1":{"__uuid__":"c4+wsqkX1NyJPLO6x9TzCq"},"2":{"__uuid__":"1aAOFt+kZJmra+JQ9ethZC"},"3":{"__uuid__":"7b4A6Z45hNiYfaxvtV5DEW"}}},{"__type__":"cc.SpriteFrame","content":{"name":"3","texture":"73gznKhgBLcJTczFoLXfo4","rect":[1,1,38,290],"offset":[0,0],"originalSize":[38,290],"capInsets":[0,0,0,0]}},[{"__type__":"cc.Prefab","_name":"paodan6","data":{"__id__":1}},{"__type__":"cc.Node","_name":"paodan6","_children":[{"__id__":2},{"__id__":3}],"_components":[{"__type__":"699def3HtZLAJVLOziheU0R","node":{"__id__":1}}],"_prefab":{"__type__":"cc.PrefabInfo","root":{"__id__":1},"asset":{"__uuid__":"b1j9GFSqtMk55C/j0KWp2/"},"fileId":"ecd7uEYC5Jyr88y889vHzB"},"_contentSize":{"__type__":"cc.Size","width":10,"height":10},"_anchorPoint":{"__type__":"cc.Vec2","x":0.5},"_trs":{"__type__":"TypedArray","ctor":"Float64Array","array":[0,0,0,0,0,0,1,1,1,1]}},{"__type__":"cc.Node","_name":"padanSpr","_parent":{"__id__":1},"_components":[{"__type__":"cc.Sprite","node":{"__id__":2},"_materials":[{"__uuid__":"ecpdLyjvZBwrvm+cedCcQy"}],"_spriteFrame":{"__uuid__":"7b4A6Z45hNiYfaxvtV5DEW"}}],"_prefab":{"__type__":"cc.PrefabInfo","root":{"__id__":1},"asset":{"__uuid__":"b1j9GFSqtMk55C/j0KWp2/"},"fileId":"433lTvEDNHtIMjS9zT9uWG"},"_contentSize":{"__type__":"cc.Size","width":38,"height":290},"_anchorPoint":{"__type__":"cc.Vec2","x":0.5},"_trs":{"__type__":"TypedArray","ctor":"Float64Array","array":[0,72,0,0,0,0,1,1,1,1]}},{"__type__":"cc.Node","_name":"paokou","_parent":{"__id__":1},"_components":[{"__type__":"cc.Sprite","node":{"__id__":3},"_materials":[{"__uuid__":"ecpdLyjvZBwrvm+cedCcQy"}],"_spriteFrame":{"__uuid__":"c4+wsqkX1NyJPLO6x9TzCq"}},{"__type__":"cc.Animation","node":{"__id__":3},"_defaultClip":{"__uuid__":"0cRxJ2Y+hAVrAps7OYHugg"},"_clips":[{"__uuid__":"0cRxJ2Y+hAVrAps7OYHugg"}],"playOnLoad":true}],"_prefab":{"__type__":"cc.PrefabInfo","root":{"__id__":1},"asset":{"__uuid__":"b1j9GFSqtMk55C/j0KWp2/"},"fileId":"8adl2mrOBEO7k/XyUO7wPO"},"_contentSize":{"__type__":"cc.Size","width":100,"height":82},"_trs":{"__type__":"TypedArray","ctor":"Float64Array","array":[0,75.074,0,0,0,-1,6.123233995736766e-17,1,1,1]},"_eulerAngles":{"__type__":"cc.Vec3","z":-180}}],{"__type__":"cc.SpriteFrame","content":{"name":"1","texture":"73gznKhgBLcJTczFoLXfo4","rect":[1,377,100,82],"offset":[0,0],"originalSize":[100,82],"capInsets":[0,0,0,0]}}]