[{"__type__":"cc.SpriteFrame","content":{"name":"2","texture":"6aY9lWyEZNTp4cR/b7n8Ho","rect":[1,1,84,216],"offset":[0,0],"originalSize":[84,216],"capInsets":[0,45,0,45]}},{"__type__":"cc.SpriteFrame","content":{"name":"4","texture":"6aY9lWyEZNTp4cR/b7n8Ho","rect":[87,219,84,216],"offset":[0,0],"originalSize":[84,216],"capInsets":[0,45,0,45]}},{"__type__":"cc.SpriteFrame","content":{"name":"1","texture":"6aY9lWyEZNTp4cR/b7n8Ho","rect":[1,219,84,216],"offset":[0,0],"originalSize":[84,216],"capInsets":[0,45,0,45]}},[{"__type__":"cc.Prefab","_name":"paodan8","data":{"__id__":1}},{"__type__":"cc.Node","_name":"paodan8","_children":[{"__id__":2}],"_components":[{"__type__":"6a1f0S6b0tKn7ndEPodTgAf","node":{"__id__":1}}],"_prefab":{"__type__":"cc.PrefabInfo","root":{"__id__":1},"asset":{"__uuid__":"1fqdaEUGFPR4XbiWfKWutW"},"fileId":"ecd7uEYC5Jyr88y889vHzB"},"_contentSize":{"__type__":"cc.Size","width":10,"height":10},"_trs":{"__type__":"TypedArray","ctor":"Float64Array","array":[0,0,0,0,0,0,1,1,1,1]}},{"__type__":"cc.Node","_name":"padanSpr","_parent":{"__id__":1},"_components":[{"__type__":"cc.Sprite","node":{"__id__":2},"_materials":[{"__uuid__":"ecpdLyjvZBwrvm+cedCcQy"}],"_spriteFrame":{"__uuid__":"dd6SyX2gRLXbPtkW52vr9m"},"_type":1,"_sizeMode":0},{"__type__":"cc.Animation","node":{"__id__":2},"_defaultClip":{"__uuid__":"81Uyh7CbBHm5+N8W9/JVsa"},"_clips":[{"__uuid__":"81Uyh7CbBHm5+N8W9/JVsa"}],"playOnLoad":true}],"_prefab":{"__type__":"cc.PrefabInfo","root":{"__id__":1},"asset":{"__uuid__":"1fqdaEUGFPR4XbiWfKWutW"},"fileId":"433lTvEDNHtIMjS9zT9uWG"},"_contentSize":{"__type__":"cc.Size","width":84,"height":216},"_anchorPoint":{"__type__":"cc.Vec2","x":0.5},"_trs":{"__type__":"TypedArray","ctor":"Float64Array","array":[0,20,0,0,0,0,1,1,1,1]}}],{"__type__":"cc.SpriteAtlas","_name":"paodan8.plist","_spriteFrames":{"1":{"__uuid__":"1cdb06AJVA4oZRb/OSb199"},"2":{"__uuid__":"01OKdQA4tAYrDghrwiMYqX"},"3":{"__uuid__":"dd6SyX2gRLXbPtkW52vr9m"},"4":{"__uuid__":"04ng22OHVNgIcT4IrTvdd2"}}},{"__type__":"cc.AnimationClip","_name":"paodan_lvl8","_duration":0.21666666666666667,"wrapMode":2,"curveData":{"comps":{"cc.Sprite":{"spriteFrame":[{"frame":0,"value":{"__uuid__":"1cdb06AJVA4oZRb/OSb199"}},{"frame":0.06666666666666667,"value":{"__uuid__":"01OKdQA4tAYrDghrwiMYqX"}},{"frame":0.13333333333333333,"value":{"__uuid__":"dd6SyX2gRLXbPtkW52vr9m"}},{"frame":0.2,"value":{"__uuid__":"04ng22OHVNgIcT4IrTvdd2"}}]}}}},{"__type__":"cc.SpriteFrame","content":{"name":"3","texture":"6aY9lWyEZNTp4cR/b7n8Ho","rect":[87,1,84,216],"offset":[0,0],"originalSize":[84,216],"capInsets":[0,45,0,45]}}]