[{"__type__":"cc.SpriteFrame","content":{"name":"pic_huopao3","texture":"010XYxFAdDErZsa7gSb5ly","rect":[1,1,64,64],"offset":[0,0],"originalSize":[64,64],"capInsets":[0,0,0,0]}},{"__type__":"cc.AnimationClip","_name":"leishe","_duration":0.16666666666666666,"curveData":{"comps":{"cc.Sprite":{"spriteFrame":[{"frame":0,"value":{"__uuid__":"1acb5jn2FCp5dlUx3TGVOL"}},{"frame":0.08333333333333333,"value":{"__uuid__":"dearDnyBRGB5YrZNSnvXNp"}}]}},"props":{"opacity":[{"frame":0.08333333333333333,"value":255},{"frame":0.16666666666666666,"value":0}],"scale":[{"frame":0,"value":{"__type__":"cc.Vec2","x":3,"y":3}}]}}},{"__type__":"cc.SpriteFrame","content":{"name":"2","texture":"33PsAq5etNA7/wA0U6gFaZ","rect":[1,1,50,47],"offset":[0,0],"originalSize":[50,47],"capInsets":[0,0,0,0]}},{"__type__":"cc.SpriteFrame","content":{"name":"pic_huopao2","texture":"010XYxFAdDErZsa7gSb5ly","rect":[67,1,64,64],"offset":[0,0],"originalSize":[64,64],"capInsets":[0,0,0,0]}},{"__type__":"cc.SpriteFrame","content":{"name":"pic_huopao4","texture":"010XYxFAdDErZsa7gSb5ly","rect":[1,133,64,64],"offset":[0,0],"originalSize":[64,64],"capInsets":[0,0,0,0]}},{"__type__":"cc.AnimationClip","_name":"diancibo","_duration":0.16666666666666666,"curveData":{"comps":{"cc.Sprite":{"spriteFrame":[{"frame":0,"value":{"__uuid__":"ffFgK6+fxL9Zy8A+EKugK+"}},{"frame":0.08333333333333333,"value":{"__uuid__":"bcc3d7HGFG3q/L0TXFvUHx"}}]}},"props":{"opacity":[{"frame":0.08333333333333333,"value":255},{"frame":0.16666666666666666,"value":0}],"scale":[{"frame":0,"value":{"__type__":"cc.Vec2","x":1.5,"y":1.5}}]}}},{"__type__":"cc.SpriteFrame","content":{"name":"pic_huopao5","texture":"010XYxFAdDErZsa7gSb5ly","rect":[67,133,64,64],"offset":[0,0],"originalSize":[64,64],"capInsets":[0,0,0,0]}},{"__type__":"cc.AnimationClip","_name":"baozha","_duration":0.43333333333333335,"curveData":{"comps":{"cc.Sprite":{"spriteFrame":[{"frame":0,"value":{"__uuid__":"85cmWi/u5EF5uBG06EEeUo"}},{"frame":0.08333333333333333,"value":{"__uuid__":"51hzJgONlG765svF8cE8j0"}},{"frame":0.16666666666666666,"value":{"__uuid__":"03VWW3G9NLb5YqWNd71xlv"}},{"frame":0.25,"value":{"__uuid__":"58JD522PRD1qpiag1MYRqM"}},{"frame":0.3333333333333333,"value":{"__uuid__":"78tE/uqxtAk5n1JIMcnodt"}},{"frame":0.4166666666666667,"value":{"__uuid__":"fejKiiLClEVqUwDr78n1Qk"}}]}},"props":{"scale":[{"frame":0,"value":{"__type__":"cc.Vec2","x":1.5,"y":1.5}}]}}},{"__type__":"cc.SpriteFrame","content":{"name":"pic_huopao1","texture":"010XYxFAdDErZsa7gSb5ly","rect":[1,67,64,64],"offset":[0,0],"originalSize":[64,64],"capInsets":[0,0,0,0]}},[{"__type__":"cc.Prefab","_name":"jizhong_layer","data":{"__id__":1}},{"__type__":"cc.Node","_name":"jizhong_layer","_children":[{"__id__":2}],"_components":[{"__type__":"36c0dKvn3BNDoHY/8l+QZHW","node":{"__id__":1}}],"_prefab":{"__type__":"cc.PrefabInfo","root":{"__id__":1},"asset":{"__uuid__":"a7fuR0y1xGeK8tfOb/AqYd"},"fileId":"4bcQlsa0hMAr6947lU3IKx"},"_trs":{"__type__":"TypedArray","ctor":"Float64Array","array":[0,0,0,0,0,0,1,1,1,1]}},{"__type__":"cc.Node","_name":"img_baozha","_parent":{"__id__":1},"_components":[{"__type__":"cc.Sprite","node":{"__id__":2},"_materials":[{"__uuid__":"ecpdLyjvZBwrvm+cedCcQy"}]},{"__type__":"cc.Animation","node":{"__id__":2},"_defaultClip":{"__uuid__":"81zCg2ub9Ob601k++ec5kZ"},"_clips":[{"__uuid__":"6f4s2kjUdCuormiN7O6pAY"},{"__uuid__":"15PvMxi25JyphUqeSrE8Nf"},{"__uuid__":"81zCg2ub9Ob601k++ec5kZ"}]}],"_prefab":{"__type__":"cc.PrefabInfo","root":{"__id__":1},"asset":{"__uuid__":"a7fuR0y1xGeK8tfOb/AqYd"},"fileId":"83WmtV0GZG8qhkfL+Yvq9D"},"_contentSize":{"__type__":"cc.Size","width":64,"height":64},"_trs":{"__type__":"TypedArray","ctor":"Float64Array","array":[0,0,0,0,0,0,1,1.5,1.5,1]}}],{"__type__":"cc.SpriteFrame","content":{"name":"1","texture":"045DGUXzBL+ZRF3Ll70w4U","rect":[1,153,150,150],"offset":[0,0],"originalSize":[150,150],"capInsets":[0,0,0,0]}},{"__type__":"cc.SpriteFrame","content":{"name":"1","texture":"33PsAq5etNA7/wA0U6gFaZ","rect":[1,50,50,47],"offset":[0,0],"originalSize":[50,47],"capInsets":[0,0,0,0]}},{"__type__":"cc.SpriteFrame","content":{"name":"pic_huopao6","texture":"010XYxFAdDErZsa7gSb5ly","rect":[67,67,64,64],"offset":[0,0],"originalSize":[64,64],"capInsets":[0,0,0,0]}},{"__type__":"cc.SpriteFrame","content":{"name":"2","texture":"045DGUXzBL+ZRF3Ll70w4U","rect":[1,1,150,150],"offset":[0,0],"originalSize":[150,150],"capInsets":[0,0,0,0]}}]