[1,["84H9YsfvNAXKWJWh78pPIV@1f586","84H9YsfvNAXKWJWh78pPIV@d90a4","84H9YsfvNAXKWJWh78pPIV@30af7","84H9YsfvNAXKWJWh78pPIV@438fe","84H9YsfvNAXKWJWh78pPIV@cf5ee","1brw/JvvpFnIvdrxpFCgMZ"],["_parent","node","root","data","_mesh","_skeleton","_defaultClip","_effectAsset"],[["cc.Node",["_name","_prefab","_children","_parent","_lpos","_lrot","_euler","_components"],2,4,2,1,5,5,5,9],["cc.Node",["_name","_children","_prefab","_lpos","_lrot","_euler","_parent"],2,9,4,5,5,5,1],["cc.Mesh",["_native","_hash","_struct"],1,11],["cc.Skeleton",["_name","_hash","_joints","_bindposes"],0,12],["cc.Prefab",[],3],["cc.SkeletalAnimation",["node","__prefab","_clips","_defaultClip"],3,1,4,3,6],["cc.CompPrefabInfo",["fileId"],2],["cc.PrefabInfo",["fileId","instance","targetOverrides","nestedPrefabInstanceRoots","root","asset"],-1,1,1],["cc.SkinnedMeshRenderer",["node","__prefab","_materials","bakeSettings","_skinningRoot","_mesh","_skeleton"],3,1,4,3,4,1,6,6],["cc.ModelBakeSettings",[],3],["cc.Material",["_name","_states","_defines","_props"],0,12]],[[7,0,1,2,3,4,5,5],[0,0,3,2,1,4,5,6,2],[0,0,3,1,4,5,6,2],[1,0,6,1,2,3,4,5,2],[0,0,2,1,4,5,6,2],[1,0,1,2,3,4,5,2],[6,0,2],[2,0,1,2,3],[3,0,1,2,3,4],[4,1],[0,0,2,7,1,2],[0,0,3,7,1,2],[0,0,3,2,1,5,6,2],[0,0,3,2,1,4,2],[5,0,1,2,3,1],[8,0,1,2,3,4,5,6,1],[9,1],[10,0,1,2,3,4]],[[[[7,".bin",3425587184,[{"primitives":[{"primitiveMode":7,"jointMapIndex":0,"vertexBundelIndices":[0],"indexView":{"offset":109152,"length":30672,"count":7668,"stride":4}}],"vertexBundles":[{"view":{"offset":0,"length":109152,"count":1516,"stride":72},"attributes":[{"name":"a_position","format":32,"isNormalized":false},{"name":"a_normal","format":32,"isNormalized":false},{"name":"a_texCoord","format":21,"isNormalized":false},{"name":"a_tangent","format":44,"isNormalized":false},{"name":"a_joints","format":42,"isNormalized":false},{"name":"a_weights","format":44,"isNormalized":false}]}],"jointMaps":[[0,1,2,3,4,5,6,7,8,9,10,11,12,13,14,15,16,17,18,19,20,21,22,23,24,25,26,27,28,29,30,31,32,33,34,35,36,37,38,39,40,41,42,43,44,45,46,47,48,49,50]]},"minPosition",8,[1,-0.19086000323295593,-0.0023924093693494797,-0.7707488536834717],"maxPosition",8,[1,0.19086000323295593,0.7346720695495605,0.5930349826812744]]],-1],0,0,[],[],[]],[[[8,"Skin-0",3655496135,["Bip001/Bip001 Pelvis/Bip001 Spine/Bip001 Spine1/Bip001 Neck/Bip001 Neck1/Bip001 Neck2/Bip001 Neck3/Bip001 Head","Bip001/Bip001 Pelvis/Bip001 Spine/Bip001 Spine1/Bip001 Neck/Bip001 Neck1/Bip001 Neck2/Bip001 Neck3/Bip001 Head/Bip001 Xtra01","Bip001/Bip001 Pelvis/Bip001 Spine/Bip001 Spine1/Bip001 Neck/Bip001 Neck1/Bip001 Neck2/Bip001 Neck3","Bip001/Bip001 Pelvis/Bip001 Spine/Bip001 Spine1/Bip001 Neck/Bip001 Neck1","Bip001/Bip001 Pelvis/Bip001 Spine/Bip001 Spine1","Bip001/Bip001 Pelvis/Bip001 Spine/Bip001 Spine1/Bip001 Neck","Bip001/Bip001 Pelvis/Bip001 Spine/Bip001 Spine1/Bip001 Neck/Bip001 L Clavicle","Bip001/Bip001 Pelvis/Bip001 Spine","Bip001/Bip001 Pelvis/Bip001 Spine/Bip001 Spine1/Bip001 Neck/Bip001 L Clavicle/Bip001 L UpperArm","Bip001/Bip001 Pelvis/Bip001 Spine/Bip001 Spine1/Bip001 Neck/Bip001 L Clavicle/Bip001 L UpperArm/Bip001 L Forearm","Bip001/Bip001 Pelvis","Bip001/Bip001 Pelvis/Bip001 Spine/Bip001 L Thigh","Bip001/Bip001 Pelvis/Bip001 Spine/Bip001 Tail","Bip001/Bip001 Pelvis/Bip001 Spine/Bip001 L Thigh/Bip001 L Calf","Bip001/Bip001 Pelvis/Bip001 Spine/Bip001 Tail/Bip001 Tail1/Bip001 Tail2/Bip001 Tail3/Bip001 Tail4/Bip001 Tail5/Bip001 Tail6","Bip001/Bip001 Pelvis/Bip001 Spine/Bip001 Tail/Bip001 Tail1/Bip001 Tail2/Bip001 Tail3/Bip001 Tail4/Bip001 Tail5/Bip001 Tail6/Bip001 Tail7","Bip001/Bip001 Pelvis/Bip001 Spine/Bip001 Spine1/Bip001 Neck/Bip001 L Clavicle/Bip001 L UpperArm/Bip001 L Forearm/Bip001 L Hand/Bip001 L Finger1","Bip001/Bip001 Pelvis/Bip001 Spine/Bip001 Spine1/Bip001 Neck/Bip001 L Clavicle/Bip001 L UpperArm/Bip001 L Forearm/Bip001 L Hand/Bip001 L Finger1/Bip001 L Finger11","Bip001/Bip001 Pelvis/Bip001 Spine/Bip001 Tail/Bip001 Tail1/Bip001 Tail2/Bip001 Tail3","Bip001/Bip001 Pelvis/Bip001 Spine/Bip001 Tail/Bip001 Tail1/Bip001 Tail2/Bip001 Tail3/Bip001 Tail4","Bip001/Bip001 Pelvis/Bip001 Spine/Bip001 Tail/Bip001 Tail1","Bip001/Bip001 Pelvis/Bip001 Spine/Bip001 Tail/Bip001 Tail1/Bip001 Tail2","Bip001/Bip001 Pelvis/Bip001 Spine/Bip001 Spine1/Bip001 Neck/Bip001 L Clavicle/Bip001 L UpperArm/Bip001 L Forearm/Bip001 L Hand","Bip001/Bip001 Pelvis/Bip001 Spine/Bip001 Spine1/Bip001 Neck/Bip001 L Clavicle/Bip001 L UpperArm/Bip001 L Forearm/Bip001 L Hand/Bip001 L Finger0","Bip001/Bip001 Pelvis/Bip001 Spine/Bip001 L Thigh/Bip001 L Calf/Bip001 L HorseLink","Bip001/Bip001 Pelvis/Bip001 Spine/Bip001 L Thigh/Bip001 L Calf/Bip001 L HorseLink/Bip001 L Foot","Bip001/Bip001 Pelvis/Bip001 Spine/Bip001 Spine1/Bip001 Neck/Bip001 L Clavicle/Bip001 L UpperArm/Bip001 L Forearm/Bip001 L Hand/Bip001 L Finger0/Bip001 L Finger01","Bip001/Bip001 Pelvis/Bip001 Spine/Bip001 L Thigh/Bip001 L Calf/Bip001 L HorseLink/Bip001 L Foot/Bip001 L Toe0","Bip001/Bip001 Pelvis/Bip001 Spine/Bip001 L Thigh/Bip001 L Calf/Bip001 L HorseLink/Bip001 L Foot/Bip001 L Toe1","Bip001/Bip001 Pelvis/Bip001 Spine/Bip001 L Thigh/Bip001 L Calf/Bip001 L HorseLink/Bip001 L Foot/Bip001 L Toe2","Bip001/Bip001 Pelvis/Bip001 Spine/Bip001 Spine1/Bip001 Neck/Bip001 Neck1/Bip001 Neck2","Bip001/Bip001 Pelvis/Bip001 Spine/Bip001 Tail/Bip001 Tail1/Bip001 Tail2/Bip001 Tail3/Bip001 Tail4/Bip001 Tail5","Bip001/Bip001 Pelvis/Bip001 Spine/Bip001 Spine1/Bip001 Neck/Bip001 Neck1/Bip001 Neck2/Bip001 Neck3/Bip001 Head/Bip001 Xtra02Opp","Bip001/Bip001 Pelvis/Bip001 Spine/Bip001 Spine1/Bip001 Neck/Bip001 Neck1/Bip001 Neck2/Bip001 Neck3/Bip001 Head/Bip001 Xtra03Opp","Bip001/Bip001 Pelvis/Bip001 Spine/Bip001 Spine1/Bip001 Neck/Bip001 R Clavicle/Bip001 R UpperArm","Bip001/Bip001 Pelvis/Bip001 Spine/Bip001 Spine1/Bip001 Neck/Bip001 R Clavicle","Bip001/Bip001 Pelvis/Bip001 Spine/Bip001 R Thigh","Bip001/Bip001 Pelvis/Bip001 Spine/Bip001 Spine1/Bip001 Neck/Bip001 R Clavicle/Bip001 R UpperArm/Bip001 R Forearm","Bip001/Bip001 Pelvis/Bip001 Spine/Bip001 Spine1/Bip001 Neck/Bip001 R Clavicle/Bip001 R UpperArm/Bip001 R Forearm/Bip001 R Hand","Bip001/Bip001 Pelvis/Bip001 Spine/Bip001 Spine1/Bip001 Neck/Bip001 R Clavicle/Bip001 R UpperArm/Bip001 R Forearm/Bip001 R Hand/Bip001 R Finger1","Bip001/Bip001 Pelvis/Bip001 Spine/Bip001 R Thigh/Bip001 R Calf","Bip001/Bip001 Pelvis/Bip001 Spine/Bip001 R Thigh/Bip001 R Calf/Bip001 R HorseLink","Bip001/Bip001 Pelvis/Bip001 Spine/Bip001 R Thigh/Bip001 R Calf/Bip001 R HorseLink/Bip001 R Foot","Bip001/Bip001 Pelvis/Bip001 Spine/Bip001 Spine1/Bip001 Neck/Bip001 R Clavicle/Bip001 R UpperArm/Bip001 R Forearm/Bip001 R Hand/Bip001 R Finger0","Bip001/Bip001 Pelvis/Bip001 Spine/Bip001 Spine1/Bip001 Neck/Bip001 R Clavicle/Bip001 R UpperArm/Bip001 R Forearm/Bip001 R Hand/Bip001 R Finger0/Bip001 R Finger01","Bip001/Bip001 Pelvis/Bip001 Spine/Bip001 Spine1/Bip001 Neck/Bip001 R Clavicle/Bip001 R UpperArm/Bip001 R Forearm/Bip001 R Hand/Bip001 R Finger1/Bip001 R Finger11","Bip001/Bip001 Pelvis/Bip001 Spine/Bip001 R Thigh/Bip001 R Calf/Bip001 R HorseLink/Bip001 R Foot/Bip001 R Toe0","Bip001/Bip001 Pelvis/Bip001 Spine/Bip001 R Thigh/Bip001 R Calf/Bip001 R HorseLink/Bip001 R Foot/Bip001 R Toe1","Bip001/Bip001 Pelvis/Bip001 Spine/Bip001 R Thigh/Bip001 R Calf/Bip001 R HorseLink/Bip001 R Foot/Bip001 R Toe2","Bip001/Bip001 Pelvis/Bip001 Spine/Bip001 Spine1/Bip001 Neck/Bip001 Neck1/Bip001 Neck2/Bip001 Neck3/Bip001 Head/Bip001 Xtra03","Bip001/Bip001 Pelvis/Bip001 Spine/Bip001 Spine1/Bip001 Neck/Bip001 Neck1/Bip001 Neck2/Bip001 Neck3/Bip001 Head/Bip001 Xtra02"],[[[7,2.744926632658462e-7,-0.0000013087561683278182,1,0,0.9894724488258362,-0.14472150802612305,-4.610080850397935e-7,0,0.14472152292728424,0.9894723892211914,0.0000012552532098197844,0,-0.6836485862731934,-0.3040088415145874,-5.459623935166746e-7,1],[7,0.000001247714635610464,-0.00000312251199829916,1,0,-0.22471736371517181,-0.974423885345459,-0.0000027622675133898156,0,0.9744238257408142,-0.224717378616333,-0.0000019174860881321365,0,-0.22185258567333221,0.6830549836158752,0.000002958113100248738,1],[7,7.747210588604503e-7,-0.0000016741690842536627,1,0,0.8421637415885925,-0.5392218232154846,-0.0000015551905789834564,0,0.5392218232154846,0.8421636819839478,9.9217811566632e-7,0,-0.6397572755813599,0.08234931528568268,1.7565605503477855e-7,1],[7,5.896154107176699e-7,-0.000001540666630717169,1,0,0.9201055765151978,-0.3916703462600708,-0.0000011459420647952356,0,0.3916704058647156,0.920105516910553,0.0000011866412705785478,0,-0.5468198657035828,-0.02207968756556511,-1.0822129326015784e-7,1],[7,0.000001281689151255705,-0.0000025077349619095912,1,0,0.24748510122299194,-0.9688916206359863,-0.000002746922746155178,0,0.9688916206359863,0.24748510122299194,-6.211909067133092e-7,0,-0.22335773706436157,0.36438196897506714,0.0000010046394436358241,1],[7,7.726019362053194e-7,-0.0000016724445686122635,1,0,0.8432511687278748,-0.5375195741653442,-0.0000015504696193602285,0,0.537519633769989,0.8432510495185852,9.950023240890005e-7,0,-0.48244214057922363,0.06802350282669067,1.3664370612787025e-7,1],[7,0.5884908437728882,0.7560287714004517,0.2865292429924011,0,-0.7671370506286621,0.6340473890304565,-0.09738947451114655,0,-0.25530239939689636,-0.16249440610408783,0.9531086087226868,0,0.3801409602165222,-0.26518678665161133,-0.16868282854557037,1],[7,0.000001281689151255705,-0.0000025077349619095912,1,0,0.24748510122299194,-0.9688916206359863,-0.000002746922746155178,0,0.9688916206359863,0.24748510122299194,-6.211909067133092e-7,0,-0.14669868350028992,0.3643067479133606,0.0000010044329883385217,1],[7,0.19671539962291718,-0.14613136649131775,0.969509482383728,0,-0.9315043091773987,0.28070229291915894,0.23131351172924042,0,-0.3059457540512085,-0.9486050009727478,-0.0809035524725914,0,0.3959091305732727,0.08798817545175552,-0.14496250450611115,1],[7,0.12116438895463943,0.21300357580184937,0.969509482383728,0,-0.16551929712295532,-0.958695650100708,0.23131351172924042,0,0.978735089302063,-0.18849951028823853,-0.08090357482433319,0,-0.12210055440664291,0.27349787950515747,-0.14496250450611115,1],[7,-1.0530025917887542e-7,0.000001653691469982732,1,0,0.24825656414031982,-0.968694269657135,0.0000016280630461551482,0,0.968694269657135,0.24825657904148102,-3.0853604471303697e-7,0,-0.06338933110237122,0.36590468883514404,-6.107382546360896e-7,1],[7,0.04369989410042763,-0.06920742988586426,-0.9966447353363037,0,-0.967792809009552,0.24463431537151337,-0.05942234396934509,0,0.24792595207691193,0.9671423435211182,-0.0562879703938961,0,0.3615298569202423,-0.05570948123931885,0.11228310316801071,1],[7,-0.0000012901194850201136,-0.000002988017740790383,1,0,-0.20873959362506866,0.9779711961746216,0.000002652896682775463,0,-0.9779711365699768,-0.20873959362506866,-0.0000018854176460081362,0,-0.03367185965180397,-0.39266860485076904,-0.0000012977287724424968,1],[7,0.07900471240282059,0.02139131724834442,-0.9966447353363037,0,-0.5186816453933716,-0.8528999090194702,-0.0594223327934742,0,-0.8513092994689941,0.5216360092163086,-0.05628782883286476,0,0.11155006289482117,0.17290663719177246,0.11228310316801071,1],[7,-0.000001273776774723956,-0.0000025247557005059207,1,0,0.14645923674106598,0.9892167448997498,0.0000026840868940780638,0,-0.989216685295105,0.14645925164222717,-8.902675290300976e-7,0,-0.6920914649963379,-0.23850390315055847,-8.657129910716321e-7,1],[7,-0.0000012899117791675963,-0.0000026136133328691358,1,0,0.07744832336902618,0.9969964623451233,0.000002705664428503951,0,-0.9969964027404785,0.07744832336902618,-0.0000010836174624273553,0,-0.7462581992149353,-0.29095008969306946,-0.000001012576831271872,1],[7,0.17337095737457275,-0.3556292951107025,0.9184064865112305,0,-0.958373486995697,0.15388049185276031,0.24050197005271912,0,-0.22685439884662628,-0.9218722581863403,-0.31414732336997986,0,0.2647938132286072,0.30351755023002625,-0.07845722883939743,1],[7,-0.13879483938217163,-0.3704937696456909,0.9184064865112305,0,-0.5477095246315002,0.801357090473175,0.24050195515155792,0,-0.8250759243965149,-0.46963953971862793,-0.3141472041606903,0,0.3863864541053772,0.0336034931242466,-0.07845727354288101,1],[7,-0.0000013032807828494697,-0.0000027778992262028623,1,0,-0.049029115587472916,0.9987973570823669,0.000002710659828153439,0,-0.9987972378730774,-0.04902912303805351,-0.0000014379115782503504,0,-0.4003656208515167,-0.34810665249824524,-0.000001172670067717263,1],[7,-0.0000012917469121020986,-0.000002626674131533946,1,0,0.06734120100736618,0.9977300763130188,0.000002707699422899168,0,-0.9977299571037292,0.06734120845794678,-0.0000011119313967355993,0,-0.5159587264060974,-0.29006147384643555,-0.0000010100817462443956,1],[7,-0.0000013009355370741105,-0.0000028829731490986887,1,0,-0.12918496131896973,0.9916204810142517,0.0000026907541723630857,0,-0.9916204214096069,-0.12918496131896973,-0.000001662471277086297,0,-0.21660420298576355,-0.37636110186576843,-0.0000012518922858362203,1],[7,-0.000001303150384046603,-0.000002831026449712226,1,0,-0.08962874114513397,0.9959752559661865,0.0000027028324893763056,0,-0.9959751963615417,-0.08962874859571457,-0.0000015516469602516736,0,-0.3121481239795685,-0.36417126655578613,-0.0000012176991504020407,1],[7,0.13728578388690948,-0.162953719496727,0.9770357012748718,0,-0.8599544167518616,-0.5091050863265991,0.03592390939593315,0,0.4915598928928375,-0.8451379537582397,-0.21002565324306488,0,0.057790935039520264,0.39499831199645996,-0.05855586752295494,1],[7,-0.0932958722114563,0.007770643103867769,0.9956080913543701,0,-0.9827152490615845,0.15987317264080048,-0.09333549439907074,0,-0.1598963588476181,-0.9871068000793457,-0.0072791785933077335,0,0.28305351734161377,0.2728566527366638,-0.08576987683773041,1],[7,0.02176988311111927,-0.07890128344297409,-0.9966447353363037,0,-0.8553772568702698,0.5145857930183411,-0.059422340244054794,0,0.5175477266311646,0.8538007736206055,-0.05628790706396103,0,0.17281700670719147,0.01910049095749855,0.11228309571743011,1],[7,-9.645744825093061e-8,0.000005168090865481645,-1,0,-0.9999745488166809,-0.007130398415029049,5.960444582342461e-8,0,-0.007130398880690336,0.9999744892120361,0.00000516864747623913,0,0.05550641939043999,0.046076394617557526,0.11191229522228241,1],[7,-0.06380493938922882,0.06850863993167877,0.9956080913543701,0,-0.6195908784866333,0.7793558835983276,-0.09333549439907074,0,-0.7823272943496704,-0.622825026512146,-0.007279425393790007,0,0.3747795522212982,0.02803880162537098,-0.08576980233192444,1],[7,0.5264191627502441,1.1191690418854705e-7,-0.8502250909805298,0,-0.0060625397600233555,0.9999745488166809,-0.003753507509827614,0,0.8502033948898315,0.0071304431185126305,0.5264058709144592,0,-0.08740361779928207,0.0007914213347248733,0.1316942572593689,1],[7,0.07050470262765884,1.1243137976180151e-7,-0.9975114464759827,0,-0.007112706080079079,0.9999745488166809,-0.0005026177386753261,0,0.9974859356880188,0.007130443584173918,0.07050292193889618,0,-0.026991691440343857,0.0007914232555776834,0.11645612865686417,1],[7,-0.27302810549736023,-0.007531735114753246,-0.9619765281677246,0,-0.034431833773851395,0.9994050860404968,0.0019476605812087655,0,0.9613896012306213,0.03365438058972359,-0.273125022649765,0,0.0016211412148550153,0.000836450606584549,0.07430454343557358,1],[7,6.646733368143032e-7,-0.000001591185082361335,1,0,0.8924031257629395,-0.4512389600276947,-0.0000013111615544403321,0,0.4512390196323395,0.8924030065536499,0.000001120052161240892,0,-0.5958916544914246,0.0171221736818552,-2.0923749399770486e-9,1],[7,-0.0000012837784879593528,-0.0000025755139176908415,1,0,0.1069849357008934,0.9942606687545776,0.0000026980769689544104,0,-0.9942606091499329,0.106984943151474,-0.0000010008693607233,0,-0.6108996272087097,-0.26590925455093384,-9.424512654732098e-7,1],[7,0.9185840487480164,-0.3555653393268585,-0.17255914211273193,0,0.24620671570301056,0.8563528060913086,-0.4539186954498291,0,0.30916929244995117,0.3744772672653198,0.8741744756698608,0,-0.33550503849983215,-0.7193285226821899,-0.06638117134571075,1],[7,0.9185840487480164,-0.3555653393268585,-0.17255914211273193,0,0.24620671570301056,0.8563528060913086,-0.4539186954498291,0,0.30916929244995117,0.3744772672653198,0.8741744756698608,0,-0.33550506830215454,-0.7288394570350647,-0.06638114899396896,1],[7,-0.1967163383960724,0.14612887799739838,0.9695096611976624,0,-0.9315042495727539,0.28070229291915894,-0.23131366074085236,0,-0.3059452474117279,-0.9486054182052612,0.08090096712112427,0,0.3959091007709503,0.08798815310001373,0.14496251940727234,1],[7,-0.588491678237915,-0.7560290098190308,0.2865268886089325,0,-0.7671368718147278,0.6340475678443909,0.09738945960998535,0,-0.25530096888542175,-0.16249246895313263,-0.9531093239784241,0,0.3801409602165222,-0.26518678665161133,0.16868282854557037,1],[7,-0.043699417263269424,0.06920994818210602,-0.9966445565223694,0,-0.967792809009552,0.24463428556919098,0.05942250415682793,0,0.24792607128620148,0.9671421051025391,0.05629052594304085,0,0.3615298569202423,-0.055709462612867355,-0.11228308081626892,1],[7,-0.12116188555955887,-0.2130041867494583,0.9695096611976624,0,-0.16551931202411652,-0.9586955904960632,-0.23131366074085236,0,0.9787354469299316,-0.18849897384643555,0.08090106397867203,0,-0.12210054695606232,0.27349787950515747,0.14496250450611115,1],[7,-0.13728468120098114,0.16295160353183746,0.97703617811203,0,-0.8599544167518616,-0.5091050267219543,-0.035924024879932404,0,0.4915601909160614,-0.8451383709907532,0.21002326905727386,0,0.05779093876481056,0.39499831199645996,0.05855582654476166,1],[7,-0.17337174713611603,0.3556267023086548,0.9184072613716125,0,-0.958373486995697,0.15388056635856628,-0.24050210416316986,0,-0.22685402631759644,-0.9218733310699463,0.31414464116096497,0,0.2647938132286072,0.30351752042770386,0.07845734804868698,1],[7,-0.07900718599557877,-0.02138998918235302,-0.9966444969177246,0,-0.5186817049980164,-0.8528999090194702,0.05942248925566673,0,-0.8513091206550598,0.5216360688209534,0.056290626525878906,0,0.11155002564191818,0.17290663719177246,-0.11228307336568832,1],[7,-0.021768635138869286,0.07890365272760391,-0.9966445565223694,0,-0.8553773164749146,0.5145857334136963,0.05942249298095703,0,0.5175477266311646,0.8538005948066711,0.05629057064652443,0,0.17281702160835266,0.019100531935691833,-0.11228308081626892,1],[7,-9.645744825093061e-8,0.000005168090865481645,-1,0,-0.9999745488166809,-0.007130398415029049,5.960444582342461e-8,0,-0.007130398880690336,0.9999744892120361,0.00000516864747623913,0,0.055506400763988495,0.04607728123664856,-0.11191194504499435,1],[7,0.09329526871442795,-0.0077735790982842445,0.9956081509590149,0,-0.9827153086662292,0.15987315773963928,0.09333536773920059,0,-0.1598966270685196,-0.9871067404747009,0.0072761960327625275,0,0.28305351734161377,0.27285659313201904,0.08577001839876175,1],[7,0.0638027936220169,-0.06851018965244293,0.9956080913543701,0,-0.6195908784866333,0.7793559432029724,0.09333536773920059,0,-0.7823274731636047,-0.6228247880935669,0.007276791147887707,0,0.37477952241897583,0.028038782998919487,0.08576983213424683,1],[7,0.13879257440567017,0.3704925775527954,0.9184072613716125,0,-0.5477094650268555,0.8013571500778198,-0.2405020296573639,0,-0.8250763416290283,-0.46964049339294434,0.31414467096328735,0,0.3863864243030548,0.033603474497795105,0.07845732569694519,1],[7,-0.5264169573783875,1.8637747345451317e-8,-0.8502264618873596,0,-0.006062455475330353,0.9999744296073914,0.003753586206585169,0,0.8502048254013062,0.007130411919206381,-0.5264036059379578,0,-0.08740358799695969,0.0007914297748357058,-0.1316942721605301,1],[7,-0.07050211727619171,2.428867418302616e-8,-0.9975115656852722,0,-0.007112695369869471,0.9999745488166809,0.0005027354345656931,0,0.9974861741065979,0.007130440790206194,-0.07050032913684845,0,-0.02699168212711811,0.0007914373418316245,-0.11645612865686417,1],[7,0.273030549287796,0.007531918119639158,-0.9619758725166321,0,-0.034431684762239456,0.9994050860404968,-0.001947519020177424,0,0.9613888263702393,0.03365418314933777,0.2731275260448456,0,0.001621150877326727,0.0008364612585864961,-0.07430455088615417,1],[7,-0.918583333492279,0.3555673062801361,-0.1725592166185379,0,0.2462068498134613,0.8563501834869385,0.45392337441444397,0,0.30917152762413025,0.3744811713695526,-0.8741719126701355,0,-0.3355054259300232,-0.728839635848999,0.06637709587812424,1],[7,-0.918583333492279,0.3555673062801361,-0.1725592166185379,0,0.2462068498134613,0.8563501834869385,0.45392337441444397,0,0.30917152762413025,0.3744811713695526,-0.8741719126701355,0,-0.3355053961277008,-0.7193287014961243,0.06637705862522125,1]],8,8,8,8,8,8,8,8,8,8,8,8,8,8,8,8,8,8,8,8,8,8,8,8,8,8,8,8,8,8,8,8,8,8,8,8,8,8,8,8,8,8,8,8,8,8,8,8,8,8,8]]],0,0,[],[],[]],[[[9],[10,"Velociraptor_001",[-3,-4],[[14,-2,[6,"0f5mD247NXH6kNDnlUDyrx"],[3,4],5]],[0,"250v9AvVNaQo2HcQT8jdR3",null,null,null,-1,0]],[5,"Bip001 Head",[[2,"Bip001 Xtra01",-5,[0,"b0rnDDuQRSJIid+ZRJdvO8",null,null,null,1,0],[1,-0.020900078117847443,-0.0273372083902359,-9.194528729494778e-7],[3,1.532518817632342e-12,-0.000002039426392982048,0.735299776910026,0.6777420143918381],[1,179.99788716059086,-179.99805254909933,85.33489413004703]],[2,"Bip001 Xtra02",-6,[0,"13kbgDDAdQL41btmJboOvE",null,null,null,1,0],[1,0.04017852619290352,0.025839176028966904,-0.04096614196896553],[3,0.5509793764068837,0.5316973930114689,-0.27040469674312484,0.5836102372460132],[1,75.1588777277506,72.57206441537468,15.681327738037922]],[2,"Bip001 Xtra03",-7,[0,"b3hdda69FUWLmIfd+2HGZ/",null,null,null,1,0],[1,0.04875290021300316,0.02818468026816845,-0.03758437931537628],[3,0.5509793764068837,0.5316973930114689,-0.27040469674312484,0.5836102372460132],[1,75.1588777277506,72.57206441537468,15.681327738037922]],[2,"Bip001 Xtra02Opp",-8,[0,"98D3yGTuxWgqaOdDHIogb3",null,null,null,1,0],[1,0.04017845168709755,0.025838986039161682,0.04096629098057747],[3,-0.5509793630770146,-0.5316958900320049,-0.2704075810264164,0.5836102827313476],[1,-75.15909038965901,-72.57208617015273,15.681026519107782]],[2,"Bip001 Xtra03Opp",-9,[0,"d0xLLxKUZYMIncgZmGfvtm",null,null,null,1,0],[1,0.04875290021300316,0.02818441390991211,0.037584543228149414],[3,-0.5509793630770146,-0.5316958900320049,-0.2704075810264164,0.5836102827313476],[1,-75.15909038965901,-72.57208617015273,15.681026519107782]]],[0,"eeIw/VnP1eJ63R6jlsTIGU",null,null,null,1,0],[1,0.10842559486627579,0.07796832919120789,-7.157795778311993e-8],[3,-4.809422177974838e-13,5.839878557988522e-7,-0.2105529458743389,0.9775824553372963],[1,0.00001546101838881317,0.00007178467804242414,-24.309516489521613]],[4,"Bip001 Spine",[-10,-11,-12,-13],[0,"0aHVBowO9bwovB8E3DcsEv",null,null,null,1,0],[1,0.08359939604997635,0.0017148208571597934,1.0422030527479365e-7],[3,-0.000002080475910607275,-6.936760291890771e-7,0.0003981590483744071,0.9999999207322781],[1,-0.00023837338536381578,-0.00007939451341664715,0.04562566746437456]],[4,"Bip001 Neck",[-14,-15,-16],[0,"c2O+P9Un5erIlBo113YXou",null,null,null,1,0],[1,0.08205171674489975,-0.015226555056869984,1.0665753613636753e-8],[3,1.0776200520056088e-13,0.0000010200469689833998,-0.3677699576626257,0.9299168017837885],[1,0.000058929059952389696,0.00014900377116925176,-43.15630075539138]],[5,"Bip001 L Foot",[[2,"Bip001 L Toe0",-17,[0,"6ewk38FtdYB7v+O1gfwtYg",null,null,null,1,0],[1,0.05629784241318703,0.05106339976191521,-0.04606860131025314],[3,-0.19350335014543144,0.19350345445355985,0.6801148657458147,0.6801151637690387],[1,-89.9999514844267,89.99996027178678,58.23622986009336]],[2,"Bip001 L Toe1",-18,[0,"87Z4CQPlpQuIWKemNkOpdO",null,null,null,1,0],[1,0.05629784241318703,0.06479080766439438,-0.00615721708163619],[3,-0.024942319885532683,0.024942342237274512,0.7066665304631904,0.7066669476957046],[1,-89.99951987518872,89.99952168744392,85.9570835400446]],[2,"Bip001 L Toe2",-19,[0,"b8QB9H5FhdDIe+pRXLWPCK",null,null,null,1,0],[1,0.05629784241318703,0.06479078531265259,0.039983998984098434],[3,0.0988338881548561,-0.09614505559052507,0.6906286435117163,0.7099437073450647],[1,84.45260260777962,-84.23260887680274,74.07259019939652]]],[0,"1bXx6oN6Rd9KyDCWe/kR0d",null,null,null,1,0],[1,0.10385297983884811,7.1525572131747595e-9,-9.53674295089968e-9],[3,-0.03856680169828903,-0.01896752789679205,-0.3904961347708876,0.9196007848089551],[1,-7.062995291812972,-5.348813860183908,-45.78582199728086]],[5,"Bip001 R Foot",[[2,"Bip001 R Toe0",-20,[0,"d4Qe1fyTBXIL5BOIsU7bV0",null,null,null,1,0],[1,0.05629784241318703,0.05106338858604431,0.04606860131025314],[3,0.19350328322159077,-0.19350328322159077,0.6801148996253449,0.6801151976485577],[1,89.99995587808124,-89.99995587808124,58.23624992335047]],[2,"Bip001 R Toe1",-21,[0,"92ugZ+JBdSxbD3XRenyAEh",null,null,null,1,0],[1,0.05629784241318703,0.06479080021381378,0.006157226394861937],[3,0.02494217297063853,-0.02494211336599309,0.7066665370949898,0.7066669543275079],[1,89.9995231940417,-89.9995183613612,85.9571140083833]],[2,"Bip001 R Toe2",-22,[0,"88xYMe0LRXFbxDZ1CP9Ju6",null,null,null,1,0],[1,0.05629784241318703,0.06479078531265259,-0.03998398780822754],[3,-0.09883367896687759,0.09614491347332521,0.6906287587259254,0.70994364363361],[1,-84.45264180036388,84.23265356503079,74.07262024543999]]],[0,"58EX6KGetbaYn4q47pn41w",null,null,null,1,0],[1,0.1038530096411705,-7.1525572131747595e-9,9.53674295089968e-9],[3,0.038589554918851625,0.018921749248908836,-0.3915808114451267,0.9191394245513042],[1,7.081155715559059,5.361799194968872,-45.92042714744176]],[4,"Bip001 L Hand",[-23,-24],[0,"4bVo2qujFWu7FrpFNZ4eUY",null,null,null,1,0],[1,0.1366986334323883,1.907348590179936e-8,0],[3,-0.11710899260104507,0.0034702361839977183,0.42420267830136077,0.8979563068628382],[1,-19.19212850707993,9.367199816771418,49.554038053162074]],[4,"Bip001 R Hand",[-25,-26],[0,"a9HFZszcFc1oK5G7UF6moU",null,null,null,1,0],[1,0.1366986334323883,-7.105427198782324e-17,0],[3,0.11710899591202747,-0.0034702262703926105,0.4242027498993438,0.897956272645803],[1,19.192131246802685,-9.367201695141379,49.55404704878243]],[11,"Velociraptor",1,[[15,-27,[6,"caAn2+94xeabDeWpDYTWuo"],[0],[16],1,1,2]],[0,"ab9MHlkxNUkLIOmc37FM4+",null,null,null,1,0]],[1,"Bip001",1,[-28],[0,"d1zmjyfYhaoKiv30u8R5jC",null,null,null,1,0],[1,-1.0301266506473894e-9,0.3447984457015991,-0.029433343559503555],[3,-0.08846750416246753,-0.08846666224683097,-0.7015508059815729,0.7015508655862197],[1,-90.00001507819927,-89.9999463188019,-75.62562783473525]],[12,"Bip001 Pelvis",10,[3],[0,"ddSCeqEZRTlrCnlXUs7ZXc",null,null,null,1,0],[3,-0.49999999254917427,-0.49999999254917427,-0.49999930709576956,0.5000007078049009],[1,-89.99991974527727,-89.99991974527727,-0.0000017074910602964197]],[13,"Bip001 Spine1",3,[4],[0,"e0m2eIkuRW57ibZNN/jBgf",null,null,null,1,0],[1,0.07665906846523285,-0.00007522582745878026,-2.0860170535375033e-10]],[1,"Bip001 Neck1",4,[-29],[0,"e3WJdqahJVorfmL7ZrDr1W",null,null,null,1,0],[1,0.06057441607117653,-0.000038433074223576114,-1.0659277627222963e-10],[3,1.7124313818325955e-15,2.286271598408903e-7,-0.08242971513064462,0.9965968804202774],[1,0.0000021893062660033255,0.000026469284714805894,-9.456479179084374]],[1,"Bip001 Neck2",13,[-30],[0,"74cS5OnORbbJA8trd8hSfF",null,null,null,1,0],[1,0.04891017824411392,-0.000038871763536008075,-1.0775693531916986e-10],[3,-2.7050819786912832e-14,-9.110595064750514e-8,0.032847560092560506,0.9994603732994908],[1,3.436661453361085e-7,-0.000010456904340405859,3.764730328578822]],[1,"Bip001 Neck3",14,[2],[0,"5ba4mtBrBaN5U6J4o9/EQ/",null,null,null,1,0],[1,0.04891468212008476,-0.00006996154843363911,-1.9404979012538348e-10],[3,-1.0265354072576718e-14,-1.4050529275455884e-7,0.05065805465727621,0.9987160564936968],[1,8.198378054210365e-7,-0.000016163004320969852,5.807471161518658]],[1,"Bip001 L Clavicle",4,[-31],[0,"7b5rSj9lZSTKcv2qsky86V",null,null,null,1,0],[1,0.006822166498750448,0.010796661488711834,0.025111589580774307],[3,0.3835825050471723,0.5096473130268677,0.7692745973003193,-0.03661518939813678],[1,-120.46915344545685,-138.25053234942212,19.55121444151915]],[1,"Bip001 L UpperArm",16,[-32],[0,"314mVHyNhWB74hjBa4VEoe",null,null,null,1,0],[1,0.08565475791692734,-7.105427198782324e-17,1.907348590179936e-8],[3,-0.651006781048774,0.14902344868784376,-0.1700284242667186,0.724618877556383],[1,-83.95396540361413,-0.3451948422766213,-26.13209628555936]],[1,"Bip001 L Forearm",17,[7],[0,"b6CJVtdcNYmLATfRoi664n",null,null,null,1,0],[1,0.10960905253887177,-1.907348590179936e-8,9.53674295089968e-9],[3,3.471258568023811e-18,6.547477585476093e-18,-0.7488067345401058,0.662788408398475],[1,180,180,-83.02576197002132]],[3,"Bip001 L Finger0",7,[[2,"Bip001 L Finger01",-33,[0,"77t8XXNuNZ6r8ggrEqgEBl",null,null,null,1,0],[1,0.024605998769402504,7.105427198782324e-17,9.53674295089968e-9],[3,8.97424286341667e-18,-3.969817983794341e-18,0.3606068461714542,0.9327179115328906],[1,1.5180236161683818e-15,-1.074620019686435e-15,42.27493839177383]]],[0,"92+UgJD4pYqZzZqZt3Ve0N",null,null,null,1,0],[1,0.0323772057890892,-0.003554725553840399,-0.009198532439768314],[3,0.08828897816621613,0.08212668488129167,0.3411942140753122,0.9322267815538795],[1,8.219686645560659,7.0249619429634205,40.59006343926402]],[3,"Bip001 L Finger1",7,[[2,"Bip001 L Finger11",-34,[0,"6bkV4gevJS05TcSAnoIiuC",null,null,null,1,0],[1,0.023338260129094124,-3.814697180359872e-8,3.552713599391162e-17],[3,1.3689696602613219e-8,5.885304737516261e-9,0.39495611522853447,0.9186999875060325],[1,0.0000017075472925031875,0,46.526474218548124]]],[0,"b8PIJAvYJUooV6tM7nnLxn",null,null,null,1,0],[1,0.03685840591788292,-0.008286705240607262,0.014363446272909641],[3,-0.03805469413778519,-0.11218089056161175,0.34524235716802376,0.9310075203047236],[1,0.49845474539938067,-13.925969597983093,40.64606729158365]],[1,"Bip001 R Clavicle",4,[-35],[0,"2anBK+jcRYq6/4+L9IxRyu",null,null,null,1,0],[1,0.006822166498750448,0.010796794667840004,-0.02511163242161274],[3,-0.34604668468529637,-0.5072914340152104,0.7868726219692457,-0.06114384505697282],[1,119.61389116874459,141.145686776578,14.765775670962881]],[1,"Bip001 R UpperArm",21,[-36],[0,"ac/cbAxRFV1Ln0d6xfAyyU",null,null,null,1,0],[1,0.08565471321344376,0,1.907348590179936e-8],[3,0.6414605794612537,-0.11719730911613802,-0.19747523407659046,0.7319813164689142],[1,83.66835782094942,5.2230880043118555,-26.06887532885817]],[1,"Bip001 R Forearm",22,[8],[0,"9cQQ/Dq9JVLqC9ra5hxYjO",null,null,null,1,0],[1,0.10960905253887177,-3.552713599391162e-17,1.776356799695581e-17],[3,3.4492639054934718e-18,-3.8969177101799785e-18,-0.7488067049582949,0.6627884418194852],[1,-180,-180,-83.02576708451284]],[3,"Bip001 R Finger0",8,[[2,"Bip001 R Finger01",-37,[0,"ad0NTSw4hTLYCZc1mtNH6w",null,null,null,1,0],[1,0.02460598014295101,0,-1.776356799695581e-17],[3,2.8029623133353152e-9,3.0806872681377303e-9,0.3606068202445451,0.9327179215567364],[1,2.3283887324571822e-7,2.8846606782083894e-7,42.274935206453925]]],[0,"bcvT/qZFJRkKKDS8RkM9jP",null,null,null,1,0],[1,0.032377224415540695,-0.003554725553840399,0.009198537096381187],[3,-0.08828897071968908,-0.08212669233564295,0.34119421409097733,0.9322267815966805],[1,-8.219685201171814,-7.024963387352265,40.59006345070008]],[3,"Bip001 R Finger1",8,[[2,"Bip001 R Finger11",-38,[0,"55Jan44ZFQgpkd0dxBhb6x",null,null,null,1,0],[1,0.023338260129094124,0,9.53674295089968e-9],[3,6.365075336985419e-9,-5.373521799337578e-9,0.3949560649216359,0.9187000091333496],[1,0.000001327409117782658,-0.0000012409148914923302,46.52646794365321]]],[0,"d4JN1r6WZVLZynhraorZzE",null,null,null,1,0],[1,0.03685840591788292,-0.008286705240607262,-0.014363436959683895],[3,0.03805467181841188,0.1121808906570315,0.34524235746168286,0.9310075210966275],[1,-0.4984578869845453,13.92597076008641,40.64606699657039]],[1,"Bip001 L Thigh",3,[-39],[0,"59LaJ70cpd2bb/vDAnsGO8",null,null,null,1,0],[1,-0.0836007297039032,-0.0016485595842823386,0.09225203841924667],[3,0.6744904592333744,0.7370314679170455,-0.00598362281051026,-0.042560920587533656],[1,-28.351640486519052,-147.70892140577945,84.12676315208058]],[1,"Bip001 L Calf",26,[-40],[0,"2b7roscGReGqP+VohCzH6X",null,null,null,1,0],[1,0.16344760358333588,2.38418573772492e-9,0],[3,0,0,-0.6009960383863772,0.7992520014637938],[1,0,0,-73.88253399288392]],[1,"Bip001 L HorseLink",27,[5],[0,"29TF8ZqRRbyIzO42oieL7y",null,null,null,1,0],[1,0.12982162833213806,0,0],[3,-3.055952813837392e-9,2.1304782310979504e-9,0.8203262063062127,0.5718958954628517],[1,-179.99999884193437,179.99999876576007,69.76507680676116]],[1,"Bip001 R Thigh",3,[-41],[0,"f11z+lFnNVe4cG8sfX7ERl",null,null,null,1,0],[1,-0.0836007297039032,-0.0016480254707857966,-0.09225201606750488],[3,0.6739504553687631,0.7375253675737626,0.0059545614805755175,0.042563588793675174],[1,27.966379036551086,148.0961944922518,84.05291616778219]],[1,"Bip001 R Calf",29,[-42],[0,"6amPLh4hBWM47WjYvcjp0Z",null,null,null,1,0],[1,0.16344764828681946,7.1525572131747595e-9,-9.53674295089968e-9],[3,-5.552046596606463e-18,1.2836551016933952e-17,-0.5999419673394338,0.8000435212067464],[1,1.3332262948748425e-15,2.8383690881966606e-15,-73.7314829514827]],[1,"Bip001 R HorseLink",30,[6],[0,"74FLHj63pRv4x4Z7dupgVk",null,null,null,1,0],[1,0.12982162833213806,0,-1.776356799695581e-17],[3,-1.2364649081482765e-8,1.8001583879094718e-9,0.82066585101182,0.5714084012184676],[1,-179.99999717881354,179.99999630917497,69.69699271873915]],[1,"Bip001 Tail",3,[-43],[0,"94wn5V6QlVmJEEb+mf35lC",null,null,null,1,0],[1,-0.1647224873304367,-0.02939075417816639,1.1674514155401994e-7],[3,0.0029557607294261414,0.00009191201148005486,0.9996200538272,-0.027404434261597506],[1,-179.98015983623256,-179.6606231137638,-3.140665108987225]],[1,"Bip001 Tail1",32,[-44],[0,"3cxIfxpLZdPpdZCnxwiFUR",null,null,null,1,0],[1,0.15187548100948334,-0.00006389617919921875,4.060566283214939e-8],[3,0.0002634521771056691,-0.00933388421753334,0.06220645373551373,0.9980196222079081],[1,0.09741852852636503,-1.077746795351408,7.1323421077863935]],[1,"Bip001 Tail2",33,[-45],[0,"60rDehb+VZqbcxP7Dedxlo",null,null,null,1,0],[1,0.08081074059009552,-0.000058403016737429425,2.354383532576776e-8],[3,0.00039105196769125336,-0.011804364883585468,0.048792851308907655,0.9987390859024197],[1,0.11128567346367314,-1.3597608037529665,5.592546011397262]],[1,"Bip001 Tail3",34,[-46],[0,"e42sWHVHxby4im2XN7uUX8",null,null,null,1,0],[1,0.07372555136680603,-0.00006210327410371974,-2.7418137094059603e-8],[3,0.0006601102112656958,-0.00906899111880496,0.049948506394494815,0.998710400648534],[1,0.1280925302956014,-1.0469481414528192,5.725132292632806]],[1,"Bip001 Tail4",35,[-47],[0,"bf07Av4aZYl4FE3tk+JxfR",null,null,null,1,0],[1,0.07840412110090256,-0.00006576537998626009,-2.4318694613612024e-7],[3,0.0020006871391612903,-0.002207519676275759,0.08587582986769006,0.9963013931298027],[1,0.25388231276448325,-0.27578377408986404,9.852222609460732]],[1,"Bip001 Tail5",36,[-48],[0,"87a5BU0YReUJp48fWtadG2",null,null,null,1,0],[1,0.08388076722621918,-0.000056381224567303434,-4.1246414639317663e-7],[3,0.003240207850825959,0.008570097233830603,0.050827207998967554,0.9986654341737857],[1,0.3225595223797897,0.966924646709407,5.829832267283521]],[3,"Bip001 Tail6",37,[[2,"Bip001 Tail7",-49,[0,"71FpeQU/5Rsa8qyF9Td8Ht",null,null,null,1,0],[1,0.07256317138671875,-0.00005054473876953125,-5.984306312711851e-7],[3,0.006463762054190063,0.04420343514558741,-0.011594736281190085,0.998934351292419],[1,0.7988643367350259,5.076464159804932,-1.294612024087375]]],[0,"21n2/qzZxfHoayMGbbWpnf",null,null,null,1,0],[1,0.07115738093852997,-0.00005754470839747228,-6.830692313997133e-7],[3,0.004871527291498261,0.023785004845339214,0.045986127984310524,0.9986469935865054],[1,0.4339904975733321,2.7087141392063754,5.28325372918389]]],0,[0,2,1,0,1,1,0,-1,9,0,-2,10,0,0,2,0,0,2,0,0,2,0,0,2,0,0,2,0,-1,12,0,-2,26,0,-3,29,0,-4,32,0,-1,13,0,-2,16,0,-3,21,0,0,5,0,0,5,0,0,5,0,0,6,0,0,6,0,0,6,0,-1,19,0,-2,20,0,-1,24,0,-2,25,0,1,9,0,-1,11,0,-1,14,0,-1,15,0,-1,17,0,-1,18,0,0,19,0,0,20,0,-1,22,0,-1,23,0,0,24,0,0,25,0,-1,27,0,-1,28,0,-1,30,0,-1,31,0,-1,33,0,-1,34,0,-1,35,0,-1,36,0,-1,37,0,-1,38,0,0,38,0,3,1,2,0,15,3,0,11,4,0,12,5,0,28,6,0,31,7,0,18,8,0,23,49],[0,0,0,0,0,0],[-1,4,5,-1,-2,6],[1,2,3,0,4,0]],[[[17,"01 - Default",[{"rasterizerState":{},"blendState":{"targets":[{}]},"depthStencilState":{}}],[{}],[[[{"metallic":0.4000000059604645,"roughness":0.7071067690849304},"albedoScale",8,[1,0.5882353186607361,0.5882353186607361,0.5882353186607361]]],11]]],0,0,[0],[7],[5]]]]
