[{"__type__":"cc.SpriteFrame","content":{"name":"pic_qiandaoriqi","texture":"90336MbvlPP5QPSiMSWXYo","rect":[359,348,88,38],"offset":[0,0],"originalSize":[88,38],"capInsets":[20,10,50,20]}},{"__type__":"cc.SpriteFrame","content":{"name":"pic_hb","texture":"90336MbvlPP5QPSiMSWXYo","rect":[539,96,38,44],"offset":[0,0],"originalSize":[38,44],"capInsets":[0,0,0,0]}},{"__type__":"cc.SpriteFrame","content":{"name":"ic_input","texture":"90336MbvlPP5QPSiMSWXYo","rect":[1,4,360,80],"offset":[0,0],"originalSize":[360,80],"capInsets":[20,0,20,0]}},{"__type__":"cc.SpriteFrame","content":{"name":"weixin","texture":"90336MbvlPP5QPSiMSWXYo","rect":[357,310,90,36],"offset":[0,0],"originalSize":[90,36],"capInsets":[0,0,0,0]}},{"__type__":"cc.SpriteFrame","content":{"name":"pic_zfb","texture":"90336MbvlPP5QPSiMSWXYo","rect":[241,310,114,36],"offset":[0,0],"originalSize":[114,36],"capInsets":[0,0,0,0]}},{"__type__":"cc.SpriteFrame","content":{"name":"pic_tixian","texture":"90336MbvlPP5QPSiMSWXYo","rect":[1,198,304,110],"offset":[0,0],"originalSize":[304,110],"capInsets":[0,0,0,0]}},{"__type__":"cc.SpriteFrame","content":{"name":"pic_xuxian","texture":"90336MbvlPP5QPSiMSWXYo","rect":[1,1,543,1],"offset":[0,0],"originalSize":[543,1],"capInsets":[0,0,0,0]}},{"__type__":"cc.SpriteFrame","content":{"name":"pic_duihao","texture":"90336MbvlPP5QPSiMSWXYo","rect":[539,152,28,24],"offset":[0,0],"originalSize":[28,24],"capInsets":[0,0,0,0]}},{"__type__":"cc.SpriteFrame","content":{"name":"ic_fenge","texture":"90336MbvlPP5QPSiMSWXYo","rect":[461,310,10,10],"offset":[0,0],"originalSize":[10,10],"capInsets":[0,0,0,0]}},{"__type__":"cc.SpriteFrame","content":{"name":"pic_tixianmingxi","texture":"90336MbvlPP5QPSiMSWXYo","rect":[1,86,304,110],"offset":[0,0],"originalSize":[304,110],"capInsets":[0,0,0,0]}},{"__type__":"cc.SpriteFrame","content":{"name":"btn_anniu","texture":"90336MbvlPP5QPSiMSWXYo","rect":[307,96,230,80],"offset":[0,0],"originalSize":[230,80],"capInsets":[25,0,25,0]}},{"__type__":"cc.SpriteFrame","content":{"name":"btn_weidianji","texture":"90336MbvlPP5QPSiMSWXYo","rect":[307,178,170,68],"offset":[0,0],"originalSize":[170,68],"capInsets":[81,0,81,0]}},{"__type__":"cc.SpriteFrame","content":{"name":"btn_dianji","texture":"90336MbvlPP5QPSiMSWXYo","rect":[307,248,164,60],"offset":[0,0],"originalSize":[164,60],"capInsets":[0,0,0,0]}},{"__type__":"cc.SpriteFrame","content":{"name":"jiage","texture":"90336MbvlPP5QPSiMSWXYo","rect":[363,4,230,90],"offset":[0,0],"originalSize":[230,90],"capInsets":[32,0,33,0]}},{"__type__":"cc.SpriteFrame","content":{"name":"pic_xinrenxiang","texture":"90336MbvlPP5QPSiMSWXYo","rect":[449,334,88,38],"offset":[0,0],"originalSize":[88,38],"capInsets":[20,10,50,20]}},{"__type__":"cc.SpriteFrame","content":{"name":"btn_tixianmingxi","texture":"90336MbvlPP5QPSiMSWXYo","rect":[121,310,118,40],"offset":[0,0],"originalSize":[118,40],"capInsets":[0,0,0,0]}},{"__type__":"cc.SpriteFrame","content":{"name":"photo","texture":"90336MbvlPP5QPSiMSWXYo","rect":[479,178,100,100],"offset":[0,0],"originalSize":[100,100],"capInsets":[0,0,0,0]}},{"__type__":"cc.SpriteAtlas","_name":"tixianLayer.plist","_spriteFrames":{"btn_anniu":{"__uuid__":"91KIo3vodMNJmgElFjOIyf"},"btn_dianji":{"__uuid__":"a5OPtgk8BNi5JKw9cBaoBp"},"btn_huanpao":{"__uuid__":"e5uE7L/XdA0qxI78AMGj3o"},"btn_qiandao":{"__uuid__":"e5OBnEBI5MJ69bRaqtFJK/"},"btn_tixianmingxi":{"__uuid__":"d2NaUWZB5M7JoK8UjftypN"},"btn_weidianji":{"__uuid__":"9fJVy3bQFOq5HFp1zG5RSV"},"ic_fenge":{"__uuid__":"7anDd6X4BNrpNGHtgPAB4G"},"ic_input":{"__uuid__":"0e7eQ48OhKO7MEMbdROMxs"},"jiage":{"__uuid__":"a7o+JrpDtNBJ3XKA8mhgfC"},"photo":{"__uuid__":"d4vLNnhOFCHZBlKe/FB9ZS"},"pic_duihao":{"__uuid__":"6fWzCheOdPuogJlES3duys"},"pic_hb":{"__uuid__":"08HdaBqc5FuZCrdN97Jsc+"},"pic_qiandaoriqi":{"__uuid__":"034R6DKPdD05EBHij8A9zk"},"pic_tixian":{"__uuid__":"56rjgHEZJCnYrwdnPRZ5NF"},"pic_tixianmingxi":{"__uuid__":"8c6P8Op1JNsaLdjtT7niM8"},"pic_xinrenxiang":{"__uuid__":"bcXJ0AqyRDRZ0D7ahIRdQ/"},"pic_xuxian":{"__uuid__":"58lqQ3M/BHhKOGN333Mg8O"},"pic_zfb":{"__uuid__":"4d2NccRkxPJoeD5LiRs5oz"},"weixin":{"__uuid__":"2fr314pmxGH6zEgdC1woUf"}}},{"__type__":"cc.SpriteFrame","content":{"name":"btn_qiandao","texture":"90336MbvlPP5QPSiMSWXYo","rect":[1,310,118,44],"offset":[0,0],"originalSize":[118,44],"capInsets":[0,0,0,0]}},{"__type__":"cc.SpriteFrame","content":{"name":"btn_huanpao","texture":"90336MbvlPP5QPSiMSWXYo","rect":[473,280,118,52],"offset":[0,0],"originalSize":[118,52],"capInsets":[0,0,0,0]}}]