[[{"__type__":"cc.Prefab","_name":"userinfo_layer","data":{"__id__":1},"optimizationPolicy":2},{"__type__":"cc.Node","_name":"userinfo_layer","_children":[{"__id__":2},{"__id__":3}],"_components":[{"__type__":"cc.Widget","node":{"__id__":1},"_alignFlags":45},{"__type__":"3d8556PAzJNbY61YaXZjVUQ","node":{"__id__":1}}],"_prefab":{"__type__":"cc.PrefabInfo","root":{"__id__":1},"asset":{"__uuid__":"04WJWK19NO2ISNnhdAQ0Jr"},"fileId":"76INjlzFNOg6TjEN3D4jbV"},"_contentSize":{"__type__":"cc.Size","width":750,"height":1334},"_trs":{"__type__":"TypedArray","ctor":"Float64Array","array":[375,667,0,0,0,0,1,1,1,1]}},{"__type__":"cc.Node","_name":"mask","_parent":{"__id__":1},"_components":[{"__type__":"cc.Sprite","node":{"__id__":2},"_materials":[{"__uuid__":"ecpdLyjvZBwrvm+cedCcQy"}],"_spriteFrame":{"__uuid__":"a2MjXRFdtLlYQ5ouAFv/+R"},"_sizeMode":0},{"__type__":"cc.Widget","node":{"__id__":2},"_alignFlags":45,"_originalWidth":40,"_originalHeight":36},{"__type__":"cc.BlockInputEvents","node":{"__id__":2}}],"_prefab":{"__type__":"cc.PrefabInfo","root":{"__id__":1},"asset":{"__uuid__":"04WJWK19NO2ISNnhdAQ0Jr"},"fileId":"c0ayikoSBEjInI6rozIxf/"},"_opacity":130,"_color":{"__type__":"cc.Color"},"_contentSize":{"__type__":"cc.Size","width":750,"height":1334},"_trs":{"__type__":"TypedArray","ctor":"Float64Array","array":[0,0,0,0,0,0,1,1,1,1]}},{"__type__":"cc.Node","_name":"bg_gerenzhongxin","_parent":{"__id__":1},"_children":[{"__id__":4},{"__id__":5},{"__id__":7},{"__id__":9},{"__id__":12},{"__id__":15},{"__id__":18},{"__id__":19},{"__id__":54}],"_components":[{"__type__":"cc.Sprite","node":{"__id__":3},"_materials":[{"__uuid__":"ecpdLyjvZBwrvm+cedCcQy"}],"_spriteFrame":{"__uuid__":"9b2jQyeOBEYIREx/CvH7GA"},"_sizeMode":0}],"_prefab":{"__type__":"cc.PrefabInfo","root":{"__id__":1},"asset":{"__uuid__":"04WJWK19NO2ISNnhdAQ0Jr"},"fileId":"caJIMS+HZAUo+CrcSlrFe2"},"_contentSize":{"__type__":"cc.Size","width":657,"height":936},"_trs":{"__type__":"TypedArray","ctor":"Float64Array","array":[0,41,0,0,0,0,1,1,1,1]}},{"__type__":"cc.Node","_name":"ic_guanbi2","_parent":{"__id__":3},"_components":[{"__type__":"cc.Sprite","node":{"__id__":4},"_materials":[{"__uuid__":"ecpdLyjvZBwrvm+cedCcQy"}],"_spriteFrame":{"__uuid__":"5c4o7no3NMH7pZupb0latf"}},{"__type__":"cc.Button","node":{"__id__":4},"_normalMaterial":{"__uuid__":"ecpdLyjvZBwrvm+cedCcQy"},"duration":0,"zoomScale":0.9,"_N$transition":3,"transition":3}],"_prefab":{"__type__":"cc.PrefabInfo","root":{"__id__":1},"asset":{"__uuid__":"04WJWK19NO2ISNnhdAQ0Jr"},"fileId":"b7TWnMXjtGSIpnilJHt28C"},"_contentSize":{"__type__":"cc.Size","width":84,"height":84},"_trs":{"__type__":"TypedArray","ctor":"Float64Array","array":[276.907,431.238,0,0,0,0,1,1,1,1]}},{"__type__":"cc.Node","_name":"pic_gerenzhongxin","_parent":{"__id__":3},"_children":[{"__id__":6}],"_components":[{"__type__":"cc.Sprite","node":{"__id__":5},"_materials":[{"__uuid__":"ecpdLyjvZBwrvm+cedCcQy"}],"_spriteFrame":{"__uuid__":"cdEvF//9tDQ7A6VuL1Xfzj"}}],"_prefab":{"__type__":"cc.PrefabInfo","root":{"__id__":1},"asset":{"__uuid__":"04WJWK19NO2ISNnhdAQ0Jr"},"fileId":"b5h6nLXgVOSbcLSHPTdPLJ"},"_contentSize":{"__type__":"cc.Size","width":304,"height":110},"_trs":{"__type__":"TypedArray","ctor":"Float64Array","array":[3,450.47,0,0,0,0,1,1,1,1]}},{"__type__":"cc.Node","_name":"font_title","_parent":{"__id__":5},"_components":[{"__type__":"41ebaVoPpRA4Kp67XEdHfZn","node":{"__id__":6},"_materials":[{"__uuid__":"ecpdLyjvZBwrvm+cedCcQy"}],"_string":"个人中心","_N$string":"个人中心","_fontSize":50,"_lineHeight":50,"_N$file":{"__uuid__":"farb0WbWZMgrGmuICOt0MU"},"_isSystemFontUsed":false,"i18n_string":"userinfo_layer_1_1"},{"__type__":"cc.LabelOutline","node":{"__id__":6},"_color":{"__type__":"cc.Color","r":117,"g":59,"b":23},"_width":5}],"_prefab":{"__type__":"cc.PrefabInfo","root":{"__id__":1},"asset":{"__uuid__":"04WJWK19NO2ISNnhdAQ0Jr"},"fileId":"c2AGCr6cNHba6kuFW4Q4HQ"},"_contentSize":{"__type__":"cc.Size","width":210,"height":73},"_trs":{"__type__":"TypedArray","ctor":"Float64Array","array":[0,0,0,0,0,0,1,1,1,1]}},{"__type__":"cc.Node","_name":"btn_gethb","_parent":{"__id__":3},"_children":[{"__id__":8}],"_components":[{"__type__":"cc.Sprite","node":{"__id__":7},"_materials":[{"__uuid__":"ecpdLyjvZBwrvm+cedCcQy"}],"_spriteFrame":{"__uuid__":"b68LS54ClMA6ZPbh3SfhxY"},"_type":1,"_sizeMode":0},{"__type__":"cc.Button","node":{"__id__":7},"_normalMaterial":{"__uuid__":"ecpdLyjvZBwrvm+cedCcQy"},"zoomScale":0.9,"_N$transition":3,"transition":3},{"__type__":"cc.Layout","node":{"__id__":7},"_layoutSize":{"__type__":"cc.Size","width":124,"height":48},"_resize":1,"_N$layoutType":1,"_N$paddingLeft":30,"_N$paddingRight":30}],"_prefab":{"__type__":"cc.PrefabInfo","root":{"__id__":1},"asset":{"__uuid__":"04WJWK19NO2ISNnhdAQ0Jr"},"fileId":"169OiYR8JDKJyuUV7lot3M"},"_contentSize":{"__type__":"cc.Size","width":124,"height":48},"_anchorPoint":{"__type__":"cc.Vec2","x":1,"y":0.5},"_trs":{"__type__":"TypedArray","ctor":"Float64Array","array":[264,287.47,0,0,0,0,1,1,1,1]}},{"__type__":"cc.Node","_name":"btn_gethblab","_parent":{"__id__":7},"_components":[{"__type__":"41ebaVoPpRA4Kp67XEdHfZn","node":{"__id__":8},"_materials":[{"__uuid__":"ecpdLyjvZBwrvm+cedCcQy"}],"_string":"领红包","_N$string":"领红包","_fontSize":20,"_lineHeight":20,"_N$file":{"__uuid__":"farb0WbWZMgrGmuICOt0MU"},"_isSystemFontUsed":false,"_N$verticalAlign":1,"i18n_string":"userinfo_layer_1_2"},{"__type__":"cc.LabelOutline","node":{"__id__":8},"_color":{"__type__":"cc.Color","r":49,"g":26,"b":10},"_width":2}],"_prefab":{"__type__":"cc.PrefabInfo","root":{"__id__":1},"asset":{"__uuid__":"04WJWK19NO2ISNnhdAQ0Jr"},"fileId":"c7vXUCcutG5LshNIffm2YO"},"_contentSize":{"__type__":"cc.Size","width":64,"height":29.2},"_trs":{"__type__":"TypedArray","ctor":"Float64Array","array":[-62,1,0,0,0,0,1,1,1,1]}},{"__type__":"cc.Node","_name":"touxiangdi","_parent":{"__id__":3},"_children":[{"__id__":10},{"__id__":11}],"_components":[{"__type__":"cc.Sprite","node":{"__id__":9},"_materials":[{"__uuid__":"ecpdLyjvZBwrvm+cedCcQy"}],"_spriteFrame":{"__uuid__":"e2gjQcjI5DfpFmjILa5YEA"}}],"_prefab":{"__type__":"cc.PrefabInfo","root":{"__id__":1},"asset":{"__uuid__":"04WJWK19NO2ISNnhdAQ0Jr"},"fileId":"e3mE6CgrBGcJD5DUkDzUEY"},"_contentSize":{"__type__":"cc.Size","width":84,"height":84},"_trs":{"__type__":"TypedArray","ctor":"Float64Array","array":[-204,287.47,0,0,0,0,1,1,1,1]}},{"__type__":"cc.Node","_name":"img_avatar","_parent":{"__id__":9},"_components":[{"__type__":"cc.Sprite","node":{"__id__":10},"_materials":[{"__uuid__":"ecpdLyjvZBwrvm+cedCcQy"}],"_spriteFrame":{"__uuid__":"67LYeDoiZBGYNPaRy0zHD6"},"_sizeMode":0}],"_prefab":{"__type__":"cc.PrefabInfo","root":{"__id__":1},"asset":{"__uuid__":"04WJWK19NO2ISNnhdAQ0Jr"},"fileId":"b5AcRYBttNep4KflFRUheU"},"_contentSize":{"__type__":"cc.Size","width":72,"height":72},"_trs":{"__type__":"TypedArray","ctor":"Float64Array","array":[0,0,0,0,0,0,1,1,1,1]}},{"__type__":"cc.Node","_name":"touxiangkuang","_parent":{"__id__":9},"_components":[{"__type__":"cc.Sprite","node":{"__id__":11},"_materials":[{"__uuid__":"ecpdLyjvZBwrvm+cedCcQy"}],"_spriteFrame":{"__uuid__":"67mcVwXiRMta0ZN4+gjpfK"},"_sizeMode":0}],"_prefab":{"__type__":"cc.PrefabInfo","root":{"__id__":1},"asset":{"__uuid__":"04WJWK19NO2ISNnhdAQ0Jr"},"fileId":"68T4Aou4hBcII9IeTeEpNF"},"_contentSize":{"__type__":"cc.Size","width":80,"height":80},"_trs":{"__type__":"TypedArray","ctor":"Float64Array","array":[0,0,0,0,0,0,1,1,1,1]}},{"__type__":"cc.Node","_name":"layout_name","_parent":{"__id__":3},"_children":[{"__id__":13},{"__id__":14}],"_components":[{"__type__":"cc.Layout","node":{"__id__":12},"_layoutSize":{"__type__":"cc.Size","width":40,"height":26},"_resize":1,"_N$layoutType":1}],"_prefab":{"__type__":"cc.PrefabInfo","root":{"__id__":1},"asset":{"__uuid__":"04WJWK19NO2ISNnhdAQ0Jr"},"fileId":"a4EVQs1mpIUa/iw1Xza95k"},"_contentSize":{"__type__":"cc.Size","width":40,"height":26},"_anchorPoint":{"__type__":"cc.Vec2","y":0.5},"_trs":{"__type__":"TypedArray","ctor":"Float64Array","array":[-136,316.47,0,0,0,0,1,1,1,1]}},{"__type__":"cc.Node","_name":"lab_name","_parent":{"__id__":12},"_components":[{"__type__":"cc.Label","node":{"__id__":13},"_materials":[{"__uuid__":"ecpdLyjvZBwrvm+cedCcQy"}],"_useOriginalSize":false,"_string":"昵称","_N$string":"昵称","_fontSize":20,"_lineHeight":20,"_N$file":{"__uuid__":"farb0WbWZMgrGmuICOt0MU"},"_isSystemFontUsed":false,"_N$horizontalAlign":1,"_N$verticalAlign":1}],"_prefab":{"__type__":"cc.PrefabInfo","root":{"__id__":1},"asset":{"__uuid__":"04WJWK19NO2ISNnhdAQ0Jr"},"fileId":"e08cZULZ1KXIDJrcWQhKrS"},"_contentSize":{"__type__":"cc.Size","width":40,"height":25.2},"_trs":{"__type__":"TypedArray","ctor":"Float64Array","array":[20,0,0,0,0,0,1,1,1,1]}},{"__type__":"cc.Node","_name":"lab_name_data","_parent":{"__id__":12},"_active":false,"_components":[{"__type__":"cc.Label","node":{"__id__":14},"_materials":[{"__uuid__":"ecpdLyjvZBwrvm+cedCcQy"}],"_useOriginalSize":false,"_string":"：阿斯顿发","_N$string":"：阿斯顿发","_fontSize":20,"_lineHeight":20,"_N$file":{"__uuid__":"farb0WbWZMgrGmuICOt0MU"},"_isSystemFontUsed":false,"_N$horizontalAlign":1,"_N$verticalAlign":1}],"_prefab":{"__type__":"cc.PrefabInfo","root":{"__id__":1},"asset":{"__uuid__":"04WJWK19NO2ISNnhdAQ0Jr"},"fileId":"ab4XSKwrNFcbEy8fRRh8C/"},"_contentSize":{"__type__":"cc.Size","width":100,"height":25.2},"_trs":{"__type__":"TypedArray","ctor":"Float64Array","array":[90,0,0,0,0,0,1,1,1,1]}},{"__type__":"cc.Node","_name":"layout_level","_parent":{"__id__":3},"_children":[{"__id__":16},{"__id__":17}],"_components":[{"__type__":"cc.Layout","node":{"__id__":15},"_layoutSize":{"__type__":"cc.Size","width":40,"height":26},"_resize":1,"_N$layoutType":1}],"_prefab":{"__type__":"cc.PrefabInfo","root":{"__id__":1},"asset":{"__uuid__":"04WJWK19NO2ISNnhdAQ0Jr"},"fileId":"7aqfe7dD5CUJIoWuNFtAb4"},"_contentSize":{"__type__":"cc.Size","width":40,"height":26},"_anchorPoint":{"__type__":"cc.Vec2","y":0.5},"_trs":{"__type__":"TypedArray","ctor":"Float64Array","array":[-136,287.47,0,0,0,0,1,1,1,1]}},{"__type__":"cc.Node","_name":"lab_level","_parent":{"__id__":15},"_components":[{"__type__":"cc.Label","node":{"__id__":16},"_materials":[{"__uuid__":"ecpdLyjvZBwrvm+cedCcQy"}],"_useOriginalSize":false,"_string":"等级","_N$string":"等级","_fontSize":20,"_lineHeight":20,"_N$file":{"__uuid__":"farb0WbWZMgrGmuICOt0MU"},"_isSystemFontUsed":false,"_N$horizontalAlign":1,"_N$verticalAlign":1}],"_prefab":{"__type__":"cc.PrefabInfo","root":{"__id__":1},"asset":{"__uuid__":"04WJWK19NO2ISNnhdAQ0Jr"},"fileId":"bfXldUh15EYogwY0TQ+jsj"},"_contentSize":{"__type__":"cc.Size","width":40,"height":25.2},"_trs":{"__type__":"TypedArray","ctor":"Float64Array","array":[20,0,0,0,0,0,1,1,1,1]}},{"__type__":"cc.Node","_name":"lab_level_data","_parent":{"__id__":15},"_active":false,"_components":[{"__type__":"cc.Label","node":{"__id__":17},"_materials":[{"__uuid__":"ecpdLyjvZBwrvm+cedCcQy"}],"_useOriginalSize":false,"_string":"：123","_N$string":"：123","_fontSize":20,"_lineHeight":20,"_N$file":{"__uuid__":"farb0WbWZMgrGmuICOt0MU"},"_isSystemFontUsed":false,"_N$horizontalAlign":1,"_N$verticalAlign":1}],"_prefab":{"__type__":"cc.PrefabInfo","root":{"__id__":1},"asset":{"__uuid__":"04WJWK19NO2ISNnhdAQ0Jr"},"fileId":"caY7LAlkJCNplnn/i7H8jP"},"_contentSize":{"__type__":"cc.Size","width":51.91,"height":25.2},"_trs":{"__type__":"TypedArray","ctor":"Float64Array","array":[65.955,0,0,0,0,0,1,1,1,1]}},{"__type__":"cc.Node","_name":"lab_id","_parent":{"__id__":3},"_components":[{"__type__":"cc.Label","node":{"__id__":18},"_materials":[{"__uuid__":"ecpdLyjvZBwrvm+cedCcQy"}],"_useOriginalSize":false,"_string":"ID：123456","_N$string":"ID：123456","_fontSize":20,"_lineHeight":20,"_N$file":{"__uuid__":"farb0WbWZMgrGmuICOt0MU"},"_isSystemFontUsed":false,"_N$horizontalAlign":1,"_N$verticalAlign":1}],"_prefab":{"__type__":"cc.PrefabInfo","root":{"__id__":1},"asset":{"__uuid__":"04WJWK19NO2ISNnhdAQ0Jr"},"fileId":"1cAkEgdr9KZpZXakwyKf7T"},"_contentSize":{"__type__":"cc.Size","width":107.3,"height":25.2},"_trs":{"__type__":"TypedArray","ctor":"Float64Array","array":[-80.095,259.47,0,0,0,0,1,1,1,1]}},{"__type__":"cc.Node","_name":"bg_gerenzhongxinbai","_parent":{"__id__":3},"_children":[{"__id__":20},{"__id__":29},{"__id__":36},{"__id__":43},{"__id__":47},{"__id__":51}],"_components":[{"__type__":"cc.Sprite","node":{"__id__":19},"_materials":[{"__uuid__":"ecpdLyjvZBwrvm+cedCcQy"}],"_spriteFrame":{"__uuid__":"c81ct0mdZNSrmQuEEngAlT"},"_sizeMode":0},{"__type__":"cc.Layout","node":{"__id__":19},"_layoutSize":{"__type__":"cc.Size","width":574,"height":540},"_resize":1,"_N$layoutType":2}],"_prefab":{"__type__":"cc.PrefabInfo","root":{"__id__":1},"asset":{"__uuid__":"04WJWK19NO2ISNnhdAQ0Jr"},"fileId":"31M8EJqtNMU6ZPt6OfSGPO"},"_contentSize":{"__type__":"cc.Size","width":574,"height":540},"_trs":{"__type__":"TypedArray","ctor":"Float64Array","array":[1,-53,0,0,0,0,1,1,1,1]}},{"__type__":"cc.Node","_name":"cell_money","_parent":{"__id__":19},"_children":[{"__id__":21},{"__id__":22},{"__id__":23},{"__id__":24}],"_prefab":{"__type__":"cc.PrefabInfo","root":{"__id__":1},"asset":{"__uuid__":"04WJWK19NO2ISNnhdAQ0Jr"},"fileId":"51l6VXEjNBp6cTP64Z6vOY"},"_contentSize":{"__type__":"cc.Size","width":574,"height":90},"_trs":{"__type__":"TypedArray","ctor":"Float64Array","array":[0,225,0,0,0,0,1,1,1,1]}},{"__type__":"cc.Node","_name":"pic_hb","_parent":{"__id__":20},"_components":[{"__type__":"cc.Sprite","node":{"__id__":21},"_materials":[{"__uuid__":"ecpdLyjvZBwrvm+cedCcQy"}],"_spriteFrame":{"__uuid__":"08HdaBqc5FuZCrdN97Jsc+"},"_sizeMode":0}],"_prefab":{"__type__":"cc.PrefabInfo","root":{"__id__":1},"asset":{"__uuid__":"04WJWK19NO2ISNnhdAQ0Jr"},"fileId":"1caJPYEWxImo6iitwkDFc1"},"_contentSize":{"__type__":"cc.Size","width":57,"height":65},"_trs":{"__type__":"TypedArray","ctor":"Float64Array","array":[-231.208,0,0,0,0,0,1,1,1,1]}},{"__type__":"cc.Node","_name":"hbdata","_parent":{"__id__":20},"_components":[{"__type__":"cc.Label","node":{"__id__":22},"_materials":[{"__uuid__":"ecpdLyjvZBwrvm+cedCcQy"}],"_useOriginalSize":false,"_string":"1234","_N$string":"1234","_N$horizontalAlign":1,"_N$verticalAlign":1}],"_prefab":{"__type__":"cc.PrefabInfo","root":{"__id__":1},"asset":{"__uuid__":"04WJWK19NO2ISNnhdAQ0Jr"},"fileId":"a8jxkKxOBBlIrzzu5FdCEf"},"_color":{"__type__":"cc.Color","r":243,"g":29,"b":35},"_contentSize":{"__type__":"cc.Size","width":88.98,"height":50.4},"_anchorPoint":{"__type__":"cc.Vec2","y":0.5},"_trs":{"__type__":"TypedArray","ctor":"Float64Array","array":[-189.718,0,0,0,0,0,1,1,1,1]}},{"__type__":"cc.Node","_name":"bg_jinduhui","_parent":{"__id__":20},"_components":[{"__type__":"cc.Sprite","node":{"__id__":23},"_materials":[{"__uuid__":"ecpdLyjvZBwrvm+cedCcQy"}],"_spriteFrame":{"__uuid__":"f7Tyibl0dEV4m+DQsnA9zA"},"_sizeMode":0},{"__type__":"cc.Widget","node":{"__id__":23},"_alignFlags":4}],"_prefab":{"__type__":"cc.PrefabInfo","root":{"__id__":1},"asset":{"__uuid__":"04WJWK19NO2ISNnhdAQ0Jr"},"fileId":"195nKdFCxGLqQUK80HZaEX"},"_opacity":204,"_contentSize":{"__type__":"cc.Size","width":522,"height":2},"_trs":{"__type__":"TypedArray","ctor":"Float64Array","array":[0,-44,0,0,0,0,1,1,1,1]}},{"__type__":"cc.Node","_name":"layout_cell_1","_parent":{"__id__":20},"_children":[{"__id__":25},{"__id__":27}],"_components":[{"__type__":"cc.Layout","node":{"__id__":24},"_layoutSize":{"__type__":"cc.Size","width":268,"height":48},"_resize":1,"_N$layoutType":1,"_N$spacingX":20}],"_prefab":{"__type__":"cc.PrefabInfo","root":{"__id__":1},"asset":{"__uuid__":"04WJWK19NO2ISNnhdAQ0Jr"},"fileId":"51PCYZ4IdD+5pH+c8NpyIC"},"_contentSize":{"__type__":"cc.Size","width":268,"height":48},"_anchorPoint":{"__type__":"cc.Vec2","x":1,"y":0.5},"_trs":{"__type__":"TypedArray","ctor":"Float64Array","array":[264.299,0,0,0,0,0,1,1,1,1]}},{"__type__":"cc.Node","_name":"btn_tixian","_parent":{"__id__":24},"_children":[{"__id__":26}],"_components":[{"__type__":"cc.Sprite","node":{"__id__":25},"_materials":[{"__uuid__":"ecpdLyjvZBwrvm+cedCcQy"}],"_spriteFrame":{"__uuid__":"6behprY2BNSZzOZM8oMMB4"},"_type":1,"_sizeMode":0},{"__type__":"cc.Button","node":{"__id__":25},"_normalMaterial":{"__uuid__":"ecpdLyjvZBwrvm+cedCcQy"},"zoomScale":0.9,"_N$transition":3,"transition":3},{"__type__":"cc.Layout","node":{"__id__":25},"_enabled":false,"_layoutSize":{"__type__":"cc.Size","width":84,"height":48},"_resize":1,"_N$layoutType":1,"_N$paddingLeft":20,"_N$paddingRight":20}],"_prefab":{"__type__":"cc.PrefabInfo","root":{"__id__":1},"asset":{"__uuid__":"04WJWK19NO2ISNnhdAQ0Jr"},"fileId":"73fuArggJKbr1IwZAz4kWc"},"_contentSize":{"__type__":"cc.Size","width":124,"height":48},"_trs":{"__type__":"TypedArray","ctor":"Float64Array","array":[-206,0,0,0,0,0,1,1,1,1]}},{"__type__":"cc.Node","_name":"btn_tixianlab","_parent":{"__id__":25},"_components":[{"__type__":"41ebaVoPpRA4Kp67XEdHfZn","node":{"__id__":26},"_materials":[{"__uuid__":"ecpdLyjvZBwrvm+cedCcQy"}],"_string":"提现","_N$string":"提现","_fontSize":20,"_lineHeight":20,"_N$file":{"__uuid__":"farb0WbWZMgrGmuICOt0MU"},"_isSystemFontUsed":false,"_N$horizontalAlign":1,"_N$verticalAlign":1},{"__type__":"cc.LabelOutline","node":{"__id__":26},"_color":{"__type__":"cc.Color","r":49,"g":26,"b":10},"_width":2}],"_prefab":{"__type__":"cc.PrefabInfo","root":{"__id__":1},"asset":{"__uuid__":"04WJWK19NO2ISNnhdAQ0Jr"},"fileId":"61ZOkGs6BEELPJXhb0GMWg"},"_contentSize":{"__type__":"cc.Size","width":44,"height":29.2},"_trs":{"__type__":"TypedArray","ctor":"Float64Array","array":[0,1,0,0,0,0,1,1,1,1]}},{"__type__":"cc.Node","_name":"btn_hfhb","_parent":{"__id__":24},"_children":[{"__id__":28}],"_components":[{"__type__":"cc.Sprite","node":{"__id__":27},"_materials":[{"__uuid__":"ecpdLyjvZBwrvm+cedCcQy"}],"_spriteFrame":{"__uuid__":"b68LS54ClMA6ZPbh3SfhxY"},"_type":1,"_sizeMode":0},{"__type__":"cc.Button","node":{"__id__":27},"_normalMaterial":{"__uuid__":"ecpdLyjvZBwrvm+cedCcQy"},"zoomScale":0.9,"_N$transition":3,"transition":3},{"__type__":"cc.Layout","node":{"__id__":27},"_layoutSize":{"__type__":"cc.Size","width":124,"height":48},"_resize":1,"_N$layoutType":1,"_N$paddingLeft":20,"_N$paddingRight":20}],"_prefab":{"__type__":"cc.PrefabInfo","root":{"__id__":1},"asset":{"__uuid__":"04WJWK19NO2ISNnhdAQ0Jr"},"fileId":"6c5NrTuvRLrYFIRxZNI1f+"},"_contentSize":{"__type__":"cc.Size","width":124,"height":48},"_trs":{"__type__":"TypedArray","ctor":"Float64Array","array":[-62,0,0,0,0,0,1,1,1,1]}},{"__type__":"cc.Node","_name":"btn_hfhplab","_parent":{"__id__":27},"_components":[{"__type__":"41ebaVoPpRA4Kp67XEdHfZn","node":{"__id__":28},"_materials":[{"__uuid__":"ecpdLyjvZBwrvm+cedCcQy"}],"_string":"换分红炮","_N$string":"换分红炮","_fontSize":20,"_lineHeight":20,"_N$file":{"__uuid__":"farb0WbWZMgrGmuICOt0MU"},"_isSystemFontUsed":false,"_N$verticalAlign":1,"i18n_string":"userinfo_layer_1_6"},{"__type__":"cc.LabelOutline","node":{"__id__":28},"_color":{"__type__":"cc.Color","r":49,"g":26,"b":10},"_width":2}],"_prefab":{"__type__":"cc.PrefabInfo","root":{"__id__":1},"asset":{"__uuid__":"04WJWK19NO2ISNnhdAQ0Jr"},"fileId":"92Cg7xxw1GkIm/kVqNZnr8"},"_contentSize":{"__type__":"cc.Size","width":84,"height":29.2},"_trs":{"__type__":"TypedArray","ctor":"Float64Array","array":[0,1,0,0,0,0,1,1,1,1]}},{"__type__":"cc.Node","_name":"cell_yinyue","_parent":{"__id__":19},"_children":[{"__id__":30},{"__id__":31},{"__id__":35}],"_prefab":{"__type__":"cc.PrefabInfo","root":{"__id__":1},"asset":{"__uuid__":"04WJWK19NO2ISNnhdAQ0Jr"},"fileId":"9fCPb+xZlNAYb4SJ0SWmOF"},"_contentSize":{"__type__":"cc.Size","width":574,"height":90},"_trs":{"__type__":"TypedArray","ctor":"Float64Array","array":[0,135,0,0,0,0,1,1,1,1]}},{"__type__":"cc.Node","_name":"bgfont","_parent":{"__id__":29},"_components":[{"__type__":"41ebaVoPpRA4Kp67XEdHfZn","node":{"__id__":30},"_materials":[{"__uuid__":"ecpdLyjvZBwrvm+cedCcQy"}],"_string":"音乐","_N$string":"音乐","_fontSize":32,"_lineHeight":45,"_N$file":{"__uuid__":"farb0WbWZMgrGmuICOt0MU"},"_isSystemFontUsed":false,"_N$verticalAlign":1,"_N$overflow":1,"i18n_string":"userinfo_layer_1_7"},{"__type__":"cc.Widget","node":{"__id__":30},"_alignFlags":8,"_left":31}],"_prefab":{"__type__":"cc.PrefabInfo","root":{"__id__":1},"asset":{"__uuid__":"04WJWK19NO2ISNnhdAQ0Jr"},"fileId":"04s1KLCXZBI4XRk8JIHrSV"},"_color":{"__type__":"cc.Color","r":159,"g":90,"b":26},"_contentSize":{"__type__":"cc.Size","width":87.31,"height":56.7},"_anchorPoint":{"__type__":"cc.Vec2","y":0.5},"_trs":{"__type__":"TypedArray","ctor":"Float64Array","array":[-256,0,0,0,0,0,1,1,1,1]}},{"__type__":"cc.Node","_name":"bgtoggle","_parent":{"__id__":29},"_children":[{"__id__":32},{"__id__":33}],"_components":[{"__type__":"cc.Toggle","node":{"__id__":31},"_normalMaterial":{"__uuid__":"ecpdLyjvZBwrvm+cedCcQy"},"_N$normalColor":{"__type__":"cc.Color","r":214,"g":214,"b":214},"_N$target":{"__id__":33},"checkMark":{"__id__":34}}],"_prefab":{"__type__":"cc.PrefabInfo","root":{"__id__":1},"asset":{"__uuid__":"04WJWK19NO2ISNnhdAQ0Jr"},"fileId":"c5FtYGhSZEeJ0AiNiyf5xA"},"_contentSize":{"__type__":"cc.Size","width":110,"height":50},"_trs":{"__type__":"TypedArray","ctor":"Float64Array","array":[180,0,0,0,0,0,1,1,1,1]}},{"__type__":"cc.Node","_name":"bg_Background","_parent":{"__id__":31},"_components":[{"__type__":"cc.Sprite","node":{"__id__":32},"_materials":[{"__uuid__":"ecpdLyjvZBwrvm+cedCcQy"}],"_spriteFrame":{"__uuid__":"39BrHClI9DY4GLgm2OGRzo"}}],"_prefab":{"__type__":"cc.PrefabInfo","root":{"__id__":1},"asset":{"__uuid__":"04WJWK19NO2ISNnhdAQ0Jr"},"fileId":"30oEIo40NJpaCFSk0Ladz0"},"_contentSize":{"__type__":"cc.Size","width":112,"height":48},"_trs":{"__type__":"TypedArray","ctor":"Float64Array","array":[0,0,0,0,0,0,1,1,1,1]}},{"__type__":"cc.Node","_name":"bg_checkmark","_parent":{"__id__":31},"_components":[{"__id__":34}],"_prefab":{"__type__":"cc.PrefabInfo","root":{"__id__":1},"asset":{"__uuid__":"04WJWK19NO2ISNnhdAQ0Jr"},"fileId":"1aJ3qSCb5B6I0JTZv+ESxW"},"_contentSize":{"__type__":"cc.Size","width":120,"height":58},"_trs":{"__type__":"TypedArray","ctor":"Float64Array","array":[0,0,0,0,0,0,1,1,1,1]}},{"__type__":"cc.Sprite","node":{"__id__":33},"_materials":[{"__uuid__":"ecpdLyjvZBwrvm+cedCcQy"}],"_spriteFrame":{"__uuid__":"aeOU3YcRVAAJLkGjgAQWHh"},"_sizeMode":2,"_isTrimmedMode":false},{"__type__":"cc.Node","_name":"bg_jinduhui2","_parent":{"__id__":29},"_components":[{"__type__":"cc.Sprite","node":{"__id__":35},"_materials":[{"__uuid__":"ecpdLyjvZBwrvm+cedCcQy"}],"_spriteFrame":{"__uuid__":"f7Tyibl0dEV4m+DQsnA9zA"},"_sizeMode":0},{"__type__":"cc.Widget","node":{"__id__":35},"_alignFlags":4}],"_prefab":{"__type__":"cc.PrefabInfo","root":{"__id__":1},"asset":{"__uuid__":"04WJWK19NO2ISNnhdAQ0Jr"},"fileId":"f3xl13AsNLt7ai1jIh/YuV"},"_opacity":204,"_contentSize":{"__type__":"cc.Size","width":522,"height":2},"_trs":{"__type__":"TypedArray","ctor":"Float64Array","array":[0,-44,0,0,0,0,1,1,1,1]}},{"__type__":"cc.Node","_name":"cell_yinxiao","_parent":{"__id__":19},"_children":[{"__id__":37},{"__id__":38},{"__id__":42}],"_prefab":{"__type__":"cc.PrefabInfo","root":{"__id__":1},"asset":{"__uuid__":"04WJWK19NO2ISNnhdAQ0Jr"},"fileId":"16nYzjphpEGbN2jHzR/Zjn"},"_contentSize":{"__type__":"cc.Size","width":574,"height":90},"_trs":{"__type__":"TypedArray","ctor":"Float64Array","array":[0,45,0,0,0,0,1,1,1,1]}},{"__type__":"cc.Node","_name":"yxfont","_parent":{"__id__":36},"_components":[{"__type__":"41ebaVoPpRA4Kp67XEdHfZn","node":{"__id__":37},"_materials":[{"__uuid__":"ecpdLyjvZBwrvm+cedCcQy"}],"_string":"音效","_N$string":"音效","_fontSize":32,"_lineHeight":45,"_N$file":{"__uuid__":"farb0WbWZMgrGmuICOt0MU"},"_isSystemFontUsed":false,"_N$horizontalAlign":1,"_N$verticalAlign":1,"i18n_string":"userinfo_layer_1_8"},{"__type__":"cc.Widget","node":{"__id__":37},"_alignFlags":8,"_left":32}],"_prefab":{"__type__":"cc.PrefabInfo","root":{"__id__":1},"asset":{"__uuid__":"04WJWK19NO2ISNnhdAQ0Jr"},"fileId":"adAhhgxEBPjY+jskt/1krg"},"_color":{"__type__":"cc.Color","r":159,"g":90,"b":26},"_contentSize":{"__type__":"cc.Size","width":64,"height":56.7},"_anchorPoint":{"__type__":"cc.Vec2","y":0.5},"_trs":{"__type__":"TypedArray","ctor":"Float64Array","array":[-255,0,0,0,0,0,1,1,1,1]}},{"__type__":"cc.Node","_name":"yxtoggle","_parent":{"__id__":36},"_children":[{"__id__":39},{"__id__":40}],"_components":[{"__type__":"cc.Toggle","node":{"__id__":38},"_normalMaterial":{"__uuid__":"ecpdLyjvZBwrvm+cedCcQy"},"_N$normalColor":{"__type__":"cc.Color","r":214,"g":214,"b":214},"_N$target":{"__id__":40},"checkMark":{"__id__":41}}],"_prefab":{"__type__":"cc.PrefabInfo","root":{"__id__":1},"asset":{"__uuid__":"04WJWK19NO2ISNnhdAQ0Jr"},"fileId":"0eejKkphVB2qWXYtUxR9jP"},"_contentSize":{"__type__":"cc.Size","width":110,"height":50},"_trs":{"__type__":"TypedArray","ctor":"Float64Array","array":[181,0,0,0,0,0,1,1,1,1]}},{"__type__":"cc.Node","_name":"yx_Background","_parent":{"__id__":38},"_components":[{"__type__":"cc.Sprite","node":{"__id__":39},"_materials":[{"__uuid__":"ecpdLyjvZBwrvm+cedCcQy"}],"_spriteFrame":{"__uuid__":"39BrHClI9DY4GLgm2OGRzo"}}],"_prefab":{"__type__":"cc.PrefabInfo","root":{"__id__":1},"asset":{"__uuid__":"04WJWK19NO2ISNnhdAQ0Jr"},"fileId":"34naBTx+9JiYgnhITARQDI"},"_contentSize":{"__type__":"cc.Size","width":112,"height":48},"_trs":{"__type__":"TypedArray","ctor":"Float64Array","array":[0,0,0,0,0,0,1,1,1,1]}},{"__type__":"cc.Node","_name":"yx_checkmark","_parent":{"__id__":38},"_components":[{"__id__":41}],"_prefab":{"__type__":"cc.PrefabInfo","root":{"__id__":1},"asset":{"__uuid__":"04WJWK19NO2ISNnhdAQ0Jr"},"fileId":"98cFkTIfVL7oaiCkF97cLg"},"_contentSize":{"__type__":"cc.Size","width":120,"height":58},"_trs":{"__type__":"TypedArray","ctor":"Float64Array","array":[0,0,0,0,0,0,1,1,1,1]}},{"__type__":"cc.Sprite","node":{"__id__":40},"_materials":[{"__uuid__":"ecpdLyjvZBwrvm+cedCcQy"}],"_spriteFrame":{"__uuid__":"aeOU3YcRVAAJLkGjgAQWHh"},"_sizeMode":2,"_isTrimmedMode":false},{"__type__":"cc.Node","_name":"bg_jinduhui3","_parent":{"__id__":36},"_components":[{"__type__":"cc.Sprite","node":{"__id__":42},"_materials":[{"__uuid__":"ecpdLyjvZBwrvm+cedCcQy"}],"_spriteFrame":{"__uuid__":"f7Tyibl0dEV4m+DQsnA9zA"},"_sizeMode":0},{"__type__":"cc.Widget","node":{"__id__":42},"_alignFlags":4}],"_prefab":{"__type__":"cc.PrefabInfo","root":{"__id__":1},"asset":{"__uuid__":"04WJWK19NO2ISNnhdAQ0Jr"},"fileId":"d3An3ponRISqfmdpEP/wGq"},"_opacity":204,"_contentSize":{"__type__":"cc.Size","width":522,"height":2},"_trs":{"__type__":"TypedArray","ctor":"Float64Array","array":[0,-44,0,0,0,0,1,1,1,1]}},{"__type__":"cc.Node","_name":"cell_kefu","_parent":{"__id__":19},"_children":[{"__id__":44},{"__id__":46}],"_prefab":{"__type__":"cc.PrefabInfo","root":{"__id__":1},"asset":{"__uuid__":"04WJWK19NO2ISNnhdAQ0Jr"},"fileId":"930nMRDURPUbNhmkwLuRw1"},"_contentSize":{"__type__":"cc.Size","width":574,"height":90},"_trs":{"__type__":"TypedArray","ctor":"Float64Array","array":[0,-45,0,0,0,0,1,1,1,1]}},{"__type__":"cc.Node","_name":"btn_kefu","_parent":{"__id__":43},"_children":[{"__id__":45}],"_components":[{"__type__":"cc.Button","node":{"__id__":44},"zoomScale":0.9,"_N$transition":3,"transition":3}],"_prefab":{"__type__":"cc.PrefabInfo","root":{"__id__":1},"asset":{"__uuid__":"04WJWK19NO2ISNnhdAQ0Jr"},"fileId":"f4nAQWtVhJ15h/d0wwPhE3"},"_contentSize":{"__type__":"cc.Size","width":550,"height":80},"_trs":{"__type__":"TypedArray","ctor":"Float64Array","array":[0,0,0,0,0,0,1,1,1,1]}},{"__type__":"cc.Node","_name":"kefufont","_parent":{"__id__":44},"_components":[{"__type__":"41ebaVoPpRA4Kp67XEdHfZn","node":{"__id__":45},"_materials":[{"__uuid__":"ecpdLyjvZBwrvm+cedCcQy"}],"_string":"联系客服","_N$string":"联系客服","_fontSize":32,"_lineHeight":45,"_N$file":{"__uuid__":"farb0WbWZMgrGmuICOt0MU"},"_isSystemFontUsed":false,"_N$horizontalAlign":1,"_N$verticalAlign":1,"i18n_string":"userinfo_layer_1_12"},{"__type__":"cc.Widget","node":{"__id__":45},"_alignFlags":8,"_left":19}],"_prefab":{"__type__":"cc.PrefabInfo","root":{"__id__":1},"asset":{"__uuid__":"04WJWK19NO2ISNnhdAQ0Jr"},"fileId":"19HVwX55JLRYj0Cb3KzFe9"},"_color":{"__type__":"cc.Color","r":159,"g":90,"b":26},"_contentSize":{"__type__":"cc.Size","width":128,"height":56.7},"_anchorPoint":{"__type__":"cc.Vec2","y":0.5},"_trs":{"__type__":"TypedArray","ctor":"Float64Array","array":[-256,-1,0,0,0,0,1,1,1,1]}},{"__type__":"cc.Node","_name":"bg_jinduhui4","_parent":{"__id__":43},"_components":[{"__type__":"cc.Sprite","node":{"__id__":46},"_materials":[{"__uuid__":"ecpdLyjvZBwrvm+cedCcQy"}],"_spriteFrame":{"__uuid__":"f7Tyibl0dEV4m+DQsnA9zA"},"_sizeMode":0},{"__type__":"cc.Widget","node":{"__id__":46},"_alignFlags":4}],"_prefab":{"__type__":"cc.PrefabInfo","root":{"__id__":1},"asset":{"__uuid__":"04WJWK19NO2ISNnhdAQ0Jr"},"fileId":"0bJSLt+TRH4ZmMOBMGwOvH"},"_opacity":204,"_contentSize":{"__type__":"cc.Size","width":522,"height":2},"_trs":{"__type__":"TypedArray","ctor":"Float64Array","array":[0,-44,0,0,0,0,1,1,1,1]}},{"__type__":"cc.Node","_name":"cell_fuwu","_parent":{"__id__":19},"_children":[{"__id__":48},{"__id__":50}],"_prefab":{"__type__":"cc.PrefabInfo","root":{"__id__":1},"asset":{"__uuid__":"04WJWK19NO2ISNnhdAQ0Jr"},"fileId":"3aNsJW5LBI0LZD5HAD6iIG"},"_contentSize":{"__type__":"cc.Size","width":574,"height":90},"_trs":{"__type__":"TypedArray","ctor":"Float64Array","array":[0,-135,0,0,0,0,1,1,1,1]}},{"__type__":"cc.Node","_name":"btn_fuwu","_parent":{"__id__":47},"_children":[{"__id__":49}],"_components":[{"__type__":"cc.Button","node":{"__id__":48},"zoomScale":0.9,"_N$transition":3,"transition":3}],"_prefab":{"__type__":"cc.PrefabInfo","root":{"__id__":1},"asset":{"__uuid__":"04WJWK19NO2ISNnhdAQ0Jr"},"fileId":"d822yfHXhPfZWw4/O1u52p"},"_contentSize":{"__type__":"cc.Size","width":550,"height":80},"_trs":{"__type__":"TypedArray","ctor":"Float64Array","array":[0,0,0,0,0,0,1,1,1,1]}},{"__type__":"cc.Node","_name":"fuwufont","_parent":{"__id__":48},"_components":[{"__type__":"41ebaVoPpRA4Kp67XEdHfZn","node":{"__id__":49},"_materials":[{"__uuid__":"ecpdLyjvZBwrvm+cedCcQy"}],"_string":"服务协议","_N$string":"服务协议","_fontSize":32,"_lineHeight":45,"_N$file":{"__uuid__":"farb0WbWZMgrGmuICOt0MU"},"_isSystemFontUsed":false,"_N$horizontalAlign":1,"_N$verticalAlign":1,"i18n_string":"userinfo_layer_1_13"},{"__type__":"cc.Widget","node":{"__id__":49},"_alignFlags":8,"_left":21}],"_prefab":{"__type__":"cc.PrefabInfo","root":{"__id__":1},"asset":{"__uuid__":"04WJWK19NO2ISNnhdAQ0Jr"},"fileId":"5cp6SWj6NDjoYf701Oly+W"},"_color":{"__type__":"cc.Color","r":159,"g":90,"b":26},"_contentSize":{"__type__":"cc.Size","width":128,"height":56.7},"_anchorPoint":{"__type__":"cc.Vec2","y":0.5},"_trs":{"__type__":"TypedArray","ctor":"Float64Array","array":[-254,-1,0,0,0,0,1,1,1,1]}},{"__type__":"cc.Node","_name":"bg_jinduhui5","_parent":{"__id__":47},"_components":[{"__type__":"cc.Sprite","node":{"__id__":50},"_materials":[{"__uuid__":"ecpdLyjvZBwrvm+cedCcQy"}],"_spriteFrame":{"__uuid__":"f7Tyibl0dEV4m+DQsnA9zA"},"_sizeMode":0},{"__type__":"cc.Widget","node":{"__id__":50},"_alignFlags":4}],"_prefab":{"__type__":"cc.PrefabInfo","root":{"__id__":1},"asset":{"__uuid__":"04WJWK19NO2ISNnhdAQ0Jr"},"fileId":"88BuGku6RBir6NUPr+UmJh"},"_opacity":204,"_contentSize":{"__type__":"cc.Size","width":522,"height":2},"_trs":{"__type__":"TypedArray","ctor":"Float64Array","array":[0,-44,0,0,0,0,1,1,1,1]}},{"__type__":"cc.Node","_name":"cell_yinsi","_parent":{"__id__":19},"_children":[{"__id__":52}],"_prefab":{"__type__":"cc.PrefabInfo","root":{"__id__":1},"asset":{"__uuid__":"04WJWK19NO2ISNnhdAQ0Jr"},"fileId":"66DI6bU41G7L6b4/d6hZgn"},"_contentSize":{"__type__":"cc.Size","width":574,"height":90},"_trs":{"__type__":"TypedArray","ctor":"Float64Array","array":[0,-225,0,0,0,0,1,1,1,1]}},{"__type__":"cc.Node","_name":"btn_yinsi","_parent":{"__id__":51},"_children":[{"__id__":53}],"_components":[{"__type__":"cc.Button","node":{"__id__":52},"zoomScale":0.9,"_N$transition":3,"transition":3}],"_prefab":{"__type__":"cc.PrefabInfo","root":{"__id__":1},"asset":{"__uuid__":"04WJWK19NO2ISNnhdAQ0Jr"},"fileId":"57r9dHlHZG3r1oSCu5kcGl"},"_contentSize":{"__type__":"cc.Size","width":550,"height":80},"_trs":{"__type__":"TypedArray","ctor":"Float64Array","array":[0,0,0,0,0,0,1,1,1,1]}},{"__type__":"cc.Node","_name":"yinsifont","_parent":{"__id__":52},"_components":[{"__type__":"41ebaVoPpRA4Kp67XEdHfZn","node":{"__id__":53},"_materials":[{"__uuid__":"ecpdLyjvZBwrvm+cedCcQy"}],"_string":"隐私协议","_N$string":"隐私协议","_fontSize":32,"_lineHeight":45,"_N$file":{"__uuid__":"farb0WbWZMgrGmuICOt0MU"},"_isSystemFontUsed":false,"_N$horizontalAlign":1,"_N$verticalAlign":1,"i18n_string":"userinfo_layer_1_14"},{"__type__":"cc.Widget","node":{"__id__":53},"_alignFlags":8,"_left":21}],"_prefab":{"__type__":"cc.PrefabInfo","root":{"__id__":1},"asset":{"__uuid__":"04WJWK19NO2ISNnhdAQ0Jr"},"fileId":"50B6WR80RE5Zs1+ZPneVQ4"},"_color":{"__type__":"cc.Color","r":159,"g":90,"b":26},"_contentSize":{"__type__":"cc.Size","width":128,"height":56.7},"_anchorPoint":{"__type__":"cc.Vec2","y":0.5},"_trs":{"__type__":"TypedArray","ctor":"Float64Array","array":[-254,0,0,0,0,0,1,1,1,1]}},{"__type__":"cc.Node","_name":"btn_share","_parent":{"__id__":3},"_children":[{"__id__":55},{"__id__":56}],"_components":[{"__type__":"cc.Sprite","node":{"__id__":54},"_materials":[{"__uuid__":"ecpdLyjvZBwrvm+cedCcQy"}],"_spriteFrame":{"__uuid__":"72vssc8EtLjbZBs4KWL+8I"},"_type":1,"_sizeMode":0},{"__type__":"cc.Button","node":{"__id__":54},"_normalMaterial":{"__uuid__":"ecpdLyjvZBwrvm+cedCcQy"},"zoomScale":0.9,"_N$transition":3,"transition":3},{"__type__":"cc.Layout","node":{"__id__":54},"_layoutSize":{"__type__":"cc.Size","width":232,"height":80},"_resize":1,"_N$layoutType":1,"_N$paddingLeft":20,"_N$paddingRight":20,"_N$spacingX":10}],"_prefab":{"__type__":"cc.PrefabInfo","root":{"__id__":1},"asset":{"__uuid__":"04WJWK19NO2ISNnhdAQ0Jr"},"fileId":"f11Keb8/NExp+YxP9RGtNM"},"_contentSize":{"__type__":"cc.Size","width":232,"height":80},"_trs":{"__type__":"TypedArray","ctor":"Float64Array","array":[0,-392.331,0,0,0,0,1,1,1,1]}},{"__type__":"cc.Node","_name":"ic_fenxiang","_parent":{"__id__":54},"_components":[{"__type__":"cc.Sprite","node":{"__id__":55},"_materials":[{"__uuid__":"ecpdLyjvZBwrvm+cedCcQy"}],"_spriteFrame":{"__uuid__":"e3TrVEskZE/LNnLmuzu/z1"}}],"_prefab":{"__type__":"cc.PrefabInfo","root":{"__id__":1},"asset":{"__uuid__":"04WJWK19NO2ISNnhdAQ0Jr"},"fileId":"5fm1z4nH1KIqADxRCwvPRT"},"_contentSize":{"__type__":"cc.Size","width":50,"height":50},"_trs":{"__type__":"TypedArray","ctor":"Float64Array","array":[-71,0,0,0,0,0,1,1,1,1]}},{"__type__":"cc.Node","_name":"btn_sharelab","_parent":{"__id__":54},"_components":[{"__type__":"41ebaVoPpRA4Kp67XEdHfZn","node":{"__id__":56},"_materials":[{"__uuid__":"ecpdLyjvZBwrvm+cedCcQy"}],"_string":"邀请好友","_N$string":"邀请好友","_fontSize":32,"_lineHeight":32,"_N$file":{"__uuid__":"farb0WbWZMgrGmuICOt0MU"},"_isSystemFontUsed":false,"_N$verticalAlign":1,"i18n_string":"userinfo_layer_1_15"},{"__type__":"cc.LabelOutline","node":{"__id__":56},"_color":{"__type__":"cc.Color","r":49,"g":26,"b":10},"_width":2}],"_prefab":{"__type__":"cc.PrefabInfo","root":{"__id__":1},"asset":{"__uuid__":"04WJWK19NO2ISNnhdAQ0Jr"},"fileId":"b5/pwzt75LL4aXpYOdHcSo"},"_contentSize":{"__type__":"cc.Size","width":132,"height":44.32},"_trs":{"__type__":"TypedArray","ctor":"Float64Array","array":[30,1,0,0,0,0,1,1,1,1]}}],{"__type__":"cc.SpriteFrame","content":{"name":"pic_hb","texture":"90336MbvlPP5QPSiMSWXYo","rect":[539,96,38,44],"offset":[0,0],"originalSize":[38,44],"capInsets":[0,0,0,0]}},{"__type__":"cc.SpriteAtlas","_name":"userinfo.plist","_spriteFrames":{"btn_huanfenhongpao":{"__uuid__":"a7WjR8j6BBm7aZDDiMtHqx"},"btn_linghongbao":{"__uuid__":"a2zzk8lwFHY6EVSk0sR8/P"},"btn_tixian":{"__uuid__":"8feCxykVRN856EY5u+Fm8A"},"guanbi":{"__uuid__":"39BrHClI9DY4GLgm2OGRzo"},"ib_guanbi":{"__uuid__":"7dKJ02qChKCou5XAYQBgvr"},"ic_jinru":{"__uuid__":"afq3qDewFFvZ5uOGLd/xJv"},"kaiqi":{"__uuid__":"aeOU3YcRVAAJLkGjgAQWHh"},"pic_fuwuxieyi":{"__uuid__":"c0AtiK+DVBSL99rCmNnLua"},"pic_gerenzhongxin":{"__uuid__":"b8JoR9TFRKM77fj4Ws6459"},"pic_kehufuwu":{"__uuid__":"d3JQ4FcK9FMojiaBA0NusO"},"pic_yinsitiaokuan":{"__uuid__":"87x+IVB0tE16xpjX/0aBxz"},"touxiang":{"__uuid__":"67LYeDoiZBGYNPaRy0zHD6"},"touxiangdi":{"__uuid__":"e2gjQcjI5DfpFmjILa5YEA"},"touxiangkuang":{"__uuid__":"2dUn3rzzFP0qUrnMnLhBvr"}}},{"__type__":"cc.SpriteFrame","content":{"name":"touxiangkuang","texture":"d2ImNQkd5OpoJ0PiiXnmBU","rect":[837,115,78,78],"offset":[0,0],"originalSize":[78,78],"capInsets":[0,0,0,0],"vertices":{"triangles":[5,0,1,4,1,2,7,4,2,7,2,3,6,7,3,0,6,3,5,1,4,0,5,6],"x":[78,0,0,78,11,64,66,14],"y":[78,78,0,0,69,71,9,7],"u":[915,837,837,915,848,901,903,851],"v":[193,193,115,115,184,186,124,122]}}},{"__type__":"cc.SpriteFrame","content":{"name":"guanbi","texture":"d2ImNQkd5OpoJ0PiiXnmBU","rect":[723,112,112,48],"offset":[1,0],"originalSize":[120,58],"capInsets":[0,0,0,0],"vertices":{"triangles":[1,2,3,0,1,3],"x":[117,5,5,117],"y":[53,53,5,5],"u":[835,723,723,835],"v":[160,160,112,112]}}},{"__type__":"cc.SpriteFrame","content":{"name":"ic_guanbi2","texture":"02krqH8i1AdZB/lC2WegR2","rect":[789,371,84,84],"offset":[0,0],"originalSize":[84,84],"capInsets":[0,0,0,0]}},{"__type__":"cc.SpriteFrame","content":{"name":"touxiang","texture":"d2ImNQkd5OpoJ0PiiXnmBU","rect":[759,162,76,76],"offset":[0,0],"originalSize":[76,76],"capInsets":[0,0,0,0],"vertices":{"triangles":[1,2,3,0,1,3],"x":[76,0,0,76],"y":[76,76,0,0],"u":[835,759,759,835],"v":[238,238,162,162]}}},{"__type__":"cc.SpriteFrame","content":{"name":"touxiangkuang","texture":"e0kPQXrAlLBp/dRPfCD6sk","rect":[503,633,70,70],"offset":[0,0],"originalSize":[70,70],"capInsets":[0,0,0,0]}},{"__type__":"cc.SpriteFrame","content":{"name":"btn_anniu1","texture":"e0kPQXrAlLBp/dRPfCD6sk","rect":[361,559,152,58],"offset":[0,0],"originalSize":[152,58],"capInsets":[68,22,68,22]}},{"__type__":"cc.SpriteFrame","content":{"name":"btn_anniu","texture":"1bGMIb4PFCPLdSEzxrUZ4h","rect":[539,228,230,80],"offset":[0,0],"originalSize":[230,80],"capInsets":[27,22,26,21]}},{"__type__":"cc.SpriteFrame","content":{"name":"ib_guanbi","texture":"d2ImNQkd5OpoJ0PiiXnmBU","rect":[393,110,84,83],"offset":[0,-0.5],"originalSize":[84,84],"capInsets":[0,0,0,0],"vertices":{"triangles":[0,8,9,6,7,8,2,0,1,5,6,3,5,3,4,3,6,0,3,0,2,0,6,8,11,12,13,10,11,13],"x":[83,83,60,26,7,0,0,1,22,70,84,81,81,84],"y":[33,60,83,84,71,54,35,21,1,1,83,83,79,79],"u":[476,476,453,419,400,393,393,394,415,463,477,474,474,477],"v":[142,169,192,193,180,163,144,130,110,110,192,192,188,188]}}},{"__type__":"cc.SpriteFrame","content":{"name":"pic_yinsitiaokuan","texture":"d2ImNQkd5OpoJ0PiiXnmBU","rect":[1,1,304,110],"offset":[0,0],"originalSize":[304,110],"capInsets":[0,0,0,0],"vertices":{"triangles":[3,9,10,7,8,9,7,5,6,7,4,5,7,9,4,3,4,9,2,3,10,0,1,2,0,2,10],"x":[304,304,253,139,64,19,15,0,0,92,227],"y":[19,110,110,104,110,110,108,62,21,0,0],"u":[305,305,254,140,65,20,16,1,1,93,228],"v":[20,111,111,105,111,111,109,63,22,1,1]}}},{"__type__":"cc.SpriteFrame","content":{"name":"btn_tixian","texture":"d2ImNQkd5OpoJ0PiiXnmBU","rect":[479,163,120,46],"offset":[0,0],"originalSize":[124,50],"capInsets":[0,0,0,0],"vertices":{"triangles":[1,2,3,0,1,3],"x":[122,2,2,122],"y":[48,48,2,2],"u":[599,479,479,599],"v":[209,209,163,163]}}},{"__type__":"cc.SpriteFrame","content":{"name":"bg_gerenzhongxin","texture":"25Od5NCF1P/ZBAgWfxIH9p","rect":[1,0,657,1100],"offset":[0.5,0],"originalSize":[658,1100],"capInsets":[268.5,490,268.5,490]}},{"__type__":"cc.SpriteFrame","content":{"name":"default_sprite_splash","texture":"02delMVqdBD70a/HSD99FK","rect":[0,0,2,2],"offset":[0,0],"originalSize":[2,2],"capInsets":[0,0,0,0]}},{"__type__":"cc.SpriteFrame","content":{"name":"btn_linghongbao","texture":"d2ImNQkd5OpoJ0PiiXnmBU","rect":[478,115,120,46],"offset":[0,0],"originalSize":[124,50],"capInsets":[0,0,0,0],"vertices":{"triangles":[1,2,3,0,1,3],"x":[122,2,2,122],"y":[48,48,2,2],"u":[598,478,478,598],"v":[161,161,115,115]}}},{"__type__":"cc.SpriteFrame","content":{"name":"btn_huanfenhongpao","texture":"d2ImNQkd5OpoJ0PiiXnmBU","rect":[601,117,120,46],"offset":[0,0],"originalSize":[124,50],"capInsets":[0,0,0,0],"vertices":{"triangles":[1,2,3,0,1,3],"x":[122,2,2,122],"y":[48,48,2,2],"u":[721,601,601,721],"v":[163,163,117,117]}}},{"__type__":"cc.SpriteFrame","content":{"name":"kaiqi","texture":"d2ImNQkd5OpoJ0PiiXnmBU","rect":[601,165,112,48],"offset":[1,0],"originalSize":[120,58],"capInsets":[0,0,0,0],"vertices":{"triangles":[1,2,3,0,1,3],"x":[117,5,5,117],"y":[53,53,5,5],"u":[713,601,601,713],"v":[213,213,165,165]}}},{"__type__":"cc.SpriteFrame","content":{"name":"ic_jinru","texture":"d2ImNQkd5OpoJ0PiiXnmBU","rect":[884,126,16,26],"offset":[-1,0],"originalSize":[26,26],"capInsets":[0,0,0,0],"vertices":{"triangles":[1,2,3,0,1,3],"x":[20,4,4,20],"y":[26,26,0,0],"u":[900,884,884,900],"v":[152,152,126,126]}}},{"__type__":"cc.SpriteFrame","content":{"name":"btn_anniu2","texture":"e0kPQXrAlLBp/dRPfCD6sk","rect":[155,625,152,58],"offset":[0,0],"originalSize":[152,58],"capInsets":[68,22,68,22]}},{"__type__":"cc.SpriteFrame","content":{"name":"pic_gerenzhongxin","texture":"d2ImNQkd5OpoJ0PiiXnmBU","rect":[1,112,304,110],"offset":[0,0],"originalSize":[304,110],"capInsets":[0,0,0,0],"vertices":{"triangles":[3,9,10,7,8,9,7,5,6,7,4,5,7,9,4,3,4,9,2,3,10,0,1,2,0,2,10],"x":[304,304,253,139,64,19,15,0,0,92,227],"y":[19,110,110,104,110,110,108,62,21,0,0],"u":[305,305,254,140,65,20,16,1,1,93,228],"v":[131,222,222,216,222,222,220,174,133,112,112]}}},{"__type__":"cc.SpriteFrame","content":{"name":"pic_fuwuxieyi","texture":"d2ImNQkd5OpoJ0PiiXnmBU","rect":[613,1,304,110],"offset":[0,0],"originalSize":[304,110],"capInsets":[0,0,0,0],"vertices":{"triangles":[3,9,10,7,8,9,7,5,6,7,4,5,7,9,4,3,4,9,2,3,10,0,1,2,0,2,10],"x":[304,304,253,139,64,19,15,0,0,92,227],"y":[19,110,110,104,110,110,108,62,21,0,0],"u":[917,917,866,752,677,632,628,613,613,705,840],"v":[20,111,111,105,111,111,109,63,22,1,1]}}},{"__type__":"cc.SpriteFrame","content":{"name":"bg_gerenzhongxinbai","texture":"24+6sX0y1GXKY2HMjXeic2","rect":[5,4,574,662],"offset":[0,0],"originalSize":[584,670],"capInsets":[0,0,0,0]}},{"__type__":"cc.SpriteFrame","content":{"name":"img_title","texture":"36otX/aM1E4Zo+o68pRLtJ","rect":[1,1,304,110],"offset":[0,0],"originalSize":[304,110],"capInsets":[0,0,0,0]}},{"__type__":"cc.SpriteFrame","content":{"name":"pic_kehufuwu","texture":"d2ImNQkd5OpoJ0PiiXnmBU","rect":[307,1,304,110],"offset":[0,0],"originalSize":[304,110],"capInsets":[0,0,0,0],"vertices":{"triangles":[3,9,10,7,8,9,7,5,6,7,4,5,7,9,4,3,4,9,2,3,10,0,1,2,0,2,10],"x":[304,304,253,139,64,19,15,0,0,92,227],"y":[19,110,110,104,110,110,108,62,21,0,0],"u":[611,611,560,446,371,326,322,307,307,399,534],"v":[20,111,111,105,111,111,109,63,22,1,1]}}},{"__type__":"cc.SpriteFrame","content":{"name":"touxiangdi","texture":"d2ImNQkd5OpoJ0PiiXnmBU","rect":[307,117,84,84],"offset":[0,0],"originalSize":[84,84],"capInsets":[0,0,0,0],"vertices":{"triangles":[0,4,5,2,3,4,0,2,4,0,1,2],"x":[84,0,0,1,3,84],"y":[84,84,3,1,0,0],"u":[391,307,307,308,310,391],"v":[201,201,120,118,117,117]}}},{"__type__":"cc.SpriteFrame","content":{"name":"ic_fenxiang","texture":"02krqH8i1AdZB/lC2WegR2","rect":[871,183,50,50],"offset":[0,0],"originalSize":[50,50],"capInsets":[0,0,0,0]}},{"__type__":"cc.SpriteFrame","content":{"name":"bg_jinduhui","texture":"86sAUWEL1JA4NfjWzP3eEp","rect":[465,277,548,10],"offset":[0,0],"originalSize":[548,10],"capInsets":[0,0,0,0]}}]