[{"__type__":"cc.SpriteFrame","content":{"name":"ic_input","texture":"90336MbvlPP5QPSiMSWXYo","rect":[1,4,360,80],"offset":[0,0],"originalSize":[360,80],"capInsets":[20,0,20,0]}},{"__type__":"cc.SpriteFrame","content":{"name":"pic_fuwuxieyi","texture":"e1nHmwLG9MI5dEsVEotxok","rect":[0,0,304,110],"offset":[0,0],"originalSize":[304,110],"capInsets":[0,0,0,0]}},[{"__type__":"cc.Prefab","_name":"shiming_layer","data":{"__id__":1}},{"__type__":"cc.Node","_name":"shiming_layer","_children":[{"__id__":2},{"__id__":3},{"__id__":33}],"_components":[{"__type__":"cc.Widget","node":{"__id__":1},"_alignFlags":45},{"__type__":"59164zqH9tO+Ku5e9KFjJkF","node":{"__id__":1}}],"_prefab":{"__type__":"cc.PrefabInfo","root":{"__id__":1},"asset":{"__uuid__":"2ffpbDhmdAxYhUs8I48pmY"},"fileId":"24OIP8VuZCnICFv+Vz/BWJ"},"_contentSize":{"__type__":"cc.Size","width":750,"height":1334},"_trs":{"__type__":"TypedArray","ctor":"Float64Array","array":[375,667,0,0,0,0,1,1,1,1]}},{"__type__":"cc.Node","_name":"mask","_parent":{"__id__":1},"_components":[{"__type__":"cc.Sprite","node":{"__id__":2},"_materials":[{"__uuid__":"ecpdLyjvZBwrvm+cedCcQy"}],"_spriteFrame":{"__uuid__":"a2MjXRFdtLlYQ5ouAFv/+R"},"_sizeMode":0},{"__type__":"cc.Widget","node":{"__id__":2},"_alignFlags":45,"_originalWidth":40,"_originalHeight":36},{"__type__":"cc.BlockInputEvents","node":{"__id__":2}}],"_prefab":{"__type__":"cc.PrefabInfo","root":{"__id__":1},"asset":{"__uuid__":"2ffpbDhmdAxYhUs8I48pmY"},"fileId":"7b0APlwxdC4brIu9L7txNP"},"_opacity":130,"_color":{"__type__":"cc.Color"},"_contentSize":{"__type__":"cc.Size","width":750,"height":1334},"_trs":{"__type__":"TypedArray","ctor":"Float64Array","array":[0,0,0,0,0,0,1,1,1,1]}},{"__type__":"cc.Node","_name":"img_bg","_parent":{"__id__":1},"_children":[{"__id__":4},{"__id__":32}],"_components":[{"__type__":"cc.Sprite","node":{"__id__":3},"_materials":[{"__uuid__":"ecpdLyjvZBwrvm+cedCcQy"}],"_spriteFrame":{"__uuid__":"e4aI/gIBRJnYEmJ/ekuFLE"}}],"_prefab":{"__type__":"cc.PrefabInfo","root":{"__id__":1},"asset":{"__uuid__":"2ffpbDhmdAxYhUs8I48pmY"},"fileId":"251gnmcLFFcp0qo00wW0Fa"},"_contentSize":{"__type__":"cc.Size","width":657,"height":640},"_trs":{"__type__":"TypedArray","ctor":"Float64Array","array":[-7,10,0,0,0,0,1,1,1,1]}},{"__type__":"cc.Node","_name":"bg_xiao_nei","_parent":{"__id__":3},"_children":[{"__id__":5},{"__id__":8},{"__id__":11},{"__id__":17},{"__id__":23},{"__id__":29},{"__id__":30}],"_components":[{"__type__":"cc.Sprite","node":{"__id__":4},"_materials":[{"__uuid__":"ecpdLyjvZBwrvm+cedCcQy"}],"_spriteFrame":{"__uuid__":"7cf1UlLmNJEaR8GVffqggr"}}],"_prefab":{"__type__":"cc.PrefabInfo","root":{"__id__":1},"asset":{"__uuid__":"2ffpbDhmdAxYhUs8I48pmY"},"fileId":"f00b+DU9pJeptRS3jh8BRA"},"_contentSize":{"__type__":"cc.Size","width":600,"height":489},"_trs":{"__type__":"TypedArray","ctor":"Float64Array","array":[0,-46,0,0,0,0,1,1,1,1]}},{"__type__":"cc.Node","_name":"layout_xm","_parent":{"__id__":4},"_children":[{"__id__":6},{"__id__":7}],"_components":[{"__type__":"cc.Layout","node":{"__id__":5},"_layoutSize":{"__type__":"cc.Size","width":200,"height":32.76},"_resize":1,"_N$layoutType":2}],"_prefab":{"__type__":"cc.PrefabInfo","root":{"__id__":1},"asset":{"__uuid__":"2ffpbDhmdAxYhUs8I48pmY"},"fileId":"30Jk0vhZFIgouubAFcTscG"},"_contentSize":{"__type__":"cc.Size","width":200,"height":32.76},"_anchorPoint":{"__type__":"cc.Vec2","x":1,"y":0.5},"_trs":{"__type__":"TypedArray","ctor":"Float64Array","array":[-150,89,0,0,0,0,1,1,1,1]}},{"__type__":"cc.Node","_name":"lab_xm_en","_parent":{"__id__":5},"_active":false,"_components":[{"__type__":"cc.Label","node":{"__id__":6},"_materials":[{"__uuid__":"ecpdLyjvZBwrvm+cedCcQy"}],"_useOriginalSize":false,"_string":"111","_N$string":"111","_fontSize":25,"_lineHeight":25,"_N$horizontalAlign":1,"_N$verticalAlign":1}],"_prefab":{"__type__":"cc.PrefabInfo","root":{"__id__":1},"asset":{"__uuid__":"2ffpbDhmdAxYhUs8I48pmY"},"fileId":"69lmxtCatDeZPKoEYNziww"},"_color":{"__type__":"cc.Color","r":117,"g":59,"b":23},"_contentSize":{"__type__":"cc.Size","width":38,"height":31.5},"_anchorPoint":{"__type__":"cc.Vec2","x":1,"y":0.5},"_trs":{"__type__":"TypedArray","ctor":"Float64Array","array":[0,16.379999999999995,0,0,0,0,1,1,1,1]}},{"__type__":"cc.Node","_name":"lab_xm_zh","_parent":{"__id__":5},"_components":[{"__type__":"41ebaVoPpRA4Kp67XEdHfZn","node":{"__id__":7},"_materials":[{"__uuid__":"ecpdLyjvZBwrvm+cedCcQy"}],"_string":"姓名","_N$string":"姓名","_fontSize":26,"_lineHeight":26,"_N$file":{"__uuid__":"farb0WbWZMgrGmuICOt0MU"},"_isSystemFontUsed":false,"i18n_string":"shiming_layer_3_1"}],"_prefab":{"__type__":"cc.PrefabInfo","root":{"__id__":1},"asset":{"__uuid__":"2ffpbDhmdAxYhUs8I48pmY"},"fileId":"83ya/Dy5lHFYrzkDSp39da"},"_color":{"__type__":"cc.Color","r":117,"g":59,"b":23},"_contentSize":{"__type__":"cc.Size","width":52,"height":32.76},"_anchorPoint":{"__type__":"cc.Vec2","x":1,"y":0.5},"_trs":{"__type__":"TypedArray","ctor":"Float64Array","array":[0,0,0,0,0,0,1,1,1,1]}},{"__type__":"cc.Node","_name":"layout_zfb","_parent":{"__id__":4},"_children":[{"__id__":9},{"__id__":10}],"_components":[{"__type__":"cc.Layout","node":{"__id__":8},"_layoutSize":{"__type__":"cc.Size","width":200,"height":32.76},"_resize":1,"_N$layoutType":2}],"_prefab":{"__type__":"cc.PrefabInfo","root":{"__id__":1},"asset":{"__uuid__":"2ffpbDhmdAxYhUs8I48pmY"},"fileId":"3aiJrcSd5DMKQDC7AWHkL/"},"_contentSize":{"__type__":"cc.Size","width":200,"height":32.76},"_anchorPoint":{"__type__":"cc.Vec2","x":1,"y":0.5},"_trs":{"__type__":"TypedArray","ctor":"Float64Array","array":[-150,-26,0,0,0,0,1,1,1,1]}},{"__type__":"cc.Node","_name":"lab_zfb_en","_parent":{"__id__":8},"_active":false,"_components":[{"__type__":"cc.Label","node":{"__id__":9},"_materials":[{"__uuid__":"ecpdLyjvZBwrvm+cedCcQy"}],"_useOriginalSize":false,"_string":"222","_N$string":"222","_fontSize":25,"_lineHeight":25,"_N$horizontalAlign":1,"_N$verticalAlign":1}],"_prefab":{"__type__":"cc.PrefabInfo","root":{"__id__":1},"asset":{"__uuid__":"2ffpbDhmdAxYhUs8I48pmY"},"fileId":"4dPzbD1V5DcJwZ8z6PCGBB"},"_color":{"__type__":"cc.Color","r":117,"g":59,"b":23},"_contentSize":{"__type__":"cc.Size","width":41.71,"height":31.5},"_anchorPoint":{"__type__":"cc.Vec2","x":1,"y":0.5},"_trs":{"__type__":"TypedArray","ctor":"Float64Array","array":[0,16.379999999999995,0,0,0,0,1,1,1,1]}},{"__type__":"cc.Node","_name":"lab_zfb_zh","_parent":{"__id__":8},"_components":[{"__type__":"41ebaVoPpRA4Kp67XEdHfZn","node":{"__id__":10},"_materials":[{"__uuid__":"ecpdLyjvZBwrvm+cedCcQy"}],"_string":"支付宝账号","_N$string":"支付宝账号","_fontSize":26,"_lineHeight":26,"_N$file":{"__uuid__":"farb0WbWZMgrGmuICOt0MU"},"_isSystemFontUsed":false,"i18n_string":"shiming_layer_3_2"}],"_prefab":{"__type__":"cc.PrefabInfo","root":{"__id__":1},"asset":{"__uuid__":"2ffpbDhmdAxYhUs8I48pmY"},"fileId":"4cQKVHg6hMD6Q5g23yuym1"},"_color":{"__type__":"cc.Color","r":117,"g":59,"b":23},"_contentSize":{"__type__":"cc.Size","width":130,"height":32.76},"_anchorPoint":{"__type__":"cc.Vec2","x":1,"y":0.5},"_trs":{"__type__":"TypedArray","ctor":"Float64Array","array":[0,0,0,0,0,0,1,1,1,1]}},{"__type__":"cc.Node","_name":"ic_input1","_parent":{"__id__":4},"_children":[{"__id__":12}],"_components":[{"__type__":"cc.Sprite","node":{"__id__":11},"_materials":[{"__uuid__":"ecpdLyjvZBwrvm+cedCcQy"}],"_spriteFrame":{"__uuid__":"0e7eQ48OhKO7MEMbdROMxs"},"_type":1,"_sizeMode":0}],"_prefab":{"__type__":"cc.PrefabInfo","root":{"__id__":1},"asset":{"__uuid__":"2ffpbDhmdAxYhUs8I48pmY"},"fileId":"503BgJ3q5KhKLWwXcofg1T"},"_contentSize":{"__type__":"cc.Size","width":160,"height":80},"_trs":{"__type__":"TypedArray","ctor":"Float64Array","array":[-35,90,0,0,0,0,1,1,1,1]}},{"__type__":"cc.Node","_name":"ming_EditBox","_parent":{"__id__":11},"_children":[{"__id__":13},{"__id__":15}],"_components":[{"__type__":"cc.EditBox","node":{"__id__":12},"_useOriginalSize":false,"maxLength":8,"_N$textLabel":{"__id__":14},"_N$placeholderLabel":{"__id__":16},"_N$inputMode":6}],"_prefab":{"__type__":"cc.PrefabInfo","root":{"__id__":1},"asset":{"__uuid__":"2ffpbDhmdAxYhUs8I48pmY"},"fileId":"0aVjvjVrxMsIcLwqH3Za8I"},"_contentSize":{"__type__":"cc.Size","width":140,"height":55},"_trs":{"__type__":"TypedArray","ctor":"Float64Array","array":[0,0,0,0,0,0,1,1,1,1]}},{"__type__":"cc.Node","_name":"ming_TEXT_LABEL","_parent":{"__id__":12},"_active":false,"_components":[{"__id__":14},{"__type__":"cc.Widget","node":{"__id__":13},"alignMode":0,"_alignFlags":45,"_left":2,"_originalWidth":158,"_originalHeight":40}],"_prefab":{"__type__":"cc.PrefabInfo","root":{"__id__":1},"asset":{"__uuid__":"2ffpbDhmdAxYhUs8I48pmY"},"fileId":"eb83VbSu1J47lUceq1rv3e"},"_contentSize":{"__type__":"cc.Size","width":138,"height":55},"_anchorPoint":{"__type__":"cc.Vec2","y":1},"_trs":{"__type__":"TypedArray","ctor":"Float64Array","array":[-68,27.5,0,0,0,0,1,1,1,1]}},{"__type__":"cc.Label","node":{"__id__":13},"_materials":[{"__uuid__":"ecpdLyjvZBwrvm+cedCcQy"}],"_fontSize":25,"_lineHeight":25,"_enableWrapText":false,"_N$file":{"__uuid__":"farb0WbWZMgrGmuICOt0MU"},"_isSystemFontUsed":false,"_N$verticalAlign":1,"_N$overflow":1},{"__type__":"cc.Node","_name":"ming_PLACEHOLDER_LABEL","_parent":{"__id__":12},"_components":[{"__id__":16},{"__type__":"cc.Widget","node":{"__id__":15},"alignMode":0,"_alignFlags":45,"_left":2,"_originalWidth":158,"_originalHeight":40}],"_prefab":{"__type__":"cc.PrefabInfo","root":{"__id__":1},"asset":{"__uuid__":"2ffpbDhmdAxYhUs8I48pmY"},"fileId":"e9S4vRvctA9LQ5uJ5kyit5"},"_contentSize":{"__type__":"cc.Size","width":138,"height":55},"_anchorPoint":{"__type__":"cc.Vec2","y":1},"_trs":{"__type__":"TypedArray","ctor":"Float64Array","array":[-68,27.5,0,0,0,0,1,1,1,1]}},{"__type__":"cc.Label","node":{"__id__":15},"_materials":[{"__uuid__":"ecpdLyjvZBwrvm+cedCcQy"}],"_string":"名","_N$string":"名","_fontSize":25,"_lineHeight":25,"_enableWrapText":false,"_N$file":{"__uuid__":"farb0WbWZMgrGmuICOt0MU"},"_isSystemFontUsed":false,"_N$verticalAlign":1,"_N$overflow":1},{"__type__":"cc.Node","_name":"ic_input2","_parent":{"__id__":4},"_children":[{"__id__":18}],"_components":[{"__type__":"cc.Sprite","node":{"__id__":17},"_materials":[{"__uuid__":"ecpdLyjvZBwrvm+cedCcQy"}],"_spriteFrame":{"__uuid__":"0e7eQ48OhKO7MEMbdROMxs"},"_type":1,"_sizeMode":0}],"_prefab":{"__type__":"cc.PrefabInfo","root":{"__id__":1},"asset":{"__uuid__":"2ffpbDhmdAxYhUs8I48pmY"},"fileId":"d2sioVeUZKmYujuX3TKns+"},"_contentSize":{"__type__":"cc.Size","width":160,"height":80},"_trs":{"__type__":"TypedArray","ctor":"Float64Array","array":[164,90,0,0,0,0,1,1,1,1]}},{"__type__":"cc.Node","_name":"xing_EditBox","_parent":{"__id__":17},"_children":[{"__id__":19},{"__id__":21}],"_components":[{"__type__":"cc.EditBox","node":{"__id__":18},"_useOriginalSize":false,"maxLength":8,"_N$textLabel":{"__id__":20},"_N$placeholderLabel":{"__id__":22},"_N$inputMode":6}],"_prefab":{"__type__":"cc.PrefabInfo","root":{"__id__":1},"asset":{"__uuid__":"2ffpbDhmdAxYhUs8I48pmY"},"fileId":"020frpu+xNJLr6cHMiDCNs"},"_contentSize":{"__type__":"cc.Size","width":140,"height":55},"_trs":{"__type__":"TypedArray","ctor":"Float64Array","array":[0,0,0,0,0,0,1,1,1,1]}},{"__type__":"cc.Node","_name":"xing_TEXT_LABEL","_parent":{"__id__":18},"_active":false,"_components":[{"__id__":20},{"__type__":"cc.Widget","node":{"__id__":19},"alignMode":0,"_alignFlags":45,"_left":2,"_originalWidth":158,"_originalHeight":40}],"_prefab":{"__type__":"cc.PrefabInfo","root":{"__id__":1},"asset":{"__uuid__":"2ffpbDhmdAxYhUs8I48pmY"},"fileId":"cbI1J9AIxPCIhuqwY09cDg"},"_contentSize":{"__type__":"cc.Size","width":138,"height":55},"_anchorPoint":{"__type__":"cc.Vec2","y":1},"_trs":{"__type__":"TypedArray","ctor":"Float64Array","array":[-68,27.5,0,0,0,0,1,1,1,1]}},{"__type__":"cc.Label","node":{"__id__":19},"_materials":[{"__uuid__":"ecpdLyjvZBwrvm+cedCcQy"}],"_fontSize":25,"_lineHeight":25,"_enableWrapText":false,"_N$file":{"__uuid__":"farb0WbWZMgrGmuICOt0MU"},"_isSystemFontUsed":false,"_N$verticalAlign":1,"_N$overflow":1},{"__type__":"cc.Node","_name":"xing_PLACEHOLDER_LABEL","_parent":{"__id__":18},"_components":[{"__id__":22},{"__type__":"cc.Widget","node":{"__id__":21},"alignMode":0,"_alignFlags":45,"_left":2,"_originalWidth":158,"_originalHeight":40}],"_prefab":{"__type__":"cc.PrefabInfo","root":{"__id__":1},"asset":{"__uuid__":"2ffpbDhmdAxYhUs8I48pmY"},"fileId":"4595kvsfpKLq0nRveffavr"},"_contentSize":{"__type__":"cc.Size","width":138,"height":55},"_anchorPoint":{"__type__":"cc.Vec2","y":1},"_trs":{"__type__":"TypedArray","ctor":"Float64Array","array":[-68,27.5,0,0,0,0,1,1,1,1]}},{"__type__":"cc.Label","node":{"__id__":21},"_materials":[{"__uuid__":"ecpdLyjvZBwrvm+cedCcQy"}],"_string":"姓","_N$string":"姓","_fontSize":25,"_lineHeight":25,"_enableWrapText":false,"_N$file":{"__uuid__":"farb0WbWZMgrGmuICOt0MU"},"_isSystemFontUsed":false,"_N$verticalAlign":1,"_N$overflow":1},{"__type__":"cc.Node","_name":"ic_input3","_parent":{"__id__":4},"_children":[{"__id__":24}],"_components":[{"__type__":"cc.Sprite","node":{"__id__":23},"_materials":[{"__uuid__":"ecpdLyjvZBwrvm+cedCcQy"}],"_spriteFrame":{"__uuid__":"0e7eQ48OhKO7MEMbdROMxs"}}],"_prefab":{"__type__":"cc.PrefabInfo","root":{"__id__":1},"asset":{"__uuid__":"2ffpbDhmdAxYhUs8I48pmY"},"fileId":"a9rSgdtVVAcaw2taRNFPXn"},"_contentSize":{"__type__":"cc.Size","width":360,"height":80},"_trs":{"__type__":"TypedArray","ctor":"Float64Array","array":[65,-27,0,0,0,0,1,1,1,1]}},{"__type__":"cc.Node","_name":"id_EditBox","_parent":{"__id__":23},"_children":[{"__id__":25},{"__id__":27}],"_components":[{"__type__":"cc.EditBox","node":{"__id__":24},"_useOriginalSize":false,"_N$textLabel":{"__id__":26},"_N$placeholderLabel":{"__id__":28},"_N$inputMode":6}],"_prefab":{"__type__":"cc.PrefabInfo","root":{"__id__":1},"asset":{"__uuid__":"2ffpbDhmdAxYhUs8I48pmY"},"fileId":"c3Pf7Zwm5J5JKoqBx40W9v"},"_contentSize":{"__type__":"cc.Size","width":340,"height":55},"_trs":{"__type__":"TypedArray","ctor":"Float64Array","array":[0,0,0,0,0,0,1,1,1,1]}},{"__type__":"cc.Node","_name":"id_TEXT_LABEL","_parent":{"__id__":24},"_active":false,"_components":[{"__id__":26},{"__type__":"cc.Widget","node":{"__id__":25},"alignMode":0,"_alignFlags":45,"_left":2,"_originalWidth":158,"_originalHeight":40}],"_prefab":{"__type__":"cc.PrefabInfo","root":{"__id__":1},"asset":{"__uuid__":"2ffpbDhmdAxYhUs8I48pmY"},"fileId":"b7HgFkdpNMn68AMV3OFLGP"},"_contentSize":{"__type__":"cc.Size","width":338,"height":55},"_anchorPoint":{"__type__":"cc.Vec2","y":1},"_trs":{"__type__":"TypedArray","ctor":"Float64Array","array":[-168,27.5,0,0,0,0,1,1,1,1]}},{"__type__":"cc.Label","node":{"__id__":25},"_materials":[{"__uuid__":"ecpdLyjvZBwrvm+cedCcQy"}],"_fontSize":25,"_lineHeight":25,"_enableWrapText":false,"_N$file":{"__uuid__":"farb0WbWZMgrGmuICOt0MU"},"_isSystemFontUsed":false,"_N$verticalAlign":1,"_N$overflow":1},{"__type__":"cc.Node","_name":"id_PLACEHOLDER_LABEL","_parent":{"__id__":24},"_components":[{"__id__":28},{"__type__":"cc.Widget","node":{"__id__":27},"alignMode":0,"_alignFlags":45,"_left":2,"_originalWidth":158,"_originalHeight":40}],"_prefab":{"__type__":"cc.PrefabInfo","root":{"__id__":1},"asset":{"__uuid__":"2ffpbDhmdAxYhUs8I48pmY"},"fileId":"1c/zufMj5Bfo0VWUkrslgR"},"_contentSize":{"__type__":"cc.Size","width":338,"height":55},"_anchorPoint":{"__type__":"cc.Vec2","y":1},"_trs":{"__type__":"TypedArray","ctor":"Float64Array","array":[-168,27.5,0,0,0,0,1,1,1,1]}},{"__type__":"cc.Label","node":{"__id__":27},"_materials":[{"__uuid__":"ecpdLyjvZBwrvm+cedCcQy"}],"_string":"支付宝账号","_N$string":"支付宝账号","_fontSize":25,"_lineHeight":25,"_enableWrapText":false,"_N$file":{"__uuid__":"farb0WbWZMgrGmuICOt0MU"},"_isSystemFontUsed":false,"_N$verticalAlign":1,"_N$overflow":1},{"__type__":"cc.Node","_name":"ic_fenge","_parent":{"__id__":4},"_components":[{"__type__":"cc.Sprite","node":{"__id__":29},"_materials":[{"__uuid__":"ecpdLyjvZBwrvm+cedCcQy"}],"_spriteFrame":{"__uuid__":"7anDd6X4BNrpNGHtgPAB4G"}}],"_prefab":{"__type__":"cc.PrefabInfo","root":{"__id__":1},"asset":{"__uuid__":"2ffpbDhmdAxYhUs8I48pmY"},"fileId":"ac9FcM0PVAWpkEPhbMb/h/"},"_contentSize":{"__type__":"cc.Size","width":10,"height":10},"_trs":{"__type__":"TypedArray","ctor":"Float64Array","array":[65,90,0,0,0,0,1,1,1,1]}},{"__type__":"cc.Node","_name":"btn_anniu","_parent":{"__id__":4},"_children":[{"__id__":31}],"_components":[{"__type__":"cc.Sprite","node":{"__id__":30},"_materials":[{"__uuid__":"ecpdLyjvZBwrvm+cedCcQy"}],"_spriteFrame":{"__uuid__":"91KIo3vodMNJmgElFjOIyf"}},{"__type__":"cc.Button","node":{"__id__":30},"_normalMaterial":{"__uuid__":"ecpdLyjvZBwrvm+cedCcQy"},"duration":0,"zoomScale":0.9,"_N$transition":3,"transition":3}],"_prefab":{"__type__":"cc.PrefabInfo","root":{"__id__":1},"asset":{"__uuid__":"2ffpbDhmdAxYhUs8I48pmY"},"fileId":"86j264splHsa6Zb4I2gJHM"},"_contentSize":{"__type__":"cc.Size","width":230,"height":80},"_trs":{"__type__":"TypedArray","ctor":"Float64Array","array":[2,-155,0,0,0,0,1,1,1,1]}},{"__type__":"cc.Node","_name":"btn_anniu_lab","_parent":{"__id__":30},"_components":[{"__type__":"41ebaVoPpRA4Kp67XEdHfZn","node":{"__id__":31},"_materials":[{"__uuid__":"ecpdLyjvZBwrvm+cedCcQy"}],"_string":"确定","_N$string":"确定","_fontSize":30,"_lineHeight":30,"_N$file":{"__uuid__":"farb0WbWZMgrGmuICOt0MU"},"_isSystemFontUsed":false,"i18n_string":"shiming_layer_3_3"},{"__type__":"cc.LabelOutline","node":{"__id__":31},"_color":{"__type__":"cc.Color","r":117,"g":59,"b":23},"_width":2}],"_prefab":{"__type__":"cc.PrefabInfo","root":{"__id__":1},"asset":{"__uuid__":"2ffpbDhmdAxYhUs8I48pmY"},"fileId":"dcKO407UhI7arsu0bKLzBG"},"_contentSize":{"__type__":"cc.Size","width":64,"height":41.8},"_trs":{"__type__":"TypedArray","ctor":"Float64Array","array":[0,-3,0,0,0,0,1,1,1,1]}},{"__type__":"cc.Node","_name":"ic_guanbi2","_parent":{"__id__":3},"_components":[{"__type__":"cc.Sprite","node":{"__id__":32},"_materials":[{"__uuid__":"ecpdLyjvZBwrvm+cedCcQy"}],"_spriteFrame":{"__uuid__":"5c4o7no3NMH7pZupb0latf"}},{"__type__":"cc.Button","node":{"__id__":32},"_normalMaterial":{"__uuid__":"ecpdLyjvZBwrvm+cedCcQy"},"duration":0,"zoomScale":0.9,"_N$transition":3,"transition":3}],"_prefab":{"__type__":"cc.PrefabInfo","root":{"__id__":1},"asset":{"__uuid__":"2ffpbDhmdAxYhUs8I48pmY"},"fileId":"47jRzY0OVA5b2YqC9VNM13"},"_contentSize":{"__type__":"cc.Size","width":84,"height":84},"_trs":{"__type__":"TypedArray","ctor":"Float64Array","array":[286,275,0,0,0,0,1,1,1,1]}},{"__type__":"cc.Node","_name":"pic_fuwuxieyi","_parent":{"__id__":1},"_children":[{"__id__":34}],"_components":[{"__type__":"cc.Sprite","node":{"__id__":33},"_materials":[{"__uuid__":"ecpdLyjvZBwrvm+cedCcQy"}],"_spriteFrame":{"__uuid__":"17eMQzcWBCHaVrYzOK9qF4"}}],"_prefab":{"__type__":"cc.PrefabInfo","root":{"__id__":1},"asset":{"__uuid__":"2ffpbDhmdAxYhUs8I48pmY"},"fileId":"67CcSgVldM7pm/A2YUzMPl"},"_contentSize":{"__type__":"cc.Size","width":304,"height":110},"_trs":{"__type__":"TypedArray","ctor":"Float64Array","array":[-9,293,0,0,0,0,1,1,1,1]}},{"__type__":"cc.Node","_name":"font_title","_parent":{"__id__":33},"_components":[{"__type__":"41ebaVoPpRA4Kp67XEdHfZn","node":{"__id__":34},"_materials":[{"__uuid__":"ecpdLyjvZBwrvm+cedCcQy"}],"_string":"提现信息","_N$string":"提现信息","_fontSize":50,"_lineHeight":50,"_N$file":{"__uuid__":"farb0WbWZMgrGmuICOt0MU"},"_isSystemFontUsed":false,"i18n_string":"shiming_layer_2_1"},{"__type__":"cc.LabelOutline","node":{"__id__":34},"_color":{"__type__":"cc.Color","r":117,"g":59,"b":23},"_width":5}],"_prefab":{"__type__":"cc.PrefabInfo","root":{"__id__":1},"asset":{"__uuid__":"2ffpbDhmdAxYhUs8I48pmY"},"fileId":"53/KCRC4xD55DF9KRhq1qP"},"_contentSize":{"__type__":"cc.Size","width":210,"height":73},"_trs":{"__type__":"TypedArray","ctor":"Float64Array","array":[0,2,0,0,0,0,1,1,1,1]}}],{"__type__":"cc.SpriteFrame","content":{"name":"ic_guanbi2","texture":"02krqH8i1AdZB/lC2WegR2","rect":[789,371,84,84],"offset":[0,0],"originalSize":[84,84],"capInsets":[0,0,0,0]}},{"__type__":"cc.SpriteFrame","content":{"name":"ic_fenge","texture":"90336MbvlPP5QPSiMSWXYo","rect":[461,310,10,10],"offset":[0,0],"originalSize":[10,10],"capInsets":[0,0,0,0]}},{"__type__":"cc.SpriteFrame","content":{"name":"bg_xiao_nei","texture":"f4vjHC5+VGWrsOJQJq5mr0","rect":[0,0,600,489],"offset":[0,0.5],"originalSize":[600,490],"capInsets":[58,62.5,58,62.5]}},{"__type__":"cc.SpriteFrame","content":{"name":"btn_anniu","texture":"90336MbvlPP5QPSiMSWXYo","rect":[307,96,230,80],"offset":[0,0],"originalSize":[230,80],"capInsets":[25,0,25,0]}},{"__type__":"cc.SpriteFrame","content":{"name":"default_sprite_splash","texture":"02delMVqdBD70a/HSD99FK","rect":[0,0,2,2],"offset":[0,0],"originalSize":[2,2],"capInsets":[0,0,0,0]}},{"__type__":"cc.SpriteFrame","content":{"name":"bg_xiao3","texture":"e410lwE1tIGozCzeQ+2I8E","rect":[0,0,657,640],"offset":[-0.5,0],"originalSize":[658,640],"capInsets":[0,0,0,0]}}]