[{"__type__":"cc.SpriteFrame","content":{"name":"btn_anniu2","texture":"1bGMIb4PFCPLdSEzxrUZ4h","rect":[307,228,230,80],"offset":[0,0],"originalSize":[230,80],"capInsets":[18,20,18,20]}},{"__type__":"cc.SpriteFrame","content":{"name":"pic_xuxian","texture":"1bGMIb4PFCPLdSEzxrUZ4h","rect":[1,1,543,1],"offset":[0,0],"originalSize":[543,1],"capInsets":[0,0,0,0]}},{"__type__":"cc.SpriteFrame","content":{"name":"pic_paowangjindu","texture":"1bGMIb4PFCPLdSEzxrUZ4h","rect":[253,4,304,110],"offset":[0,0],"originalSize":[304,110],"capInsets":[0,0,0,0]}},{"__type__":"cc.SpriteFrame","content":{"name":"pic_buchongpaotai","texture":"1bGMIb4PFCPLdSEzxrUZ4h","rect":[559,1,304,110],"offset":[0,0],"originalSize":[304,110],"capInsets":[0,0,0,0]}},{"__type__":"cc.SpriteAtlas","_name":"paoAlertLayer.plist","_spriteFrames":{"20pao":{"__uuid__":"85Uqm2Fl1CE6bAk/XIhdbT"},"btn_anniu":{"__uuid__":"72vssc8EtLjbZBs4KWL+8I"},"btn_anniu2":{"__uuid__":"06QTtYsaBMJqfLEyz7va+g"},"pic_buchongpaotai":{"__uuid__":"37FWqqQvFMxZqZuMHQQ0c8"},"pic_huodepaotai":{"__uuid__":"e2njjyqzhDjIqI5cM/yjLh"},"pic_pao":{"__uuid__":"60MeyJLKhFro0YbKvbjsMx"},"pic_paowangjindu":{"__uuid__":"2flaYI7sxMX7h3A4/8BauT"},"pic_ruheshengji":{"__uuid__":"9e6MJEQPpGVraDAfg7gT9y"},"pic_shipin":{"__uuid__":"60b708aUFIEq/9zkd36Qih"},"pic_touxiangdi":{"__uuid__":"c4fDH9ToRFjp/qlWwbbQwN"},"pic_waikuang":{"__uuid__":"ednp7EQ8ZCLKyRG1OHJ98D"},"pic_wodeshifu":{"__uuid__":"a6lUc+hUJFq5qFMu5ZPdIB"},"pic_xuxian":{"__uuid__":"1b7Lrq2sZOZoDm4hZAFSOW"},"touxiang":{"__uuid__":"c8UnINUc5NTLKiL75BtaQJ"}}},{"__type__":"cc.SpriteFrame","content":{"name":"pic_pao","texture":"1bGMIb4PFCPLdSEzxrUZ4h","rect":[307,310,46,46],"offset":[0,0],"originalSize":[46,46],"capInsets":[0,0,0,0]}},{"__type__":"cc.SpriteFrame","content":{"name":"pic_shipin","texture":"1bGMIb4PFCPLdSEzxrUZ4h","rect":[891,234,40,40],"offset":[0,0],"originalSize":[40,40],"capInsets":[0,0,0,0]}},{"__type__":"cc.SpriteFrame","content":{"name":"btn_anniu","texture":"1bGMIb4PFCPLdSEzxrUZ4h","rect":[539,228,230,80],"offset":[0,0],"originalSize":[230,80],"capInsets":[27,22,26,21]}},{"__type__":"cc.SpriteFrame","content":{"name":"20pao","texture":"1bGMIb4PFCPLdSEzxrUZ4h","rect":[1,4,250,250],"offset":[0,0],"originalSize":[250,250],"capInsets":[0,0,0,0]}},{"__type__":"cc.SpriteFrame","content":{"name":"pic_ruheshengji","texture":"1bGMIb4PFCPLdSEzxrUZ4h","rect":[559,113,304,110],"offset":[0,0],"originalSize":[304,110],"capInsets":[0,0,0,0]}},{"__type__":"cc.SpriteFrame","content":{"name":"pic_wodeshifu","texture":"1bGMIb4PFCPLdSEzxrUZ4h","rect":[1,256,304,110],"offset":[0,0],"originalSize":[304,110],"capInsets":[0,0,0,0]}},{"__type__":"cc.SpriteFrame","content":{"name":"pic_touxiangdi","texture":"1bGMIb4PFCPLdSEzxrUZ4h","rect":[771,225,118,118],"offset":[0,0],"originalSize":[118,118],"capInsets":[0,0,0,0]}},{"__type__":"cc.SpriteFrame","content":{"name":"touxiang","texture":"1bGMIb4PFCPLdSEzxrUZ4h","rect":[891,118,114,114],"offset":[0,0],"originalSize":[114,114],"capInsets":[0,0,0,0]}},{"__type__":"cc.SpriteFrame","content":{"name":"pic_huodepaotai","texture":"1bGMIb4PFCPLdSEzxrUZ4h","rect":[253,116,304,110],"offset":[0,0],"originalSize":[304,110],"capInsets":[0,0,0,0]}},{"__type__":"cc.SpriteFrame","content":{"name":"pic_waikuang","texture":"1bGMIb4PFCPLdSEzxrUZ4h","rect":[865,1,115,115],"offset":[0,0],"originalSize":[115,115],"capInsets":[0,0,0,0]}}]