[{"__type__":"cc.SpriteFrame","content":{"name":"paodi","texture":"5c1Y1VASRHW7aBc0Y8Fa2+","rect":[1,1175,582,123],"offset":[0,0],"originalSize":[582,123],"capInsets":[0,0,0,0]}},{"__type__":"cc.SpriteFrame","content":{"name":"bg_tujianxiaotu","texture":"5c1Y1VASRHW7aBc0Y8Fa2+","rect":[1,1300,582,122],"offset":[0,0],"originalSize":[582,122],"capInsets":[0,0,0,0]}},{"__type__":"cc.SpriteAtlas","_name":"tujian.plist","_spriteFrames":{"bg_name":{"__uuid__":"82pCEq7oJMrotIeTkIeJU3"},"bg_paowang":{"__uuid__":"8ebbuSMwNPRLD2/L0b+vID"},"bg_paowangjindu":{"__uuid__":"davKgPTpdM+aDrVCz0ekjM"},"bg_paowangtouxiang":{"__uuid__":"35cOCk6zJKkqO+alil3KHE"},"bg_tujianxiaotu":{"__uuid__":"2eXyjIc+BN3JLXOeerrQ6i"},"btn_paowanganniu":{"__uuid__":"34vwtEs8hK8Zyb8LRAvUzB"},"ic_lv":{"__uuid__":"ddw3UAgbBEmY1+1f+NTLym"},"lv":{"__uuid__":"746tYHElhKl6Z3gKBe/yed"},"paodi":{"__uuid__":"03R7+c8ApNwap6ZUgp5bm9"},"pic_tujian":{"__uuid__":"d6hzfG2L9MR764rMWSr4ul"}}},{"__type__":"cc.SpriteFrame","content":{"name":"btn_paowanganniu","texture":"5c1Y1VASRHW7aBc0Y8Fa2+","rect":[247,1424,140,52],"offset":[0,0],"originalSize":[140,52],"capInsets":[0,0,0,0]}},{"__type__":"cc.SpriteFrame","content":{"name":"bg_paowangtouxiang","texture":"5c1Y1VASRHW7aBc0Y8Fa2+","rect":[583,1003,120,126],"offset":[0,0],"originalSize":[120,126],"capInsets":[0,0,0,0]}},{"__type__":"cc.SpriteFrame","content":{"name":"lv","texture":"5c1Y1VASRHW7aBc0Y8Fa2+","rect":[389,1424,74,24],"offset":[0,0],"originalSize":[74,24],"capInsets":[0,0,0,0]}},{"__type__":"cc.SpriteFrame","content":{"name":"bg_name","texture":"5c1Y1VASRHW7aBc0Y8Fa2+","rect":[1,1424,244,40],"offset":[0,0],"originalSize":[244,40],"capInsets":[0,0,0,0]}},{"__type__":"cc.SpriteFrame","content":{"name":"bg_paowang","texture":"5c1Y1VASRHW7aBc0Y8Fa2+","rect":[1,811,606,190],"offset":[0,0],"originalSize":[606,190],"capInsets":[0,0,0,0]}},{"__type__":"cc.SpriteFrame","content":{"name":"pic_tujian","texture":"5c1Y1VASRHW7aBc0Y8Fa2+","rect":[1,1,687,808],"offset":[0,0],"originalSize":[687,808],"capInsets":[0,0,0,0]}},{"__type__":"cc.SpriteFrame","content":{"name":"bg_paowangjindu","texture":"5c1Y1VASRHW7aBc0Y8Fa2+","rect":[1,1003,580,170],"offset":[0,0],"originalSize":[580,170],"capInsets":[0,0,0,0]}},{"__type__":"cc.SpriteFrame","content":{"name":"ic_lv","texture":"5c1Y1VASRHW7aBc0Y8Fa2+","rect":[389,1424,74,24],"offset":[0,0],"originalSize":[74,24],"capInsets":[0,0,0,0]}}]