[{"__type__":"cc.SpriteFrame","content":{"name":"hb_1","rect":[1,1,466,430],"offset":[0,0],"originalSize":[466,430],"capInsets":[0,0,0,0]}},[{"__type__":"cc.Prefab","_name":"jiazuhongbao_layer","data":{"__id__":1}},{"__type__":"cc.Node","_name":"jiazuhongbao_layer","_children":[{"__id__":2},{"__id__":3},{"__id__":4},{"__id__":7},{"__id__":9},{"__id__":12}],"_components":[{"__type__":"cc.Widget","node":{"__id__":1},"_alignFlags":45},{"__type__":"2baddn0P5BA6a5uZKdGP9oe","node":{"__id__":1}}],"_prefab":{"__type__":"cc.PrefabInfo","root":{"__id__":1},"asset":{"__uuid__":"20MLLJaOFI17WOvG0Eek4N"},"fileId":"6fEcmNEuNIOrC87x8hhH51"},"_contentSize":{"__type__":"cc.Size","width":750,"height":1334},"_trs":{"__type__":"TypedArray","ctor":"Float64Array","array":[375,667,0,0,0,0,1,1,1,1]}},{"__type__":"cc.Node","_name":"mask","_parent":{"__id__":1},"_components":[{"__type__":"cc.Sprite","node":{"__id__":2},"_materials":[{"__uuid__":"ecpdLyjvZBwrvm+cedCcQy"}],"_spriteFrame":{"__uuid__":"a2MjXRFdtLlYQ5ouAFv/+R"},"_sizeMode":0},{"__type__":"cc.Widget","node":{"__id__":2},"_alignFlags":45,"_originalWidth":40,"_originalHeight":36},{"__type__":"cc.BlockInputEvents","node":{"__id__":2}}],"_prefab":{"__type__":"cc.PrefabInfo","root":{"__id__":1},"asset":{"__uuid__":"20MLLJaOFI17WOvG0Eek4N"},"fileId":"0aNs5iqM5F9qewtz4d/Y3U"},"_opacity":130,"_color":{"__type__":"cc.Color"},"_contentSize":{"__type__":"cc.Size","width":750,"height":1334},"_trs":{"__type__":"TypedArray","ctor":"Float64Array","array":[0,0,0,0,0,0,1,1,1,1]}},{"__type__":"cc.Node","_name":"hb_1","_parent":{"__id__":1},"_components":[{"__type__":"cc.Sprite","node":{"__id__":3},"_materials":[{"__uuid__":"ecpdLyjvZBwrvm+cedCcQy"}],"_spriteFrame":{"__uuid__":"0fRB5C55lFUoGaBUlTEr28"}}],"_prefab":{"__type__":"cc.PrefabInfo","root":{"__id__":1},"asset":{"__uuid__":"20MLLJaOFI17WOvG0Eek4N"},"fileId":"f5z3I6V25IEq2Ta0s990rr"},"_contentSize":{"__type__":"cc.Size","width":466,"height":430},"_trs":{"__type__":"TypedArray","ctor":"Float64Array","array":[0,0,0,0,0,0,1,1,1,1]}},{"__type__":"cc.Node","_name":"hbmask","_parent":{"__id__":1},"_children":[{"__id__":5}],"_components":[{"__type__":"cc.Mask","node":{"__id__":4},"_materials":[{"__uuid__":"ecpdLyjvZBwrvm+cedCcQy"}]}],"_prefab":{"__type__":"cc.PrefabInfo","root":{"__id__":1},"asset":{"__uuid__":"20MLLJaOFI17WOvG0Eek4N"},"fileId":"a4+4ReKG1GJom4wuZ5EInG"},"_contentSize":{"__type__":"cc.Size","width":424,"height":480},"_trs":{"__type__":"TypedArray","ctor":"Float64Array","array":[0,41,0,0,0,0,1,1,1,1]}},{"__type__":"cc.Node","_name":"hb_2","_parent":{"__id__":4},"_children":[{"__id__":6}],"_components":[{"__type__":"cc.Sprite","node":{"__id__":5},"_materials":[{"__uuid__":"ecpdLyjvZBwrvm+cedCcQy"}],"_spriteFrame":{"__uuid__":"9fl6Txod5InaCgvsrzHfMO"}}],"_prefab":{"__type__":"cc.PrefabInfo","root":{"__id__":1},"asset":{"__uuid__":"20MLLJaOFI17WOvG0Eek4N"},"fileId":"4aqeCYyEVPAbBYspw5SglK"},"_contentSize":{"__type__":"cc.Size","width":424,"height":448},"_trs":{"__type__":"TypedArray","ctor":"Float64Array","array":[0,-20.914,0,0,0,0,1,1,1,1]}},{"__type__":"cc.Node","_name":"moneydata","_parent":{"__id__":5},"_components":[{"__type__":"cc.Label","node":{"__id__":6},"_materials":[{"__uuid__":"ecpdLyjvZBwrvm+cedCcQy"}],"_useOriginalSize":false,"_string":"100","_N$string":"100","_fontSize":60,"_lineHeight":60,"_N$horizontalAlign":1,"_N$verticalAlign":1}],"_prefab":{"__type__":"cc.PrefabInfo","root":{"__id__":1},"asset":{"__uuid__":"20MLLJaOFI17WOvG0Eek4N"},"fileId":"615cT59kBN1qHwKpYbFjBP"},"_color":{"__type__":"cc.Color","r":252,"g":28,"b":34},"_contentSize":{"__type__":"cc.Size","width":100.11,"height":75.6},"_trs":{"__type__":"TypedArray","ctor":"Float64Array","array":[0,46,0,0,0,0,1,1,1,1]}},{"__type__":"cc.Node","_name":"tixian","_parent":{"__id__":1},"_children":[{"__id__":8}],"_components":[{"__type__":"cc.Sprite","node":{"__id__":7},"_materials":[{"__uuid__":"ecpdLyjvZBwrvm+cedCcQy"}],"_spriteFrame":{"__uuid__":"298S3MbaxAZ7j1LcW/iu8r"}}],"_prefab":{"__type__":"cc.PrefabInfo","root":{"__id__":1},"asset":{"__uuid__":"20MLLJaOFI17WOvG0Eek4N"},"fileId":"bc3v9OOihC4rY13EIs/Z9n"},"_contentSize":{"__type__":"cc.Size","width":204,"height":100},"_trs":{"__type__":"TypedArray","ctor":"Float64Array","array":[130,182,0,0,0,0,1,1,1,1]}},{"__type__":"cc.Node","_name":"font_ketixian","_parent":{"__id__":7},"_components":[{"__type__":"41ebaVoPpRA4Kp67XEdHfZn","node":{"__id__":8},"_materials":[{"__uuid__":"ecpdLyjvZBwrvm+cedCcQy"}],"_string":"可提现","_N$string":"可提现","_fontSize":30,"_lineHeight":30,"_N$file":{"__uuid__":"farb0WbWZMgrGmuICOt0MU"},"_isSystemFontUsed":false,"_N$horizontalAlign":1,"_N$verticalAlign":1,"i18n_string":"hongbao_layer_1_1"}],"_prefab":{"__type__":"cc.PrefabInfo","root":{"__id__":1},"asset":{"__uuid__":"20MLLJaOFI17WOvG0Eek4N"},"fileId":"b4VKwRpfhC64rlkBRG3ZoP"},"_contentSize":{"__type__":"cc.Size","width":90,"height":37.8},"_trs":{"__type__":"TypedArray","ctor":"Float64Array","array":[12.127,8.819,0,0,0,0,1,1,1,1]}},{"__type__":"cc.Node","_name":"hb_3","_parent":{"__id__":1},"_children":[{"__id__":10},{"__id__":11}],"_components":[{"__type__":"cc.Sprite","node":{"__id__":9},"_materials":[{"__uuid__":"ecpdLyjvZBwrvm+cedCcQy"}],"_spriteFrame":{"__uuid__":"85wfISFi5OHLbTo8qRCnJK"}}],"_prefab":{"__type__":"cc.PrefabInfo","root":{"__id__":1},"asset":{"__uuid__":"20MLLJaOFI17WOvG0Eek4N"},"fileId":"1ftDBqwUlDKIotaPlhg8IL"},"_contentSize":{"__type__":"cc.Size","width":464,"height":251},"_trs":{"__type__":"TypedArray","ctor":"Float64Array","array":[0,-89,0,0,0,0,1,1,1,1]}},{"__type__":"cc.Node","_name":"guang","_parent":{"__id__":9},"_components":[{"__type__":"cc.Sprite","node":{"__id__":10},"_materials":[{"__uuid__":"ecpdLyjvZBwrvm+cedCcQy"}],"_spriteFrame":{"__uuid__":"d78ICuEfRKarsHEcuI6RyS"}}],"_prefab":{"__type__":"cc.PrefabInfo","root":{"__id__":1},"asset":{"__uuid__":"20MLLJaOFI17WOvG0Eek4N"},"fileId":"54+Xkb82tP15xa5rIeEFkZ"},"_contentSize":{"__type__":"cc.Size","width":455,"height":459},"_trs":{"__type__":"TypedArray","ctor":"Float64Array","array":[0,0,0,0,0,0,1,1,1,1]}},{"__type__":"cc.Node","_name":"hbtype","_parent":{"__id__":9},"_components":[{"__type__":"41ebaVoPpRA4Kp67XEdHfZn","node":{"__id__":11},"_materials":[{"__uuid__":"ecpdLyjvZBwrvm+cedCcQy"}],"_string":"红包奖励","_N$string":"红包奖励","_fontSize":60,"_lineHeight":60,"_N$file":{"__uuid__":"farb0WbWZMgrGmuICOt0MU"},"_isSystemFontUsed":false,"_N$horizontalAlign":1,"_N$verticalAlign":1,"i18n_string":"hongbao_layer_1_2"},{"__type__":"cc.LabelOutline","node":{"__id__":11},"_color":{"__type__":"cc.Color"},"_width":2}],"_prefab":{"__type__":"cc.PrefabInfo","root":{"__id__":1},"asset":{"__uuid__":"20MLLJaOFI17WOvG0Eek4N"},"fileId":"2f66q1sG5Px5Ap3Xf8FRy9"},"_color":{"__type__":"cc.Color","r":243,"g":223,"b":130},"_contentSize":{"__type__":"cc.Size","width":244,"height":79.6},"_trs":{"__type__":"TypedArray","ctor":"Float64Array","array":[-1,-6,0,0,0,0,1,1,1,1]}},{"__type__":"cc.Node","_name":"btn_anniu","_parent":{"__id__":1},"_children":[{"__id__":13}],"_components":[{"__type__":"cc.Sprite","node":{"__id__":12},"_materials":[{"__uuid__":"ecpdLyjvZBwrvm+cedCcQy"}],"_spriteFrame":{"__uuid__":"a4ubWZ+5tD/5uKeRUTQzdm"}},{"__type__":"cc.Button","node":{"__id__":12},"_normalMaterial":{"__uuid__":"ecpdLyjvZBwrvm+cedCcQy"},"zoomScale":0.9,"_N$transition":3,"transition":3}],"_prefab":{"__type__":"cc.PrefabInfo","root":{"__id__":1},"asset":{"__uuid__":"20MLLJaOFI17WOvG0Eek4N"},"fileId":"c5+H//gJ1JpLr2w8PFudJw"},"_contentSize":{"__type__":"cc.Size","width":230,"height":80},"_trs":{"__type__":"TypedArray","ctor":"Float64Array","array":[-3,-368,0,0,0,0,1,1,1,1]}},{"__type__":"cc.Node","_name":"btn_anniu_bal","_parent":{"__id__":12},"_components":[{"__type__":"41ebaVoPpRA4Kp67XEdHfZn","node":{"__id__":13},"_materials":[{"__uuid__":"ecpdLyjvZBwrvm+cedCcQy"}],"_string":"确认","_N$string":"确认","_fontSize":30,"_lineHeight":30,"_N$file":{"__uuid__":"farb0WbWZMgrGmuICOt0MU"},"_isSystemFontUsed":false,"i18n_string":"jiazuhongbao_layer_3_1"},{"__type__":"cc.LabelOutline","node":{"__id__":13},"_color":{"__type__":"cc.Color"},"_width":2}],"_prefab":{"__type__":"cc.PrefabInfo","root":{"__id__":1},"asset":{"__uuid__":"20MLLJaOFI17WOvG0Eek4N"},"fileId":"d8SDPVfQZGJoLUg90ouU59"},"_contentSize":{"__type__":"cc.Size","width":64,"height":41.8},"_trs":{"__type__":"TypedArray","ctor":"Float64Array","array":[0,-1,0,0,0,0,1,1,1,1]}}],{"__type__":"cc.SpriteFrame","content":{"name":"tixian","rect":[427,686,204,100],"offset":[0,0],"originalSize":[204,100],"capInsets":[0,0,0,0]}},{"__type__":"cc.SpriteFrame","content":{"name":"hb_3","rect":[427,433,464,251],"offset":[0,0],"originalSize":[464,251],"capInsets":[0,0,0,0]}},{"__type__":"cc.SpriteFrame","content":{"name":"hb_2","rect":[1,433,424,448],"offset":[0,0],"originalSize":[424,448],"capInsets":[0,0,0,0]}},{"__type__":"cc.SpriteFrame","content":{"name":"default_sprite_splash","texture":"02delMVqdBD70a/HSD99FK","rect":[0,0,2,2],"offset":[0,0],"originalSize":[2,2],"capInsets":[0,0,0,0]}},{"__type__":"cc.SpriteFrame","content":{"name":"btn_anniu","texture":"70uZhxIuNEn4cyfrG7FT01","rect":[575,856,230,80],"offset":[0,0],"originalSize":[230,80],"capInsets":[50,30,50,28]}},{"__type__":"cc.SpriteFrame","content":{"name":"guang","texture":"c5ynhrmFpIuYjEwsXZ4All","rect":[7,0,455,459],"offset":[3.5,1.5],"originalSize":[462,462],"capInsets":[0,0,0,0]}}]