[{"__type__":"cc.SpriteFrame","content":{"name":"ic_guanbi2","texture":"02krqH8i1AdZB/lC2WegR2","rect":[789,371,84,84],"offset":[0,0],"originalSize":[84,84],"capInsets":[0,0,0,0]}},{"__type__":"cc.SpriteAtlas","_name":"renwu.plist","_spriteFrames":{"bg_renwu":{"__uuid__":"aeysR3l1lF6LmH9cLNhs83"},"toggle_hong":{"__uuid__":"caAknjlA5GhYJJj+zbK57M"},"toggle_huang":{"__uuid__":"bceKeMGUhMYaMKVqp0AmUo"}}},{"__type__":"cc.SpriteFrame","content":{"name":"default_sprite_splash","texture":"02delMVqdBD70a/HSD99FK","rect":[0,0,2,2],"offset":[0,0],"originalSize":[2,2],"capInsets":[0,0,0,0]}},{"__type__":"cc.SpriteFrame","content":{"name":"bg_renwu","texture":"c0iys+Gr9G5JjjPbJJrUtj","rect":[1,1,658,936],"offset":[0,0],"originalSize":[658,936],"capInsets":[0,0,0,0]}},{"__type__":"cc.SpriteFrame","content":{"name":"toggle_huang","texture":"c0iys+Gr9G5JjjPbJJrUtj","rect":[1,939,186,68],"offset":[0,0],"originalSize":[186,68],"capInsets":[0,0,0,0]}},{"__type__":"cc.SpriteFrame","content":{"name":"toggle_hong","texture":"c0iys+Gr9G5JjjPbJJrUtj","rect":[189,939,186,68],"offset":[0,0],"originalSize":[186,68],"capInsets":[0,0,0,0]}},[{"__type__":"cc.Prefab","_name":"renwu_layer","data":{"__id__":1}},{"__type__":"cc.Node","_name":"renwu_layer","_children":[{"__id__":2},{"__id__":3},{"__id__":24}],"_components":[{"__type__":"cc.Widget","node":{"__id__":1},"_alignFlags":45},{"__type__":"5b1degCNPdO+LTsN34pGMeh","node":{"__id__":1},"item":{"__uuid__":"57EvNCXg1JUa6ImadSt+GB"}}],"_prefab":{"__type__":"cc.PrefabInfo","root":{"__id__":1},"asset":{"__uuid__":"ddL7l4WsFC6ZjfVTMjMRqm"},"fileId":"aeSLCyYM5HpIKJYkrVjusw"},"_contentSize":{"__type__":"cc.Size","width":750,"height":1334},"_trs":{"__type__":"TypedArray","ctor":"Float64Array","array":[375,667,0,0,0,0,1,1,1,1]}},{"__type__":"cc.Node","_name":"mask","_parent":{"__id__":1},"_components":[{"__type__":"cc.Sprite","node":{"__id__":2},"_materials":[{"__uuid__":"ecpdLyjvZBwrvm+cedCcQy"}],"_spriteFrame":{"__uuid__":"a2MjXRFdtLlYQ5ouAFv/+R"},"_sizeMode":0},{"__type__":"cc.Widget","node":{"__id__":2},"_alignFlags":45,"_originalWidth":40,"_originalHeight":36},{"__type__":"cc.BlockInputEvents","node":{"__id__":2}}],"_prefab":{"__type__":"cc.PrefabInfo","root":{"__id__":1},"asset":{"__uuid__":"ddL7l4WsFC6ZjfVTMjMRqm"},"fileId":"51ytMQ/xNMVbYy3naGwFuX"},"_opacity":130,"_color":{"__type__":"cc.Color"},"_contentSize":{"__type__":"cc.Size","width":750,"height":1334},"_trs":{"__type__":"TypedArray","ctor":"Float64Array","array":[0,0,0,0,0,0,1,1,1,1]}},{"__type__":"cc.Node","_name":"bgNode","_parent":{"__id__":1},"_children":[{"__id__":4}],"_components":[{"__type__":"cc.Sprite","node":{"__id__":3},"_materials":[{"__uuid__":"ecpdLyjvZBwrvm+cedCcQy"}],"_spriteFrame":{"__uuid__":"aeysR3l1lF6LmH9cLNhs83"},"_type":1}],"_prefab":{"__type__":"cc.PrefabInfo","root":{"__id__":1},"asset":{"__uuid__":"ddL7l4WsFC6ZjfVTMjMRqm"},"fileId":"21QctO2qpPtLuhA8Evugk1"},"_contentSize":{"__type__":"cc.Size","width":658,"height":936},"_trs":{"__type__":"TypedArray","ctor":"Float64Array","array":[1,2.929,0,0,0,0,1,1,1,1]}},{"__type__":"cc.Node","_name":"topnode","_parent":{"__id__":3},"_children":[{"__id__":5},{"__id__":21}],"_components":[{"__type__":"cc.Widget","node":{"__id__":4},"_alignFlags":45}],"_prefab":{"__type__":"cc.PrefabInfo","root":{"__id__":1},"asset":{"__uuid__":"ddL7l4WsFC6ZjfVTMjMRqm"},"fileId":"010f1+nLNNzYuropajsWlf"},"_contentSize":{"__type__":"cc.Size","width":658,"height":936},"_trs":{"__type__":"TypedArray","ctor":"Float64Array","array":[0,0,0,0,0,0,1,1,1,1]}},{"__type__":"cc.Node","_name":"ToggleContainer","_parent":{"__id__":4},"_children":[{"__id__":6},{"__id__":11},{"__id__":16}],"_components":[{"__type__":"cc.ToggleContainer","node":{"__id__":5}},{"__type__":"cc.Layout","node":{"__id__":5},"_N$layoutType":1,"_N$spacingX":8}],"_prefab":{"__type__":"cc.PrefabInfo","root":{"__id__":1},"asset":{"__uuid__":"ddL7l4WsFC6ZjfVTMjMRqm"},"fileId":"aeUOJUzAFDRYqp5Fjjdr+F"},"_contentSize":{"__type__":"cc.Size","width":570,"height":70},"_trs":{"__type__":"TypedArray","ctor":"Float64Array","array":[0,408.3,0,0,0,0,1,1,1,1]}},{"__type__":"cc.Node","_name":"toggle1","_parent":{"__id__":5},"_children":[{"__id__":7},{"__id__":8},{"__id__":10}],"_components":[{"__type__":"cc.Toggle","node":{"__id__":6},"_N$transition":3,"transition":3,"_N$normalColor":{"__type__":"cc.Color","r":214,"g":214,"b":214},"_N$target":{"__id__":6},"checkMark":{"__id__":9}}],"_prefab":{"__type__":"cc.PrefabInfo","root":{"__id__":1},"asset":{"__uuid__":"ddL7l4WsFC6ZjfVTMjMRqm"},"fileId":"12UsCycIhLXJZUvyTbWQhf"},"_contentSize":{"__type__":"cc.Size","width":186,"height":68},"_trs":{"__type__":"TypedArray","ctor":"Float64Array","array":[-192,3,0,0,0,0,1,1,1,1]}},{"__type__":"cc.Node","_name":"Background1","_parent":{"__id__":6},"_components":[{"__type__":"cc.Sprite","node":{"__id__":7},"_materials":[{"__uuid__":"ecpdLyjvZBwrvm+cedCcQy"}],"_spriteFrame":{"__uuid__":"caAknjlA5GhYJJj+zbK57M"},"_isTrimmedMode":false}],"_prefab":{"__type__":"cc.PrefabInfo","root":{"__id__":1},"asset":{"__uuid__":"ddL7l4WsFC6ZjfVTMjMRqm"},"fileId":"fb/6lUhE9FhZjDy78EJ7cv"},"_contentSize":{"__type__":"cc.Size","width":186,"height":68},"_trs":{"__type__":"TypedArray","ctor":"Float64Array","array":[0,0,0,0,0,0,1,1,1,1]}},{"__type__":"cc.Node","_name":"checkmark1","_parent":{"__id__":6},"_components":[{"__id__":9}],"_prefab":{"__type__":"cc.PrefabInfo","root":{"__id__":1},"asset":{"__uuid__":"ddL7l4WsFC6ZjfVTMjMRqm"},"fileId":"d3h9D6ZGdJUrd2UzFjQOMg"},"_contentSize":{"__type__":"cc.Size","width":186,"height":68},"_trs":{"__type__":"TypedArray","ctor":"Float64Array","array":[0,0,0,0,0,0,1,1,1,1]}},{"__type__":"cc.Sprite","node":{"__id__":8},"_materials":[{"__uuid__":"ecpdLyjvZBwrvm+cedCcQy"}],"_spriteFrame":{"__uuid__":"bceKeMGUhMYaMKVqp0AmUo"},"_isTrimmedMode":false},{"__type__":"cc.Node","_name":"font_1","_parent":{"__id__":6},"_components":[{"__type__":"41ebaVoPpRA4Kp67XEdHfZn","node":{"__id__":10},"_materials":[{"__uuid__":"ecpdLyjvZBwrvm+cedCcQy"}],"_string":"日常任务","_N$string":"日常任务","_fontSize":24,"_lineHeight":24,"_N$file":{"__uuid__":"farb0WbWZMgrGmuICOt0MU"},"_isSystemFontUsed":false,"i18n_string":"renwu_layer_1_1"},{"__type__":"cc.LabelOutline","node":{"__id__":10},"_color":{"__type__":"cc.Color","r":123,"g":59,"b":19},"_width":2}],"_prefab":{"__type__":"cc.PrefabInfo","root":{"__id__":1},"asset":{"__uuid__":"ddL7l4WsFC6ZjfVTMjMRqm"},"fileId":"6fPuXsCldNj6rEJ+1kqYaL"},"_contentSize":{"__type__":"cc.Size","width":100,"height":34.239999999999995},"_trs":{"__type__":"TypedArray","ctor":"Float64Array","array":[0,0,0,0,0,0,1,1,1,1]}},{"__type__":"cc.Node","_name":"toggle2","_parent":{"__id__":5},"_children":[{"__id__":12},{"__id__":13},{"__id__":15}],"_components":[{"__type__":"cc.Toggle","node":{"__id__":11},"_N$transition":3,"transition":3,"_N$normalColor":{"__type__":"cc.Color","r":214,"g":214,"b":214},"_N$target":{"__id__":11},"_N$isChecked":false,"checkMark":{"__id__":14}}],"_prefab":{"__type__":"cc.PrefabInfo","root":{"__id__":1},"asset":{"__uuid__":"ddL7l4WsFC6ZjfVTMjMRqm"},"fileId":"69j05g31ZLB7Ci4BXyelfi"},"_contentSize":{"__type__":"cc.Size","width":186,"height":68},"_trs":{"__type__":"TypedArray","ctor":"Float64Array","array":[2,3,0,0,0,0,1,1,1,1]}},{"__type__":"cc.Node","_name":"Background2","_parent":{"__id__":11},"_components":[{"__type__":"cc.Sprite","node":{"__id__":12},"_materials":[{"__uuid__":"ecpdLyjvZBwrvm+cedCcQy"}],"_spriteFrame":{"__uuid__":"caAknjlA5GhYJJj+zbK57M"},"_isTrimmedMode":false}],"_prefab":{"__type__":"cc.PrefabInfo","root":{"__id__":1},"asset":{"__uuid__":"ddL7l4WsFC6ZjfVTMjMRqm"},"fileId":"0doj57AA9MKqGC+zBwzoo+"},"_contentSize":{"__type__":"cc.Size","width":186,"height":68},"_trs":{"__type__":"TypedArray","ctor":"Float64Array","array":[0,0,0,0,0,0,1,1,1,1]}},{"__type__":"cc.Node","_name":"checkmark2","_parent":{"__id__":11},"_active":false,"_components":[{"__id__":14}],"_prefab":{"__type__":"cc.PrefabInfo","root":{"__id__":1},"asset":{"__uuid__":"ddL7l4WsFC6ZjfVTMjMRqm"},"fileId":"86TBYOamlD95b7OPQ6CJVY"},"_contentSize":{"__type__":"cc.Size","width":186,"height":68},"_trs":{"__type__":"TypedArray","ctor":"Float64Array","array":[0,0,0,0,0,0,1,1,1,1]}},{"__type__":"cc.Sprite","node":{"__id__":13},"_spriteFrame":{"__uuid__":"bceKeMGUhMYaMKVqp0AmUo"},"_isTrimmedMode":false},{"__type__":"cc.Node","_name":"font_2","_parent":{"__id__":11},"_components":[{"__type__":"41ebaVoPpRA4Kp67XEdHfZn","node":{"__id__":15},"_materials":[{"__uuid__":"ecpdLyjvZBwrvm+cedCcQy"}],"_string":"成就任务","_N$string":"成就任务","_fontSize":24,"_lineHeight":24,"_N$file":{"__uuid__":"farb0WbWZMgrGmuICOt0MU"},"_isSystemFontUsed":false,"i18n_string":"renwu_layer_1_2"},{"__type__":"cc.LabelOutline","node":{"__id__":15},"_color":{"__type__":"cc.Color","r":123,"g":59,"b":19},"_width":2}],"_prefab":{"__type__":"cc.PrefabInfo","root":{"__id__":1},"asset":{"__uuid__":"ddL7l4WsFC6ZjfVTMjMRqm"},"fileId":"6dK4jF1LRGRo7pkiUFI4V1"},"_contentSize":{"__type__":"cc.Size","width":100,"height":34.239999999999995},"_trs":{"__type__":"TypedArray","ctor":"Float64Array","array":[0,0,0,0,0,0,1,1,1,1]}},{"__type__":"cc.Node","_name":"toggle3","_parent":{"__id__":5},"_children":[{"__id__":17},{"__id__":18},{"__id__":20}],"_components":[{"__type__":"cc.Toggle","node":{"__id__":16},"_N$transition":3,"transition":3,"_N$normalColor":{"__type__":"cc.Color","r":214,"g":214,"b":214},"_N$target":{"__id__":16},"_N$isChecked":false,"checkMark":{"__id__":19}}],"_prefab":{"__type__":"cc.PrefabInfo","root":{"__id__":1},"asset":{"__uuid__":"ddL7l4WsFC6ZjfVTMjMRqm"},"fileId":"f3Bez9/wRMxJjsIOVkyLHd"},"_contentSize":{"__type__":"cc.Size","width":186,"height":68},"_trs":{"__type__":"TypedArray","ctor":"Float64Array","array":[196,3,0,0,0,0,1,1,1,1]}},{"__type__":"cc.Node","_name":"Background3","_parent":{"__id__":16},"_components":[{"__type__":"cc.Sprite","node":{"__id__":17},"_materials":[{"__uuid__":"ecpdLyjvZBwrvm+cedCcQy"}],"_spriteFrame":{"__uuid__":"caAknjlA5GhYJJj+zbK57M"},"_isTrimmedMode":false}],"_prefab":{"__type__":"cc.PrefabInfo","root":{"__id__":1},"asset":{"__uuid__":"ddL7l4WsFC6ZjfVTMjMRqm"},"fileId":"cayDmz17RDsKe3QkrKfOTR"},"_contentSize":{"__type__":"cc.Size","width":186,"height":68},"_trs":{"__type__":"TypedArray","ctor":"Float64Array","array":[0,0,0,0,0,0,1,1,1,1]}},{"__type__":"cc.Node","_name":"checkmark3","_parent":{"__id__":16},"_active":false,"_components":[{"__id__":19}],"_prefab":{"__type__":"cc.PrefabInfo","root":{"__id__":1},"asset":{"__uuid__":"ddL7l4WsFC6ZjfVTMjMRqm"},"fileId":"35JQY1BRRPN51VC4s/KrFn"},"_contentSize":{"__type__":"cc.Size","width":186,"height":68},"_trs":{"__type__":"TypedArray","ctor":"Float64Array","array":[0,0,0,0,0,0,1,1,1,1]}},{"__type__":"cc.Sprite","node":{"__id__":18},"_spriteFrame":{"__uuid__":"bceKeMGUhMYaMKVqp0AmUo"},"_isTrimmedMode":false},{"__type__":"cc.Node","_name":"font_3","_parent":{"__id__":16},"_components":[{"__type__":"41ebaVoPpRA4Kp67XEdHfZn","node":{"__id__":20},"_materials":[{"__uuid__":"ecpdLyjvZBwrvm+cedCcQy"}],"_string":"分红任务","_N$string":"分红任务","_fontSize":24,"_lineHeight":24,"_N$file":{"__uuid__":"farb0WbWZMgrGmuICOt0MU"},"_isSystemFontUsed":false,"i18n_string":"renwu_layer_1_3"},{"__type__":"cc.LabelOutline","node":{"__id__":20},"_color":{"__type__":"cc.Color","r":123,"g":59,"b":19},"_width":2}],"_prefab":{"__type__":"cc.PrefabInfo","root":{"__id__":1},"asset":{"__uuid__":"ddL7l4WsFC6ZjfVTMjMRqm"},"fileId":"d5z89vJw9NZqWfdnb5X+LF"},"_contentSize":{"__type__":"cc.Size","width":100,"height":34.239999999999995},"_trs":{"__type__":"TypedArray","ctor":"Float64Array","array":[0,0,0,0,0,0,1,1,1,1]}},{"__type__":"cc.Node","_name":"ScrollView","_parent":{"__id__":4},"_children":[{"__id__":22}],"_components":[{"__type__":"cc.ScrollView","node":{"__id__":21},"horizontal":false,"brake":0.75,"bounceDuration":0.23,"_N$content":{"__id__":23},"content":{"__id__":23},"_N$horizontalScrollBar":null,"_N$verticalScrollBar":null}],"_prefab":{"__type__":"cc.PrefabInfo","root":{"__id__":1},"asset":{"__uuid__":"ddL7l4WsFC6ZjfVTMjMRqm"},"fileId":"2c/wVKz9VJrJSAwxObbSO7"},"_contentSize":{"__type__":"cc.Size","width":588,"height":800},"_trs":{"__type__":"TypedArray","ctor":"Float64Array","array":[0,-48.638,0,0,0,0,1,1,1,1]}},{"__type__":"cc.Node","_name":"view","_parent":{"__id__":21},"_children":[{"__id__":23}],"_components":[{"__type__":"cc.Mask","node":{"__id__":22},"_materials":[{"__uuid__":"ecpdLyjvZBwrvm+cedCcQy"}],"_N$alphaThreshold":0}],"_prefab":{"__type__":"cc.PrefabInfo","root":{"__id__":1},"asset":{"__uuid__":"ddL7l4WsFC6ZjfVTMjMRqm"},"fileId":"c9/RctM99J0pjJCP1Tg3X/"},"_contentSize":{"__type__":"cc.Size","width":588,"height":800},"_trs":{"__type__":"TypedArray","ctor":"Float64Array","array":[0,0,0,0,0,0,1,1,1,1]}},{"__type__":"cc.Node","_name":"content","_parent":{"__id__":22},"_components":[{"__type__":"cc.Layout","node":{"__id__":23},"_layoutSize":{"__type__":"cc.Size","width":588,"height":5},"_resize":1,"_N$layoutType":2,"_N$paddingTop":20,"_N$spacingY":15}],"_prefab":{"__type__":"cc.PrefabInfo","root":{"__id__":1},"asset":{"__uuid__":"ddL7l4WsFC6ZjfVTMjMRqm"},"fileId":"5bnJzk6FdHvKKKtg9/0U3J"},"_contentSize":{"__type__":"cc.Size","width":588,"height":5},"_anchorPoint":{"__type__":"cc.Vec2","x":0.5,"y":1},"_trs":{"__type__":"TypedArray","ctor":"Float64Array","array":[0,400,0,0,0,0,1,1,1,1]}},{"__type__":"cc.Node","_name":"ic_guanbi2","_parent":{"__id__":1},"_components":[{"__type__":"cc.Sprite","node":{"__id__":24},"_materials":[{"__uuid__":"ecpdLyjvZBwrvm+cedCcQy"}],"_spriteFrame":{"__uuid__":"5c4o7no3NMH7pZupb0latf"}},{"__type__":"cc.Button","node":{"__id__":24},"_normalMaterial":{"__uuid__":"ecpdLyjvZBwrvm+cedCcQy"},"zoomScale":0.9,"_N$transition":3,"transition":3}],"_prefab":{"__type__":"cc.PrefabInfo","root":{"__id__":1},"asset":{"__uuid__":"ddL7l4WsFC6ZjfVTMjMRqm"},"fileId":"25Vr6GWg5BJZuocnByANfJ"},"_contentSize":{"__type__":"cc.Size","width":84,"height":84},"_trs":{"__type__":"TypedArray","ctor":"Float64Array","array":[288,477.827,0,0,0,0,1,1,1,1]}}]]