[[{"__type__":"cc.Prefab","_name":"surprised_layer","data":{"__id__":1}},{"__type__":"cc.Node","_name":"surprised_layer","_children":[{"__id__":2},{"__id__":3}],"_components":[{"__type__":"bdae23RvW5P073s2Kl6nY7u","node":{"__id__":1}}],"_prefab":{"__type__":"cc.PrefabInfo","root":{"__id__":1},"asset":{"__uuid__":"581X+gmgJMmaEscMGDZvth"},"fileId":"a0rHelOslABIX2rB8XJ9GC"},"_trs":{"__type__":"TypedArray","ctor":"Float64Array","array":[0,0,0,0,0,0,1,1,1,1]}},{"__type__":"cc.Node","_name":"img_hongbao","_parent":{"__id__":1},"_components":[{"__type__":"cc.Sprite","node":{"__id__":2},"_materials":[{"__uuid__":"ecpdLyjvZBwrvm+cedCcQy"}],"_spriteFrame":{"__uuid__":"d7yO+rwDtPepaDOkmOet3q"}}],"_prefab":{"__type__":"cc.PrefabInfo","root":{"__id__":1},"asset":{"__uuid__":"581X+gmgJMmaEscMGDZvth"},"fileId":"8d7M148DtDHbSWvJ/FNvLH"},"_contentSize":{"__type__":"cc.Size","width":50,"height":50},"_trs":{"__type__":"TypedArray","ctor":"Float64Array","array":[0,0,0,0,0,0,1,1.4,1.4,1]}},{"__type__":"cc.Node","_name":"img_baoxiang","_parent":{"__id__":1},"_components":[{"__type__":"cc.Sprite","node":{"__id__":3},"_materials":[{"__uuid__":"ecpdLyjvZBwrvm+cedCcQy"}],"_spriteFrame":{"__uuid__":"a3U4RKl99FCpGgAjZcOsYy"}}],"_prefab":{"__type__":"cc.PrefabInfo","root":{"__id__":1},"asset":{"__uuid__":"581X+gmgJMmaEscMGDZvth"},"fileId":"ddTFOBXN1L+7xC1yi8EpqU"},"_contentSize":{"__type__":"cc.Size","width":78,"height":78},"_trs":{"__type__":"TypedArray","ctor":"Float64Array","array":[0,0,0,0,0,0,1,1,1,1]}}],{"__type__":"cc.SpriteFrame","content":{"name":"ic_baoxiang","texture":"02krqH8i1AdZB/lC2WegR2","rect":[757,457,78,78],"offset":[0,0],"originalSize":[78,78],"capInsets":[0,0,0,0]}},{"__type__":"cc.SpriteFrame","content":{"name":"ic_hongbao","texture":"02krqH8i1AdZB/lC2WegR2","rect":[877,53,50,50],"offset":[0,0],"originalSize":[50,50],"capInsets":[0,0,0,0]}}]