[{"__type__":"cc.SpriteFrame","content":{"name":"pic_hongbaozhuanhuan","texture":"70uZhxIuNEn4cyfrG7FT01","rect":[1,1,544,248],"offset":[0,0],"originalSize":[544,248],"capInsets":[0,0,0,0]}},{"__type__":"cc.SpriteFrame","content":{"name":"bg_xiao","texture":"c6ZGjV9tNKqbnxaBNcj5DE","rect":[0,0,657,640],"offset":[-0.5,0],"originalSize":[658,640],"capInsets":[0,0,0,0]}},[{"__type__":"cc.Prefab","_name":"gxalert_layer","data":{"__id__":1}},{"__type__":"cc.Node","_name":"gxalert_layer","_children":[{"__id__":2},{"__id__":3},{"__id__":13}],"_components":[{"__type__":"cc.Widget","node":{"__id__":1},"_alignFlags":45},{"__type__":"07daa97b0JCNKKaBwIf1PkI","node":{"__id__":1}}],"_prefab":{"__type__":"cc.PrefabInfo","root":{"__id__":1},"asset":{"__uuid__":"57wJ7CD65EGb2ML/aOpvUQ"},"fileId":"58loRxst5C5Y/EiwBNDgNz"},"_contentSize":{"__type__":"cc.Size","width":750,"height":1334},"_trs":{"__type__":"TypedArray","ctor":"Float64Array","array":[375,667,0,0,0,0,1,1,1,1]}},{"__type__":"cc.Node","_name":"mask","_parent":{"__id__":1},"_components":[{"__type__":"cc.Sprite","node":{"__id__":2},"_materials":[{"__uuid__":"ecpdLyjvZBwrvm+cedCcQy"}],"_spriteFrame":{"__uuid__":"a2MjXRFdtLlYQ5ouAFv/+R"},"_sizeMode":0},{"__type__":"cc.Widget","node":{"__id__":2},"_alignFlags":45,"_originalWidth":40,"_originalHeight":36},{"__type__":"cc.BlockInputEvents","node":{"__id__":2}}],"_prefab":{"__type__":"cc.PrefabInfo","root":{"__id__":1},"asset":{"__uuid__":"57wJ7CD65EGb2ML/aOpvUQ"},"fileId":"90AjhIXRhDMILbdpviIbN8"},"_opacity":130,"_color":{"__type__":"cc.Color"},"_contentSize":{"__type__":"cc.Size","width":750,"height":1334},"_trs":{"__type__":"TypedArray","ctor":"Float64Array","array":[0,0,0,0,0,0,1,1,1,1]}},{"__type__":"cc.Node","_name":"bgNode","_parent":{"__id__":1},"_children":[{"__id__":4},{"__id__":5}],"_components":[{"__type__":"cc.Sprite","node":{"__id__":3},"_materials":[{"__uuid__":"ecpdLyjvZBwrvm+cedCcQy"}],"_spriteFrame":{"__uuid__":"1diSJI4F1EnIfhjsBkEDQ1"}}],"_prefab":{"__type__":"cc.PrefabInfo","root":{"__id__":1},"asset":{"__uuid__":"57wJ7CD65EGb2ML/aOpvUQ"},"fileId":"0dmDEnXS9LjITO2kK0P5q5"},"_contentSize":{"__type__":"cc.Size","width":657,"height":640},"_trs":{"__type__":"TypedArray","ctor":"Float64Array","array":[0,12,0,0,0,0,1,1,1,1]}},{"__type__":"cc.Node","_name":"ic_guanbi2","_parent":{"__id__":3},"_components":[{"__type__":"cc.Sprite","node":{"__id__":4},"_materials":[{"__uuid__":"ecpdLyjvZBwrvm+cedCcQy"}],"_spriteFrame":{"__uuid__":"5c4o7no3NMH7pZupb0latf"}},{"__type__":"cc.Button","node":{"__id__":4},"_normalMaterial":{"__uuid__":"ecpdLyjvZBwrvm+cedCcQy"},"zoomScale":0.9,"_N$transition":3,"transition":3}],"_prefab":{"__type__":"cc.PrefabInfo","root":{"__id__":1},"asset":{"__uuid__":"57wJ7CD65EGb2ML/aOpvUQ"},"fileId":"7c/xnExkJMhJyWB9h5jxgz"},"_contentSize":{"__type__":"cc.Size","width":84,"height":84},"_trs":{"__type__":"TypedArray","ctor":"Float64Array","array":[286.417,274,0,0,0,0,1,1,1,1]}},{"__type__":"cc.Node","_name":"bg_xiao_nei","_parent":{"__id__":3},"_children":[{"__id__":6},{"__id__":7},{"__id__":8},{"__id__":9},{"__id__":10},{"__id__":11},{"__id__":12}],"_components":[{"__type__":"cc.Sprite","node":{"__id__":5},"_materials":[{"__uuid__":"ecpdLyjvZBwrvm+cedCcQy"}],"_spriteFrame":{"__uuid__":"7cf1UlLmNJEaR8GVffqggr"}}],"_prefab":{"__type__":"cc.PrefabInfo","root":{"__id__":1},"asset":{"__uuid__":"57wJ7CD65EGb2ML/aOpvUQ"},"fileId":"22nA9y2DBJSb+LuRBbIZkt"},"_contentSize":{"__type__":"cc.Size","width":600,"height":489},"_trs":{"__type__":"TypedArray","ctor":"Float64Array","array":[-1,-48,0,0,0,0,1,1,1,1]}},{"__type__":"cc.Node","_name":"title_font","_parent":{"__id__":5},"_components":[{"__type__":"41ebaVoPpRA4Kp67XEdHfZn","node":{"__id__":6},"_materials":[{"__uuid__":"ecpdLyjvZBwrvm+cedCcQy"}],"_string":"贡献达到100时可领取现金","_N$string":"贡献达到100时可领取现金","_fontSize":36,"_lineHeight":41,"_N$file":{"__uuid__":"farb0WbWZMgrGmuICOt0MU"},"_isSystemFontUsed":false,"_styleFlags":1,"_N$horizontalAlign":1,"_N$verticalAlign":1}],"_prefab":{"__type__":"cc.PrefabInfo","root":{"__id__":1},"asset":{"__uuid__":"57wJ7CD65EGb2ML/aOpvUQ"},"fileId":"81JnewAttFkbaXhzFG/QeK"},"_color":{"__type__":"cc.Color","r":234,"g":51,"b":49},"_contentSize":{"__type__":"cc.Size","width":417.34,"height":51.66},"_trs":{"__type__":"TypedArray","ctor":"Float64Array","array":[0,185,0,0,0,0,1,1,1,1]}},{"__type__":"cc.Node","_name":"title_font_en","_parent":{"__id__":5},"_active":false,"_components":[{"__type__":"cc.Label","node":{"__id__":7},"_materials":[{"__uuid__":"ecpdLyjvZBwrvm+cedCcQy"}],"_string":"تۆھپىڭىز 100 گە يەتكەندە قىزىل بولاققا ئېرىشىسىز ","_N$string":"تۆھپىڭىز 100 گە يەتكەندە قىزىل بولاققا ئېرىشىسىز ","_fontSize":28,"_lineHeight":28,"_N$file":{"__uuid__":"farb0WbWZMgrGmuICOt0MU"},"_isSystemFontUsed":false}],"_prefab":{"__type__":"cc.PrefabInfo","root":{"__id__":1},"asset":{"__uuid__":"57wJ7CD65EGb2ML/aOpvUQ"},"fileId":"4aVKCZVc5PRbszb6+I+yAt"},"_color":{"__type__":"cc.Color","r":234,"g":51,"b":49},"_contentSize":{"__type__":"cc.Size","width":572.06,"height":35.28},"_trs":{"__type__":"TypedArray","ctor":"Float64Array","array":[5,185,0,0,0,0,1,1,1,1]}},{"__type__":"cc.Node","_name":"pic_hongbaozhuanhuan","_parent":{"__id__":5},"_components":[{"__type__":"cc.Sprite","node":{"__id__":8},"_materials":[{"__uuid__":"ecpdLyjvZBwrvm+cedCcQy"}],"_spriteFrame":{"__uuid__":"1bAYQ+z7JMmaPk9eSQrEbb"}}],"_prefab":{"__type__":"cc.PrefabInfo","root":{"__id__":1},"asset":{"__uuid__":"57wJ7CD65EGb2ML/aOpvUQ"},"fileId":"45Wj5PPQtHNYPf/XVy7d33"},"_contentSize":{"__type__":"cc.Size","width":544,"height":248},"_trs":{"__type__":"TypedArray","ctor":"Float64Array","array":[0,16,0,0,0,0,1,1,1,1]}},{"__type__":"cc.Node","_name":"pic_hongbaozhuanhuan_en","_parent":{"__id__":5},"_active":false,"_components":[{"__type__":"cc.Sprite","node":{"__id__":9},"_materials":[{"__uuid__":"ecpdLyjvZBwrvm+cedCcQy"}],"_spriteFrame":{"__uuid__":"63pLrxtfpE26U2y60Z4Xeh"},"_sizeMode":2}],"_prefab":{"__type__":"cc.PrefabInfo","root":{"__id__":1},"asset":{"__uuid__":"57wJ7CD65EGb2ML/aOpvUQ"},"fileId":"8dRmSJwzpECLbNKLrQYtgR"},"_contentSize":{"__type__":"cc.Size","width":544,"height":248},"_trs":{"__type__":"TypedArray","ctor":"Float64Array","array":[0,16,0,0,0,0,1,1,1,1]}},{"__type__":"cc.Node","_name":"font1","_parent":{"__id__":5},"_components":[{"__type__":"41ebaVoPpRA4Kp67XEdHfZn","node":{"__id__":10},"_materials":[{"__uuid__":"ecpdLyjvZBwrvm+cedCcQy"}],"_string":"如何增加贡献?","_N$string":"如何增加贡献?","_fontSize":36,"_lineHeight":41,"_N$file":{"__uuid__":"farb0WbWZMgrGmuICOt0MU"},"_isSystemFontUsed":false,"_styleFlags":1,"_N$horizontalAlign":1,"_N$verticalAlign":1,"_N$overflow":1,"i18n_string":"gxalert_layer_1_2"}],"_prefab":{"__type__":"cc.PrefabInfo","root":{"__id__":1},"asset":{"__uuid__":"57wJ7CD65EGb2ML/aOpvUQ"},"fileId":"c2FRDe2QxGWbWmXPlSFQKI"},"_color":{"__type__":"cc.Color","r":234,"g":51,"b":49},"_contentSize":{"__type__":"cc.Size","width":422.89,"height":57.66},"_trs":{"__type__":"TypedArray","ctor":"Float64Array","array":[1,-137,0,0,0,0,1,1,1,1]}},{"__type__":"cc.Node","_name":"font2","_parent":{"__id__":5},"_components":[{"__type__":"41ebaVoPpRA4Kp67XEdHfZn","node":{"__id__":11},"_materials":[{"__uuid__":"ecpdLyjvZBwrvm+cedCcQy"}],"_string":"徒弟、徒孙、自己看视频可增加贡献","_N$string":"徒弟、徒孙、自己看视频可增加贡献","_fontSize":30,"_lineHeight":30,"_N$file":{"__uuid__":"farb0WbWZMgrGmuICOt0MU"},"_isSystemFontUsed":false,"_N$horizontalAlign":1,"_N$verticalAlign":1}],"_prefab":{"__type__":"cc.PrefabInfo","root":{"__id__":1},"asset":{"__uuid__":"57wJ7CD65EGb2ML/aOpvUQ"},"fileId":"baPsM+tAxJFK2oeOMxlPb+"},"_color":{"__type__":"cc.Color","r":55,"g":22,"b":2},"_contentSize":{"__type__":"cc.Size","width":480,"height":37.8},"_trs":{"__type__":"TypedArray","ctor":"Float64Array","array":[0,-200,0,0,0,0,1,1,1,1]}},{"__type__":"cc.Node","_name":"font2_en","_parent":{"__id__":5},"_active":false,"_components":[{"__type__":"cc.Label","node":{"__id__":12},"_materials":[{"__uuid__":"ecpdLyjvZBwrvm+cedCcQy"}],"_string":"شاگىرتىڭىز ،نەۋرە شاگىرتىڭىز ۋىدىيو كۆرسە تۆھپىڭىز ئاشىدۇ ","_N$string":"شاگىرتىڭىز ،نەۋرە شاگىرتىڭىز ۋىدىيو كۆرسە تۆھپىڭىز ئاشىدۇ ","_fontSize":24,"_lineHeight":24,"_N$file":{"__uuid__":"farb0WbWZMgrGmuICOt0MU"},"_isSystemFontUsed":false}],"_prefab":{"__type__":"cc.PrefabInfo","root":{"__id__":1},"asset":{"__uuid__":"57wJ7CD65EGb2ML/aOpvUQ"},"fileId":"93tZdUJfhJ3YN3QzN6+8pf"},"_color":{"__type__":"cc.Color","r":55,"g":22,"b":2},"_contentSize":{"__type__":"cc.Size","width":575.25,"height":30.24},"_trs":{"__type__":"TypedArray","ctor":"Float64Array","array":[6,-200,0,0,0,0,1,1,1,1]}},{"__type__":"cc.Node","_name":"btn_anniu","_parent":{"__id__":1},"_children":[{"__id__":14}],"_components":[{"__type__":"cc.Sprite","node":{"__id__":13},"_materials":[{"__uuid__":"ecpdLyjvZBwrvm+cedCcQy"}],"_spriteFrame":{"__uuid__":"91KIo3vodMNJmgElFjOIyf"}}],"_prefab":{"__type__":"cc.PrefabInfo","root":{"__id__":1},"asset":{"__uuid__":"57wJ7CD65EGb2ML/aOpvUQ"},"fileId":"7aOaLlyuNJm7CokFYRtFmH"},"_contentSize":{"__type__":"cc.Size","width":230,"height":80},"_trs":{"__type__":"TypedArray","ctor":"Float64Array","array":[0,-375,0,0,0,0,1,1,1,1]}},{"__type__":"cc.Node","_name":"btn_anniu_lab","_parent":{"__id__":13},"_components":[{"__type__":"41ebaVoPpRA4Kp67XEdHfZn","node":{"__id__":14},"_materials":[{"__uuid__":"ecpdLyjvZBwrvm+cedCcQy"}],"_string":"领现金","_N$string":"领现金","_fontSize":35,"_lineHeight":35,"_N$file":{"__uuid__":"farb0WbWZMgrGmuICOt0MU"},"_isSystemFontUsed":false,"i18n_string":"gxalert_layer_3_1"},{"__type__":"cc.LabelOutline","node":{"__id__":14},"_color":{"__type__":"cc.Color","r":117,"g":59,"b":23},"_width":3}],"_prefab":{"__type__":"cc.PrefabInfo","root":{"__id__":1},"asset":{"__uuid__":"57wJ7CD65EGb2ML/aOpvUQ"},"fileId":"26BHbm7oRKKpIe4Qi9RU+T"},"_contentSize":{"__type__":"cc.Size","width":111,"height":50.1},"_trs":{"__type__":"TypedArray","ctor":"Float64Array","array":[0,-4,0,0,0,0,1,1,1,1]}}],{"__type__":"cc.SpriteFrame","content":{"name":"ic_guanbi2","texture":"02krqH8i1AdZB/lC2WegR2","rect":[789,371,84,84],"offset":[0,0],"originalSize":[84,84],"capInsets":[0,0,0,0]}},{"__type__":"cc.SpriteFrame","content":{"name":"pic_kongjian","texture":"0818Ma5jBCWZZGTgqpqisw","rect":[0,0,544,248],"offset":[0,0],"originalSize":[544,248],"capInsets":[0,0,0,0]}},{"__type__":"cc.SpriteFrame","content":{"name":"bg_xiao_nei","texture":"f4vjHC5+VGWrsOJQJq5mr0","rect":[0,0,600,489],"offset":[0,0.5],"originalSize":[600,490],"capInsets":[58,62.5,58,62.5]}},{"__type__":"cc.SpriteFrame","content":{"name":"btn_anniu","texture":"90336MbvlPP5QPSiMSWXYo","rect":[307,96,230,80],"offset":[0,0],"originalSize":[230,80],"capInsets":[25,0,25,0]}},{"__type__":"cc.SpriteFrame","content":{"name":"default_sprite_splash","texture":"02delMVqdBD70a/HSD99FK","rect":[0,0,2,2],"offset":[0,0],"originalSize":[2,2],"capInsets":[0,0,0,0]}}]