[{"__type__":"cc.SpriteFrame","content":{"name":"pic_jiazu2","texture":"67kGPr17lGs6R4GEtHF3OQ","rect":[0,0,112,120],"offset":[0,0],"originalSize":[112,120],"capInsets":[0,0,0,0]}},{"__type__":"cc.SpriteFrame","content":{"name":"1","texture":"2eZGU5W/VG6rDo7t8AEOYH","rect":[0,0,604,616],"offset":[0,0],"originalSize":[604,616],"capInsets":[0,0,0,0]}},{"__type__":"cc.SpriteFrame","content":{"name":"4","texture":"fbpNxHCHFPhrO9a248FA/x","rect":[2,3,602,613],"offset":[1,-1.5],"originalSize":[604,616],"capInsets":[0,0,0,0]}},{"__type__":"cc.SpriteFrame","content":{"name":"pic_jiazu8","texture":"fcqISsLmhFErEvj8dRfQaA","rect":[0,0,112,120],"offset":[0,0],"originalSize":[112,120],"capInsets":[0,0,0,0]}},{"__type__":"cc.SpriteFrame","content":{"name":"2","texture":"d3b74552dAKaKo6d4KPxip","rect":[0,1,600,615],"offset":[-2,-0.5],"originalSize":[604,616],"capInsets":[0,0,0,0]}},[{"__type__":"cc.Prefab","_name":"help_layer","data":{"__id__":1}},{"__type__":"cc.Node","_name":"help_layer","_children":[{"__id__":2},{"__id__":3}],"_components":[{"__type__":"cc.Widget","node":{"__id__":1},"_alignFlags":45},{"__type__":"8da4a1zjT5M85Fr0QCVfKDA","node":{"__id__":1}}],"_prefab":{"__type__":"cc.PrefabInfo","root":{"__id__":1},"asset":{"__uuid__":"49Hm7LrftN9IjbRgLXtGj2"},"fileId":"7e0YXkkRdFs71pN5GKXXl4"},"_contentSize":{"__type__":"cc.Size","width":750,"height":1334},"_trs":{"__type__":"TypedArray","ctor":"Float64Array","array":[375,667,0,0,0,0,1,1,1,1]}},{"__type__":"cc.Node","_name":"mask","_parent":{"__id__":1},"_components":[{"__type__":"cc.Sprite","node":{"__id__":2},"_materials":[{"__uuid__":"ecpdLyjvZBwrvm+cedCcQy"}],"_spriteFrame":{"__uuid__":"a2MjXRFdtLlYQ5ouAFv/+R"},"_sizeMode":0},{"__type__":"cc.Widget","node":{"__id__":2},"_alignFlags":45,"_originalWidth":40,"_originalHeight":36},{"__type__":"cc.BlockInputEvents","node":{"__id__":2}}],"_prefab":{"__type__":"cc.PrefabInfo","root":{"__id__":1},"asset":{"__uuid__":"49Hm7LrftN9IjbRgLXtGj2"},"fileId":"508GD8c9xDMb+7kW8j9no6"},"_opacity":130,"_color":{"__type__":"cc.Color"},"_contentSize":{"__type__":"cc.Size","width":750,"height":1334},"_trs":{"__type__":"TypedArray","ctor":"Float64Array","array":[0,0,0,0,0,0,1,1,1,1]}},{"__type__":"cc.Node","_name":"bgNode","_parent":{"__id__":1},"_children":[{"__id__":4},{"__id__":6},{"__id__":7}],"_components":[{"__type__":"cc.Sprite","node":{"__id__":3},"_materials":[{"__uuid__":"ecpdLyjvZBwrvm+cedCcQy"}],"_spriteFrame":{"__uuid__":"fcWA/B9L5IZKjiJkUQd8Kf"},"_type":1,"_sizeMode":0}],"_prefab":{"__type__":"cc.PrefabInfo","root":{"__id__":1},"asset":{"__uuid__":"49Hm7LrftN9IjbRgLXtGj2"},"fileId":"91ni5+kgNAmpCN7GNzwtcK"},"_contentSize":{"__type__":"cc.Size","width":657,"height":940},"_trs":{"__type__":"TypedArray","ctor":"Float64Array","array":[8,2,0,0,0,0,1,1,1,1]}},{"__type__":"cc.Node","_name":"pic_bangzhushuoming","_parent":{"__id__":3},"_children":[{"__id__":5}],"_components":[{"__type__":"cc.Sprite","node":{"__id__":4},"_materials":[{"__uuid__":"ecpdLyjvZBwrvm+cedCcQy"}],"_spriteFrame":{"__uuid__":"cdEvF//9tDQ7A6VuL1Xfzj"}}],"_prefab":{"__type__":"cc.PrefabInfo","root":{"__id__":1},"asset":{"__uuid__":"49Hm7LrftN9IjbRgLXtGj2"},"fileId":"b0VlY+maFLH7QYgsTFcI35"},"_contentSize":{"__type__":"cc.Size","width":304,"height":110},"_trs":{"__type__":"TypedArray","ctor":"Float64Array","array":[0,436,0,0,0,0,1,1,1,1]}},{"__type__":"cc.Node","_name":"font_title","_parent":{"__id__":4},"_components":[{"__type__":"41ebaVoPpRA4Kp67XEdHfZn","node":{"__id__":5},"_materials":[{"__uuid__":"ecpdLyjvZBwrvm+cedCcQy"}],"_string":"帮助说明","_N$string":"帮助说明","_fontSize":50,"_lineHeight":50,"_N$file":{"__uuid__":"farb0WbWZMgrGmuICOt0MU"},"_isSystemFontUsed":false,"i18n_string":"help_layer_1_1"},{"__type__":"cc.LabelOutline","node":{"__id__":5},"_color":{"__type__":"cc.Color","r":117,"g":59,"b":23},"_width":5}],"_prefab":{"__type__":"cc.PrefabInfo","root":{"__id__":1},"asset":{"__uuid__":"49Hm7LrftN9IjbRgLXtGj2"},"fileId":"f2tGopCkVIFa42dBUoSS8t"},"_contentSize":{"__type__":"cc.Size","width":210,"height":73},"_trs":{"__type__":"TypedArray","ctor":"Float64Array","array":[0,0,0,0,0,0,1,1,1,1]}},{"__type__":"cc.Node","_name":"ic_guanbi2","_parent":{"__id__":3},"_components":[{"__type__":"cc.Sprite","node":{"__id__":6},"_materials":[{"__uuid__":"ecpdLyjvZBwrvm+cedCcQy"}],"_spriteFrame":{"__uuid__":"5c4o7no3NMH7pZupb0latf"}},{"__type__":"cc.Button","node":{"__id__":6},"_normalMaterial":{"__uuid__":"ecpdLyjvZBwrvm+cedCcQy"},"duration":0,"zoomScale":0.9,"_N$transition":3,"transition":3}],"_prefab":{"__type__":"cc.PrefabInfo","root":{"__id__":1},"asset":{"__uuid__":"49Hm7LrftN9IjbRgLXtGj2"},"fileId":"7aFZEGJKhJGpDmA0ICBNXQ"},"_contentSize":{"__type__":"cc.Size","width":84,"height":84},"_trs":{"__type__":"TypedArray","ctor":"Float64Array","array":[286,418,0,0,0,0,1,1,1,1]}},{"__type__":"cc.Node","_name":"ScrollView","_parent":{"__id__":3},"_children":[{"__id__":8}],"_components":[{"__type__":"cc.ScrollView","node":{"__id__":7},"horizontal":false,"inertia":false,"brake":0.75,"bounceDuration":0.23,"_N$content":{"__id__":9},"content":{"__id__":9},"_N$horizontalScrollBar":null,"_N$verticalScrollBar":null}],"_prefab":{"__type__":"cc.PrefabInfo","root":{"__id__":1},"asset":{"__uuid__":"49Hm7LrftN9IjbRgLXtGj2"},"fileId":"e2821M0IJMxYoyPddz43r0"},"_contentSize":{"__type__":"cc.Size","width":600,"height":740},"_trs":{"__type__":"TypedArray","ctor":"Float64Array","array":[0,-38,0,0,0,0,1,1,1,1]}},{"__type__":"cc.Node","_name":"view","_parent":{"__id__":7},"_children":[{"__id__":9}],"_components":[{"__type__":"cc.Mask","node":{"__id__":8},"_materials":[{"__uuid__":"ecpdLyjvZBwrvm+cedCcQy"}],"_N$alphaThreshold":0},{"__type__":"cc.Widget","node":{"__id__":8},"_alignFlags":45,"_originalWidth":240,"_originalHeight":250}],"_prefab":{"__type__":"cc.PrefabInfo","root":{"__id__":1},"asset":{"__uuid__":"49Hm7LrftN9IjbRgLXtGj2"},"fileId":"6dhy762xJOVp0zADIJOiha"},"_contentSize":{"__type__":"cc.Size","width":600,"height":740},"_anchorPoint":{"__type__":"cc.Vec2","x":0.5,"y":1},"_trs":{"__type__":"TypedArray","ctor":"Float64Array","array":[0,370,0,0,0,0,1,1,1,1]}},{"__type__":"cc.Node","_name":"content","_parent":{"__id__":8},"_children":[{"__id__":10},{"__id__":33},{"__id__":34},{"__id__":35},{"__id__":36},{"__id__":48},{"__id__":49},{"__id__":50}],"_components":[{"__type__":"cc.Widget","node":{"__id__":9},"_alignFlags":41,"_originalWidth":220},{"__type__":"cc.Layout","node":{"__id__":9},"_layoutSize":{"__type__":"cc.Size","width":600,"height":2508},"_resize":1,"_N$layoutType":2,"_N$spacingY":17}],"_prefab":{"__type__":"cc.PrefabInfo","root":{"__id__":1},"asset":{"__uuid__":"49Hm7LrftN9IjbRgLXtGj2"},"fileId":"0a8+opGStF4Zi8IAX702uS"},"_contentSize":{"__type__":"cc.Size","width":600,"height":2508},"_anchorPoint":{"__type__":"cc.Vec2","x":0.5,"y":1},"_trs":{"__type__":"TypedArray","ctor":"Float64Array","array":[0,0,0,0,0,0,1,1,1,1]}},{"__type__":"cc.Node","_name":"item1","_parent":{"__id__":9},"_children":[{"__id__":11},{"__id__":13},{"__id__":15},{"__id__":17},{"__id__":19},{"__id__":21},{"__id__":23},{"__id__":25},{"__id__":27},{"__id__":29},{"__id__":31}],"_components":[{"__type__":"cc.Sprite","node":{"__id__":10},"_materials":[{"__uuid__":"ecpdLyjvZBwrvm+cedCcQy"}],"_spriteFrame":{"__uuid__":"0aUkbms7hP+ocqA86IuYGg"}}],"_prefab":{"__type__":"cc.PrefabInfo","root":{"__id__":1},"asset":{"__uuid__":"49Hm7LrftN9IjbRgLXtGj2"},"fileId":"1bd+mT5jtDRa3nO6W6hu8j"},"_contentSize":{"__type__":"cc.Size","width":604,"height":616},"_trs":{"__type__":"TypedArray","ctor":"Float64Array","array":[0,-308,0,0,0,0,1,1,1,1]}},{"__type__":"cc.Node","_name":"item1_mask","_parent":{"__id__":10},"_children":[{"__id__":12}],"_components":[{"__type__":"cc.Sprite","node":{"__id__":11},"_materials":[{"__uuid__":"ecpdLyjvZBwrvm+cedCcQy"}],"_spriteFrame":{"__uuid__":"94pKnDahlEa67AyUld/xEP"}}],"_prefab":{"__type__":"cc.PrefabInfo","root":{"__id__":1},"asset":{"__uuid__":"49Hm7LrftN9IjbRgLXtGj2"},"fileId":"b8A4yjPzlOJaHcDwj2qLl4"},"_contentSize":{"__type__":"cc.Size","width":112,"height":120},"_trs":{"__type__":"TypedArray","ctor":"Float64Array","array":[-204,108,0,0,0,0,1,1,1,1]}},{"__type__":"cc.Node","_name":"item1_lab","_parent":{"__id__":11},"_components":[{"__type__":"cc.Label","node":{"__id__":12},"_materials":[{"__uuid__":"ecpdLyjvZBwrvm+cedCcQy"}],"_useOriginalSize":false,"_string":"家族1级解锁","_N$string":"家族1级解锁","_fontSize":25,"_lineHeight":30,"_N$horizontalAlign":1,"_N$verticalAlign":1,"_N$overflow":3}],"_prefab":{"__type__":"cc.PrefabInfo","root":{"__id__":1},"asset":{"__uuid__":"49Hm7LrftN9IjbRgLXtGj2"},"fileId":"a8qRE6VIVOrrqe2b2LTcSD"},"_contentSize":{"__type__":"cc.Size","width":111,"height":67.8},"_trs":{"__type__":"TypedArray","ctor":"Float64Array","array":[0,19,0,0,0,0,1,1,1,1]}},{"__type__":"cc.Node","_name":"item2_mask","_parent":{"__id__":10},"_children":[{"__id__":14}],"_components":[{"__type__":"cc.Sprite","node":{"__id__":13},"_materials":[{"__uuid__":"ecpdLyjvZBwrvm+cedCcQy"}],"_spriteFrame":{"__uuid__":"94pKnDahlEa67AyUld/xEP"}}],"_prefab":{"__type__":"cc.PrefabInfo","root":{"__id__":1},"asset":{"__uuid__":"49Hm7LrftN9IjbRgLXtGj2"},"fileId":"68FDoMgrhEJpoMdR2RGGma"},"_contentSize":{"__type__":"cc.Size","width":112,"height":120},"_trs":{"__type__":"TypedArray","ctor":"Float64Array","array":[-67,108,0,0,0,0,1,1,1,1]}},{"__type__":"cc.Node","_name":"item2_lab","_parent":{"__id__":13},"_components":[{"__type__":"cc.Label","node":{"__id__":14},"_materials":[{"__uuid__":"ecpdLyjvZBwrvm+cedCcQy"}],"_useOriginalSize":false,"_string":"家族1级解锁","_N$string":"家族1级解锁","_fontSize":25,"_lineHeight":30,"_N$horizontalAlign":1,"_N$verticalAlign":1,"_N$overflow":3}],"_prefab":{"__type__":"cc.PrefabInfo","root":{"__id__":1},"asset":{"__uuid__":"49Hm7LrftN9IjbRgLXtGj2"},"fileId":"f5UiioTdRDmazAqhXRNIPG"},"_contentSize":{"__type__":"cc.Size","width":111,"height":67.8},"_trs":{"__type__":"TypedArray","ctor":"Float64Array","array":[0,19,0,0,0,0,1,1,1,1]}},{"__type__":"cc.Node","_name":"item3_mask","_parent":{"__id__":10},"_children":[{"__id__":16}],"_components":[{"__type__":"cc.Sprite","node":{"__id__":15},"_materials":[{"__uuid__":"ecpdLyjvZBwrvm+cedCcQy"}],"_spriteFrame":{"__uuid__":"94pKnDahlEa67AyUld/xEP"}}],"_prefab":{"__type__":"cc.PrefabInfo","root":{"__id__":1},"asset":{"__uuid__":"49Hm7LrftN9IjbRgLXtGj2"},"fileId":"d9d09GJN1BpbJyb0d9iSNQ"},"_contentSize":{"__type__":"cc.Size","width":112,"height":120},"_trs":{"__type__":"TypedArray","ctor":"Float64Array","array":[70,108,0,0,0,0,1,1,1,1]}},{"__type__":"cc.Node","_name":"item3_lab","_parent":{"__id__":15},"_components":[{"__type__":"cc.Label","node":{"__id__":16},"_materials":[{"__uuid__":"ecpdLyjvZBwrvm+cedCcQy"}],"_useOriginalSize":false,"_string":"家族1级解锁","_N$string":"家族1级解锁","_fontSize":25,"_lineHeight":30,"_N$horizontalAlign":1,"_N$verticalAlign":1,"_N$overflow":3}],"_prefab":{"__type__":"cc.PrefabInfo","root":{"__id__":1},"asset":{"__uuid__":"49Hm7LrftN9IjbRgLXtGj2"},"fileId":"15zTuYHb5P4azJxZpdNo4C"},"_contentSize":{"__type__":"cc.Size","width":111,"height":67.8},"_trs":{"__type__":"TypedArray","ctor":"Float64Array","array":[0,19,0,0,0,0,1,1,1,1]}},{"__type__":"cc.Node","_name":"item4_mask","_parent":{"__id__":10},"_children":[{"__id__":18}],"_components":[{"__type__":"cc.Sprite","node":{"__id__":17},"_materials":[{"__uuid__":"ecpdLyjvZBwrvm+cedCcQy"}],"_spriteFrame":{"__uuid__":"94pKnDahlEa67AyUld/xEP"}}],"_prefab":{"__type__":"cc.PrefabInfo","root":{"__id__":1},"asset":{"__uuid__":"49Hm7LrftN9IjbRgLXtGj2"},"fileId":"8edpQ1KjRNq5KbvUuZkquJ"},"_contentSize":{"__type__":"cc.Size","width":112,"height":120},"_trs":{"__type__":"TypedArray","ctor":"Float64Array","array":[208,108,0,0,0,0,1,1,1,1]}},{"__type__":"cc.Node","_name":"item4_lab","_parent":{"__id__":17},"_components":[{"__type__":"cc.Label","node":{"__id__":18},"_materials":[{"__uuid__":"ecpdLyjvZBwrvm+cedCcQy"}],"_useOriginalSize":false,"_string":"家族1级解锁","_N$string":"家族1级解锁","_fontSize":25,"_lineHeight":30,"_N$horizontalAlign":1,"_N$verticalAlign":1,"_N$overflow":3}],"_prefab":{"__type__":"cc.PrefabInfo","root":{"__id__":1},"asset":{"__uuid__":"49Hm7LrftN9IjbRgLXtGj2"},"fileId":"08yIJhSSJM8JThC6TkI3pN"},"_contentSize":{"__type__":"cc.Size","width":111,"height":67.8},"_trs":{"__type__":"TypedArray","ctor":"Float64Array","array":[0,19,0,0,0,0,1,1,1,1]}},{"__type__":"cc.Node","_name":"item5_mask","_parent":{"__id__":10},"_children":[{"__id__":20}],"_components":[{"__type__":"cc.Sprite","node":{"__id__":19},"_materials":[{"__uuid__":"ecpdLyjvZBwrvm+cedCcQy"}],"_spriteFrame":{"__uuid__":"94pKnDahlEa67AyUld/xEP"}}],"_prefab":{"__type__":"cc.PrefabInfo","root":{"__id__":1},"asset":{"__uuid__":"49Hm7LrftN9IjbRgLXtGj2"},"fileId":"8csLECgylHgZrUipvrQ75J"},"_contentSize":{"__type__":"cc.Size","width":112,"height":120},"_trs":{"__type__":"TypedArray","ctor":"Float64Array","array":[-204,-29,0,0,0,0,1,1,1,1]}},{"__type__":"cc.Node","_name":"item5_lab","_parent":{"__id__":19},"_components":[{"__type__":"cc.Label","node":{"__id__":20},"_materials":[{"__uuid__":"ecpdLyjvZBwrvm+cedCcQy"}],"_useOriginalSize":false,"_string":"家族1级解锁","_N$string":"家族1级解锁","_fontSize":25,"_lineHeight":30,"_N$horizontalAlign":1,"_N$verticalAlign":1,"_N$overflow":3}],"_prefab":{"__type__":"cc.PrefabInfo","root":{"__id__":1},"asset":{"__uuid__":"49Hm7LrftN9IjbRgLXtGj2"},"fileId":"f3kOq3kwdGCYRwEgdOCDMm"},"_contentSize":{"__type__":"cc.Size","width":111,"height":67.8},"_trs":{"__type__":"TypedArray","ctor":"Float64Array","array":[0,19,0,0,0,0,1,1,1,1]}},{"__type__":"cc.Node","_name":"item6_mask","_parent":{"__id__":10},"_children":[{"__id__":22}],"_components":[{"__type__":"cc.Sprite","node":{"__id__":21},"_materials":[{"__uuid__":"ecpdLyjvZBwrvm+cedCcQy"}],"_spriteFrame":{"__uuid__":"94pKnDahlEa67AyUld/xEP"}}],"_prefab":{"__type__":"cc.PrefabInfo","root":{"__id__":1},"asset":{"__uuid__":"49Hm7LrftN9IjbRgLXtGj2"},"fileId":"70lNwEi1tJc4gJh1G3XLFm"},"_contentSize":{"__type__":"cc.Size","width":112,"height":120},"_trs":{"__type__":"TypedArray","ctor":"Float64Array","array":[-66.179,-29,0,0,0,0,1,1,1,1]}},{"__type__":"cc.Node","_name":"item6_lab","_parent":{"__id__":21},"_components":[{"__type__":"cc.Label","node":{"__id__":22},"_materials":[{"__uuid__":"ecpdLyjvZBwrvm+cedCcQy"}],"_useOriginalSize":false,"_string":"家族1级解锁","_N$string":"家族1级解锁","_fontSize":25,"_lineHeight":30,"_N$horizontalAlign":1,"_N$verticalAlign":1,"_N$overflow":3}],"_prefab":{"__type__":"cc.PrefabInfo","root":{"__id__":1},"asset":{"__uuid__":"49Hm7LrftN9IjbRgLXtGj2"},"fileId":"c844qe9YlCCIkBmY+ckMBC"},"_contentSize":{"__type__":"cc.Size","width":111,"height":67.8},"_trs":{"__type__":"TypedArray","ctor":"Float64Array","array":[0,19,0,0,0,0,1,1,1,1]}},{"__type__":"cc.Node","_name":"item7_mask","_parent":{"__id__":10},"_children":[{"__id__":24}],"_components":[{"__type__":"cc.Sprite","node":{"__id__":23},"_materials":[{"__uuid__":"ecpdLyjvZBwrvm+cedCcQy"}],"_spriteFrame":{"__uuid__":"94pKnDahlEa67AyUld/xEP"}}],"_prefab":{"__type__":"cc.PrefabInfo","root":{"__id__":1},"asset":{"__uuid__":"49Hm7LrftN9IjbRgLXtGj2"},"fileId":"46751qgYFHX46TAJ9SuMdr"},"_contentSize":{"__type__":"cc.Size","width":112,"height":120},"_trs":{"__type__":"TypedArray","ctor":"Float64Array","array":[70,-29,0,0,0,0,1,1,1,1]}},{"__type__":"cc.Node","_name":"item7_lab","_parent":{"__id__":23},"_components":[{"__type__":"cc.Label","node":{"__id__":24},"_materials":[{"__uuid__":"ecpdLyjvZBwrvm+cedCcQy"}],"_useOriginalSize":false,"_string":"家族2级解锁","_N$string":"家族2级解锁","_fontSize":25,"_lineHeight":30,"_N$horizontalAlign":1,"_N$verticalAlign":1,"_N$overflow":3}],"_prefab":{"__type__":"cc.PrefabInfo","root":{"__id__":1},"asset":{"__uuid__":"49Hm7LrftN9IjbRgLXtGj2"},"fileId":"1eRYAQqbZDzI5XrOQBYMUF"},"_contentSize":{"__type__":"cc.Size","width":111,"height":67.8},"_trs":{"__type__":"TypedArray","ctor":"Float64Array","array":[0,19,0,0,0,0,1,1,1,1]}},{"__type__":"cc.Node","_name":"item8_mask","_parent":{"__id__":10},"_children":[{"__id__":26}],"_components":[{"__type__":"cc.Sprite","node":{"__id__":25},"_materials":[{"__uuid__":"ecpdLyjvZBwrvm+cedCcQy"}],"_spriteFrame":{"__uuid__":"94pKnDahlEa67AyUld/xEP"}}],"_prefab":{"__type__":"cc.PrefabInfo","root":{"__id__":1},"asset":{"__uuid__":"49Hm7LrftN9IjbRgLXtGj2"},"fileId":"d1iU662GBNCKUYipxuN7I4"},"_contentSize":{"__type__":"cc.Size","width":112,"height":120},"_trs":{"__type__":"TypedArray","ctor":"Float64Array","array":[208,-29,0,0,0,0,1,1,1,1]}},{"__type__":"cc.Node","_name":"item8_lab","_parent":{"__id__":25},"_components":[{"__type__":"cc.Label","node":{"__id__":26},"_materials":[{"__uuid__":"ecpdLyjvZBwrvm+cedCcQy"}],"_useOriginalSize":false,"_string":"家族2级解锁","_N$string":"家族2级解锁","_fontSize":25,"_lineHeight":30,"_N$horizontalAlign":1,"_N$verticalAlign":1,"_N$overflow":3}],"_prefab":{"__type__":"cc.PrefabInfo","root":{"__id__":1},"asset":{"__uuid__":"49Hm7LrftN9IjbRgLXtGj2"},"fileId":"a6fDdTNgNEnKcf6/hoQ4mt"},"_contentSize":{"__type__":"cc.Size","width":111,"height":67.8},"_trs":{"__type__":"TypedArray","ctor":"Float64Array","array":[0,19,0,0,0,0,1,1,1,1]}},{"__type__":"cc.Node","_name":"item9_mask","_parent":{"__id__":10},"_children":[{"__id__":28}],"_components":[{"__type__":"cc.Sprite","node":{"__id__":27},"_materials":[{"__uuid__":"ecpdLyjvZBwrvm+cedCcQy"}],"_spriteFrame":{"__uuid__":"94pKnDahlEa67AyUld/xEP"}}],"_prefab":{"__type__":"cc.PrefabInfo","root":{"__id__":1},"asset":{"__uuid__":"49Hm7LrftN9IjbRgLXtGj2"},"fileId":"e6ZIL2J3tAn4Eh9hpUc7NF"},"_contentSize":{"__type__":"cc.Size","width":112,"height":120},"_trs":{"__type__":"TypedArray","ctor":"Float64Array","array":[-204,-169,0,0,0,0,1,1,1,1]}},{"__type__":"cc.Node","_name":"item9_lab","_parent":{"__id__":27},"_components":[{"__type__":"cc.Label","node":{"__id__":28},"_materials":[{"__uuid__":"ecpdLyjvZBwrvm+cedCcQy"}],"_useOriginalSize":false,"_string":"家族4级解锁","_N$string":"家族4级解锁","_fontSize":25,"_lineHeight":30,"_N$horizontalAlign":1,"_N$verticalAlign":1,"_N$overflow":3}],"_prefab":{"__type__":"cc.PrefabInfo","root":{"__id__":1},"asset":{"__uuid__":"49Hm7LrftN9IjbRgLXtGj2"},"fileId":"084Gju49RNmrbNFCBdunOU"},"_contentSize":{"__type__":"cc.Size","width":111,"height":67.8},"_trs":{"__type__":"TypedArray","ctor":"Float64Array","array":[0,19,0,0,0,0,1,1,1,1]}},{"__type__":"cc.Node","_name":"item10_mask","_parent":{"__id__":10},"_children":[{"__id__":30}],"_components":[{"__type__":"cc.Sprite","node":{"__id__":29},"_materials":[{"__uuid__":"ecpdLyjvZBwrvm+cedCcQy"}],"_spriteFrame":{"__uuid__":"94pKnDahlEa67AyUld/xEP"}}],"_prefab":{"__type__":"cc.PrefabInfo","root":{"__id__":1},"asset":{"__uuid__":"49Hm7LrftN9IjbRgLXtGj2"},"fileId":"0btaskZ5JJ9YW9UBwQkWkM"},"_contentSize":{"__type__":"cc.Size","width":112,"height":120},"_trs":{"__type__":"TypedArray","ctor":"Float64Array","array":[-66.179,-169,0,0,0,0,1,1,1,1]}},{"__type__":"cc.Node","_name":"item10_lab","_parent":{"__id__":29},"_components":[{"__type__":"cc.Label","node":{"__id__":30},"_materials":[{"__uuid__":"ecpdLyjvZBwrvm+cedCcQy"}],"_useOriginalSize":false,"_string":"家族6级解锁","_N$string":"家族6级解锁","_fontSize":25,"_lineHeight":30,"_N$horizontalAlign":1,"_N$verticalAlign":1,"_N$overflow":3}],"_prefab":{"__type__":"cc.PrefabInfo","root":{"__id__":1},"asset":{"__uuid__":"49Hm7LrftN9IjbRgLXtGj2"},"fileId":"0dhE/zqexIVpTM4yXtzEw0"},"_contentSize":{"__type__":"cc.Size","width":111,"height":67.8},"_trs":{"__type__":"TypedArray","ctor":"Float64Array","array":[0,19,0,0,0,0,1,1,1,1]}},{"__type__":"cc.Node","_name":"item11_mask","_parent":{"__id__":10},"_children":[{"__id__":32}],"_components":[{"__type__":"cc.Sprite","node":{"__id__":31},"_materials":[{"__uuid__":"ecpdLyjvZBwrvm+cedCcQy"}],"_spriteFrame":{"__uuid__":"94pKnDahlEa67AyUld/xEP"}}],"_prefab":{"__type__":"cc.PrefabInfo","root":{"__id__":1},"asset":{"__uuid__":"49Hm7LrftN9IjbRgLXtGj2"},"fileId":"5c3pIv9IxFRaDh2qaJ+mV7"},"_contentSize":{"__type__":"cc.Size","width":112,"height":120},"_trs":{"__type__":"TypedArray","ctor":"Float64Array","array":[70,-169,0,0,0,0,1,1,1,1]}},{"__type__":"cc.Node","_name":"item11_lab","_parent":{"__id__":31},"_components":[{"__type__":"cc.Label","node":{"__id__":32},"_materials":[{"__uuid__":"ecpdLyjvZBwrvm+cedCcQy"}],"_useOriginalSize":false,"_string":"家族8级解锁","_N$string":"家族8级解锁","_fontSize":25,"_lineHeight":30,"_N$horizontalAlign":1,"_N$verticalAlign":1,"_N$overflow":3}],"_prefab":{"__type__":"cc.PrefabInfo","root":{"__id__":1},"asset":{"__uuid__":"49Hm7LrftN9IjbRgLXtGj2"},"fileId":"20YmtzfnlA3Z4GV6iGj+Qt"},"_contentSize":{"__type__":"cc.Size","width":111,"height":67.8},"_trs":{"__type__":"TypedArray","ctor":"Float64Array","array":[0,19,0,0,0,0,1,1,1,1]}},{"__type__":"cc.Node","_name":"item2","_parent":{"__id__":9},"_components":[{"__type__":"cc.Sprite","node":{"__id__":33},"_materials":[{"__uuid__":"ecpdLyjvZBwrvm+cedCcQy"}],"_spriteFrame":{"__uuid__":"48y29BYP5MMrJSQ3rK4+EK"}}],"_prefab":{"__type__":"cc.PrefabInfo","root":{"__id__":1},"asset":{"__uuid__":"49Hm7LrftN9IjbRgLXtGj2"},"fileId":"81I4vMVvpGOoluK1/JIfAZ"},"_contentSize":{"__type__":"cc.Size","width":600,"height":615},"_trs":{"__type__":"TypedArray","ctor":"Float64Array","array":[0,-940.5,0,0,0,0,1,1,1,1]}},{"__type__":"cc.Node","_name":"item3","_parent":{"__id__":9},"_components":[{"__type__":"cc.Sprite","node":{"__id__":34},"_materials":[{"__uuid__":"ecpdLyjvZBwrvm+cedCcQy"}],"_spriteFrame":{"__uuid__":"b5iWRHo/xB9609Y+JWP5Zv"}}],"_prefab":{"__type__":"cc.PrefabInfo","root":{"__id__":1},"asset":{"__uuid__":"49Hm7LrftN9IjbRgLXtGj2"},"fileId":"86bAE8PvxP2LDF06oVuoff"},"_contentSize":{"__type__":"cc.Size","width":603,"height":613},"_trs":{"__type__":"TypedArray","ctor":"Float64Array","array":[0,-1571.5,0,0,0,0,1,1,1,1]}},{"__type__":"cc.Node","_name":"item4","_parent":{"__id__":9},"_components":[{"__type__":"cc.Sprite","node":{"__id__":35},"_materials":[{"__uuid__":"ecpdLyjvZBwrvm+cedCcQy"}],"_spriteFrame":{"__uuid__":"24Iz/uVC1DnLfdiul6QfcN"}}],"_prefab":{"__type__":"cc.PrefabInfo","root":{"__id__":1},"asset":{"__uuid__":"49Hm7LrftN9IjbRgLXtGj2"},"fileId":"b8oVRdn9VHxqc+yXOd734p"},"_contentSize":{"__type__":"cc.Size","width":602,"height":613},"_trs":{"__type__":"TypedArray","ctor":"Float64Array","array":[0,-2201.5,0,0,0,0,1,1,1,1]}},{"__type__":"cc.Node","_name":"item5","_parent":{"__id__":9},"_children":[{"__id__":37},{"__id__":38},{"__id__":39},{"__id__":40},{"__id__":41},{"__id__":42},{"__id__":43},{"__id__":44},{"__id__":45},{"__id__":46},{"__id__":47}],"_active":false,"_components":[{"__type__":"cc.Sprite","node":{"__id__":36},"_materials":[{"__uuid__":"ecpdLyjvZBwrvm+cedCcQy"}],"_spriteFrame":{"__uuid__":"52bd2h3cxAMbe1M8or/37n"}}],"_prefab":{"__type__":"cc.PrefabInfo","root":{"__id__":1},"asset":{"__uuid__":"49Hm7LrftN9IjbRgLXtGj2"},"fileId":"57beH12nJEW7ddv2Kne7TS"},"_contentSize":{"__type__":"cc.Size","width":604,"height":616},"_trs":{"__type__":"TypedArray","ctor":"Float64Array","array":[0,-308,0,0,0,0,1,1,1,1]}},{"__type__":"cc.Node","_name":"item1_maskB","_parent":{"__id__":36},"_components":[{"__type__":"cc.Sprite","node":{"__id__":37},"_materials":[{"__uuid__":"ecpdLyjvZBwrvm+cedCcQy"}],"_spriteFrame":{"__uuid__":"864NYCzJ5KfrltQpJBJRio"}}],"_prefab":{"__type__":"cc.PrefabInfo","root":{"__id__":1},"asset":{"__uuid__":"49Hm7LrftN9IjbRgLXtGj2"},"fileId":"19c9f3k71BSrYyJrchr3P4"},"_contentSize":{"__type__":"cc.Size","width":112,"height":120},"_trs":{"__type__":"TypedArray","ctor":"Float64Array","array":[-204,108,0,0,0,0,1,1,1,1]}},{"__type__":"cc.Node","_name":"item2_maskB","_parent":{"__id__":36},"_components":[{"__type__":"cc.Sprite","node":{"__id__":38},"_materials":[{"__uuid__":"ecpdLyjvZBwrvm+cedCcQy"}],"_spriteFrame":{"__uuid__":"864NYCzJ5KfrltQpJBJRio"}}],"_prefab":{"__type__":"cc.PrefabInfo","root":{"__id__":1},"asset":{"__uuid__":"49Hm7LrftN9IjbRgLXtGj2"},"fileId":"18aHr3txtHgZ9w5q2+Zf4b"},"_contentSize":{"__type__":"cc.Size","width":112,"height":120},"_trs":{"__type__":"TypedArray","ctor":"Float64Array","array":[-67,108,0,0,0,0,1,1,1,1]}},{"__type__":"cc.Node","_name":"item3_maskB","_parent":{"__id__":36},"_components":[{"__type__":"cc.Sprite","node":{"__id__":39},"_materials":[{"__uuid__":"ecpdLyjvZBwrvm+cedCcQy"}],"_spriteFrame":{"__uuid__":"864NYCzJ5KfrltQpJBJRio"}}],"_prefab":{"__type__":"cc.PrefabInfo","root":{"__id__":1},"asset":{"__uuid__":"49Hm7LrftN9IjbRgLXtGj2"},"fileId":"01UHpq+LVB14lX2eeKikPI"},"_contentSize":{"__type__":"cc.Size","width":112,"height":120},"_trs":{"__type__":"TypedArray","ctor":"Float64Array","array":[70,108,0,0,0,0,1,1,1,1]}},{"__type__":"cc.Node","_name":"item4_maskB","_parent":{"__id__":36},"_components":[{"__type__":"cc.Sprite","node":{"__id__":40},"_materials":[{"__uuid__":"ecpdLyjvZBwrvm+cedCcQy"}],"_spriteFrame":{"__uuid__":"864NYCzJ5KfrltQpJBJRio"}}],"_prefab":{"__type__":"cc.PrefabInfo","root":{"__id__":1},"asset":{"__uuid__":"49Hm7LrftN9IjbRgLXtGj2"},"fileId":"e7WquhjVRJ+at7/xfuLcce"},"_contentSize":{"__type__":"cc.Size","width":112,"height":120},"_trs":{"__type__":"TypedArray","ctor":"Float64Array","array":[208,108,0,0,0,0,1,1,1,1]}},{"__type__":"cc.Node","_name":"item5_maskB","_parent":{"__id__":36},"_components":[{"__type__":"cc.Sprite","node":{"__id__":41},"_materials":[{"__uuid__":"ecpdLyjvZBwrvm+cedCcQy"}],"_spriteFrame":{"__uuid__":"864NYCzJ5KfrltQpJBJRio"}}],"_prefab":{"__type__":"cc.PrefabInfo","root":{"__id__":1},"asset":{"__uuid__":"49Hm7LrftN9IjbRgLXtGj2"},"fileId":"3aI5BmKN1DXLOBSXWxQ//3"},"_contentSize":{"__type__":"cc.Size","width":112,"height":120},"_trs":{"__type__":"TypedArray","ctor":"Float64Array","array":[-204,-29,0,0,0,0,1,1,1,1]}},{"__type__":"cc.Node","_name":"item6_maskB","_parent":{"__id__":36},"_components":[{"__type__":"cc.Sprite","node":{"__id__":42},"_materials":[{"__uuid__":"ecpdLyjvZBwrvm+cedCcQy"}],"_spriteFrame":{"__uuid__":"864NYCzJ5KfrltQpJBJRio"}}],"_prefab":{"__type__":"cc.PrefabInfo","root":{"__id__":1},"asset":{"__uuid__":"49Hm7LrftN9IjbRgLXtGj2"},"fileId":"a4Mzt3QItM3oG0ff/LS1OW"},"_contentSize":{"__type__":"cc.Size","width":112,"height":120},"_trs":{"__type__":"TypedArray","ctor":"Float64Array","array":[-66.179,-29,0,0,0,0,1,1,1,1]}},{"__type__":"cc.Node","_name":"item7_maskB","_parent":{"__id__":36},"_components":[{"__type__":"cc.Sprite","node":{"__id__":43},"_materials":[{"__uuid__":"ecpdLyjvZBwrvm+cedCcQy"}],"_spriteFrame":{"__uuid__":"04aMPvDPVK4qkoSJ0BaifE"}}],"_prefab":{"__type__":"cc.PrefabInfo","root":{"__id__":1},"asset":{"__uuid__":"49Hm7LrftN9IjbRgLXtGj2"},"fileId":"511V7pRQ1JXYNJZljsagRP"},"_contentSize":{"__type__":"cc.Size","width":112,"height":120},"_trs":{"__type__":"TypedArray","ctor":"Float64Array","array":[70,-29,0,0,0,0,1,1,1,1]}},{"__type__":"cc.Node","_name":"item8_maskB","_parent":{"__id__":36},"_components":[{"__type__":"cc.Sprite","node":{"__id__":44},"_materials":[{"__uuid__":"ecpdLyjvZBwrvm+cedCcQy"}],"_spriteFrame":{"__uuid__":"04aMPvDPVK4qkoSJ0BaifE"}}],"_prefab":{"__type__":"cc.PrefabInfo","root":{"__id__":1},"asset":{"__uuid__":"49Hm7LrftN9IjbRgLXtGj2"},"fileId":"412A0HYgNBVJFW6l0BUXI2"},"_contentSize":{"__type__":"cc.Size","width":112,"height":120},"_trs":{"__type__":"TypedArray","ctor":"Float64Array","array":[208,-29,0,0,0,0,1,1,1,1]}},{"__type__":"cc.Node","_name":"item9_maskB","_parent":{"__id__":36},"_components":[{"__type__":"cc.Sprite","node":{"__id__":45},"_materials":[{"__uuid__":"ecpdLyjvZBwrvm+cedCcQy"}],"_spriteFrame":{"__uuid__":"67nXt6jfBPgaloJI9gtqRm"}}],"_prefab":{"__type__":"cc.PrefabInfo","root":{"__id__":1},"asset":{"__uuid__":"49Hm7LrftN9IjbRgLXtGj2"},"fileId":"3193eBEt9FkoPaoBEQxYdN"},"_contentSize":{"__type__":"cc.Size","width":112,"height":120},"_trs":{"__type__":"TypedArray","ctor":"Float64Array","array":[-204,-169,0,0,0,0,1,1,1,1]}},{"__type__":"cc.Node","_name":"item10_maskB","_parent":{"__id__":36},"_components":[{"__type__":"cc.Sprite","node":{"__id__":46},"_materials":[{"__uuid__":"ecpdLyjvZBwrvm+cedCcQy"}],"_spriteFrame":{"__uuid__":"da+JIexkJFnqlX1JbW9qpZ"}}],"_prefab":{"__type__":"cc.PrefabInfo","root":{"__id__":1},"asset":{"__uuid__":"49Hm7LrftN9IjbRgLXtGj2"},"fileId":"78iU1s6+hBbbj36N+v3RvM"},"_contentSize":{"__type__":"cc.Size","width":112,"height":120},"_trs":{"__type__":"TypedArray","ctor":"Float64Array","array":[-66.179,-169,0,0,0,0,1,1,1,1]}},{"__type__":"cc.Node","_name":"item11_maskB","_parent":{"__id__":36},"_components":[{"__type__":"cc.Sprite","node":{"__id__":47},"_materials":[{"__uuid__":"ecpdLyjvZBwrvm+cedCcQy"}],"_spriteFrame":{"__uuid__":"46imwmqb5ANYR9qa8pwPlD"}}],"_prefab":{"__type__":"cc.PrefabInfo","root":{"__id__":1},"asset":{"__uuid__":"49Hm7LrftN9IjbRgLXtGj2"},"fileId":"fan5D1KRFMi4P+syFh2cro"},"_contentSize":{"__type__":"cc.Size","width":112,"height":120},"_trs":{"__type__":"TypedArray","ctor":"Float64Array","array":[70,-169,0,0,0,0,1,1,1,1]}},{"__type__":"cc.Node","_name":"item6","_parent":{"__id__":9},"_active":false,"_components":[{"__type__":"cc.Sprite","node":{"__id__":48},"_materials":[{"__uuid__":"ecpdLyjvZBwrvm+cedCcQy"}],"_spriteFrame":{"__uuid__":"7cBTLFzfhHyIk8O1DRI+4W"}}],"_prefab":{"__type__":"cc.PrefabInfo","root":{"__id__":1},"asset":{"__uuid__":"49Hm7LrftN9IjbRgLXtGj2"},"fileId":"7eA9d5vulFUZcVC9MlMsN0"},"_contentSize":{"__type__":"cc.Size","width":600,"height":615},"_trs":{"__type__":"TypedArray","ctor":"Float64Array","array":[0,-939.5,0,0,0,0,1,1,1,1]}},{"__type__":"cc.Node","_name":"item7","_parent":{"__id__":9},"_active":false,"_components":[{"__type__":"cc.Sprite","node":{"__id__":49},"_materials":[{"__uuid__":"ecpdLyjvZBwrvm+cedCcQy"}],"_spriteFrame":{"__uuid__":"d68y4ACqdIp5VXAamll0aZ"}}],"_prefab":{"__type__":"cc.PrefabInfo","root":{"__id__":1},"asset":{"__uuid__":"49Hm7LrftN9IjbRgLXtGj2"},"fileId":"749rxPU0dA94q9lMigI4o0"},"_contentSize":{"__type__":"cc.Size","width":602,"height":613},"_trs":{"__type__":"TypedArray","ctor":"Float64Array","array":[0,-936.5,0,0,0,0,1,1,1,1]}},{"__type__":"cc.Node","_name":"item8","_parent":{"__id__":9},"_active":false,"_components":[{"__type__":"cc.Sprite","node":{"__id__":50},"_materials":[{"__uuid__":"ecpdLyjvZBwrvm+cedCcQy"}],"_spriteFrame":{"__uuid__":"6beOecoXlDR507X16HH65p"}}],"_prefab":{"__type__":"cc.PrefabInfo","root":{"__id__":1},"asset":{"__uuid__":"49Hm7LrftN9IjbRgLXtGj2"},"fileId":"1afCZYOYlB6bDmvTqogjje"},"_contentSize":{"__type__":"cc.Size","width":602,"height":613},"_trs":{"__type__":"TypedArray","ctor":"Float64Array","array":[0,-936.5,0,0,0,0,1,1,1,1]}}],{"__type__":"cc.SpriteFrame","content":{"name":"pic_hongbaolingqu","texture":"48Go1VL8FJOKTm+UpBs/Rk","rect":[0,0,604,616],"offset":[0,0],"originalSize":[604,616],"capInsets":[0,0,0,0]}},{"__type__":"cc.SpriteFrame","content":{"name":"ic_guanbi2","texture":"02krqH8i1AdZB/lC2WegR2","rect":[789,371,84,84],"offset":[0,0],"originalSize":[84,84],"capInsets":[0,0,0,0]}},{"__type__":"cc.SpriteFrame","content":{"name":"pic_jiazu4","texture":"c51RjzCAhIb446iCgAMm8O","rect":[0,0,112,120],"offset":[0,0],"originalSize":[112,120],"capInsets":[0,0,0,0]}},{"__type__":"cc.SpriteFrame","content":{"name":"pic_tusun","texture":"13/Ij70EJIRq95zI1vU5WU","rect":[2,3,602,613],"offset":[1,-1.5],"originalSize":[604,616],"capInsets":[0,0,0,0]}},{"__type__":"cc.SpriteFrame","content":{"name":"pic_cishuhongbao","texture":"f7KttgP7JGsoEmozVLwQMd","rect":[0,1,600,615],"offset":[-2,-0.5],"originalSize":[604,616],"capInsets":[0,0,0,0]}},{"__type__":"cc.SpriteFrame","content":{"name":"pic_jiazu1","texture":"58BXIFI3BFYo1NixH8CBcS","rect":[0,0,112,120],"offset":[0,0],"originalSize":[112,120],"capInsets":[0,0,0,0]}},{"__type__":"cc.SpriteFrame","content":{"name":"pic_mask","texture":"70uZhxIuNEn4cyfrG7FT01","rect":[606,244,112,120],"offset":[0,0],"originalSize":[112,120],"capInsets":[20,20,20,20]}},{"__type__":"cc.SpriteFrame","content":{"name":"default_sprite_splash","texture":"02delMVqdBD70a/HSD99FK","rect":[0,0,2,2],"offset":[0,0],"originalSize":[2,2],"capInsets":[0,0,0,0]}},{"__type__":"cc.SpriteFrame","content":{"name":"3","texture":"d5/aZLVQ5L7KKKaz7eIFPr","rect":[1,3,603,613],"offset":[0.5,-1.5],"originalSize":[604,616],"capInsets":[0,0,0,0]}},{"__type__":"cc.SpriteFrame","content":{"name":"img_title","texture":"36otX/aM1E4Zo+o68pRLtJ","rect":[1,1,304,110],"offset":[0,0],"originalSize":[304,110],"capInsets":[0,0,0,0]}},{"__type__":"cc.SpriteFrame","content":{"name":"pic_shouruyugu","texture":"2duUXamINDtrfv92S9zAQ1","rect":[2,3,602,613],"offset":[1,-1.5],"originalSize":[604,616],"capInsets":[0,0,0,0]}},{"__type__":"cc.SpriteFrame","content":{"name":"pic_jiazu6","texture":"77VA5cslNH3LNRqbUBfQXS","rect":[0,0,112,120],"offset":[0,0],"originalSize":[112,120],"capInsets":[0,0,0,0]}},{"__type__":"cc.SpriteFrame","content":{"name":"bg_paowang","texture":"5fIZ6eNjtLcoTSqUYB8890","rect":[1,0,657,808],"offset":[0.5,0],"originalSize":[658,808],"capInsets":[248.5,335,248.5,335]}}]