[1,["cdkdgvk7pOCKdBymE8Pbf1@6c48a","1brw/JvvpFnIvdrxpFCgMZ"],["mainTexture","_effectAsset"],[["cc.Material",["_name","_techIdx","_states","_defines","_props"],-1,12]],[[0,0,1,2,3,4,5]],[[0,"mat_mount_plan","1",[{"rasterizerState":{},"depthStencilState":{},"blendState":{"targets":[{}]}},{"rasterizerState":{},"depthStencilState":{},"blendState":{"targets":[{}]}},{"rasterizerState":{},"depthStencilState":{},"blendState":{"targets":[{}]}}],[{"USE_ALBEDO_MAP":true},{},{}],[[[{"roughness":0.8,"metallic":0.6},"mainTexture",6,0],{},{}],11,0,0]]],0,0,[0,0],[0,1],[0,1]]
