[{"__type__":"cc.SpriteFrame","content":{"name":"pingfang","texture":"c966fMUgpI/JuBGr/hVB1Z","rect":[0,0,320,312],"offset":[0,0],"originalSize":[320,312],"capInsets":[0,0,0,0]}},{"__type__":"cc.BitmapFont","_name":"pingfang","spriteFrame":{"__uuid__":"36Ql4GIUZHdKAYObZdBtWW"},"fontSize":40,"_fntConfig":{"commonHeight":43,"fontSize":40,"atlasName":"pingfang.png","fontDefDictionary":{"42":{"rect":{"x":156,"y":255,"width":17,"height":16},"xOffset":1,"yOffset":2,"xAdvance":19},"43":{"rect":{"x":281,"y":221,"width":24,"height":23},"xOffset":2,"yOffset":7,"xAdvance":26},"45":{"rect":{"x":281,"y":245,"width":21,"height":6},"xOffset":1,"yOffset":16,"xAdvance":23},"46":{"rect":{"x":306,"y":187,"width":9,"height":8},"xOffset":2,"yOffset":28,"xAdvance":11},"47":{"rect":{"x":306,"y":0,"width":14,"height":38},"xOffset":0,"yOffset":0,"xAdvance":13},"48":{"rect":{"x":164,"y":150,"width":26,"height":34},"xOffset":2,"yOffset":2,"xAdvance":28},"49":{"rect":{"x":281,"y":135,"width":18,"height":34},"xOffset":1,"yOffset":3,"xAdvance":22},"50":{"rect":{"x":255,"y":0,"width":25,"height":34},"xOffset":1,"yOffset":2,"xAdvance":27},"51":{"rect":{"x":255,"y":35,"width":25,"height":34},"xOffset":2,"yOffset":2,"xAdvance":27},"52":{"rect":{"x":225,"y":103,"width":27,"height":34},"xOffset":1,"yOffset":3,"xAdvance":28},"53":{"rect":{"x":213,"y":220,"width":24,"height":33},"xOffset":2,"yOffset":3,"xAdvance":27},"54":{"rect":{"x":0,"y":220,"width":26,"height":34},"xOffset":2,"yOffset":2,"xAdvance":28},"55":{"rect":{"x":281,"y":68,"width":24,"height":32},"xOffset":1,"yOffset":3,"xAdvance":26},"56":{"rect":{"x":27,"y":220,"width":26,"height":34},"xOffset":2,"yOffset":2,"xAdvance":28},"57":{"rect":{"x":255,"y":70,"width":25,"height":34},"xOffset":2,"yOffset":2,"xAdvance":27},"65":{"rect":{"x":156,"y":107,"width":33,"height":34},"xOffset":0,"yOffset":3,"xAdvance":33},"66":{"rect":{"x":225,"y":35,"width":29,"height":33},"xOffset":3,"yOffset":3,"xAdvance":32},"67":{"rect":{"x":193,"y":73,"width":30,"height":34},"xOffset":2,"yOffset":2,"xAdvance":33},"68":{"rect":{"x":225,"y":0,"width":29,"height":34},"xOffset":3,"yOffset":3,"xAdvance":32},"69":{"rect":{"x":54,"y":220,"width":26,"height":33},"xOffset":3,"yOffset":3,"xAdvance":30},"70":{"rect":{"x":281,"y":0,"width":24,"height":33},"xOffset":3,"yOffset":3,"xAdvance":27},"71":{"rect":{"x":34,"y":150,"width":32,"height":34},"xOffset":2,"yOffset":2,"xAdvance":34},"72":{"rect":{"x":193,"y":108,"width":30,"height":34},"xOffset":3,"yOffset":3,"xAdvance":34},"73":{"rect":{"x":306,"y":83,"width":8,"height":34},"xOffset":3,"yOffset":3,"xAdvance":12},"74":{"rect":{"x":255,"y":105,"width":25,"height":34},"xOffset":2,"yOffset":3,"xAdvance":29},"75":{"rect":{"x":67,"y":150,"width":32,"height":34},"xOffset":3,"yOffset":3,"xAdvance":34},"76":{"rect":{"x":255,"y":140,"width":25,"height":34},"xOffset":3,"yOffset":3,"xAdvance":28},"77":{"rect":{"x":156,"y":37,"width":35,"height":34},"xOffset":3,"yOffset":3,"xAdvance":39},"78":{"rect":{"x":193,"y":143,"width":30,"height":34},"xOffset":3,"yOffset":3,"xAdvance":34},"79":{"rect":{"x":100,"y":150,"width":32,"height":34},"xOffset":2,"yOffset":2,"xAdvance":36},"80":{"rect":{"x":225,"y":173,"width":27,"height":33},"xOffset":3,"yOffset":3,"xAdvance":30},"81":{"rect":{"x":83,"y":0,"width":33,"height":43},"xOffset":2,"yOffset":2,"xAdvance":35},"82":{"rect":{"x":31,"y":185,"width":30,"height":33},"xOffset":3,"yOffset":3,"xAdvance":32},"83":{"rect":{"x":225,"y":138,"width":27,"height":34},"xOffset":2,"yOffset":2,"xAdvance":30},"84":{"rect":{"x":225,"y":69,"width":29,"height":33},"xOffset":2,"yOffset":3,"xAdvance":32},"85":{"rect":{"x":133,"y":150,"width":30,"height":34},"xOffset":3,"yOffset":3,"xAdvance":34},"86":{"rect":{"x":44,"y":39,"width":33,"height":34},"xOffset":0,"yOffset":3,"xAdvance":33},"87":{"rect":{"x":0,"y":0,"width":43,"height":34},"xOffset":0,"yOffset":3,"xAdvance":43},"88":{"rect":{"x":0,"y":150,"width":33,"height":34},"xOffset":0,"yOffset":3,"xAdvance":33},"89":{"rect":{"x":156,"y":72,"width":34,"height":34},"xOffset":0,"yOffset":3,"xAdvance":33},"90":{"rect":{"x":62,"y":185,"width":30,"height":33},"xOffset":1,"yOffset":3,"xAdvance":31},"97":{"rect":{"x":54,"y":255,"width":25,"height":24},"xOffset":2,"yOffset":11,"xAdvance":28},"98":{"rect":{"x":255,"y":175,"width":25,"height":34},"xOffset":3,"yOffset":3,"xAdvance":28},"99":{"rect":{"x":83,"y":44,"width":26,"height":25},"xOffset":2,"yOffset":11,"xAdvance":28},"100":{"rect":{"x":255,"y":210,"width":25,"height":33},"xOffset":2,"yOffset":3,"xAdvance":28},"101":{"rect":{"x":0,"y":255,"width":26,"height":25},"xOffset":2,"yOffset":11,"xAdvance":29},"102":{"rect":{"x":281,"y":101,"width":19,"height":33},"xOffset":2,"yOffset":3,"xAdvance":19},"103":{"rect":{"x":135,"y":220,"width":25,"height":33},"xOffset":2,"yOffset":12,"xAdvance":28},"104":{"rect":{"x":281,"y":34,"width":24,"height":33},"xOffset":3,"yOffset":3,"xAdvance":28},"105":{"rect":{"x":306,"y":153,"width":8,"height":33},"xOffset":3,"yOffset":3,"xAdvance":12},"106":{"rect":{"x":306,"y":39,"width":11,"height":43},"xOffset":-2,"yOffset":3,"xAdvance":13},"107":{"rect":{"x":81,"y":220,"width":26,"height":33},"xOffset":3,"yOffset":3,"xAdvance":28},"108":{"rect":{"x":306,"y":118,"width":8,"height":34},"xOffset":3,"yOffset":3,"xAdvance":12},"109":{"rect":{"x":134,"y":185,"width":38,"height":23},"xOffset":3,"yOffset":12,"xAdvance":42},"110":{"rect":{"x":107,"y":255,"width":24,"height":23},"xOffset":2,"yOffset":12,"xAdvance":28},"111":{"rect":{"x":27,"y":255,"width":26,"height":25},"xOffset":2,"yOffset":11,"xAdvance":28},"112":{"rect":{"x":161,"y":220,"width":25,"height":33},"xOffset":3,"yOffset":12,"xAdvance":28},"113":{"rect":{"x":187,"y":220,"width":25,"height":33},"xOffset":2,"yOffset":12,"xAdvance":28},"114":{"rect":{"x":202,"y":185,"width":18,"height":23},"xOffset":2,"yOffset":12,"xAdvance":20},"115":{"rect":{"x":281,"y":170,"width":24,"height":25},"xOffset":2,"yOffset":11,"xAdvance":26},"116":{"rect":{"x":0,"y":281,"width":17,"height":31},"xOffset":1,"yOffset":5,"xAdvance":19},"117":{"rect":{"x":281,"y":196,"width":24,"height":24},"xOffset":2,"yOffset":12,"xAdvance":28},"118":{"rect":{"x":80,"y":255,"width":26,"height":23},"xOffset":0,"yOffset":12,"xAdvance":26},"119":{"rect":{"x":93,"y":185,"width":40,"height":23},"xOffset":0,"yOffset":12,"xAdvance":40},"120":{"rect":{"x":173,"y":185,"width":28,"height":23},"xOffset":0,"yOffset":12,"xAdvance":28},"121":{"rect":{"x":108,"y":220,"width":26,"height":33},"xOffset":0,"yOffset":12,"xAdvance":26},"122":{"rect":{"x":132,"y":255,"width":23,"height":23},"xOffset":1,"yOffset":12,"xAdvance":24},"20219":{"rect":{"x":77,"y":74,"width":38,"height":36},"xOffset":2,"yOffset":1,"xAdvance":40},"20987":{"rect":{"x":0,"y":74,"width":38,"height":37},"xOffset":2,"yOffset":0,"xAdvance":40},"20998":{"rect":{"x":0,"y":112,"width":36,"height":37},"xOffset":2,"yOffset":1,"xAdvance":40},"21153":{"rect":{"x":37,"y":112,"width":36,"height":37},"xOffset":2,"yOffset":1,"xAdvance":40},"24180":{"rect":{"x":39,"y":74,"width":37,"height":37},"xOffset":2,"yOffset":1,"xAdvance":40},"24635":{"rect":{"x":117,"y":0,"width":38,"height":36},"xOffset":1,"yOffset":1,"xAdvance":40},"26085":{"rect":{"x":193,"y":37,"width":31,"height":35},"xOffset":5,"yOffset":2,"xAdvance":40},"26159":{"rect":{"x":117,"y":37,"width":38,"height":36},"xOffset":2,"yOffset":2,"xAdvance":40},"26292":{"rect":{"x":112,"y":112,"width":38,"height":35},"xOffset":2,"yOffset":2,"xAdvance":40},"26376":{"rect":{"x":193,"y":0,"width":31,"height":36},"xOffset":4,"yOffset":2,"xAdvance":40},"29486":{"rect":{"x":0,"y":35,"width":38,"height":38},"xOffset":2,"yOffset":0,"xAdvance":40},"29616":{"rect":{"x":74,"y":112,"width":37,"height":36},"xOffset":2,"yOffset":2,"xAdvance":40},"31186":{"rect":{"x":44,"y":0,"width":38,"height":38},"xOffset":2,"yOffset":0,"xAdvance":40},"36129":{"rect":{"x":156,"y":0,"width":36,"height":36},"xOffset":2,"yOffset":2,"xAdvance":40},"37329":{"rect":{"x":117,"y":74,"width":38,"height":36},"xOffset":2,"yOffset":0,"xAdvance":40},"65509":{"rect":{"x":0,"y":185,"width":30,"height":34},"xOffset":6,"yOffset":2,"xAdvance":40}},"kerningDict":{}}}]