[{"__type__":"cc.SpriteFrame","content":{"name":"hb_1","rect":[1,1,466,430],"offset":[0,0],"originalSize":[466,430],"capInsets":[0,0,0,0]}},{"__type__":"cc.SpriteFrame","content":{"name":"tixian","rect":[427,686,204,100],"offset":[0,0],"originalSize":[204,100],"capInsets":[0,0,0,0]}},{"__type__":"cc.SpriteFrame","content":{"name":"hb_3","rect":[427,433,464,251],"offset":[0,0],"originalSize":[464,251],"capInsets":[0,0,0,0]}},{"__type__":"cc.SpriteFrame","content":{"name":"hb_2","rect":[1,433,424,448],"offset":[0,0],"originalSize":[424,448],"capInsets":[0,0,0,0]}},{"__type__":"cc.SpriteAtlas","_name":"hongbao.plist","_spriteFrames":{"hb_1":{"__uuid__":"0fRB5C55lFUoGaBUlTEr28"},"hb_2":{"__uuid__":"9fl6Txod5InaCgvsrzHfMO"},"hb_3":{"__uuid__":"85wfISFi5OHLbTo8qRCnJK"},"tixian":{"__uuid__":"298S3MbaxAZ7j1LcW/iu8r"}}}]