[{"__type__":"cc.SpriteFrame","content":{"name":"pic_zhizhen","texture":"b6QYdDxblP/K98GRR8e/vs","rect":[254,1,116,164],"offset":[0,0],"originalSize":[116,164],"capInsets":[0,0,0,0]}},{"__type__":"cc.SpriteFrame","content":{"name":"btn_huang","texture":"36otX/aM1E4Zo+o68pRLtJ","rect":[367,1,146,52],"offset":[0,0],"originalSize":[150,56],"rotated":1,"capInsets":[23,15,23,16]}},{"__type__":"cc.SpriteFrame","content":{"name":"pic_zhuanpandi","texture":"fcmbN2YEVMH6lj7dAnVl3c","rect":[0,0,672,859],"offset":[0,0.5],"originalSize":[672,860],"capInsets":[0,0,0,0]}},{"__type__":"cc.SpriteFrame","content":{"name":"pic_shipin","texture":"1bGMIb4PFCPLdSEzxrUZ4h","rect":[891,234,40,40],"offset":[0,0],"originalSize":[40,40],"capInsets":[0,0,0,0]}},{"__type__":"cc.SpriteFrame","content":{"name":"ic_guanbi","texture":"02krqH8i1AdZB/lC2WegR2","rect":[837,457,76,76],"offset":[0,0],"originalSize":[76,76],"capInsets":[0,0,0,0]}},{"__type__":"cc.SpriteFrame","content":{"name":"pic_mask","texture":"70uZhxIuNEn4cyfrG7FT01","rect":[606,244,112,120],"offset":[0,0],"originalSize":[112,120],"capInsets":[20,20,20,20]}},{"__type__":"cc.SpriteFrame","content":{"name":"default_sprite_splash","texture":"02delMVqdBD70a/HSD99FK","rect":[0,0,2,2],"offset":[0,0],"originalSize":[2,2],"capInsets":[0,0,0,0]}},{"__type__":"cc.SpriteFrame","content":{"name":"img_title","texture":"36otX/aM1E4Zo+o68pRLtJ","rect":[1,1,304,110],"offset":[0,0],"originalSize":[304,110],"capInsets":[0,0,0,0]}},{"__type__":"cc.SpriteFrame","content":{"name":"pic_zhuanpan","texture":"84caz3k9dIlofZAaNJ3LSw","rect":[0,0,596,596],"offset":[0,0],"originalSize":[596,596],"capInsets":[0,0,0,0]}},{"__type__":"cc.SpriteFrame","content":{"name":"ic_hongbao","texture":"02krqH8i1AdZB/lC2WegR2","rect":[877,53,50,50],"offset":[0,0],"originalSize":[50,50],"capInsets":[0,0,0,0]}},[{"__type__":"cc.Prefab","_name":"roll_layer","data":{"__id__":1}},{"__type__":"cc.Node","_name":"roll_layer","_children":[{"__id__":2},{"__id__":3},{"__id__":27},{"__id__":29},{"__id__":32}],"_components":[{"__type__":"cc.Widget","node":{"__id__":1},"_alignFlags":45},{"__type__":"b290bsesdBA74CyhttyjgOA","node":{"__id__":1}}],"_prefab":{"__type__":"cc.PrefabInfo","root":{"__id__":1},"asset":{"__uuid__":"eaUxQIrQJEqagFdNbpN0ne"},"fileId":"68IZtnmSdA44OoUYhsQbRB"},"_contentSize":{"__type__":"cc.Size","width":750,"height":1334},"_trs":{"__type__":"TypedArray","ctor":"Float64Array","array":[375,667,0,0,0,0,1,1,1,1]}},{"__type__":"cc.Node","_name":"mask","_parent":{"__id__":1},"_components":[{"__type__":"cc.Sprite","node":{"__id__":2},"_materials":[{"__uuid__":"ecpdLyjvZBwrvm+cedCcQy"}],"_spriteFrame":{"__uuid__":"a2MjXRFdtLlYQ5ouAFv/+R"},"_sizeMode":0},{"__type__":"cc.Widget","node":{"__id__":2},"_alignFlags":45,"_originalWidth":40,"_originalHeight":36},{"__type__":"cc.BlockInputEvents","node":{"__id__":2}}],"_prefab":{"__type__":"cc.PrefabInfo","root":{"__id__":1},"asset":{"__uuid__":"eaUxQIrQJEqagFdNbpN0ne"},"fileId":"6b2z8gLFtNFKOLGSa9GnzA"},"_opacity":130,"_color":{"__type__":"cc.Color"},"_contentSize":{"__type__":"cc.Size","width":750,"height":1334},"_trs":{"__type__":"TypedArray","ctor":"Float64Array","array":[0,0,0,0,0,0,1,1,1,1]}},{"__type__":"cc.Node","_name":"bgNode","_parent":{"__id__":1},"_children":[{"__id__":4},{"__id__":21},{"__id__":22},{"__id__":24}],"_components":[{"__type__":"cc.Sprite","node":{"__id__":3},"_materials":[{"__uuid__":"ecpdLyjvZBwrvm+cedCcQy"}],"_spriteFrame":{"__uuid__":"33Ri0ffFlI64Ws5kgKzZoo"}}],"_prefab":{"__type__":"cc.PrefabInfo","root":{"__id__":1},"asset":{"__uuid__":"eaUxQIrQJEqagFdNbpN0ne"},"fileId":"d0hXF/LEpM9oqgl+6dQtiu"},"_contentSize":{"__type__":"cc.Size","width":672,"height":859},"_trs":{"__type__":"TypedArray","ctor":"Float64Array","array":[0,105,0,0,0,0,1,1,1,1]}},{"__type__":"cc.Node","_name":"pic_zhuanpan","_parent":{"__id__":3},"_children":[{"__id__":5},{"__id__":6},{"__id__":7},{"__id__":8},{"__id__":9},{"__id__":10},{"__id__":11},{"__id__":12},{"__id__":13},{"__id__":14},{"__id__":15},{"__id__":16},{"__id__":17},{"__id__":18},{"__id__":19},{"__id__":20}],"_components":[{"__type__":"cc.Sprite","node":{"__id__":4},"_materials":[{"__uuid__":"ecpdLyjvZBwrvm+cedCcQy"}],"_spriteFrame":{"__uuid__":"d4oQl29nVKb6j9NfL+2F/6"}}],"_prefab":{"__type__":"cc.PrefabInfo","root":{"__id__":1},"asset":{"__uuid__":"eaUxQIrQJEqagFdNbpN0ne"},"fileId":"2aGbDpKPtApoSv84E1jPMu"},"_contentSize":{"__type__":"cc.Size","width":596,"height":596},"_trs":{"__type__":"TypedArray","ctor":"Float64Array","array":[-2,14,0,0,0,0,1,1,1,1]}},{"__type__":"cc.Node","_name":"ic_jingli1","_parent":{"__id__":4},"_components":[{"__type__":"cc.Label","node":{"__id__":5},"_materials":[{"__uuid__":"ecpdLyjvZBwrvm+cedCcQy"}],"_useOriginalSize":false,"_string":"炮塔+20","_N$string":"炮塔+20","_fontSize":28,"_lineHeight":28,"_N$horizontalAlign":1,"_N$verticalAlign":1}],"_prefab":{"__type__":"cc.PrefabInfo","root":{"__id__":1},"asset":{"__uuid__":"eaUxQIrQJEqagFdNbpN0ne"},"fileId":"157psbw+JLiKu+YvTb6bvZ"},"_color":{"__type__":"cc.Color","r":104,"g":37,"b":14},"_contentSize":{"__type__":"cc.Size","width":103.5,"height":35.28},"_trs":{"__type__":"TypedArray","ctor":"Float64Array","array":[0,255,0,0,0,0,1,1,1,1]}},{"__type__":"cc.Node","_name":"lab_desc1","_parent":{"__id__":4},"_components":[{"__type__":"cc.Sprite","node":{"__id__":6},"_materials":[{"__uuid__":"ecpdLyjvZBwrvm+cedCcQy"}],"_spriteFrame":{"__uuid__":"d7yO+rwDtPepaDOkmOet3q"},"_sizeMode":0}],"_prefab":{"__type__":"cc.PrefabInfo","root":{"__id__":1},"asset":{"__uuid__":"eaUxQIrQJEqagFdNbpN0ne"},"fileId":"ec+QZht9FCcYuSWbWZOQTY"},"_contentSize":{"__type__":"cc.Size","width":50,"height":50},"_trs":{"__type__":"TypedArray","ctor":"Float64Array","array":[1,145,0,0,0,0,1,1,1,1]}},{"__type__":"cc.Node","_name":"ic_jingli2","_parent":{"__id__":4},"_components":[{"__type__":"cc.Label","node":{"__id__":7},"_materials":[{"__uuid__":"ecpdLyjvZBwrvm+cedCcQy"}],"_useOriginalSize":false,"_string":"红包+1000","_N$string":"红包+1000","_fontSize":28,"_lineHeight":28,"_N$horizontalAlign":1,"_N$verticalAlign":1}],"_prefab":{"__type__":"cc.PrefabInfo","root":{"__id__":1},"asset":{"__uuid__":"eaUxQIrQJEqagFdNbpN0ne"},"fileId":"1fN2SVC5ZLj4QKrrSok9/k"},"_color":{"__type__":"cc.Color","r":104,"g":37,"b":14},"_contentSize":{"__type__":"cc.Size","width":134.64,"height":35.28},"_trs":{"__type__":"TypedArray","ctor":"Float64Array","array":[179,173,0,0,0,-0.4067366430758002,0.9135454576426009,1,1,1]},"_eulerAngles":{"__type__":"cc.Vec3","z":-48}},{"__type__":"cc.Node","_name":"lab_desc2","_parent":{"__id__":4},"_components":[{"__type__":"cc.Sprite","node":{"__id__":8},"_materials":[{"__uuid__":"ecpdLyjvZBwrvm+cedCcQy"}],"_spriteFrame":{"__uuid__":"d7yO+rwDtPepaDOkmOet3q"},"_sizeMode":0}],"_prefab":{"__type__":"cc.PrefabInfo","root":{"__id__":1},"asset":{"__uuid__":"eaUxQIrQJEqagFdNbpN0ne"},"fileId":"6fFXk5WhBF7Y1Ii5M+WadS"},"_contentSize":{"__type__":"cc.Size","width":50,"height":50},"_trs":{"__type__":"TypedArray","ctor":"Float64Array","array":[106,103,0,0,0,-0.3826834323650898,0.9238795325112867,1,1,1]},"_eulerAngles":{"__type__":"cc.Vec3","z":-45}},{"__type__":"cc.Node","_name":"ic_jingli3","_parent":{"__id__":4},"_components":[{"__type__":"cc.Label","node":{"__id__":9},"_materials":[{"__uuid__":"ecpdLyjvZBwrvm+cedCcQy"}],"_useOriginalSize":false,"_string":"炮塔+15","_N$string":"炮塔+15","_fontSize":28,"_lineHeight":28,"_N$horizontalAlign":1,"_N$verticalAlign":1}],"_prefab":{"__type__":"cc.PrefabInfo","root":{"__id__":1},"asset":{"__uuid__":"eaUxQIrQJEqagFdNbpN0ne"},"fileId":"1dKLK6yQdKP6vK+WoC8uk7"},"_color":{"__type__":"cc.Color","r":104,"g":37,"b":14},"_contentSize":{"__type__":"cc.Size","width":103.5,"height":35.28},"_trs":{"__type__":"TypedArray","ctor":"Float64Array","array":[250,4,0,0,0,-0.7071067811865475,0.7071067811865476,1,1,1]},"_eulerAngles":{"__type__":"cc.Vec3","z":-90}},{"__type__":"cc.Node","_name":"lab_desc3","_parent":{"__id__":4},"_components":[{"__type__":"cc.Sprite","node":{"__id__":10},"_materials":[{"__uuid__":"ecpdLyjvZBwrvm+cedCcQy"}],"_spriteFrame":{"__uuid__":"d7yO+rwDtPepaDOkmOet3q"},"_sizeMode":0}],"_prefab":{"__type__":"cc.PrefabInfo","root":{"__id__":1},"asset":{"__uuid__":"eaUxQIrQJEqagFdNbpN0ne"},"fileId":"e4zbq86ulN9pXRG+Jdqnuw"},"_contentSize":{"__type__":"cc.Size","width":50,"height":50},"_trs":{"__type__":"TypedArray","ctor":"Float64Array","array":[145,0,0,0,0,-0.7071067811865475,0.7071067811865476,1,1,1]},"_eulerAngles":{"__type__":"cc.Vec3","z":-90}},{"__type__":"cc.Node","_name":"ic_jingli4","_parent":{"__id__":4},"_components":[{"__type__":"cc.Label","node":{"__id__":11},"_materials":[{"__uuid__":"ecpdLyjvZBwrvm+cedCcQy"}],"_useOriginalSize":false,"_string":"红包+500","_N$string":"红包+500","_fontSize":28,"_lineHeight":28,"_N$horizontalAlign":1,"_N$verticalAlign":1}],"_prefab":{"__type__":"cc.PrefabInfo","root":{"__id__":1},"asset":{"__uuid__":"eaUxQIrQJEqagFdNbpN0ne"},"fileId":"8d9xY64oZJq5D7nhiDpp57"},"_color":{"__type__":"cc.Color","r":104,"g":37,"b":14},"_contentSize":{"__type__":"cc.Size","width":119.07,"height":35.28},"_trs":{"__type__":"TypedArray","ctor":"Float64Array","array":[174,-178,0,0,0,-0.9238795325112867,0.38268343236508984,1,1,1]},"_eulerAngles":{"__type__":"cc.Vec3","z":-135}},{"__type__":"cc.Node","_name":"lab_desc4","_parent":{"__id__":4},"_components":[{"__type__":"cc.Sprite","node":{"__id__":12},"_materials":[{"__uuid__":"ecpdLyjvZBwrvm+cedCcQy"}],"_spriteFrame":{"__uuid__":"d7yO+rwDtPepaDOkmOet3q"},"_sizeMode":0}],"_prefab":{"__type__":"cc.PrefabInfo","root":{"__id__":1},"asset":{"__uuid__":"eaUxQIrQJEqagFdNbpN0ne"},"fileId":"19WogjJD5CipZzcTSb4c2D"},"_contentSize":{"__type__":"cc.Size","width":50,"height":50},"_trs":{"__type__":"TypedArray","ctor":"Float64Array","array":[104,-105,0,0,0,-0.9238795325112867,0.38268343236508984,1,1,1]},"_eulerAngles":{"__type__":"cc.Vec3","z":-135}},{"__type__":"cc.Node","_name":"ic_jingli5","_parent":{"__id__":4},"_components":[{"__type__":"cc.Label","node":{"__id__":13},"_materials":[{"__uuid__":"ecpdLyjvZBwrvm+cedCcQy"}],"_useOriginalSize":false,"_string":"红包+500","_N$string":"红包+500","_fontSize":28,"_lineHeight":28,"_N$horizontalAlign":1,"_N$verticalAlign":1}],"_prefab":{"__type__":"cc.PrefabInfo","root":{"__id__":1},"asset":{"__uuid__":"eaUxQIrQJEqagFdNbpN0ne"},"fileId":"abNRGTb29OkZsxocJmWP17"},"_color":{"__type__":"cc.Color","r":104,"g":37,"b":14},"_contentSize":{"__type__":"cc.Size","width":119.07,"height":35.28},"_trs":{"__type__":"TypedArray","ctor":"Float64Array","array":[-5,-245,0,0,0,-1,6.123233995736766e-17,1,1,1]},"_eulerAngles":{"__type__":"cc.Vec3","z":-180}},{"__type__":"cc.Node","_name":"lab_desc5","_parent":{"__id__":4},"_components":[{"__type__":"cc.Sprite","node":{"__id__":14},"_materials":[{"__uuid__":"ecpdLyjvZBwrvm+cedCcQy"}],"_spriteFrame":{"__uuid__":"d7yO+rwDtPepaDOkmOet3q"},"_sizeMode":0}],"_prefab":{"__type__":"cc.PrefabInfo","root":{"__id__":1},"asset":{"__uuid__":"eaUxQIrQJEqagFdNbpN0ne"},"fileId":"9agXZrQCRO9LZGsU3HF8On"},"_contentSize":{"__type__":"cc.Size","width":50,"height":50},"_trs":{"__type__":"TypedArray","ctor":"Float64Array","array":[-2,-146,0,0,0,-1,6.123233995736766e-17,1,1,1]},"_eulerAngles":{"__type__":"cc.Vec3","z":-180}},{"__type__":"cc.Node","_name":"ic_jingli6","_parent":{"__id__":4},"_components":[{"__type__":"cc.Label","node":{"__id__":15},"_materials":[{"__uuid__":"ecpdLyjvZBwrvm+cedCcQy"}],"_useOriginalSize":false,"_string":"红包+500","_N$string":"红包+500","_fontSize":28,"_lineHeight":28,"_N$horizontalAlign":1,"_N$verticalAlign":1}],"_prefab":{"__type__":"cc.PrefabInfo","root":{"__id__":1},"asset":{"__uuid__":"eaUxQIrQJEqagFdNbpN0ne"},"fileId":"a7KmxV0T5Ojo9hgiKIcBu4"},"_color":{"__type__":"cc.Color","r":104,"g":37,"b":14},"_contentSize":{"__type__":"cc.Size","width":119.07,"height":35.28},"_trs":{"__type__":"TypedArray","ctor":"Float64Array","array":[-180,-168,0,0,0,-0.9238795325112867,-0.3826834323650897,1,1,1]},"_eulerAngles":{"__type__":"cc.Vec3","z":-225}},{"__type__":"cc.Node","_name":"lab_desc6","_parent":{"__id__":4},"_components":[{"__type__":"cc.Sprite","node":{"__id__":16},"_materials":[{"__uuid__":"ecpdLyjvZBwrvm+cedCcQy"}],"_spriteFrame":{"__uuid__":"d7yO+rwDtPepaDOkmOet3q"},"_sizeMode":0}],"_prefab":{"__type__":"cc.PrefabInfo","root":{"__id__":1},"asset":{"__uuid__":"eaUxQIrQJEqagFdNbpN0ne"},"fileId":"c88JxsUmpC9aXRZRh+xj3E"},"_contentSize":{"__type__":"cc.Size","width":50,"height":50},"_trs":{"__type__":"TypedArray","ctor":"Float64Array","array":[-106,-104,0,0,0,-0.9238795325112867,-0.3826834323650897,1,1,1]},"_eulerAngles":{"__type__":"cc.Vec3","z":-225}},{"__type__":"cc.Node","_name":"ic_jingli7","_parent":{"__id__":4},"_components":[{"__type__":"cc.Label","node":{"__id__":17},"_materials":[{"__uuid__":"ecpdLyjvZBwrvm+cedCcQy"}],"_useOriginalSize":false,"_string":"红包+500","_N$string":"红包+500","_fontSize":28,"_lineHeight":28,"_N$horizontalAlign":1,"_N$verticalAlign":1}],"_prefab":{"__type__":"cc.PrefabInfo","root":{"__id__":1},"asset":{"__uuid__":"eaUxQIrQJEqagFdNbpN0ne"},"fileId":"3duxSlIShNgKRSo3MqRMYH"},"_color":{"__type__":"cc.Color","r":104,"g":37,"b":14},"_contentSize":{"__type__":"cc.Size","width":119.07,"height":35.28},"_trs":{"__type__":"TypedArray","ctor":"Float64Array","array":[-245,16.28,0,0,0,-0.7071067811865476,-0.7071067811865475,1,1,1]},"_eulerAngles":{"__type__":"cc.Vec3","z":-270}},{"__type__":"cc.Node","_name":"lab_desc7","_parent":{"__id__":4},"_components":[{"__type__":"cc.Sprite","node":{"__id__":18},"_materials":[{"__uuid__":"ecpdLyjvZBwrvm+cedCcQy"}],"_spriteFrame":{"__uuid__":"d7yO+rwDtPepaDOkmOet3q"},"_sizeMode":0}],"_prefab":{"__type__":"cc.PrefabInfo","root":{"__id__":1},"asset":{"__uuid__":"eaUxQIrQJEqagFdNbpN0ne"},"fileId":"efyherJd9PxZ+fcr7jp0h0"},"_contentSize":{"__type__":"cc.Size","width":50,"height":50},"_trs":{"__type__":"TypedArray","ctor":"Float64Array","array":[-144,2.5069999999999997,0,0,0,-0.7071067811865476,-0.7071067811865475,1,1,1]},"_eulerAngles":{"__type__":"cc.Vec3","z":-270}},{"__type__":"cc.Node","_name":"ic_jingli8","_parent":{"__id__":4},"_components":[{"__type__":"cc.Label","node":{"__id__":19},"_materials":[{"__uuid__":"ecpdLyjvZBwrvm+cedCcQy"}],"_useOriginalSize":false,"_string":"红包+500","_N$string":"红包+500","_fontSize":28,"_lineHeight":28,"_N$horizontalAlign":1,"_N$verticalAlign":1}],"_prefab":{"__type__":"cc.PrefabInfo","root":{"__id__":1},"asset":{"__uuid__":"eaUxQIrQJEqagFdNbpN0ne"},"fileId":"87GRkbpUlBIrHfMfF2WoZy"},"_color":{"__type__":"cc.Color","r":104,"g":37,"b":14},"_contentSize":{"__type__":"cc.Size","width":119.07,"height":35.28},"_trs":{"__type__":"TypedArray","ctor":"Float64Array","array":[-179,177,0,0,0,-0.3826834323650899,-0.9238795325112867,1,1,1]},"_eulerAngles":{"__type__":"cc.Vec3","z":-315}},{"__type__":"cc.Node","_name":"lab_desc8","_parent":{"__id__":4},"_components":[{"__type__":"cc.Sprite","node":{"__id__":20},"_materials":[{"__uuid__":"ecpdLyjvZBwrvm+cedCcQy"}],"_spriteFrame":{"__uuid__":"d7yO+rwDtPepaDOkmOet3q"},"_sizeMode":0}],"_prefab":{"__type__":"cc.PrefabInfo","root":{"__id__":1},"asset":{"__uuid__":"eaUxQIrQJEqagFdNbpN0ne"},"fileId":"5bFaTZmGBDmrHYXdrlXtGA"},"_contentSize":{"__type__":"cc.Size","width":50,"height":50},"_trs":{"__type__":"TypedArray","ctor":"Float64Array","array":[-103,106,0,0,0,-0.3826834323650899,-0.9238795325112867,1,1,1]},"_eulerAngles":{"__type__":"cc.Vec3","z":-315}},{"__type__":"cc.Node","_name":"pic_zhizhen","_parent":{"__id__":3},"_components":[{"__type__":"cc.Sprite","node":{"__id__":21},"_materials":[{"__uuid__":"ecpdLyjvZBwrvm+cedCcQy"}],"_spriteFrame":{"__uuid__":"029lqZFdVJbau6wcIPLyv5"}}],"_prefab":{"__type__":"cc.PrefabInfo","root":{"__id__":1},"asset":{"__uuid__":"eaUxQIrQJEqagFdNbpN0ne"},"fileId":"50kiJQTc5Foq1+WkPN/vxn"},"_contentSize":{"__type__":"cc.Size","width":116,"height":164},"_trs":{"__type__":"TypedArray","ctor":"Float64Array","array":[-1,35,0,0,0,0,1,1,1,1]}},{"__type__":"cc.Node","_name":"img_title","_parent":{"__id__":3},"_children":[{"__id__":23}],"_components":[{"__type__":"cc.Sprite","node":{"__id__":22},"_materials":[{"__uuid__":"ecpdLyjvZBwrvm+cedCcQy"}],"_spriteFrame":{"__uuid__":"cdEvF//9tDQ7A6VuL1Xfzj"},"_sizeMode":0}],"_prefab":{"__type__":"cc.PrefabInfo","root":{"__id__":1},"asset":{"__uuid__":"eaUxQIrQJEqagFdNbpN0ne"},"fileId":"8eKmpov19IwbcN0c1ysbMp"},"_contentSize":{"__type__":"cc.Size","width":309.3,"height":110},"_trs":{"__type__":"TypedArray","ctor":"Float64Array","array":[0,374.9,0,0,0,0,1,1,1,1]}},{"__type__":"cc.Node","_name":"font_title","_parent":{"__id__":22},"_components":[{"__type__":"41ebaVoPpRA4Kp67XEdHfZn","node":{"__id__":23},"_materials":[{"__uuid__":"ecpdLyjvZBwrvm+cedCcQy"}],"_string":"幸运大转盘","_N$string":"幸运大转盘","_fontSize":50,"_lineHeight":50,"_N$file":{"__uuid__":"farb0WbWZMgrGmuICOt0MU"},"_isSystemFontUsed":false,"i18n_string":"roll_layer_1_1"},{"__type__":"cc.LabelOutline","node":{"__id__":23},"_color":{"__type__":"cc.Color","r":117,"g":59,"b":23},"_width":5}],"_prefab":{"__type__":"cc.PrefabInfo","root":{"__id__":1},"asset":{"__uuid__":"eaUxQIrQJEqagFdNbpN0ne"},"fileId":"aeYxIX7Y1MKIwwcoQ2FlMA"},"_contentSize":{"__type__":"cc.Size","width":260,"height":73},"_trs":{"__type__":"TypedArray","ctor":"Float64Array","array":[0,0,0,0,0,0,1,1,1,1]}},{"__type__":"cc.Node","_name":"pic_mask","_parent":{"__id__":3},"_children":[{"__id__":25},{"__id__":26}],"_components":[{"__type__":"cc.Sprite","node":{"__id__":24},"_materials":[{"__uuid__":"ecpdLyjvZBwrvm+cedCcQy"}],"_spriteFrame":{"__uuid__":"94pKnDahlEa67AyUld/xEP"},"_type":1,"_sizeMode":0}],"_prefab":{"__type__":"cc.PrefabInfo","root":{"__id__":1},"asset":{"__uuid__":"eaUxQIrQJEqagFdNbpN0ne"},"fileId":"ebUJHPcLhGcIVJSSstClXX"},"_contentSize":{"__type__":"cc.Size","width":330,"height":100},"_trs":{"__type__":"TypedArray","ctor":"Float64Array","array":[0,-345,0,0,0,0,1,1,1,1]}},{"__type__":"cc.Node","_name":"lab_cishu","_parent":{"__id__":24},"_components":[{"__type__":"cc.Label","node":{"__id__":25},"_materials":[{"__uuid__":"ecpdLyjvZBwrvm+cedCcQy"}],"_useOriginalSize":false,"_string":"剩余次数:","_N$string":"剩余次数:","_fontSize":25,"_lineHeight":25,"_N$file":{"__uuid__":"farb0WbWZMgrGmuICOt0MU"},"_isSystemFontUsed":false,"_N$horizontalAlign":1,"_N$verticalAlign":1}],"_prefab":{"__type__":"cc.PrefabInfo","root":{"__id__":1},"asset":{"__uuid__":"eaUxQIrQJEqagFdNbpN0ne"},"fileId":"18DxIxPHlMAIbnJXCvnCKQ"},"_contentSize":{"__type__":"cc.Size","width":109.06,"height":31.5},"_anchorPoint":{"__type__":"cc.Vec2","x":1,"y":0.5},"_trs":{"__type__":"TypedArray","ctor":"Float64Array","array":[49.918,18,0,0,0,0,1,1,1,1]}},{"__type__":"cc.Node","_name":"lab_repate_data","_parent":{"__id__":24},"_components":[{"__type__":"cc.Label","node":{"__id__":26},"_materials":[{"__uuid__":"ecpdLyjvZBwrvm+cedCcQy"}],"_useOriginalSize":false,"_fontSize":20,"_lineHeight":20,"_N$horizontalAlign":1,"_N$verticalAlign":1}],"_prefab":{"__type__":"cc.PrefabInfo","root":{"__id__":1},"asset":{"__uuid__":"eaUxQIrQJEqagFdNbpN0ne"},"fileId":"f79QpgsEJAYrgke29FDV2z"},"_color":{"__type__":"cc.Color","r":253,"g":252,"b":161},"_contentSize":{"__type__":"cc.Size","height":25.2},"_trs":{"__type__":"TypedArray","ctor":"Float64Array","array":[0,-25,0,0,0,0,1,1,1,1]}},{"__type__":"cc.Node","_name":"btn_kaishi","_parent":{"__id__":1},"_children":[{"__id__":28}],"_components":[{"__type__":"cc.Sprite","node":{"__id__":27},"_materials":[{"__uuid__":"ecpdLyjvZBwrvm+cedCcQy"}],"_spriteFrame":{"__uuid__":"31m6o8ff9Kf5rbYoqd2IHI"},"_sizeMode":0},{"__type__":"cc.Button","node":{"__id__":27},"_normalMaterial":{"__uuid__":"ecpdLyjvZBwrvm+cedCcQy"},"zoomScale":0.9,"_N$transition":3,"transition":3}],"_prefab":{"__type__":"cc.PrefabInfo","root":{"__id__":1},"asset":{"__uuid__":"eaUxQIrQJEqagFdNbpN0ne"},"fileId":"4ddAVjF+tKN5lb1zLnl6MG"},"_contentSize":{"__type__":"cc.Size","width":250,"height":101},"_trs":{"__type__":"TypedArray","ctor":"Float64Array","array":[-1,-433,0,0,0,0,1,1,1,1]}},{"__type__":"cc.Node","_name":"font_kaishi","_parent":{"__id__":27},"_components":[{"__type__":"41ebaVoPpRA4Kp67XEdHfZn","node":{"__id__":28},"_materials":[{"__uuid__":"ecpdLyjvZBwrvm+cedCcQy"}],"_string":"开始","_N$string":"开始","_N$file":{"__uuid__":"farb0WbWZMgrGmuICOt0MU"},"_isSystemFontUsed":false,"_N$horizontalAlign":1,"_N$verticalAlign":1,"i18n_string":"roll_layer_1_2"},{"__type__":"cc.LabelOutline","node":{"__id__":28},"_color":{"__type__":"cc.Color"},"_width":2}],"_prefab":{"__type__":"cc.PrefabInfo","root":{"__id__":1},"asset":{"__uuid__":"eaUxQIrQJEqagFdNbpN0ne"},"fileId":"c3ss6YmjxBTqF6q3v8TwqG"},"_contentSize":{"__type__":"cc.Size","width":84,"height":54.4},"_trs":{"__type__":"TypedArray","ctor":"Float64Array","array":[0,0,0,0,0,0,1,1,1,1]}},{"__type__":"cc.Node","_name":"btn_video_kaishi","_parent":{"__id__":1},"_children":[{"__id__":30},{"__id__":31}],"_active":false,"_components":[{"__type__":"cc.Sprite","node":{"__id__":29},"_materials":[{"__uuid__":"ecpdLyjvZBwrvm+cedCcQy"}],"_spriteFrame":{"__uuid__":"31m6o8ff9Kf5rbYoqd2IHI"},"_sizeMode":0},{"__type__":"cc.Button","node":{"__id__":29},"_normalMaterial":{"__uuid__":"ecpdLyjvZBwrvm+cedCcQy"},"zoomScale":0.9,"_N$transition":3,"transition":3}],"_prefab":{"__type__":"cc.PrefabInfo","root":{"__id__":1},"asset":{"__uuid__":"eaUxQIrQJEqagFdNbpN0ne"},"fileId":"049aO+aRdI84jDAfe2Ga8E"},"_contentSize":{"__type__":"cc.Size","width":250,"height":101},"_trs":{"__type__":"TypedArray","ctor":"Float64Array","array":[-1,-433,0,0,0,0,1,1,1,1]}},{"__type__":"cc.Node","_name":"font_cideo_kaishi","_parent":{"__id__":29},"_components":[{"__type__":"41ebaVoPpRA4Kp67XEdHfZn","node":{"__id__":30},"_materials":[{"__uuid__":"ecpdLyjvZBwrvm+cedCcQy"}],"_string":"开始","_N$string":"开始","_N$file":{"__uuid__":"farb0WbWZMgrGmuICOt0MU"},"_isSystemFontUsed":false,"_N$horizontalAlign":1,"_N$verticalAlign":1,"i18n_string":"roll_layer_1_2"},{"__type__":"cc.LabelOutline","node":{"__id__":30},"_color":{"__type__":"cc.Color"},"_width":2}],"_prefab":{"__type__":"cc.PrefabInfo","root":{"__id__":1},"asset":{"__uuid__":"eaUxQIrQJEqagFdNbpN0ne"},"fileId":"39uhioxb1GOal4OZHt8Qxb"},"_contentSize":{"__type__":"cc.Size","width":121.34,"height":54.4},"_trs":{"__type__":"TypedArray","ctor":"Float64Array","array":[29,0,0,0,0,0,1,1,1,1]}},{"__type__":"cc.Node","_name":"pic_shipin","_parent":{"__id__":29},"_components":[{"__type__":"cc.Sprite","node":{"__id__":31},"_materials":[{"__uuid__":"ecpdLyjvZBwrvm+cedCcQy"}],"_spriteFrame":{"__uuid__":"60b708aUFIEq/9zkd36Qih"}}],"_prefab":{"__type__":"cc.PrefabInfo","root":{"__id__":1},"asset":{"__uuid__":"eaUxQIrQJEqagFdNbpN0ne"},"fileId":"3b+znUIlBHubhcz3J6R64q"},"_contentSize":{"__type__":"cc.Size","width":40,"height":40},"_trs":{"__type__":"TypedArray","ctor":"Float64Array","array":[-47.708,-1,0,0,0,0,1,1.2,1.2,1]}},{"__type__":"cc.Node","_name":"ic_guanbi","_parent":{"__id__":1},"_components":[{"__type__":"cc.Sprite","node":{"__id__":32},"_materials":[{"__uuid__":"ecpdLyjvZBwrvm+cedCcQy"}],"_spriteFrame":{"__uuid__":"9024VapyNB2rlxXqeMBRNH"}},{"__type__":"cc.Button","node":{"__id__":32},"_normalMaterial":{"__uuid__":"ecpdLyjvZBwrvm+cedCcQy"},"duration":0,"zoomScale":0.9,"_N$transition":3,"transition":3}],"_prefab":{"__type__":"cc.PrefabInfo","root":{"__id__":1},"asset":{"__uuid__":"eaUxQIrQJEqagFdNbpN0ne"},"fileId":"bbhHjvnt5BSqus0HOyuiFd"},"_contentSize":{"__type__":"cc.Size","width":76,"height":76},"_trs":{"__type__":"TypedArray","ctor":"Float64Array","array":[298,480,0,0,0,0,1,1,1,1]}}]]