[{"__type__":"cc.SpriteFrame","content":{"name":"1","texture":"f5lNiyNeNIuIB8DwUl7gly","rect":[1,113,110,110],"offset":[0,0],"originalSize":[110,110],"capInsets":[0,0,0,0]}},{"__type__":"cc.SpriteFrame","content":{"name":"5","texture":"f5lNiyNeNIuIB8DwUl7gly","rect":[113,113,110,110],"offset":[0,0],"originalSize":[110,110],"capInsets":[0,0,0,0]}},{"__type__":"cc.AnimationClip","_name":"hecheng","_duration":0.45,"curveData":{"paths":{"pao1":{"props":{"x":[{"frame":0,"value":-106},{"frame":0.16666666666666666,"value":0}]}},"pao2":{"props":{"x":[{"frame":0,"value":106},{"frame":0.16666666666666666,"value":0}]}},"dongxiao":{"comps":{"cc.Sprite":{"spriteFrame":[{"frame":0.16666666666666666,"value":{"__uuid__":"1818fgEHhNgpZmKaTPQou6"}},{"frame":0.23333333333333334,"value":{"__uuid__":"c2qCXLeeBFLK5t6q5HrqKw"}},{"frame":0.3,"value":{"__uuid__":"e65s5OzypOkL0qK0xO8Fo7"}},{"frame":0.36666666666666664,"value":{"__uuid__":"dc6Ah+k9dDUpYkWf3jeLTZ"}},{"frame":0.43333333333333335,"value":{"__uuid__":"37rzX0jXRJ8LJGYVs8yg9+"}}]}}}}},"events":[{"frame":0.18333333333333332,"func":"onCloseNode","params":[]},{"frame":0.3,"func":"onAnimStop","params":[]}]},{"__type__":"cc.SpriteFrame","content":{"name":"2","texture":"f5lNiyNeNIuIB8DwUl7gly","rect":[1,1,110,110],"offset":[0,0],"originalSize":[110,110],"capInsets":[0,0,0,0]}},{"__type__":"cc.SpriteFrame","content":{"name":"4","texture":"f5lNiyNeNIuIB8DwUl7gly","rect":[1,225,110,110],"offset":[0,0],"originalSize":[110,110],"capInsets":[0,0,0,0]}},{"__type__":"cc.SpriteFrame","content":{"name":"3","texture":"f5lNiyNeNIuIB8DwUl7gly","rect":[113,1,110,110],"offset":[0,0],"originalSize":[110,110],"capInsets":[0,0,0,0]}},[{"__type__":"cc.Prefab","_name":"hecheng_layer","data":{"__id__":1}},{"__type__":"cc.Node","_name":"hecheng_layer","_children":[{"__id__":2}],"_components":[{"__type__":"15e621CC41LPrcebLuM69GB","node":{"__id__":1},"icon_sprite":{"__uuid__":"f2IX74R2JDrIgNu1gkhNWM"}}],"_prefab":{"__type__":"cc.PrefabInfo","root":{"__id__":1},"asset":{"__uuid__":"eaomMw47hEppduVKZjGYUr"},"fileId":"97THXgpTlID4TCpVpSOfgd"},"_contentSize":{"__type__":"cc.Size","width":100,"height":100},"_trs":{"__type__":"TypedArray","ctor":"Float64Array","array":[375,667,0,0,0,0,1,1,1,1]}},{"__type__":"cc.Node","_name":"bgNode","_parent":{"__id__":1},"_children":[{"__id__":3},{"__id__":4},{"__id__":5}],"_components":[{"__type__":"cc.Animation","node":{"__id__":2},"_defaultClip":{"__uuid__":"6egVNX2R9MwZEhSB/RVLBm"},"_clips":[{"__uuid__":"6egVNX2R9MwZEhSB/RVLBm"}]},{"__type__":"232f0TzdotBBLEJxc9RtX5m","node":{"__id__":2}}],"_prefab":{"__type__":"cc.PrefabInfo","root":{"__id__":1},"asset":{"__uuid__":"eaomMw47hEppduVKZjGYUr"},"fileId":"69uL3hDslMipaBCuw33WHv"},"_contentSize":{"__type__":"cc.Size","width":100,"height":100},"_trs":{"__type__":"TypedArray","ctor":"Float64Array","array":[0,0,0,0,0,0,1,1,1,1]}},{"__type__":"cc.Node","_name":"pao1","_parent":{"__id__":2},"_components":[{"__type__":"cc.Sprite","node":{"__id__":3},"_materials":[{"__uuid__":"ecpdLyjvZBwrvm+cedCcQy"}]}],"_prefab":{"__type__":"cc.PrefabInfo","root":{"__id__":1},"asset":{"__uuid__":"eaomMw47hEppduVKZjGYUr"},"fileId":"f6CcwdQgdGRLSLj+8DtbU9"},"_contentSize":{"__type__":"cc.Size","width":92,"height":86},"_trs":{"__type__":"TypedArray","ctor":"Float64Array","array":[-106,0,0,0,0,0,1,1,1,1]}},{"__type__":"cc.Node","_name":"pao2","_parent":{"__id__":2},"_components":[{"__type__":"cc.Sprite","node":{"__id__":4},"_materials":[{"__uuid__":"ecpdLyjvZBwrvm+cedCcQy"}]}],"_prefab":{"__type__":"cc.PrefabInfo","root":{"__id__":1},"asset":{"__uuid__":"eaomMw47hEppduVKZjGYUr"},"fileId":"4bl5WnXBJOKZyV6yk9g5nx"},"_contentSize":{"__type__":"cc.Size","width":92,"height":86},"_trs":{"__type__":"TypedArray","ctor":"Float64Array","array":[106,0,0,0,0,0,1,1,1,1]}},{"__type__":"cc.Node","_name":"dongxiao","_parent":{"__id__":2},"_components":[{"__type__":"cc.Sprite","node":{"__id__":5},"_materials":[{"__uuid__":"ecpdLyjvZBwrvm+cedCcQy"}],"_sizeMode":0}],"_prefab":{"__type__":"cc.PrefabInfo","root":{"__id__":1},"asset":{"__uuid__":"eaomMw47hEppduVKZjGYUr"},"fileId":"71H9TUE1BGOpsO5whirvZi"},"_contentSize":{"__type__":"cc.Size","width":330,"height":330},"_trs":{"__type__":"TypedArray","ctor":"Float64Array","array":[0,0,0,0,0,0,1,1,1,1]}}]]