[{"__type__":"cc.SpriteFrame","content":{"name":"ic_yiwen","texture":"d8A2ZJZatHjIRSNEHyQEva","rect":[119,821,34,34],"offset":[0,0],"originalSize":[34,34],"capInsets":[0,0,0,0]}},{"__type__":"cc.SpriteFrame","content":{"name":"bg_paowangfenhong","texture":"d8A2ZJZatHjIRSNEHyQEva","rect":[1,1,700,292],"offset":[0,0],"originalSize":[700,292],"capInsets":[0,0,0,0]}},{"__type__":"cc.SpriteAtlas","_name":"fenhongLayer.plist","_spriteFrames":{"bg__top_fenhong":{"__uuid__":"8b3rD9DnVEZYQuyh5AlGbW"},"bg_paowangfenhong":{"__uuid__":"3ehrcI22NIf6JnO5hiMbTd"},"bg_paowangjindu":{"__uuid__":"c5eZbbi1ZB5oc/Tmyvqi01"},"bg_wanjiafenhong":{"__uuid__":"66lR/LO29I4Kvfagom9Ll/"},"btn_jiajindu":{"__uuid__":"e6HWjl8RlAEJnxjgDQ2Ey8"},"btn_lingxianjin":{"__uuid__":"89BypVzbNIMLS0AJBHS/0V"},"ic_fanhui":{"__uuid__":"c5ttOZfXZIwqFR4408dIXu"},"ic_yiwen":{"__uuid__":"09Vc7owB1Py7NmeqLMDJzB"},"pic_fenge":{"__uuid__":"e1qZQl2clAvJgcou65bTC8"},"pic_jindu":{"__uuid__":"76S3sZ8QJPapaNUq62+0s6"},"pic_jindudi":{"__uuid__":"df+n5F6VpALY4iph4exrJr"}}},{"__type__":"cc.SpriteFrame","content":{"name":"bg_wanjiafenhong","texture":"d8A2ZJZatHjIRSNEHyQEva","rect":[1,437,700,180],"offset":[0,0],"originalSize":[700,180],"capInsets":[0,0,0,0]}},{"__type__":"cc.SpriteFrame","content":{"name":"pic_jindu","texture":"d8A2ZJZatHjIRSNEHyQEva","rect":[1,795,270,24],"offset":[0,0],"originalSize":[270,24],"capInsets":[0,0,0,0]}},{"__type__":"cc.SpriteFrame","content":{"name":"btn_lingxianjin","texture":"d8A2ZJZatHjIRSNEHyQEva","rect":[1,821,116,52],"offset":[0,0],"originalSize":[116,52],"capInsets":[0,0,0,0]}},{"__type__":"cc.SpriteFrame","content":{"name":"bg__top_fenhong","texture":"d8A2ZJZatHjIRSNEHyQEva","rect":[1,295,750,140],"offset":[0,0],"originalSize":[750,140],"capInsets":[0,0,0,0]}},{"__type__":"cc.SpriteFrame","content":{"name":"bg_paowangjindu","texture":"d8A2ZJZatHjIRSNEHyQEva","rect":[1,619,700,174],"offset":[0,0],"originalSize":[700,174],"capInsets":[0,0,0,0]}},{"__type__":"cc.SpriteFrame","content":{"name":"ic_fanhui","texture":"d8A2ZJZatHjIRSNEHyQEva","rect":[703,245,32,48],"offset":[0,0],"originalSize":[32,48],"capInsets":[0,0,0,0]}},{"__type__":"cc.SpriteFrame","content":{"name":"pic_jindudi","texture":"d8A2ZJZatHjIRSNEHyQEva","rect":[273,795,266,26],"offset":[0,0],"originalSize":[266,26],"capInsets":[0,0,0,0]}},{"__type__":"cc.SpriteFrame","content":{"name":"pic_fenge","texture":"d8A2ZJZatHjIRSNEHyQEva","rect":[703,437,1,80],"offset":[0,0],"originalSize":[1,80],"capInsets":[0,0,0,0]}},{"__type__":"cc.SpriteFrame","content":{"name":"btn_jiajindu","texture":"d8A2ZJZatHjIRSNEHyQEva","rect":[541,795,116,52],"offset":[0,0],"originalSize":[116,52],"capInsets":[0,0,0,0]}}]