[{"__type__":"cc.SpriteFrame","content":{"name":"lianjie","texture":"70uZhxIuNEn4cyfrG7FT01","rect":[599,366,119,317],"offset":[0,0],"originalSize":[119,317],"capInsets":[0,0,0,0]}},{"__type__":"cc.SpriteFrame","content":{"name":"bg_xia","texture":"a36/CC9zVLz4/12MgFMNbu","rect":[0,0,750,333],"offset":[0,0.5],"originalSize":[750,334],"capInsets":[0,0,0,0]}},{"__type__":"cc.AnimationClip","_name":"gxjindu","_duration":6,"wrapMode":2,"curveData":{"paths":{"bolang1":{"props":{"x":[{"frame":0,"value":106},{"frame":3,"value":-234},{"frame":3.0166666666666666,"value":443},{"frame":6,"value":106}]}},"bolang2":{"props":{"x":[{"frame":0,"value":446},{"frame":3,"value":106},{"frame":6,"value":-234}]}}}}},{"__type__":"cc.SpriteFrame","content":{"name":"jindutiao","texture":"70uZhxIuNEn4cyfrG7FT01","rect":[1,688,572,26],"offset":[0,0],"originalSize":[572,26],"capInsets":[39,0,39,0]}},{"__type__":"cc.AnimationClip","_name":"jiazu","_duration":3,"wrapMode":2,"curveData":{"paths":{"yidai/taizi1":{"props":{"y":[{"frame":0,"value":-146},{"frame":1,"value":-150},{"frame":2.2,"value":-144},{"frame":3,"value":-146}]}},"yidai/taizi2":{"props":{"y":[{"frame":0,"value":-146},{"frame":0.75,"value":-142},{"frame":2,"value":-147},{"frame":3,"value":-146}]}},"yidai/taizi3":{"props":{"y":[{"frame":0,"value":-146},{"frame":1.5,"value":-148},{"frame":2.5,"value":-145},{"frame":3,"value":-146}]}},"erdai/erdai1":{"props":{"y":[{"frame":0,"value":-392},{"frame":1,"value":-395},{"frame":2.2,"value":-390},{"frame":3,"value":-392}]}},"erdai/erdai2":{"props":{"y":[{"frame":0,"value":-392},{"frame":1,"value":-394},{"frame":2.2,"value":-393},{"frame":3,"value":-392}]}},"erdai/erdai3":{"props":{"y":[{"frame":0,"value":-392},{"frame":1.1666666666666667,"value":-388},{"frame":3,"value":-392}]}},"erdai/erdai4":{"props":{"y":[{"frame":0,"value":-392},{"frame":0.8333333333333334,"value":-389},{"frame":2.2,"value":-396},{"frame":3,"value":-392}]}},"erdai/erdai5":{"props":{"y":[{"frame":0,"value":-392},{"frame":1,"value":-395},{"frame":1.5833333333333333,"value":-390},{"frame":2.2,"value":-393},{"frame":3,"value":-392}]}},"erdai/erdai6":{"props":{"y":[{"frame":0,"value":-392},{"frame":2,"value":-397},{"frame":3,"value":-392}]}}}}},{"__type__":"cc.SpriteFrame","content":{"name":"gongxiandi","texture":"70uZhxIuNEn4cyfrG7FT01","rect":[720,417,140,140],"offset":[0,0],"originalSize":[140,140],"capInsets":[0,0,0,0]}},[{"__type__":"cc.Prefab","_name":"jiazu_layer","data":{"__id__":1}},{"__type__":"cc.Node","_name":"jiazu_layer","_children":[{"__id__":2},{"__id__":3},{"__id__":7},{"__id__":11},{"__id__":24},{"__id__":27},{"__id__":29},{"__id__":33},{"__id__":34},{"__id__":44},{"__id__":47},{"__id__":54},{"__id__":61},{"__id__":85},{"__id__":89}],"_components":[{"__type__":"cc.Widget","node":{"__id__":1},"_alignFlags":45},{"__type__":"1268ehhiS1LqoAxXijZOeGs","node":{"__id__":1},"item":{"__uuid__":"47rwt2Ln5MjI0W/ezUilP3"}},{"__type__":"cc.Animation","node":{"__id__":1},"_defaultClip":{"__uuid__":"45peALk0hPCaa7cgqRcQI/"},"_clips":[{"__uuid__":"45peALk0hPCaa7cgqRcQI/"}],"playOnLoad":true}],"_prefab":{"__type__":"cc.PrefabInfo","root":{"__id__":1},"asset":{"__uuid__":"5bjHLJO1VNR5REJWHlNmNr"},"fileId":"10mlGS8hlEK5w36gZo/lks"},"_contentSize":{"__type__":"cc.Size","width":750,"height":1334},"_trs":{"__type__":"TypedArray","ctor":"Float64Array","array":[375,667,0,0,0,0,1,1,1,1]}},{"__type__":"cc.Node","_name":"bg_jiazu","_parent":{"__id__":1},"_components":[{"__type__":"cc.Sprite","node":{"__id__":2},"_materials":[{"__uuid__":"ecpdLyjvZBwrvm+cedCcQy"}],"_spriteFrame":{"__uuid__":"ba92sHoftDMaCmNxDCzBJE"}},{"__type__":"cc.BlockInputEvents","node":{"__id__":2}}],"_prefab":{"__type__":"cc.PrefabInfo","root":{"__id__":1},"asset":{"__uuid__":"5bjHLJO1VNR5REJWHlNmNr"},"fileId":"14T7LTVUxNB6jsX/O5nior"},"_contentSize":{"__type__":"cc.Size","width":750,"height":1700},"_trs":{"__type__":"TypedArray","ctor":"Float64Array","array":[0,0,0,0,0,0,1,1,1,1]}},{"__type__":"cc.Node","_name":"bg_top","_parent":{"__id__":1},"_children":[{"__id__":4},{"__id__":5}],"_components":[{"__type__":"cc.Sprite","node":{"__id__":3},"_materials":[{"__uuid__":"ecpdLyjvZBwrvm+cedCcQy"}],"_spriteFrame":{"__uuid__":"feCv91WZxEWLnx1LRJtN7e"}},{"__type__":"cc.Widget","node":{"__id__":3},"_alignFlags":41,"_originalWidth":750}],"_prefab":{"__type__":"cc.PrefabInfo","root":{"__id__":1},"asset":{"__uuid__":"5bjHLJO1VNR5REJWHlNmNr"},"fileId":"5cUrH94uJIyo3YFIsJehbw"},"_contentSize":{"__type__":"cc.Size","width":750,"height":134},"_trs":{"__type__":"TypedArray","ctor":"Float64Array","array":[0,600,0,0,0,0,1,1,1,1]}},{"__type__":"cc.Node","_name":"titlefont","_parent":{"__id__":3},"_components":[{"__type__":"41ebaVoPpRA4Kp67XEdHfZn","node":{"__id__":4},"_materials":[{"__uuid__":"ecpdLyjvZBwrvm+cedCcQy"}],"_string":"家族","_N$string":"家族","_fontSize":35,"_lineHeight":35,"_N$file":{"__uuid__":"farb0WbWZMgrGmuICOt0MU"},"_isSystemFontUsed":false,"_N$horizontalAlign":1,"_N$verticalAlign":1,"i18n_string":"jiazu_layer_1_1"}],"_prefab":{"__type__":"cc.PrefabInfo","root":{"__id__":1},"asset":{"__uuid__":"5bjHLJO1VNR5REJWHlNmNr"},"fileId":"e0BHKcQ2VL57L1Qcko9U6Z"},"_color":{"__type__":"cc.Color","r":254,"g":247,"b":201},"_contentSize":{"__type__":"cc.Size","width":70,"height":44.1},"_trs":{"__type__":"TypedArray","ctor":"Float64Array","array":[0,-14,0,0,0,0,1,1,1,1]}},{"__type__":"cc.Node","_name":"ic_back","_parent":{"__id__":3},"_children":[{"__id__":6}],"_components":[{"__type__":"cc.Button","node":{"__id__":5},"zoomScale":0.9,"_N$transition":3,"transition":3}],"_prefab":{"__type__":"cc.PrefabInfo","root":{"__id__":1},"asset":{"__uuid__":"5bjHLJO1VNR5REJWHlNmNr"},"fileId":"76N4M0mDNEU5P6/C2utUeu"},"_contentSize":{"__type__":"cc.Size","width":80,"height":80},"_trs":{"__type__":"TypedArray","ctor":"Float64Array","array":[-338,-15,0,0,0,0,1,1,1,1]}},{"__type__":"cc.Node","_name":"ic_fanhui","_parent":{"__id__":5},"_components":[{"__type__":"cc.Sprite","node":{"__id__":6},"_materials":[{"__uuid__":"ecpdLyjvZBwrvm+cedCcQy"}],"_spriteFrame":{"__uuid__":"c5ttOZfXZIwqFR4408dIXu"}}],"_prefab":{"__type__":"cc.PrefabInfo","root":{"__id__":1},"asset":{"__uuid__":"5bjHLJO1VNR5REJWHlNmNr"},"fileId":"8e97g+9PlCA6FeR4hiaLnS"},"_contentSize":{"__type__":"cc.Size","width":32,"height":48},"_trs":{"__type__":"TypedArray","ctor":"Float64Array","array":[0,0,0,0,0,0,1,1,1,1]}},{"__type__":"cc.Node","_name":"toplayout","_parent":{"__id__":1},"_children":[{"__id__":8},{"__id__":9},{"__id__":10}],"_components":[{"__type__":"cc.Layout","node":{"__id__":7},"_layoutSize":{"__type__":"cc.Size","width":200.79,"height":50.4},"_resize":1,"_N$layoutType":1,"_N$spacingX":10},{"__type__":"cc.Widget","node":{"__id__":7},"_alignFlags":17,"_top":140.79999999999995,"_horizontalCenter":10}],"_prefab":{"__type__":"cc.PrefabInfo","root":{"__id__":1},"asset":{"__uuid__":"5bjHLJO1VNR5REJWHlNmNr"},"fileId":"fcg7IZViFCsoBoUC5FD1Ec"},"_contentSize":{"__type__":"cc.Size","width":200.79,"height":50.4},"_trs":{"__type__":"TypedArray","ctor":"Float64Array","array":[10,501.00000000000006,0,0,0,0,1,1,1,1]}},{"__type__":"cc.Node","_name":"yzlab","_parent":{"__id__":7},"_components":[{"__type__":"41ebaVoPpRA4Kp67XEdHfZn","node":{"__id__":8},"_materials":[{"__uuid__":"ecpdLyjvZBwrvm+cedCcQy"}],"_string":"验证弟子:","_N$string":"验证弟子:","_fontSize":22,"_lineHeight":35,"_N$file":{"__uuid__":"farb0WbWZMgrGmuICOt0MU"},"_isSystemFontUsed":false,"_N$verticalAlign":1,"i18n_string":"jiazu_layer_1_2"},{"__type__":"cc.LabelOutline","node":{"__id__":8},"_color":{"__type__":"cc.Color","r":99,"g":78,"b":60},"_width":2}],"_prefab":{"__type__":"cc.PrefabInfo","root":{"__id__":1},"asset":{"__uuid__":"5bjHLJO1VNR5REJWHlNmNr"},"fileId":"d3hVwzmOBDBrQsPI0dnV3u"},"_color":{"__type__":"cc.Color","r":205,"g":145,"b":51},"_contentSize":{"__type__":"cc.Size","width":99.97,"height":48.1},"_trs":{"__type__":"TypedArray","ctor":"Float64Array","array":[-50.41,0,0,0,0,0,1,1,1,1]}},{"__type__":"cc.Node","_name":"yzdata","_parent":{"__id__":7},"_components":[{"__type__":"cc.Label","node":{"__id__":9},"_materials":[{"__uuid__":"ecpdLyjvZBwrvm+cedCcQy"}],"_useOriginalSize":false,"_string":"0/10","_N$string":"0/10","_fontSize":22,"_lineHeight":22,"_N$horizontalAlign":1,"_N$verticalAlign":1},{"__type__":"cc.LabelOutline","node":{"__id__":9},"_color":{"__type__":"cc.Color","r":99,"g":78,"b":60},"_width":2}],"_prefab":{"__type__":"cc.PrefabInfo","root":{"__id__":1},"asset":{"__uuid__":"5bjHLJO1VNR5REJWHlNmNr"},"fileId":"02UMS6QZRCCJOjjTm20kXR"},"_color":{"__type__":"cc.Color","r":205,"g":145,"b":51},"_contentSize":{"__type__":"cc.Size","width":46.82,"height":31.72},"_trs":{"__type__":"TypedArray","ctor":"Float64Array","array":[32.985,0,0,0,0,0,1,1,1,1]}},{"__type__":"cc.Node","_name":"yzwenhao","_parent":{"__id__":7},"_components":[{"__type__":"cc.Sprite","node":{"__id__":10},"_materials":[{"__uuid__":"ecpdLyjvZBwrvm+cedCcQy"}],"_spriteFrame":{"__uuid__":"f5OVNpEY5Oco2RQLFBuMbg"}},{"__type__":"cc.Button","node":{"__id__":10},"_normalMaterial":{"__uuid__":"ecpdLyjvZBwrvm+cedCcQy"},"duration":0,"zoomScale":0.9,"_N$transition":3,"transition":3}],"_prefab":{"__type__":"cc.PrefabInfo","root":{"__id__":1},"asset":{"__uuid__":"5bjHLJO1VNR5REJWHlNmNr"},"fileId":"1e2djEa95Hf6a07txWN494"},"_contentSize":{"__type__":"cc.Size","width":34,"height":34},"_trs":{"__type__":"TypedArray","ctor":"Float64Array","array":[83.395,0,0,0,0,0,1,1.3,1.3,1]}},{"__type__":"cc.Node","_name":"topbtn","_parent":{"__id__":1},"_children":[{"__id__":12},{"__id__":14},{"__id__":16},{"__id__":18},{"__id__":20},{"__id__":22}],"_components":[{"__type__":"cc.Widget","node":{"__id__":11},"_alignFlags":45}],"_prefab":{"__type__":"cc.PrefabInfo","root":{"__id__":1},"asset":{"__uuid__":"5bjHLJO1VNR5REJWHlNmNr"},"fileId":"8cwzbQglVCYKdPLd4mxjHg"},"_contentSize":{"__type__":"cc.Size","width":750,"height":1334},"_trs":{"__type__":"TypedArray","ctor":"Float64Array","array":[0,0,0,0,0,0,1,1,1,1]}},{"__type__":"cc.Node","_name":"ic_wodeshifu","_parent":{"__id__":11},"_children":[{"__id__":13}],"_components":[{"__type__":"cc.Sprite","node":{"__id__":12},"_materials":[{"__uuid__":"ecpdLyjvZBwrvm+cedCcQy"}],"_spriteFrame":{"__uuid__":"abNeE5/AhA3oUycELSMNEY"}},{"__type__":"cc.Widget","node":{"__id__":12},"_alignFlags":9,"_left":21.00000000000003,"_top":215},{"__type__":"cc.Button","node":{"__id__":12},"_normalMaterial":{"__uuid__":"ecpdLyjvZBwrvm+cedCcQy"},"duration":0,"zoomScale":0.9,"_N$transition":3,"transition":3}],"_prefab":{"__type__":"cc.PrefabInfo","root":{"__id__":1},"asset":{"__uuid__":"5bjHLJO1VNR5REJWHlNmNr"},"fileId":"5c5+x1jdhMyJGAfYwv+ev/"},"_contentSize":{"__type__":"cc.Size","width":84,"height":84},"_trs":{"__type__":"TypedArray","ctor":"Float64Array","array":[-312,410,0,0,0,0,1,1,1,1]}},{"__type__":"cc.Node","_name":"font_shifu","_parent":{"__id__":12},"_components":[{"__type__":"41ebaVoPpRA4Kp67XEdHfZn","node":{"__id__":13},"_materials":[{"__uuid__":"ecpdLyjvZBwrvm+cedCcQy"}],"_string":"我的师父","_N$string":"我的师父","_fontSize":19,"_lineHeight":25,"_N$file":{"__uuid__":"farb0WbWZMgrGmuICOt0MU"},"_isSystemFontUsed":false,"_N$verticalAlign":1,"i18n_string":"jiazu_layer_1_3"},{"__type__":"cc.LabelOutline","node":{"__id__":13},"_color":{"__type__":"cc.Color","r":99,"g":78,"b":60},"_width":2}],"_prefab":{"__type__":"cc.PrefabInfo","root":{"__id__":1},"asset":{"__uuid__":"5bjHLJO1VNR5REJWHlNmNr"},"fileId":"f9KHFpw1FKH6QZN1DIl8fI"},"_color":{"__type__":"cc.Color","r":205,"g":145,"b":51},"_contentSize":{"__type__":"cc.Size","width":80,"height":35.5},"_trs":{"__type__":"TypedArray","ctor":"Float64Array","array":[0,-25,0,0,0,0,1,1,1,1]}},{"__type__":"cc.Node","_name":"ic_wanfashuoming","_parent":{"__id__":11},"_children":[{"__id__":15}],"_components":[{"__type__":"cc.Sprite","node":{"__id__":14},"_materials":[{"__uuid__":"ecpdLyjvZBwrvm+cedCcQy"}],"_spriteFrame":{"__uuid__":"99BCMUBThCmJ9vYQwQjIGJ"}},{"__type__":"cc.Widget","node":{"__id__":14},"_alignFlags":9,"_left":115,"_top":214},{"__type__":"cc.Button","node":{"__id__":14},"_normalMaterial":{"__uuid__":"ecpdLyjvZBwrvm+cedCcQy"},"duration":0,"zoomScale":0.9,"_N$transition":3,"transition":3}],"_prefab":{"__type__":"cc.PrefabInfo","root":{"__id__":1},"asset":{"__uuid__":"5bjHLJO1VNR5REJWHlNmNr"},"fileId":"f9ZIKAprxCXoAn2swgwG4F"},"_contentSize":{"__type__":"cc.Size","width":84,"height":84},"_trs":{"__type__":"TypedArray","ctor":"Float64Array","array":[-218,411,0,0,0,0,1,1,1,1]}},{"__type__":"cc.Node","_name":"font_wanfa","_parent":{"__id__":14},"_components":[{"__type__":"41ebaVoPpRA4Kp67XEdHfZn","node":{"__id__":15},"_materials":[{"__uuid__":"ecpdLyjvZBwrvm+cedCcQy"}],"_string":"玩法说明","_N$string":"玩法说明","_fontSize":19,"_lineHeight":25,"_N$file":{"__uuid__":"farb0WbWZMgrGmuICOt0MU"},"_isSystemFontUsed":false,"_N$verticalAlign":1,"i18n_string":"jiazu_layer_1_4"},{"__type__":"cc.LabelOutline","node":{"__id__":15},"_color":{"__type__":"cc.Color","r":99,"g":78,"b":60},"_width":2}],"_prefab":{"__type__":"cc.PrefabInfo","root":{"__id__":1},"asset":{"__uuid__":"5bjHLJO1VNR5REJWHlNmNr"},"fileId":"27dm+hlglIF7wCidcnJ7lS"},"_color":{"__type__":"cc.Color","r":205,"g":145,"b":51},"_contentSize":{"__type__":"cc.Size","width":80,"height":35.5},"_trs":{"__type__":"TypedArray","ctor":"Float64Array","array":[0,-25,0,0,0,0,1,1,1,1]}},{"__type__":"cc.Node","_name":"ic_gongxianjilu","_parent":{"__id__":11},"_children":[{"__id__":17}],"_components":[{"__type__":"cc.Sprite","node":{"__id__":16},"_materials":[{"__uuid__":"ecpdLyjvZBwrvm+cedCcQy"}],"_spriteFrame":{"__uuid__":"c2mpUREMJBo7EbgFf47gy0"}},{"__type__":"cc.Widget","node":{"__id__":16},"_alignFlags":9,"_left":209,"_top":214},{"__type__":"cc.Button","node":{"__id__":16},"_normalMaterial":{"__uuid__":"ecpdLyjvZBwrvm+cedCcQy"},"duration":0,"zoomScale":0.9,"_N$transition":3,"transition":3}],"_prefab":{"__type__":"cc.PrefabInfo","root":{"__id__":1},"asset":{"__uuid__":"5bjHLJO1VNR5REJWHlNmNr"},"fileId":"fbLMDRusJB3JCKyvguN34I"},"_contentSize":{"__type__":"cc.Size","width":84,"height":84},"_trs":{"__type__":"TypedArray","ctor":"Float64Array","array":[-124,411,0,0,0,0,1,1,1,1]}},{"__type__":"cc.Node","_name":"font_gongxian","_parent":{"__id__":16},"_components":[{"__type__":"41ebaVoPpRA4Kp67XEdHfZn","node":{"__id__":17},"_materials":[{"__uuid__":"ecpdLyjvZBwrvm+cedCcQy"}],"_string":"贡献记录","_N$string":"贡献记录","_fontSize":19,"_lineHeight":25,"_N$file":{"__uuid__":"farb0WbWZMgrGmuICOt0MU"},"_isSystemFontUsed":false,"_N$horizontalAlign":1,"_N$verticalAlign":1,"i18n_string":"jiazu_layer_1_5"},{"__type__":"cc.LabelOutline","node":{"__id__":17},"_color":{"__type__":"cc.Color","r":99,"g":78,"b":60},"_width":2}],"_prefab":{"__type__":"cc.PrefabInfo","root":{"__id__":1},"asset":{"__uuid__":"5bjHLJO1VNR5REJWHlNmNr"},"fileId":"8deKqvLQlGU66Cau8dN+ko"},"_color":{"__type__":"cc.Color","r":205,"g":145,"b":51},"_contentSize":{"__type__":"cc.Size","width":80,"height":35.5},"_trs":{"__type__":"TypedArray","ctor":"Float64Array","array":[1,-25,0,0,0,0,1,1,1,1]}},{"__type__":"cc.Node","_name":"ic_fenxiang","_parent":{"__id__":11},"_children":[{"__id__":19}],"_components":[{"__type__":"cc.Sprite","node":{"__id__":18},"_materials":[{"__uuid__":"ecpdLyjvZBwrvm+cedCcQy"}],"_spriteFrame":{"__uuid__":"684gdYpcxK35oiF4Y2Be7a"}},{"__type__":"cc.Widget","node":{"__id__":18},"_alignFlags":9,"_left":303,"_top":215},{"__type__":"cc.Button","node":{"__id__":18},"_normalMaterial":{"__uuid__":"ecpdLyjvZBwrvm+cedCcQy"},"duration":0,"zoomScale":0.9,"_N$transition":3,"transition":3}],"_prefab":{"__type__":"cc.PrefabInfo","root":{"__id__":1},"asset":{"__uuid__":"5bjHLJO1VNR5REJWHlNmNr"},"fileId":"61Ku70ok5OQrVHDpw0mU9L"},"_contentSize":{"__type__":"cc.Size","width":84,"height":84},"_trs":{"__type__":"TypedArray","ctor":"Float64Array","array":[-30,410,0,0,0,0,1,1,1,1]}},{"__type__":"cc.Node","_name":"font_share","_parent":{"__id__":18},"_components":[{"__type__":"41ebaVoPpRA4Kp67XEdHfZn","node":{"__id__":19},"_materials":[{"__uuid__":"ecpdLyjvZBwrvm+cedCcQy"}],"_string":"分享","_N$string":"分享","_fontSize":19,"_lineHeight":25,"_N$file":{"__uuid__":"farb0WbWZMgrGmuICOt0MU"},"_isSystemFontUsed":false,"_N$verticalAlign":1,"i18n_string":"jiazu_layer_1_6"},{"__type__":"cc.LabelOutline","node":{"__id__":19},"_color":{"__type__":"cc.Color","r":99,"g":78,"b":60},"_width":2}],"_prefab":{"__type__":"cc.PrefabInfo","root":{"__id__":1},"asset":{"__uuid__":"5bjHLJO1VNR5REJWHlNmNr"},"fileId":"746WMMtkNO5YKZTDKjb6Gg"},"_color":{"__type__":"cc.Color","r":205,"g":145,"b":51},"_contentSize":{"__type__":"cc.Size","width":42,"height":35.5},"_trs":{"__type__":"TypedArray","ctor":"Float64Array","array":[-1,-25,0,0,0,0,1,1,1,1]}},{"__type__":"cc.Node","_name":"ic_tixian","_parent":{"__id__":11},"_children":[{"__id__":21}],"_components":[{"__type__":"cc.Sprite","node":{"__id__":20},"_materials":[{"__uuid__":"ecpdLyjvZBwrvm+cedCcQy"}],"_spriteFrame":{"__uuid__":"92xDSHHH5EAJb6EkOjJSbP"}},{"__type__":"cc.Widget","node":{"__id__":20},"_alignFlags":33,"_right":36,"_top":215},{"__type__":"cc.Button","node":{"__id__":20},"_normalMaterial":{"__uuid__":"ecpdLyjvZBwrvm+cedCcQy"},"duration":0,"zoomScale":0.9,"_N$transition":3,"transition":3}],"_prefab":{"__type__":"cc.PrefabInfo","root":{"__id__":1},"asset":{"__uuid__":"5bjHLJO1VNR5REJWHlNmNr"},"fileId":"e0hTl2C7dPOplVGPWKPDFo"},"_contentSize":{"__type__":"cc.Size","width":84,"height":84},"_trs":{"__type__":"TypedArray","ctor":"Float64Array","array":[297,410,0,0,0,0,1,1,1,1]}},{"__type__":"cc.Node","_name":"font_tixian","_parent":{"__id__":20},"_components":[{"__type__":"41ebaVoPpRA4Kp67XEdHfZn","node":{"__id__":21},"_materials":[{"__uuid__":"ecpdLyjvZBwrvm+cedCcQy"}],"_string":"提现","_N$string":"提现","_fontSize":19,"_lineHeight":25,"_N$file":{"__uuid__":"farb0WbWZMgrGmuICOt0MU"},"_isSystemFontUsed":false,"_N$verticalAlign":1,"i18n_string":"jiazu_layer_1_7"},{"__type__":"cc.LabelOutline","node":{"__id__":21},"_color":{"__type__":"cc.Color","r":99,"g":78,"b":60},"_width":2}],"_prefab":{"__type__":"cc.PrefabInfo","root":{"__id__":1},"asset":{"__uuid__":"5bjHLJO1VNR5REJWHlNmNr"},"fileId":"169wOZ/h9Pipe6pp9CiM43"},"_color":{"__type__":"cc.Color","r":205,"g":145,"b":51},"_contentSize":{"__type__":"cc.Size","width":42,"height":35.5},"_trs":{"__type__":"TypedArray","ctor":"Float64Array","array":[1,-25,0,0,0,0,1,1,1,1]}},{"__type__":"cc.Node","_name":"ic_yaoqinggongxian","_parent":{"__id__":11},"_children":[{"__id__":23}],"_components":[{"__type__":"cc.Sprite","node":{"__id__":22},"_materials":[{"__uuid__":"ecpdLyjvZBwrvm+cedCcQy"}],"_spriteFrame":{"__uuid__":"88qeIHraVMgIXxPb3L+Ius"}},{"__type__":"cc.Widget","node":{"__id__":22},"_alignFlags":9,"_left":21,"_top":349},{"__type__":"cc.Button","node":{"__id__":22},"_normalMaterial":{"__uuid__":"ecpdLyjvZBwrvm+cedCcQy"},"duration":0,"zoomScale":0.9,"_N$transition":3,"transition":3}],"_prefab":{"__type__":"cc.PrefabInfo","root":{"__id__":1},"asset":{"__uuid__":"5bjHLJO1VNR5REJWHlNmNr"},"fileId":"192WDzrv9Iwo8XS8aGxksr"},"_contentSize":{"__type__":"cc.Size","width":84,"height":84},"_trs":{"__type__":"TypedArray","ctor":"Float64Array","array":[-312,276,0,0,0,0,1,1,1,1]}},{"__type__":"cc.Node","_name":"font_yaoqinggongxian","_parent":{"__id__":22},"_components":[{"__type__":"41ebaVoPpRA4Kp67XEdHfZn","node":{"__id__":23},"_materials":[{"__uuid__":"ecpdLyjvZBwrvm+cedCcQy"}],"_string":"邀请贡献","_N$string":"邀请贡献","_fontSize":19,"_lineHeight":25,"_N$file":{"__uuid__":"farb0WbWZMgrGmuICOt0MU"},"_isSystemFontUsed":false,"_N$horizontalAlign":1,"_N$verticalAlign":1,"i18n_string":"jiazu_layer_1_8"},{"__type__":"cc.LabelOutline","node":{"__id__":23},"_color":{"__type__":"cc.Color","r":99,"g":78,"b":60},"_width":2}],"_prefab":{"__type__":"cc.PrefabInfo","root":{"__id__":1},"asset":{"__uuid__":"5bjHLJO1VNR5REJWHlNmNr"},"fileId":"62egDsptpENZRL7hw+fyV6"},"_color":{"__type__":"cc.Color","r":205,"g":145,"b":51},"_contentSize":{"__type__":"cc.Size","width":80,"height":35.5},"_trs":{"__type__":"TypedArray","ctor":"Float64Array","array":[1,-25,0,0,0,0,1,1,1,1]}},{"__type__":"cc.Node","_name":"gongxianmask","_parent":{"__id__":1},"_children":[{"__id__":25},{"__id__":26}],"_components":[{"__type__":"cc.Mask","node":{"__id__":24},"_materials":[{"__uuid__":"ecpdLyjvZBwrvm+cedCcQy"}],"_spriteFrame":{"__uuid__":"52Rj99/i1DXKd45nG35kUI"},"_type":2,"_N$alphaThreshold":0.30000000000000016},{"__type__":"cc.Animation","node":{"__id__":24},"_defaultClip":{"__uuid__":"15tbdm0dNLh7jJuJ037Upl"},"_clips":[{"__uuid__":"15tbdm0dNLh7jJuJ037Upl"}],"playOnLoad":true},{"__type__":"cc.Button","node":{"__id__":24},"duration":0,"zoomScale":0.9,"_N$transition":3,"transition":3}],"_prefab":{"__type__":"cc.PrefabInfo","root":{"__id__":1},"asset":{"__uuid__":"5bjHLJO1VNR5REJWHlNmNr"},"fileId":"d4+8rNKthCdaFgYBf2eMCh"},"_contentSize":{"__type__":"cc.Size","width":127,"height":127},"_trs":{"__type__":"TypedArray","ctor":"Float64Array","array":[0,209.77800000000002,0,0,0,0,1,1,1,1]}},{"__type__":"cc.Node","_name":"bolang1","_parent":{"__id__":24},"_components":[{"__type__":"cc.Sprite","node":{"__id__":25},"_materials":[{"__uuid__":"ecpdLyjvZBwrvm+cedCcQy"}],"_spriteFrame":{"__uuid__":"fd1xl2q6pPZbPTa7Wn+gT6"}}],"_prefab":{"__type__":"cc.PrefabInfo","root":{"__id__":1},"asset":{"__uuid__":"5bjHLJO1VNR5REJWHlNmNr"},"fileId":"05PjAE5UBDjoBHfmvlMEvN"},"_contentSize":{"__type__":"cc.Size","width":340,"height":190},"_trs":{"__type__":"TypedArray","ctor":"Float64Array","array":[106,-158,0,0,0,0,1,1,1,1]}},{"__type__":"cc.Node","_name":"bolang2","_parent":{"__id__":24},"_components":[{"__type__":"cc.Sprite","node":{"__id__":26},"_materials":[{"__uuid__":"ecpdLyjvZBwrvm+cedCcQy"}],"_spriteFrame":{"__uuid__":"fd1xl2q6pPZbPTa7Wn+gT6"}}],"_prefab":{"__type__":"cc.PrefabInfo","root":{"__id__":1},"asset":{"__uuid__":"5bjHLJO1VNR5REJWHlNmNr"},"fileId":"fe6fpi47hAl4aBjoU3eCKc"},"_contentSize":{"__type__":"cc.Size","width":340,"height":190},"_trs":{"__type__":"TypedArray","ctor":"Float64Array","array":[446,-158,0,0,0,0,1,1,1,1]}},{"__type__":"cc.Node","_name":"gongxian","_parent":{"__id__":1},"_children":[{"__id__":28}],"_components":[{"__type__":"cc.Sprite","node":{"__id__":27},"_materials":[{"__uuid__":"ecpdLyjvZBwrvm+cedCcQy"}],"_spriteFrame":{"__uuid__":"9baUFANeBPtrMMWPkOqfNW"}},{"__type__":"cc.Button","node":{"__id__":27},"_normalMaterial":{"__uuid__":"ecpdLyjvZBwrvm+cedCcQy"},"duration":0,"zoomScale":0.9,"_N$transition":3,"transition":3}],"_prefab":{"__type__":"cc.PrefabInfo","root":{"__id__":1},"asset":{"__uuid__":"5bjHLJO1VNR5REJWHlNmNr"},"fileId":"5eN+F1GtRKxpW/CQYuv4Ng"},"_contentSize":{"__type__":"cc.Size","width":190,"height":190},"_trs":{"__type__":"TypedArray","ctor":"Float64Array","array":[0,199.77800000000002,0,0,0,0,1,1,1,1]}},{"__type__":"cc.Node","_name":"gxdata","_parent":{"__id__":27},"_components":[{"__type__":"cc.Label","node":{"__id__":28},"_materials":[{"__uuid__":"ecpdLyjvZBwrvm+cedCcQy"}],"_useOriginalSize":false,"_string":"0/100","_N$string":"0/100","_fontSize":25,"_lineHeight":25,"_N$horizontalAlign":1,"_N$verticalAlign":1}],"_prefab":{"__type__":"cc.PrefabInfo","root":{"__id__":1},"asset":{"__uuid__":"5bjHLJO1VNR5REJWHlNmNr"},"fileId":"96t8q7zAxJcqL7LJBJLF8o"},"_contentSize":{"__type__":"cc.Size","width":62.56,"height":31.5},"_trs":{"__type__":"TypedArray","ctor":"Float64Array","array":[0,9,0,0,0,0,1,1,1,1]}},{"__type__":"cc.Node","_name":"pic_gongxian","_parent":{"__id__":1},"_children":[{"__id__":30}],"_active":false,"_components":[{"__type__":"cc.Sprite","node":{"__id__":29},"_materials":[{"__uuid__":"ecpdLyjvZBwrvm+cedCcQy"}],"_spriteFrame":{"__uuid__":"b9YTuqhz9AYqs/NQxDnot6"}}],"_prefab":{"__type__":"cc.PrefabInfo","root":{"__id__":1},"asset":{"__uuid__":"5bjHLJO1VNR5REJWHlNmNr"},"fileId":"bf9BUKsSBKaYxUZnuesfJI"},"_contentSize":{"__type__":"cc.Size","width":98,"height":98},"_trs":{"__type__":"TypedArray","ctor":"Float64Array","array":[0,330,0,0,0,0,1,1,1,1]}},{"__type__":"cc.Node","_name":"layout_pic_gongxian","_parent":{"__id__":29},"_children":[{"__id__":31},{"__id__":32}],"_components":[{"__type__":"cc.Layout","node":{"__id__":30},"_layoutSize":{"__type__":"cc.Size","width":75.85,"height":32},"_resize":1,"_N$layoutType":1,"_N$spacingX":5}],"_prefab":{"__type__":"cc.PrefabInfo","root":{"__id__":1},"asset":{"__uuid__":"5bjHLJO1VNR5REJWHlNmNr"},"fileId":"35KVb0hVpEVZOGWgusAnMV"},"_contentSize":{"__type__":"cc.Size","width":75.85,"height":32},"_trs":{"__type__":"TypedArray","ctor":"Float64Array","array":[0,-30,0,0,0,0,1,1,1,1]}},{"__type__":"cc.Node","_name":"mygongxian","_parent":{"__id__":30},"_components":[{"__type__":"41ebaVoPpRA4Kp67XEdHfZn","node":{"__id__":31},"_materials":[{"__uuid__":"ecpdLyjvZBwrvm+cedCcQy"}],"_string":"贡献","_N$string":"贡献","_fontSize":25,"_lineHeight":25,"_N$horizontalAlign":1,"_N$verticalAlign":1,"i18n_string":"jiazu_layer_1_9"}],"_prefab":{"__type__":"cc.PrefabInfo","root":{"__id__":1},"asset":{"__uuid__":"5bjHLJO1VNR5REJWHlNmNr"},"fileId":"03GBY9jGpFWLzOP+tn5WYz"},"_color":{"__type__":"cc.Color","r":38,"g":38,"b":38},"_contentSize":{"__type__":"cc.Size","width":50,"height":31.5},"_trs":{"__type__":"TypedArray","ctor":"Float64Array","array":[-12.924999999999997,0,0,0,0,0,1,1,1,1]}},{"__type__":"cc.Node","_name":"mygongxian_data","_parent":{"__id__":30},"_components":[{"__type__":"41ebaVoPpRA4Kp67XEdHfZn","node":{"__id__":32},"_materials":[{"__uuid__":"ecpdLyjvZBwrvm+cedCcQy"}],"_string":":1","_N$string":":1","_fontSize":25,"_lineHeight":25,"_N$horizontalAlign":1,"_N$verticalAlign":1}],"_prefab":{"__type__":"cc.PrefabInfo","root":{"__id__":1},"asset":{"__uuid__":"5bjHLJO1VNR5REJWHlNmNr"},"fileId":"1fT5H17PZKRZRJy0lnub2+"},"_color":{"__type__":"cc.Color","r":38,"g":38,"b":38},"_contentSize":{"__type__":"cc.Size","width":20.85,"height":31.5},"_trs":{"__type__":"TypedArray","ctor":"Float64Array","array":[27.500000000000004,0,0,0,0,0,1,1,1,1]}},{"__type__":"cc.Node","_name":"wenhao_lxj","_parent":{"__id__":1},"_components":[{"__type__":"cc.Sprite","node":{"__id__":33},"_materials":[{"__uuid__":"ecpdLyjvZBwrvm+cedCcQy"}],"_spriteFrame":{"__uuid__":"f5OVNpEY5Oco2RQLFBuMbg"}},{"__type__":"cc.Button","node":{"__id__":33},"_normalMaterial":{"__uuid__":"ecpdLyjvZBwrvm+cedCcQy"},"duration":0,"zoomScale":0.9,"_N$transition":3,"transition":3}],"_prefab":{"__type__":"cc.PrefabInfo","root":{"__id__":1},"asset":{"__uuid__":"5bjHLJO1VNR5REJWHlNmNr"},"fileId":"25w4Q+pfpLXYav32FSjFS0"},"_contentSize":{"__type__":"cc.Size","width":34,"height":34},"_trs":{"__type__":"TypedArray","ctor":"Float64Array","array":[116,87,0,0,0,0,1,1.5,1.5,1]}},{"__type__":"cc.Node","_name":"shandian","_parent":{"__id__":1},"_children":[{"__id__":35},{"__id__":36},{"__id__":37},{"__id__":38},{"__id__":39},{"__id__":40},{"__id__":41},{"__id__":42},{"__id__":43}],"_components":[{"__type__":"cc.Widget","node":{"__id__":34},"_alignFlags":45}],"_prefab":{"__type__":"cc.PrefabInfo","root":{"__id__":1},"asset":{"__uuid__":"5bjHLJO1VNR5REJWHlNmNr"},"fileId":"4faaZINURMgKsmYP3g7hji"},"_contentSize":{"__type__":"cc.Size","width":750,"height":1334},"_trs":{"__type__":"TypedArray","ctor":"Float64Array","array":[0,0,0,0,0,0,1,1,1,1]}},{"__type__":"cc.Node","_name":"lianjie1","_parent":{"__id__":34},"_components":[{"__type__":"cc.Sprite","node":{"__id__":35},"_materials":[{"__uuid__":"ecpdLyjvZBwrvm+cedCcQy"}],"_spriteFrame":{"__uuid__":"05tmRslAFLfqeIgWMVj0vW"}}],"_prefab":{"__type__":"cc.PrefabInfo","root":{"__id__":1},"asset":{"__uuid__":"5bjHLJO1VNR5REJWHlNmNr"},"fileId":"6as6P3mRVO54WAWe2LWp0I"},"_contentSize":{"__type__":"cc.Size","width":119,"height":317},"_trs":{"__type__":"TypedArray","ctor":"Float64Array","array":[3,-19,0,0,0,0,1,1,1,1]}},{"__type__":"cc.Node","_name":"lianjie2","_parent":{"__id__":34},"_components":[{"__type__":"cc.Sprite","node":{"__id__":36},"_materials":[{"__uuid__":"ecpdLyjvZBwrvm+cedCcQy"}],"_spriteFrame":{"__uuid__":"05tmRslAFLfqeIgWMVj0vW"}}],"_prefab":{"__type__":"cc.PrefabInfo","root":{"__id__":1},"asset":{"__uuid__":"5bjHLJO1VNR5REJWHlNmNr"},"fileId":"e3l/ZlN+dDqLe2nvy/c/IE"},"_contentSize":{"__type__":"cc.Size","width":119,"height":317},"_trs":{"__type__":"TypedArray","ctor":"Float64Array","array":[-142,-12,0,0,0,-0.3420201433256687,0.9396926207859084,-1,1,1]},"_eulerAngles":{"__type__":"cc.Vec3","z":-40}},{"__type__":"cc.Node","_name":"lianjie3","_parent":{"__id__":34},"_components":[{"__type__":"cc.Sprite","node":{"__id__":37},"_materials":[{"__uuid__":"ecpdLyjvZBwrvm+cedCcQy"}],"_spriteFrame":{"__uuid__":"05tmRslAFLfqeIgWMVj0vW"}}],"_prefab":{"__type__":"cc.PrefabInfo","root":{"__id__":1},"asset":{"__uuid__":"5bjHLJO1VNR5REJWHlNmNr"},"fileId":"49we+WmH1J24JL9E4YKcsy"},"_contentSize":{"__type__":"cc.Size","width":119,"height":317},"_trs":{"__type__":"TypedArray","ctor":"Float64Array","array":[142,-12,0,0,0,0.3420201433256687,0.9396926207859084,1,1,1]},"_eulerAngles":{"__type__":"cc.Vec3","z":40}},{"__type__":"cc.Node","_name":"lianjie4","_parent":{"__id__":34},"_components":[{"__type__":"cc.Sprite","node":{"__id__":38},"_materials":[{"__uuid__":"ecpdLyjvZBwrvm+cedCcQy"}],"_spriteFrame":{"__uuid__":"05tmRslAFLfqeIgWMVj0vW"}}],"_prefab":{"__type__":"cc.PrefabInfo","root":{"__id__":1},"asset":{"__uuid__":"5bjHLJO1VNR5REJWHlNmNr"},"fileId":"bfETl/YaBHn5YtVhOz4Bvf"},"_contentSize":{"__type__":"cc.Size","width":119,"height":317},"_trs":{"__type__":"TypedArray","ctor":"Float64Array","array":[-292,-256,0,0,0,-0.17364817766693033,0.984807753012208,-1,1,1]},"_eulerAngles":{"__type__":"cc.Vec3","z":-20}},{"__type__":"cc.Node","_name":"lianjie5","_parent":{"__id__":34},"_components":[{"__type__":"cc.Sprite","node":{"__id__":39},"_materials":[{"__uuid__":"ecpdLyjvZBwrvm+cedCcQy"}],"_spriteFrame":{"__uuid__":"05tmRslAFLfqeIgWMVj0vW"}}],"_prefab":{"__type__":"cc.PrefabInfo","root":{"__id__":1},"asset":{"__uuid__":"5bjHLJO1VNR5REJWHlNmNr"},"fileId":"c8XgQlI9lGgoiPaZOb+Xos"},"_contentSize":{"__type__":"cc.Size","width":119,"height":317},"_trs":{"__type__":"TypedArray","ctor":"Float64Array","array":[-222,-256,0,0,0,0.17364817766693033,0.984807753012208,1,1,1]},"_eulerAngles":{"__type__":"cc.Vec3","z":20}},{"__type__":"cc.Node","_name":"lianjie6","_parent":{"__id__":34},"_components":[{"__type__":"cc.Sprite","node":{"__id__":40},"_materials":[{"__uuid__":"ecpdLyjvZBwrvm+cedCcQy"}],"_spriteFrame":{"__uuid__":"05tmRslAFLfqeIgWMVj0vW"}}],"_prefab":{"__type__":"cc.PrefabInfo","root":{"__id__":1},"asset":{"__uuid__":"5bjHLJO1VNR5REJWHlNmNr"},"fileId":"d0IWgD0ptLgozvlmyWtuIb"},"_contentSize":{"__type__":"cc.Size","width":119,"height":317},"_trs":{"__type__":"TypedArray","ctor":"Float64Array","array":[-46,-256,0,0,0,-0.17364817766693033,0.984807753012208,-1,1,1]},"_eulerAngles":{"__type__":"cc.Vec3","z":-20}},{"__type__":"cc.Node","_name":"lianjie7","_parent":{"__id__":34},"_components":[{"__type__":"cc.Sprite","node":{"__id__":41},"_materials":[{"__uuid__":"ecpdLyjvZBwrvm+cedCcQy"}],"_spriteFrame":{"__uuid__":"05tmRslAFLfqeIgWMVj0vW"}}],"_prefab":{"__type__":"cc.PrefabInfo","root":{"__id__":1},"asset":{"__uuid__":"5bjHLJO1VNR5REJWHlNmNr"},"fileId":"25PmJrxLRHzYdo2MTm8BMF"},"_contentSize":{"__type__":"cc.Size","width":119,"height":317},"_trs":{"__type__":"TypedArray","ctor":"Float64Array","array":[23,-256,0,0,0,0.17364817766693033,0.984807753012208,1,1,1]},"_eulerAngles":{"__type__":"cc.Vec3","z":20}},{"__type__":"cc.Node","_name":"lianjie8","_parent":{"__id__":34},"_components":[{"__type__":"cc.Sprite","node":{"__id__":42},"_materials":[{"__uuid__":"ecpdLyjvZBwrvm+cedCcQy"}],"_spriteFrame":{"__uuid__":"05tmRslAFLfqeIgWMVj0vW"}}],"_prefab":{"__type__":"cc.PrefabInfo","root":{"__id__":1},"asset":{"__uuid__":"5bjHLJO1VNR5REJWHlNmNr"},"fileId":"67TUA4SBRC+5fTFcHwofx7"},"_contentSize":{"__type__":"cc.Size","width":119,"height":317},"_trs":{"__type__":"TypedArray","ctor":"Float64Array","array":[203,-256,0,0,0,-0.17364817766693033,0.984807753012208,-1,1,1]},"_eulerAngles":{"__type__":"cc.Vec3","z":-20}},{"__type__":"cc.Node","_name":"lianjie9","_parent":{"__id__":34},"_components":[{"__type__":"cc.Sprite","node":{"__id__":43},"_materials":[{"__uuid__":"ecpdLyjvZBwrvm+cedCcQy"}],"_spriteFrame":{"__uuid__":"05tmRslAFLfqeIgWMVj0vW"}}],"_prefab":{"__type__":"cc.PrefabInfo","root":{"__id__":1},"asset":{"__uuid__":"5bjHLJO1VNR5REJWHlNmNr"},"fileId":"32Gr7cUGRJLa7OF6IMHqFZ"},"_contentSize":{"__type__":"cc.Size","width":119,"height":317},"_trs":{"__type__":"TypedArray","ctor":"Float64Array","array":[274,-256,0,0,0,0.17364817766693033,0.984807753012208,1,1,1]},"_eulerAngles":{"__type__":"cc.Vec3","z":20}},{"__type__":"cc.Node","_name":"btn_getxianjin","_parent":{"__id__":1},"_children":[{"__id__":45},{"__id__":46}],"_components":[{"__type__":"cc.Sprite","node":{"__id__":44},"_materials":[{"__uuid__":"ecpdLyjvZBwrvm+cedCcQy"}],"_spriteFrame":{"__uuid__":"adBbk/hpBLYKen3N4LQ/+t"},"_type":1,"_sizeMode":0},{"__type__":"cc.Button","node":{"__id__":44},"_normalMaterial":{"__uuid__":"ecpdLyjvZBwrvm+cedCcQy"},"duration":0,"zoomScale":0.9,"_N$transition":3,"transition":3}],"_prefab":{"__type__":"cc.PrefabInfo","root":{"__id__":1},"asset":{"__uuid__":"5bjHLJO1VNR5REJWHlNmNr"},"fileId":"fe4jCU3NhAXoPAcmlKkvye"},"_contentSize":{"__type__":"cc.Size","width":147,"height":55},"_trs":{"__type__":"TypedArray","ctor":"Float64Array","array":[1,87,0,0,0,0,1,1,1,1]}},{"__type__":"cc.Node","_name":"btn_getxianjinbal","_parent":{"__id__":44},"_components":[{"__type__":"41ebaVoPpRA4Kp67XEdHfZn","node":{"__id__":45},"_materials":[{"__uuid__":"ecpdLyjvZBwrvm+cedCcQy"}],"_string":"领现金","_N$string":"领现金","_fontSize":23,"_lineHeight":23,"_N$file":{"__uuid__":"farb0WbWZMgrGmuICOt0MU"},"_isSystemFontUsed":false,"_N$horizontalAlign":1,"_N$verticalAlign":1}],"_prefab":{"__type__":"cc.PrefabInfo","root":{"__id__":1},"asset":{"__uuid__":"5bjHLJO1VNR5REJWHlNmNr"},"fileId":"6fS35SnmJDF6Mg3FThqqrA"},"_contentSize":{"__type__":"cc.Size","width":69,"height":28.98},"_trs":{"__type__":"TypedArray","ctor":"Float64Array","array":[-2,2,0,0,0,0,1,1,1,1]}},{"__type__":"cc.Node","_name":"btn_getxianjinbal_en","_parent":{"__id__":44},"_active":false,"_components":[{"__type__":"cc.Label","node":{"__id__":46},"_materials":[{"__uuid__":"ecpdLyjvZBwrvm+cedCcQy"}],"_string":"نەق پۇل ئېلىش","_N$string":"نەق پۇل ئېلىش","_fontSize":20,"_lineHeight":20,"_N$file":{"__uuid__":"farb0WbWZMgrGmuICOt0MU"},"_isSystemFontUsed":false,"_N$horizontalAlign":1,"_N$verticalAlign":1,"_N$overflow":1}],"_prefab":{"__type__":"cc.PrefabInfo","root":{"__id__":1},"asset":{"__uuid__":"5bjHLJO1VNR5REJWHlNmNr"},"fileId":"11QM33XhJKCJD8DIxcXPsH"},"_contentSize":{"__type__":"cc.Size","width":136.46,"height":35.2},"_trs":{"__type__":"TypedArray","ctor":"Float64Array","array":[-5,2,0,0,0,0,1,1,1,1]}},{"__type__":"cc.Node","_name":"yidai","_parent":{"__id__":1},"_children":[{"__id__":48},{"__id__":50},{"__id__":52}],"_components":[{"__type__":"cc.Widget","node":{"__id__":47},"_alignFlags":45}],"_prefab":{"__type__":"cc.PrefabInfo","root":{"__id__":1},"asset":{"__uuid__":"5bjHLJO1VNR5REJWHlNmNr"},"fileId":"abpidoBc5FNo+jV1hJMsUB"},"_contentSize":{"__type__":"cc.Size","width":750,"height":1334},"_trs":{"__type__":"TypedArray","ctor":"Float64Array","array":[0,0,0,0,0,0,1,1,1,1]}},{"__type__":"cc.Node","_name":"taizi1","_parent":{"__id__":47},"_children":[{"__id__":49}],"_components":[{"__type__":"cc.Sprite","node":{"__id__":48},"_materials":[{"__uuid__":"ecpdLyjvZBwrvm+cedCcQy"}],"_spriteFrame":{"__uuid__":"a1KbARdYtAyLX7LXUdR/51"}}],"_prefab":{"__type__":"cc.PrefabInfo","root":{"__id__":1},"asset":{"__uuid__":"5bjHLJO1VNR5REJWHlNmNr"},"fileId":"4eTvSVq/lEZKnud74oV3FI"},"_contentSize":{"__type__":"cc.Size","width":110,"height":60},"_trs":{"__type__":"TypedArray","ctor":"Float64Array","array":[-256,-146,0,0,0,0,1,1,1,1]}},{"__type__":"cc.Node","_name":"tianjia1","_parent":{"__id__":48},"_components":[{"__type__":"cc.Sprite","node":{"__id__":49},"_materials":[{"__uuid__":"ecpdLyjvZBwrvm+cedCcQy"}],"_spriteFrame":{"__uuid__":"a8uNudZp1DFqz8zxekpihy"}}],"_prefab":{"__type__":"cc.PrefabInfo","root":{"__id__":1},"asset":{"__uuid__":"5bjHLJO1VNR5REJWHlNmNr"},"fileId":"3bAzonG4pMG6MdomCAaOGp"},"_contentSize":{"__type__":"cc.Size","width":84,"height":84},"_trs":{"__type__":"TypedArray","ctor":"Float64Array","array":[0,56,0,0,0,0,1,1,1,1]}},{"__type__":"cc.Node","_name":"taizi2","_parent":{"__id__":47},"_children":[{"__id__":51}],"_components":[{"__type__":"cc.Sprite","node":{"__id__":50},"_materials":[{"__uuid__":"ecpdLyjvZBwrvm+cedCcQy"}],"_spriteFrame":{"__uuid__":"a1KbARdYtAyLX7LXUdR/51"}}],"_prefab":{"__type__":"cc.PrefabInfo","root":{"__id__":1},"asset":{"__uuid__":"5bjHLJO1VNR5REJWHlNmNr"},"fileId":"3cVq+mYKNOcor0sMNCt1qx"},"_contentSize":{"__type__":"cc.Size","width":110,"height":60},"_trs":{"__type__":"TypedArray","ctor":"Float64Array","array":[-8,-146,0,0,0,0,1,1,1,1]}},{"__type__":"cc.Node","_name":"tianjia2","_parent":{"__id__":50},"_components":[{"__type__":"cc.Sprite","node":{"__id__":51},"_materials":[{"__uuid__":"ecpdLyjvZBwrvm+cedCcQy"}],"_spriteFrame":{"__uuid__":"a8uNudZp1DFqz8zxekpihy"}}],"_prefab":{"__type__":"cc.PrefabInfo","root":{"__id__":1},"asset":{"__uuid__":"5bjHLJO1VNR5REJWHlNmNr"},"fileId":"98j8BHebRP3YqKmknmY2Yr"},"_contentSize":{"__type__":"cc.Size","width":84,"height":84},"_trs":{"__type__":"TypedArray","ctor":"Float64Array","array":[0,56,0,0,0,0,1,1,1,1]}},{"__type__":"cc.Node","_name":"taizi3","_parent":{"__id__":47},"_children":[{"__id__":53}],"_components":[{"__type__":"cc.Sprite","node":{"__id__":52},"_materials":[{"__uuid__":"ecpdLyjvZBwrvm+cedCcQy"}],"_spriteFrame":{"__uuid__":"a1KbARdYtAyLX7LXUdR/51"}}],"_prefab":{"__type__":"cc.PrefabInfo","root":{"__id__":1},"asset":{"__uuid__":"5bjHLJO1VNR5REJWHlNmNr"},"fileId":"c7dLptubxNk5QgbpN1fcf9"},"_contentSize":{"__type__":"cc.Size","width":110,"height":60},"_trs":{"__type__":"TypedArray","ctor":"Float64Array","array":[240,-146,0,0,0,0,1,1,1,1]}},{"__type__":"cc.Node","_name":"tianjia3","_parent":{"__id__":52},"_components":[{"__type__":"cc.Sprite","node":{"__id__":53},"_materials":[{"__uuid__":"ecpdLyjvZBwrvm+cedCcQy"}],"_spriteFrame":{"__uuid__":"a8uNudZp1DFqz8zxekpihy"}}],"_prefab":{"__type__":"cc.PrefabInfo","root":{"__id__":1},"asset":{"__uuid__":"5bjHLJO1VNR5REJWHlNmNr"},"fileId":"31D6nogFdM+IZ8n4vnsTnm"},"_contentSize":{"__type__":"cc.Size","width":84,"height":84},"_trs":{"__type__":"TypedArray","ctor":"Float64Array","array":[0,56,0,0,0,0,1,1,1,1]}},{"__type__":"cc.Node","_name":"erdai","_parent":{"__id__":1},"_children":[{"__id__":55},{"__id__":56},{"__id__":57},{"__id__":58},{"__id__":59},{"__id__":60}],"_components":[{"__type__":"cc.Widget","node":{"__id__":54},"_alignFlags":45}],"_prefab":{"__type__":"cc.PrefabInfo","root":{"__id__":1},"asset":{"__uuid__":"5bjHLJO1VNR5REJWHlNmNr"},"fileId":"3cPNHP6HBAeq4bVa/cMBF7"},"_contentSize":{"__type__":"cc.Size","width":750,"height":1334},"_trs":{"__type__":"TypedArray","ctor":"Float64Array","array":[0,0,0,0,0,0,1,1,1,1]}},{"__type__":"cc.Node","_name":"erdai1","_parent":{"__id__":54},"_components":[{"__type__":"cc.Sprite","node":{"__id__":55},"_materials":[{"__uuid__":"ecpdLyjvZBwrvm+cedCcQy"}],"_spriteFrame":{"__uuid__":"a1KbARdYtAyLX7LXUdR/51"}}],"_prefab":{"__type__":"cc.PrefabInfo","root":{"__id__":1},"asset":{"__uuid__":"5bjHLJO1VNR5REJWHlNmNr"},"fileId":"edFRXKUPpCeIxsjcMkHyPw"},"_contentSize":{"__type__":"cc.Size","width":110,"height":60},"_trs":{"__type__":"TypedArray","ctor":"Float64Array","array":[-319,-392,0,0,0,0,1,0.7,0.7,1]}},{"__type__":"cc.Node","_name":"erdai2","_parent":{"__id__":54},"_components":[{"__type__":"cc.Sprite","node":{"__id__":56},"_materials":[{"__uuid__":"ecpdLyjvZBwrvm+cedCcQy"}],"_spriteFrame":{"__uuid__":"a1KbARdYtAyLX7LXUdR/51"}}],"_prefab":{"__type__":"cc.PrefabInfo","root":{"__id__":1},"asset":{"__uuid__":"5bjHLJO1VNR5REJWHlNmNr"},"fileId":"d4pIQmMspHTYFWxfwBx8yE"},"_contentSize":{"__type__":"cc.Size","width":110,"height":60},"_trs":{"__type__":"TypedArray","ctor":"Float64Array","array":[-188,-392,0,0,0,0,1,0.7,0.7,1]}},{"__type__":"cc.Node","_name":"erdai3","_parent":{"__id__":54},"_components":[{"__type__":"cc.Sprite","node":{"__id__":57},"_materials":[{"__uuid__":"ecpdLyjvZBwrvm+cedCcQy"}],"_spriteFrame":{"__uuid__":"a1KbARdYtAyLX7LXUdR/51"}}],"_prefab":{"__type__":"cc.PrefabInfo","root":{"__id__":1},"asset":{"__uuid__":"5bjHLJO1VNR5REJWHlNmNr"},"fileId":"4bvTJmwZBJ1JPIseLgbJCp"},"_contentSize":{"__type__":"cc.Size","width":110,"height":60},"_trs":{"__type__":"TypedArray","ctor":"Float64Array","array":[-76,-392,0,0,0,0,1,0.7,0.7,1]}},{"__type__":"cc.Node","_name":"erdai4","_parent":{"__id__":54},"_components":[{"__type__":"cc.Sprite","node":{"__id__":58},"_materials":[{"__uuid__":"ecpdLyjvZBwrvm+cedCcQy"}],"_spriteFrame":{"__uuid__":"a1KbARdYtAyLX7LXUdR/51"}}],"_prefab":{"__type__":"cc.PrefabInfo","root":{"__id__":1},"asset":{"__uuid__":"5bjHLJO1VNR5REJWHlNmNr"},"fileId":"78j6L2XAtH8KLtXe8XRaRh"},"_contentSize":{"__type__":"cc.Size","width":110,"height":60},"_trs":{"__type__":"TypedArray","ctor":"Float64Array","array":[58,-392,0,0,0,0,1,0.7,0.7,1]}},{"__type__":"cc.Node","_name":"erdai5","_parent":{"__id__":54},"_components":[{"__type__":"cc.Sprite","node":{"__id__":59},"_materials":[{"__uuid__":"ecpdLyjvZBwrvm+cedCcQy"}],"_spriteFrame":{"__uuid__":"a1KbARdYtAyLX7LXUdR/51"}}],"_prefab":{"__type__":"cc.PrefabInfo","root":{"__id__":1},"asset":{"__uuid__":"5bjHLJO1VNR5REJWHlNmNr"},"fileId":"716kkhgh1IMogQPkNHWwse"},"_contentSize":{"__type__":"cc.Size","width":110,"height":60},"_trs":{"__type__":"TypedArray","ctor":"Float64Array","array":[173,-392,0,0,0,0,1,0.7,0.7,1]}},{"__type__":"cc.Node","_name":"erdai6","_parent":{"__id__":54},"_components":[{"__type__":"cc.Sprite","node":{"__id__":60},"_materials":[{"__uuid__":"ecpdLyjvZBwrvm+cedCcQy"}],"_spriteFrame":{"__uuid__":"a1KbARdYtAyLX7LXUdR/51"}}],"_prefab":{"__type__":"cc.PrefabInfo","root":{"__id__":1},"asset":{"__uuid__":"5bjHLJO1VNR5REJWHlNmNr"},"fileId":"b7JfmdUuFLN5TAlp9SmVu0"},"_contentSize":{"__type__":"cc.Size","width":110,"height":60},"_trs":{"__type__":"TypedArray","ctor":"Float64Array","array":[308,-392,0,0,0,0,1,0.7,0.7,1]}},{"__type__":"cc.Node","_name":"bg_xia","_parent":{"__id__":1},"_children":[{"__id__":62},{"__id__":70},{"__id__":78},{"__id__":81},{"__id__":82}],"_components":[{"__type__":"cc.Sprite","node":{"__id__":61},"_materials":[{"__uuid__":"ecpdLyjvZBwrvm+cedCcQy"}],"_spriteFrame":{"__uuid__":"12oyeSuf5AsLgjGFmbr/62"}},{"__type__":"cc.Widget","node":{"__id__":61},"_alignFlags":44,"_bottom":-144.5,"_originalWidth":750}],"_prefab":{"__type__":"cc.PrefabInfo","root":{"__id__":1},"asset":{"__uuid__":"5bjHLJO1VNR5REJWHlNmNr"},"fileId":"cdTzLxAxtCgoXjCTqD8R8a"},"_contentSize":{"__type__":"cc.Size","width":750,"height":333},"_trs":{"__type__":"TypedArray","ctor":"Float64Array","array":[0,-645,0,0,0,0,1,1,1,1]}},{"__type__":"cc.Node","_name":"bg_xia_layout","_parent":{"__id__":61},"_children":[{"__id__":63},{"__id__":64},{"__id__":65},{"__id__":66},{"__id__":68},{"__id__":69}],"_components":[{"__type__":"cc.Layout","node":{"__id__":62},"_layoutSize":{"__type__":"cc.Size","width":395.58000000000004,"height":40},"_resize":1,"_N$layoutType":1,"_N$spacingX":7}],"_prefab":{"__type__":"cc.PrefabInfo","root":{"__id__":1},"asset":{"__uuid__":"5bjHLJO1VNR5REJWHlNmNr"},"fileId":"5csIyEI3FGoI1vBFCfBpVE"},"_contentSize":{"__type__":"cc.Size","width":395.58000000000004,"height":40},"_trs":{"__type__":"TypedArray","ctor":"Float64Array","array":[0,116,0,0,0,0,1,1,1,1]}},{"__type__":"cc.Node","_name":"wenhao_tx","_parent":{"__id__":62},"_components":[{"__type__":"cc.Sprite","node":{"__id__":63},"_materials":[{"__uuid__":"ecpdLyjvZBwrvm+cedCcQy"}],"_spriteFrame":{"__uuid__":"f5OVNpEY5Oco2RQLFBuMbg"}}],"_prefab":{"__type__":"cc.PrefabInfo","root":{"__id__":1},"asset":{"__uuid__":"5bjHLJO1VNR5REJWHlNmNr"},"fileId":"eeAwIppkxGEZNsgdSOoJr7"},"_contentSize":{"__type__":"cc.Size","width":34,"height":34},"_trs":{"__type__":"TypedArray","ctor":"Float64Array","array":[-180.79000000000002,-1,0,0,0,0,1,1,1,1]}},{"__type__":"cc.Node","_name":"font1","_parent":{"__id__":62},"_components":[{"__type__":"41ebaVoPpRA4Kp67XEdHfZn","node":{"__id__":64},"_materials":[{"__uuid__":"ecpdLyjvZBwrvm+cedCcQy"}],"_string":"再领取","_N$string":"再领取","_fontSize":25,"_lineHeight":35,"_N$file":{"__uuid__":"farb0WbWZMgrGmuICOt0MU"},"_isSystemFontUsed":false,"_N$verticalAlign":1,"i18n_string":"jiazu_layer_1_11"}],"_prefab":{"__type__":"cc.PrefabInfo","root":{"__id__":1},"asset":{"__uuid__":"5bjHLJO1VNR5REJWHlNmNr"},"fileId":"bf+/+R2d1IzYdg5RP2AT3V"},"_color":{"__type__":"cc.Color","r":67,"g":41,"b":25},"_contentSize":{"__type__":"cc.Size","width":75,"height":44.1},"_trs":{"__type__":"TypedArray","ctor":"Float64Array","array":[-119.29000000000002,0,0,0,0,0,1,1,1,1]}},{"__type__":"cc.Node","_name":"countdata","_parent":{"__id__":62},"_components":[{"__type__":"41ebaVoPpRA4Kp67XEdHfZn","node":{"__id__":65},"_materials":[{"__uuid__":"ecpdLyjvZBwrvm+cedCcQy"}],"_string":"3次","_N$string":"3次","_fontSize":25,"_lineHeight":35,"_N$file":{"__uuid__":"farb0WbWZMgrGmuICOt0MU"},"_isSystemFontUsed":false,"_N$verticalAlign":1,"i18n_string":"jiazu_layer_1_12","i18n_params":["3"]}],"_prefab":{"__type__":"cc.PrefabInfo","root":{"__id__":1},"asset":{"__uuid__":"5bjHLJO1VNR5REJWHlNmNr"},"fileId":"89x2gIopJFaaz4hsApMD+5"},"_color":{"__type__":"cc.Color","r":243,"g":19,"b":37},"_contentSize":{"__type__":"cc.Size","width":38.23,"height":44.1},"_trs":{"__type__":"TypedArray","ctor":"Float64Array","array":[-55.675000000000026,0,0,0,0,0,1,1,1,1]}},{"__type__":"cc.Node","_name":"btn_huangbg","_parent":{"__id__":62},"_children":[{"__id__":67}],"_components":[{"__type__":"cc.Sprite","node":{"__id__":66},"_materials":[{"__uuid__":"ecpdLyjvZBwrvm+cedCcQy"}],"_spriteFrame":{"__uuid__":"bfOeKaIaRHWYN+l5L9QqNP"},"_type":1,"_sizeMode":0},{"__type__":"cc.Layout","node":{"__id__":66},"_layoutSize":{"__type__":"cc.Size","width":100,"height":33},"_resize":1,"_N$layoutType":1,"_N$paddingLeft":18,"_N$paddingRight":18}],"_prefab":{"__type__":"cc.PrefabInfo","root":{"__id__":1},"asset":{"__uuid__":"5bjHLJO1VNR5REJWHlNmNr"},"fileId":"a8AbsPLQNGea+7/i2blOyT"},"_contentSize":{"__type__":"cc.Size","width":100,"height":33},"_trs":{"__type__":"TypedArray","ctor":"Float64Array","array":[20.43999999999997,-2,0,0,0,0,1,1,1,1]}},{"__type__":"cc.Node","_name":"lxjfont","_parent":{"__id__":66},"_components":[{"__type__":"41ebaVoPpRA4Kp67XEdHfZn","node":{"__id__":67},"_materials":[{"__uuid__":"ecpdLyjvZBwrvm+cedCcQy"}],"_string":"领现金","_N$string":"领现金","_fontSize":20,"_lineHeight":30,"_N$verticalAlign":1,"i18n_string":"jiazu_layer_1_13"},{"__type__":"cc.LabelOutline","node":{"__id__":67},"_color":{"__type__":"cc.Color","r":58,"g":49,"b":42},"_width":2}],"_prefab":{"__type__":"cc.PrefabInfo","root":{"__id__":1},"asset":{"__uuid__":"5bjHLJO1VNR5REJWHlNmNr"},"fileId":"c0yfevqq1PHJtPYecNraGH"},"_contentSize":{"__type__":"cc.Size","width":64,"height":41.8},"_trs":{"__type__":"TypedArray","ctor":"Float64Array","array":[0,1,0,0,0,0,1,1,1,1]}},{"__type__":"cc.Node","_name":"font2","_parent":{"__id__":62},"_components":[{"__type__":"41ebaVoPpRA4Kp67XEdHfZn","node":{"__id__":68},"_materials":[{"__uuid__":"ecpdLyjvZBwrvm+cedCcQy"}],"_string":"可提现","_N$string":"可提现","_fontSize":25,"_lineHeight":35,"_N$file":{"__uuid__":"farb0WbWZMgrGmuICOt0MU"},"_isSystemFontUsed":false,"_N$verticalAlign":1,"i18n_string":"jiazu_layer_1_14"}],"_prefab":{"__type__":"cc.PrefabInfo","root":{"__id__":1},"asset":{"__uuid__":"5bjHLJO1VNR5REJWHlNmNr"},"fileId":"d56evCF4VKJYwMzW5y/LTI"},"_color":{"__type__":"cc.Color","r":67,"g":41,"b":25},"_contentSize":{"__type__":"cc.Size","width":75,"height":44.1},"_trs":{"__type__":"TypedArray","ctor":"Float64Array","array":[114.93999999999997,0,0,0,0,0,1,1,1,1]}},{"__type__":"cc.Node","_name":"ktxdata","_parent":{"__id__":62},"_components":[{"__type__":"41ebaVoPpRA4Kp67XEdHfZn","node":{"__id__":69},"_materials":[{"__uuid__":"ecpdLyjvZBwrvm+cedCcQy"}],"_string":"1元","_N$string":"1元","_fontSize":25,"_lineHeight":35,"_N$file":{"__uuid__":"farb0WbWZMgrGmuICOt0MU"},"_isSystemFontUsed":false,"_N$verticalAlign":1,"i18n_string":"jiazu_layer_1_15","i18n_params":["1"]}],"_prefab":{"__type__":"cc.PrefabInfo","root":{"__id__":1},"asset":{"__uuid__":"5bjHLJO1VNR5REJWHlNmNr"},"fileId":"19YkDDkUxAooi+wpr5dnD8"},"_color":{"__type__":"cc.Color","r":243,"g":19,"b":37},"_contentSize":{"__type__":"cc.Size","width":38.35,"height":44.1},"_trs":{"__type__":"TypedArray","ctor":"Float64Array","array":[178.61499999999998,0,0,0,0,0,1,1,1,1]}},{"__type__":"cc.Node","_name":"bg_xia_layout_en","_parent":{"__id__":61},"_children":[{"__id__":71},{"__id__":72},{"__id__":73},{"__id__":74},{"__id__":76},{"__id__":77}],"_active":false,"_components":[{"__type__":"cc.Layout","node":{"__id__":70},"_layoutSize":{"__type__":"cc.Size","width":579.16,"height":40},"_resize":1,"_N$layoutType":1,"_N$spacingX":7}],"_prefab":{"__type__":"cc.PrefabInfo","root":{"__id__":1},"asset":{"__uuid__":"5bjHLJO1VNR5REJWHlNmNr"},"fileId":"c6zmK2dz9OzLrzcUmQceUT"},"_contentSize":{"__type__":"cc.Size","width":579.16,"height":40},"_trs":{"__type__":"TypedArray","ctor":"Float64Array","array":[0,116,0,0,0,0,1,1,1,1]}},{"__type__":"cc.Node","_name":"wenhao_en","_parent":{"__id__":70},"_components":[{"__type__":"cc.Sprite","node":{"__id__":71},"_materials":[{"__uuid__":"ecpdLyjvZBwrvm+cedCcQy"}],"_spriteFrame":{"__uuid__":"f5OVNpEY5Oco2RQLFBuMbg"}}],"_prefab":{"__type__":"cc.PrefabInfo","root":{"__id__":1},"asset":{"__uuid__":"5bjHLJO1VNR5REJWHlNmNr"},"fileId":"ca0b/fHmtIZJmwygMtb8ng"},"_contentSize":{"__type__":"cc.Size","width":34,"height":34},"_trs":{"__type__":"TypedArray","ctor":"Float64Array","array":[-272.58,-1,0,0,0,0,1,1,1,1]}},{"__type__":"cc.Node","_name":"font2_en","_parent":{"__id__":70},"_components":[{"__type__":"41ebaVoPpRA4Kp67XEdHfZn","node":{"__id__":72},"_materials":[{"__uuid__":"ecpdLyjvZBwrvm+cedCcQy"}],"_string":"نەقلەشتۈرگىلى بولىدۇ ","_N$string":"نەقلەشتۈرگىلى بولىدۇ ","_fontSize":25,"_lineHeight":35,"_N$file":{"__uuid__":"farb0WbWZMgrGmuICOt0MU"},"_isSystemFontUsed":false,"_N$verticalAlign":1}],"_prefab":{"__type__":"cc.PrefabInfo","root":{"__id__":1},"asset":{"__uuid__":"5bjHLJO1VNR5REJWHlNmNr"},"fileId":"dauYf8bQ9Nto3gFBZhndtt"},"_color":{"__type__":"cc.Color","r":67,"g":41,"b":25},"_contentSize":{"__type__":"cc.Size","width":218.73,"height":44.1},"_trs":{"__type__":"TypedArray","ctor":"Float64Array","array":[-139.21499999999997,0,0,0,0,0,1,1,1,1]}},{"__type__":"cc.Node","_name":"ktxdata_en","_parent":{"__id__":70},"_components":[{"__type__":"41ebaVoPpRA4Kp67XEdHfZn","node":{"__id__":73},"_materials":[{"__uuid__":"ecpdLyjvZBwrvm+cedCcQy"}],"_fontSize":25,"_lineHeight":35,"_N$file":{"__uuid__":"farb0WbWZMgrGmuICOt0MU"},"_isSystemFontUsed":false,"_N$verticalAlign":1}],"_prefab":{"__type__":"cc.PrefabInfo","root":{"__id__":1},"asset":{"__uuid__":"5bjHLJO1VNR5REJWHlNmNr"},"fileId":"032ySRDK5LcYmPnGPaHezm"},"_color":{"__type__":"cc.Color","r":243,"g":19,"b":37},"_contentSize":{"__type__":"cc.Size","width":51.46,"height":44.1},"_trs":{"__type__":"TypedArray","ctor":"Float64Array","array":[2.8800000000000203,0,0,0,0,0,1,1,1,1]}},{"__type__":"cc.Node","_name":"btn_huangbg_en","_parent":{"__id__":70},"_children":[{"__id__":75}],"_components":[{"__type__":"cc.Sprite","node":{"__id__":74},"_materials":[{"__uuid__":"ecpdLyjvZBwrvm+cedCcQy"}],"_spriteFrame":{"__uuid__":"bfOeKaIaRHWYN+l5L9QqNP"},"_type":1,"_sizeMode":0},{"__type__":"cc.Layout","node":{"__id__":74},"_layoutSize":{"__type__":"cc.Size","width":133.99,"height":33},"_resize":1,"_N$layoutType":1,"_N$paddingLeft":18,"_N$paddingRight":18}],"_prefab":{"__type__":"cc.PrefabInfo","root":{"__id__":1},"asset":{"__uuid__":"5bjHLJO1VNR5REJWHlNmNr"},"fileId":"acI6yTDzVLdaWqK4t+N+hz"},"_contentSize":{"__type__":"cc.Size","width":133.99,"height":33},"_trs":{"__type__":"TypedArray","ctor":"Float64Array","array":[102.60500000000002,-2,0,0,0,0,1,1,1,1]}},{"__type__":"cc.Node","_name":"lxjfont_en","_parent":{"__id__":74},"_components":[{"__type__":"41ebaVoPpRA4Kp67XEdHfZn","node":{"__id__":75},"_materials":[{"__uuid__":"ecpdLyjvZBwrvm+cedCcQy"}],"_string":"نەق پۇل ئېلىش","_N$string":"نەق پۇل ئېلىش","_fontSize":20,"_lineHeight":30,"_N$verticalAlign":1},{"__type__":"cc.LabelOutline","node":{"__id__":75},"_color":{"__type__":"cc.Color","r":58,"g":49,"b":42},"_width":2}],"_prefab":{"__type__":"cc.PrefabInfo","root":{"__id__":1},"asset":{"__uuid__":"5bjHLJO1VNR5REJWHlNmNr"},"fileId":"01cBjNUUVCvbvrqzXsMiJF"},"_contentSize":{"__type__":"cc.Size","width":97.99,"height":41.8},"_trs":{"__type__":"TypedArray","ctor":"Float64Array","array":[-7.105427357601002e-15,1,0,0,0,0,1,1,1,1]}},{"__type__":"cc.Node","_name":"countdata_en","_parent":{"__id__":70},"_components":[{"__type__":"41ebaVoPpRA4Kp67XEdHfZn","node":{"__id__":76},"_materials":[{"__uuid__":"ecpdLyjvZBwrvm+cedCcQy"}],"_fontSize":25,"_lineHeight":35,"_N$file":{"__uuid__":"farb0WbWZMgrGmuICOt0MU"},"_isSystemFontUsed":false,"_N$verticalAlign":1}],"_prefab":{"__type__":"cc.PrefabInfo","root":{"__id__":1},"asset":{"__uuid__":"5bjHLJO1VNR5REJWHlNmNr"},"fileId":"0cQskalgZDgqQSLJ5W8oT3"},"_color":{"__type__":"cc.Color","r":243,"g":19,"b":37},"_contentSize":{"__type__":"cc.Size","height":44.1},"_trs":{"__type__":"TypedArray","ctor":"Float64Array","array":[176.60000000000002,0,0,0,0,0,1,1,1,1]}},{"__type__":"cc.Node","_name":"font1_en","_parent":{"__id__":70},"_components":[{"__type__":"41ebaVoPpRA4Kp67XEdHfZn","node":{"__id__":77},"_materials":[{"__uuid__":"ecpdLyjvZBwrvm+cedCcQy"}],"_string":"يەنە ئېلىش","_N$string":"يەنە ئېلىش","_fontSize":25,"_lineHeight":35,"_N$file":{"__uuid__":"farb0WbWZMgrGmuICOt0MU"},"_isSystemFontUsed":false,"_N$verticalAlign":1}],"_prefab":{"__type__":"cc.PrefabInfo","root":{"__id__":1},"asset":{"__uuid__":"5bjHLJO1VNR5REJWHlNmNr"},"fileId":"15/O4TUf9CT6mFDVPTuj7h"},"_color":{"__type__":"cc.Color","r":67,"g":41,"b":25},"_contentSize":{"__type__":"cc.Size","width":105.98,"height":44.1},"_trs":{"__type__":"TypedArray","ctor":"Float64Array","array":[236.59000000000003,0,0,0,0,0,1,1,1,1]}},{"__type__":"cc.Node","_name":"ProgressBar","_parent":{"__id__":61},"_children":[{"__id__":79}],"_components":[{"__type__":"cc.Sprite","node":{"__id__":78},"_materials":[{"__uuid__":"ecpdLyjvZBwrvm+cedCcQy"}],"_spriteFrame":{"__uuid__":"5cPiZmWsxIyYfP6HWMdVVw"},"_type":1},{"__type__":"cc.ProgressBar","node":{"__id__":78},"_N$totalLength":572,"_N$barSprite":{"__id__":80}}],"_prefab":{"__type__":"cc.PrefabInfo","root":{"__id__":1},"asset":{"__uuid__":"5bjHLJO1VNR5REJWHlNmNr"},"fileId":"6dAq/i2nRD2roWHJYU+C/y"},"_contentSize":{"__type__":"cc.Size","width":572,"height":26},"_trs":{"__type__":"TypedArray","ctor":"Float64Array","array":[-31,61,0,0,0,0,1,1,1,1]}},{"__type__":"cc.Node","_name":"bar","_parent":{"__id__":78},"_components":[{"__id__":80}],"_prefab":{"__type__":"cc.PrefabInfo","root":{"__id__":1},"asset":{"__uuid__":"5bjHLJO1VNR5REJWHlNmNr"},"fileId":"53Q4UlypFKW5qJeTiopcxc"},"_contentSize":{"__type__":"cc.Size","width":572,"height":26},"_anchorPoint":{"__type__":"cc.Vec2","y":0.5},"_trs":{"__type__":"TypedArray","ctor":"Float64Array","array":[-286,0,0,0,0,0,1,1,1,1]}},{"__type__":"cc.Sprite","node":{"__id__":79},"_materials":[{"__uuid__":"ecpdLyjvZBwrvm+cedCcQy"}],"_spriteFrame":{"__uuid__":"33yaewTYJPhKlKq/JbX0fu"},"_type":1,"_sizeMode":0},{"__type__":"cc.Node","_name":"pic_hb","_parent":{"__id__":61},"_components":[{"__type__":"cc.Sprite","node":{"__id__":81},"_materials":[{"__uuid__":"ecpdLyjvZBwrvm+cedCcQy"}],"_spriteFrame":{"__uuid__":"c1d2OODklH+4FSuGJ/XZqQ"}},{"__type__":"cc.BlockInputEvents","node":{"__id__":81}}],"_prefab":{"__type__":"cc.PrefabInfo","root":{"__id__":1},"asset":{"__uuid__":"5bjHLJO1VNR5REJWHlNmNr"},"fileId":"b2T0sn2dJJ6KiXwilW5+TA"},"_contentSize":{"__type__":"cc.Size","width":68,"height":78},"_trs":{"__type__":"TypedArray","ctor":"Float64Array","array":[271,71,0,0,0,0,1,1,1,1]}},{"__type__":"cc.Node","_name":"bg_xia_footer_layout","_parent":{"__id__":61},"_children":[{"__id__":83},{"__id__":84}],"_components":[{"__type__":"cc.Layout","node":{"__id__":82},"_layoutSize":{"__type__":"cc.Size","width":362.05,"height":40},"_resize":1,"_N$layoutType":1}],"_prefab":{"__type__":"cc.PrefabInfo","root":{"__id__":1},"asset":{"__uuid__":"5bjHLJO1VNR5REJWHlNmNr"},"fileId":"c16cM7QIpGBoTAmPoCqjRd"},"_contentSize":{"__type__":"cc.Size","width":362.05,"height":40},"_trs":{"__type__":"TypedArray","ctor":"Float64Array","array":[-9,21,0,0,0,0,1,1,1,1]}},{"__type__":"cc.Node","_name":"lvldata","_parent":{"__id__":82},"_components":[{"__type__":"cc.Label","node":{"__id__":83},"_materials":[{"__uuid__":"ecpdLyjvZBwrvm+cedCcQy"}],"_useOriginalSize":false,"_string":"【lv.1】","_N$string":"【lv.1】","_fontSize":25,"_lineHeight":25,"_N$horizontalAlign":1,"_N$verticalAlign":1}],"_prefab":{"__type__":"cc.PrefabInfo","root":{"__id__":1},"asset":{"__uuid__":"5bjHLJO1VNR5REJWHlNmNr"},"fileId":"c1zlbV4tNNa5dLSGbcdUBV"},"_color":{"__type__":"cc.Color","r":243,"g":19,"b":37},"_contentSize":{"__type__":"cc.Size","width":87.05,"height":31.5},"_trs":{"__type__":"TypedArray","ctor":"Float64Array","array":[-137.5,0,0,0,0,0,1,1,1,1]}},{"__type__":"cc.Node","_name":"font3","_parent":{"__id__":82},"_components":[{"__type__":"41ebaVoPpRA4Kp67XEdHfZn","node":{"__id__":84},"_materials":[{"__uuid__":"ecpdLyjvZBwrvm+cedCcQy"}],"_string":"家族等级越高，红包越大","_N$string":"家族等级越高，红包越大","_fontSize":25,"_lineHeight":25,"_N$file":{"__uuid__":"farb0WbWZMgrGmuICOt0MU"},"_isSystemFontUsed":false,"_N$horizontalAlign":1,"_N$verticalAlign":1,"i18n_string":"jiazu_layer_1_16"}],"_prefab":{"__type__":"cc.PrefabInfo","root":{"__id__":1},"asset":{"__uuid__":"5bjHLJO1VNR5REJWHlNmNr"},"fileId":"2b1CkYzw5N2qm5Kec4XpPn"},"_color":{"__type__":"cc.Color","r":67,"g":41,"b":25},"_contentSize":{"__type__":"cc.Size","width":275,"height":31.5},"_trs":{"__type__":"TypedArray","ctor":"Float64Array","array":[43.525000000000006,0,0,0,0,0,1,1,1,1]}},{"__type__":"cc.Node","_name":"img_tudibg","_parent":{"__id__":1},"_children":[{"__id__":86}],"_components":[{"__type__":"cc.Sprite","node":{"__id__":85},"_materials":[{"__uuid__":"ecpdLyjvZBwrvm+cedCcQy"}],"_spriteFrame":{"__uuid__":"68NFM0AuhFD7ucOJVKxGj6"}}],"_prefab":{"__type__":"cc.PrefabInfo","root":{"__id__":1},"asset":{"__uuid__":"5bjHLJO1VNR5REJWHlNmNr"},"fileId":"31qQOfNNBGgY8B1MDs3ayl"},"_contentSize":{"__type__":"cc.Size","width":200,"height":48},"_trs":{"__type__":"TypedArray","ctor":"Float64Array","array":[-276,3,0,0,0,0,1,1,1,1]}},{"__type__":"cc.Node","_name":"layout_tudidata","_parent":{"__id__":85},"_children":[{"__id__":87},{"__id__":88}],"_components":[{"__type__":"cc.Layout","node":{"__id__":86},"_layoutSize":{"__type__":"cc.Size","width":73.13,"height":35},"_resize":1,"_N$layoutType":1,"_N$spacingX":5}],"_prefab":{"__type__":"cc.PrefabInfo","root":{"__id__":1},"asset":{"__uuid__":"5bjHLJO1VNR5REJWHlNmNr"},"fileId":"215S1DNClNEp2QuzdhQCwg"},"_contentSize":{"__type__":"cc.Size","width":73.13,"height":35},"_anchorPoint":{"__type__":"cc.Vec2","x":1,"y":0.5},"_trs":{"__type__":"TypedArray","ctor":"Float64Array","array":[80,1,0,0,0,0,1,1,1,1]}},{"__type__":"cc.Node","_name":"lab_tudidata","_parent":{"__id__":86},"_components":[{"__type__":"41ebaVoPpRA4Kp67XEdHfZn","node":{"__id__":87},"_materials":[{"__uuid__":"ecpdLyjvZBwrvm+cedCcQy"}],"_string":"徒弟","_N$string":"徒弟","_fontSize":20,"_lineHeight":20,"_N$file":{"__uuid__":"farb0WbWZMgrGmuICOt0MU"},"_isSystemFontUsed":false,"_N$verticalAlign":1,"i18n_string":"jiazu_layer_1_17"}],"_prefab":{"__type__":"cc.PrefabInfo","root":{"__id__":1},"asset":{"__uuid__":"5bjHLJO1VNR5REJWHlNmNr"},"fileId":"50A/Cr50VOXZ5iFiYlpBaJ"},"_contentSize":{"__type__":"cc.Size","width":40,"height":25.2},"_anchorPoint":{"__type__":"cc.Vec2","x":1,"y":0.5},"_trs":{"__type__":"TypedArray","ctor":"Float64Array","array":[-33.129999999999995,0,0,0,0,0,1,1,1,1]}},{"__type__":"cc.Node","_name":"lab_tudidata_data","_parent":{"__id__":86},"_components":[{"__type__":"41ebaVoPpRA4Kp67XEdHfZn","node":{"__id__":88},"_materials":[{"__uuid__":"ecpdLyjvZBwrvm+cedCcQy"}],"_string":"(3)","_N$string":"(3)","_fontSize":20,"_lineHeight":20,"_N$file":{"__uuid__":"farb0WbWZMgrGmuICOt0MU"},"_isSystemFontUsed":false,"_N$horizontalAlign":2,"_N$verticalAlign":1}],"_prefab":{"__type__":"cc.PrefabInfo","root":{"__id__":1},"asset":{"__uuid__":"5bjHLJO1VNR5REJWHlNmNr"},"fileId":"7avrdvdshMvbA9RpQGfVY1"},"_contentSize":{"__type__":"cc.Size","width":28.13,"height":25.2},"_anchorPoint":{"__type__":"cc.Vec2","x":1,"y":0.5},"_trs":{"__type__":"TypedArray","ctor":"Float64Array","array":[3.552713678800501e-15,0,0,0,0,0,1,1,1,1]}},{"__type__":"cc.Node","_name":"img_tusunbg","_parent":{"__id__":1},"_children":[{"__id__":90}],"_components":[{"__type__":"cc.Sprite","node":{"__id__":89},"_materials":[{"__uuid__":"ecpdLyjvZBwrvm+cedCcQy"}],"_spriteFrame":{"__uuid__":"68NFM0AuhFD7ucOJVKxGj6"}}],"_prefab":{"__type__":"cc.PrefabInfo","root":{"__id__":1},"asset":{"__uuid__":"5bjHLJO1VNR5REJWHlNmNr"},"fileId":"fcdmR6+CpMSaiQ0unPrAkY"},"_contentSize":{"__type__":"cc.Size","width":200,"height":48},"_trs":{"__type__":"TypedArray","ctor":"Float64Array","array":[-276,-263,0,0,0,0,1,1,1,1]}},{"__type__":"cc.Node","_name":"layout_tusundata","_parent":{"__id__":89},"_children":[{"__id__":91},{"__id__":92}],"_components":[{"__type__":"cc.Layout","node":{"__id__":90},"_layoutSize":{"__type__":"cc.Size","width":73.13,"height":35},"_resize":1,"_N$layoutType":1,"_N$spacingX":5}],"_prefab":{"__type__":"cc.PrefabInfo","root":{"__id__":1},"asset":{"__uuid__":"5bjHLJO1VNR5REJWHlNmNr"},"fileId":"ecimDXxLhHIK22Br8DYDit"},"_contentSize":{"__type__":"cc.Size","width":73.13,"height":35},"_anchorPoint":{"__type__":"cc.Vec2","x":1,"y":0.5},"_trs":{"__type__":"TypedArray","ctor":"Float64Array","array":[80,1,0,0,0,0,1,1,1,1]}},{"__type__":"cc.Node","_name":"lab_tusundata","_parent":{"__id__":90},"_components":[{"__type__":"41ebaVoPpRA4Kp67XEdHfZn","node":{"__id__":91},"_materials":[{"__uuid__":"ecpdLyjvZBwrvm+cedCcQy"}],"_string":"徒孙","_N$string":"徒孙","_fontSize":20,"_lineHeight":20,"_N$file":{"__uuid__":"farb0WbWZMgrGmuICOt0MU"},"_isSystemFontUsed":false,"_N$verticalAlign":1,"i18n_string":"jiazu_layer_1_18"}],"_prefab":{"__type__":"cc.PrefabInfo","root":{"__id__":1},"asset":{"__uuid__":"5bjHLJO1VNR5REJWHlNmNr"},"fileId":"91bZenn3RPCr2xZgtrz92a"},"_contentSize":{"__type__":"cc.Size","width":40,"height":25.2},"_anchorPoint":{"__type__":"cc.Vec2","x":1,"y":0.5},"_trs":{"__type__":"TypedArray","ctor":"Float64Array","array":[-33.129999999999995,0,0,0,0,0,1,1,1,1]}},{"__type__":"cc.Node","_name":"lab_tusundata_data","_parent":{"__id__":90},"_components":[{"__type__":"41ebaVoPpRA4Kp67XEdHfZn","node":{"__id__":92},"_materials":[{"__uuid__":"ecpdLyjvZBwrvm+cedCcQy"}],"_string":"(0)","_N$string":"(0)","_fontSize":20,"_lineHeight":20,"_N$file":{"__uuid__":"farb0WbWZMgrGmuICOt0MU"},"_isSystemFontUsed":false,"_N$horizontalAlign":2,"_N$verticalAlign":1}],"_prefab":{"__type__":"cc.PrefabInfo","root":{"__id__":1},"asset":{"__uuid__":"5bjHLJO1VNR5REJWHlNmNr"},"fileId":"85GHeXeSVI4KqszNRP7joQ"},"_contentSize":{"__type__":"cc.Size","width":28.13,"height":25.2},"_anchorPoint":{"__type__":"cc.Vec2","x":1,"y":0.5},"_trs":{"__type__":"TypedArray","ctor":"Float64Array","array":[3.552713678800501e-15,0,0,0,0,0,1,1,1,1]}}],{"__type__":"cc.SpriteFrame","content":{"name":"jindudi","texture":"70uZhxIuNEn4cyfrG7FT01","rect":[1,716,572,26],"offset":[0,0],"originalSize":[572,26],"capInsets":[0,0,0,0]}},{"__type__":"cc.SpriteFrame","content":{"name":"changtiao","texture":"70uZhxIuNEn4cyfrG7FT01","rect":[575,688,200,48],"offset":[0,0],"originalSize":[200,48],"capInsets":[0,0,0,0]}},{"__type__":"cc.SpriteFrame","content":{"name":"ic_fenxiang","texture":"70uZhxIuNEn4cyfrG7FT01","rect":[899,681,84,84],"offset":[0,0],"originalSize":[84,84],"capInsets":[0,0,0,0]}},{"__type__":"cc.SpriteFrame","content":{"name":"ic_yaoqinggongxian","texture":"70uZhxIuNEn4cyfrG7FT01","rect":[842,595,84,84],"offset":[0,0],"originalSize":[84,84],"capInsets":[0,0,0,0]}},{"__type__":"cc.SpriteFrame","content":{"name":"ic_tixian","texture":"70uZhxIuNEn4cyfrG7FT01","rect":[851,938,84,84],"offset":[0,0],"originalSize":[84,84],"capInsets":[0,0,0,0]}},{"__type__":"cc.SpriteFrame","content":{"name":"ic_wanfashuoming","texture":"70uZhxIuNEn4cyfrG7FT01","rect":[862,417,84,84],"offset":[0,0],"originalSize":[84,84],"capInsets":[0,0,0,0]}},{"__type__":"cc.SpriteFrame","content":{"name":"gongxian","texture":"70uZhxIuNEn4cyfrG7FT01","rect":[720,225,190,190],"offset":[0,0],"originalSize":[190,190],"capInsets":[0,0,0,0]}},{"__type__":"cc.SpriteFrame","content":{"name":"taizi","texture":"70uZhxIuNEn4cyfrG7FT01","rect":[807,876,110,60],"offset":[0,0],"originalSize":[110,60],"capInsets":[0,0,0,0]}},{"__type__":"cc.SpriteFrame","content":{"name":"tianjia","texture":"70uZhxIuNEn4cyfrG7FT01","rect":[853,1,84,84],"offset":[0,0],"originalSize":[84,84],"capInsets":[0,0,0,0]}},{"__type__":"cc.SpriteFrame","content":{"name":"ic_wodeshifu","texture":"70uZhxIuNEn4cyfrG7FT01","rect":[899,767,84,84],"offset":[0,0],"originalSize":[84,84],"capInsets":[0,0,0,0]}},{"__type__":"cc.SpriteFrame","content":{"name":"btn_fenxiang","texture":"02krqH8i1AdZB/lC2WegR2","rect":[681,223,150,56],"offset":[0,0],"originalSize":[150,56],"capInsets":[68,22,69,22]}},{"__type__":"cc.SpriteFrame","content":{"name":"pic_gongxian","texture":"70uZhxIuNEn4cyfrG7FT01","rect":[649,756,98,98],"offset":[0,0],"originalSize":[98,98],"capInsets":[0,0,0,0]}},{"__type__":"cc.SpriteFrame","content":{"name":"bg_jiazu","texture":"85A/1gGjBOM5gYgmNpXg50","rect":[0,0,750,1700],"offset":[0,0],"originalSize":[750,1700],"capInsets":[0,0,0,0]}},{"__type__":"cc.SpriteFrame","content":{"name":"btn_huangbg","texture":"02krqH8i1AdZB/lC2WegR2","rect":[219,496,72,36],"offset":[0,0],"originalSize":[72,36],"capInsets":[18,0,18,0]}},{"__type__":"cc.SpriteFrame","content":{"name":"pic_hb","texture":"70uZhxIuNEn4cyfrG7FT01","rect":[928,601,68,78],"offset":[0,0],"originalSize":[68,78],"capInsets":[0,0,0,0]}},{"__type__":"cc.SpriteFrame","content":{"name":"ic_gongxianjilu","texture":"70uZhxIuNEn4cyfrG7FT01","rect":[862,503,84,84],"offset":[0,0],"originalSize":[84,84],"capInsets":[0,0,0,0]}},{"__type__":"cc.SpriteFrame","content":{"name":"ic_fanhui","texture":"d8A2ZJZatHjIRSNEHyQEva","rect":[703,245,32,48],"offset":[0,0],"originalSize":[32,48],"capInsets":[0,0,0,0]}},{"__type__":"cc.SpriteFrame","content":{"name":"wenhao","texture":"70uZhxIuNEn4cyfrG7FT01","rect":[233,936,34,34],"offset":[0,0],"originalSize":[34,34],"capInsets":[0,0,0,0]}},{"__type__":"cc.SpriteFrame","content":{"name":"bolang","texture":"70uZhxIuNEn4cyfrG7FT01","rect":[1,744,340,190],"offset":[0,0],"originalSize":[340,190],"capInsets":[0,0,0,0]}},{"__type__":"cc.SpriteFrame","content":{"name":"bg_top","texture":"02krqH8i1AdZB/lC2WegR2","rect":[1,1,750,134],"offset":[0,0],"originalSize":[750,134],"capInsets":[0,0,0,0]}}]