[1,["614kw/wlJIeIWvj2tkoqfN@6c48a","1brw/JvvpFnIvdrxpFCgMZ"],["mainTexture","_effectAsset"],[["cc.Material",["_name","_states","_defines","_props"],0,12]],[[0,0,1,2,3,4]],[[0,"mat_dinosaur-gold",[{"rasterizerState":{},"depthStencilState":{},"blendState":{"targets":[{}]}},{"rasterizerState":{},"depthStencilState":{},"blendState":{"targets":[{}]}},{"rasterizerState":{},"depthStencilState":{},"blendState":{"targets":[{}]}}],[{"USE_INSTANCING":true,"USE_ALBEDO_MAP":true},{},{}],[[[{"roughness":0.505,"metallic":1,"specularIntensity":1},"albedoScale",8,[1,2,2,2],"mainTexture",6,0],{},{}],11,0,0]]],0,0,[0,0],[0,1],[0,1]]
