[1,["4c7N5R1G1LILAu5Y8GPsVv","22uS/0fe1B9I4o9M6DXs+S@f9941","22uS/0fe1B9I4o9M6DXs+S@6c48a"],["node","root","animation","lab_content","data","_spriteFrame","_defaultClip","_textureSource"],[["cc.Node",["_name","_layer","_components","_prefab","_children","_parent"],1,12,4,2,1],"cc.SpriteFrame",["cc.Prefab",["_name"],2],["cc.UITransform",["node","__prefab","_contentSize"],3,1,4,5],["cc.CompPrefabInfo",["fileId"],2],["cc.Sprite",["_sizeMode","node","__prefab","_spriteFrame"],2,1,4,6],["5e18490AN5JEINKVjCh+8oy",["node","__prefab","lab_content","animation"],3,1,4,1,1],["cc.PrefabInfo",["fileId","instance","targetOverrides","nestedPrefabInstanceRoots","root","asset"],-1,1,1],["cc.Label",["_string","_actualFontSize","node","__prefab"],1,1,4],["cc.Animation",["playOnLoad","node","__prefab","_clips"],2,1,4,3]],[[4,0,2],[3,0,1,2,1],[7,0,1,2,3,4,5,5],[2,0,2],[0,0,1,4,2,3,3],[0,0,1,5,2,3,3],[5,0,1,2,3,2],[6,0,1,2,3,1],[8,0,1,2,3,3],[9,0,1,2,3,2]],[[[[3,"notify"],[4,"notify",33554432,[-8],[[[1,-2,[0,"51DJ7yv09KnoNkqSbMfoJS"],[5,720,66]],[6,0,-3,[0,"23CbWnuJdPJYsCIbhHA6dc"],0],-4,[7,-7,[0,"46ZLguMBFE24Z8t+kqpScu"],-6,-5]],4,4,1,4],[2,"4fj6jVgO1KzKob1u6D65Ik",null,null,null,-1,0]],[5,"lab_content",33554432,1,[[[1,-9,[0,"99X9v0jUlJNZIh0XrXacci"],[5,131.21,50.4]],-10],4,1],[2,"ddsPDrtFpNTpbV/TewBYOo",null,null,null,1,0]],[8,"content",40,2,[0,"16EtbFHdZJE6XKV6ws1G8+"]],[9,true,1,[0,"49S2DJCTxMnLx+UXQk11q0"],[1]]],0,[0,1,1,0,0,1,0,0,1,0,-3,4,0,2,4,0,3,3,0,0,1,0,-1,2,0,0,2,0,-2,3,0,4,1,10],[0,0,4],[5,-1,6],[1,0,0]],[[{"name":"toast","rect":{"x":0,"y":0,"width":720,"height":66},"offset":{"x":0,"y":0},"originalSize":{"width":720,"height":66},"rotated":false,"capInsets":[0,0,0,0],"vertices":{"rawPosition":[-360,-33,0,360,-33,0,-360,33,0,360,33,0],"indexes":[0,1,2,2,1,3],"uv":[0,66,720,66,0,0,720,0],"nuv":[0,0,1,0,0,1,1,1],"minPos":{"x":-360,"y":-33,"z":0},"maxPos":{"x":360,"y":33,"z":0}},"packable":true,"pixelsToUnit":100,"pivot":{"x":0.5,"y":0.5},"meshType":0}],[1],0,[0],[7],[2]]]]
