[{"__type__":"cc.SpriteFrame","content":{"name":"bg_xiao_nei","texture":"f4vjHC5+VGWrsOJQJq5mr0","rect":[0,0,600,489],"offset":[0,0.5],"originalSize":[600,490],"capInsets":[58,62.5,58,62.5]}},{"__type__":"cc.SpriteFrame","content":{"name":"bg_riqi","texture":"cadhw0hxpN0pZAs3RLMN8l","rect":[1,657,140,50],"offset":[0,0],"originalSize":[140,50],"capInsets":[25,0,25,0]}},[{"__type__":"cc.Prefab","_name":"item_gxjilv","data":{"__id__":1}},{"__type__":"cc.Node","_name":"item_gxjilv","_children":[{"__id__":2},{"__id__":5},{"__id__":8},{"__id__":11},{"__id__":13}],"_components":[{"__type__":"cc.Sprite","_name":"item_gxjilv<Sprite>","node":{"__id__":1},"_materials":[{"__uuid__":"ecpdLyjvZBwrvm+cedCcQy"}],"_spriteFrame":{"__uuid__":"7cf1UlLmNJEaR8GVffqggr"},"_type":1,"_sizeMode":0},{"__type__":"484c0IlVNJOuIYYxFXq8zQT","node":{"__id__":1}}],"_prefab":{"__type__":"cc.PrefabInfo","root":{"__id__":1},"asset":{"__uuid__":"d34Ri2wOlI9ZI12O5+4eNG"},"fileId":"5ep0TNsQNL1Y1maN25mtOw"},"_contentSize":{"__type__":"cc.Size","width":600,"height":190},"_trs":{"__type__":"TypedArray","ctor":"Float64Array","array":[0,-95,0,0,0,0,1,1,1,1]}},{"__type__":"cc.Node","_name":"layout_ziji","_parent":{"__id__":1},"_children":[{"__id__":3},{"__id__":4}],"_components":[{"__type__":"cc.Layout","node":{"__id__":2},"_layoutSize":{"__type__":"cc.Size","width":154.17000000000002,"height":31},"_resize":1,"_N$layoutType":1}],"_prefab":{"__type__":"cc.PrefabInfo","root":{"__id__":1},"asset":{"__uuid__":"d34Ri2wOlI9ZI12O5+4eNG"},"fileId":"fbbpbVdKBKSrHn6PLg1xX9"},"_contentSize":{"__type__":"cc.Size","width":154.17000000000002,"height":31},"_anchorPoint":{"__type__":"cc.Vec2","y":0.5},"_trs":{"__type__":"TypedArray","ctor":"Float64Array","array":[-260,46,0,0,0,0,1,1,1,1]}},{"__type__":"cc.Node","_name":"lab_ziji","_parent":{"__id__":2},"_components":[{"__type__":"41ebaVoPpRA4Kp67XEdHfZn","node":{"__id__":3},"_materials":[{"__uuid__":"ecpdLyjvZBwrvm+cedCcQy"}],"_string":"自己总贡献","_N$string":"自己总贡献","_fontSize":24,"_lineHeight":24,"_N$file":{"__uuid__":"farb0WbWZMgrGmuICOt0MU"},"_isSystemFontUsed":false,"_N$horizontalAlign":1,"_N$verticalAlign":1,"i18n_string":"item_gxjilv_1_1"}],"_prefab":{"__type__":"cc.PrefabInfo","root":{"__id__":1},"asset":{"__uuid__":"d34Ri2wOlI9ZI12O5+4eNG"},"fileId":"a1z6rjBmxIq591kyEGU721"},"_color":{"__type__":"cc.Color","r":53,"g":53,"b":53},"_contentSize":{"__type__":"cc.Size","width":120,"height":30.24},"_anchorPoint":{"__type__":"cc.Vec2","y":0.5},"_trs":{"__type__":"TypedArray","ctor":"Float64Array","array":[0,0,0,0,0,0,1,1,1,1]}},{"__type__":"cc.Node","_name":"lab_ziji_data","_parent":{"__id__":2},"_components":[{"__type__":"cc.Label","node":{"__id__":4},"_materials":[{"__uuid__":"ecpdLyjvZBwrvm+cedCcQy"}],"_useOriginalSize":false,"_string":":24","_N$string":":24","_fontSize":24,"_lineHeight":24,"_N$file":{"__uuid__":"farb0WbWZMgrGmuICOt0MU"},"_isSystemFontUsed":false,"_N$horizontalAlign":1,"_N$verticalAlign":1}],"_prefab":{"__type__":"cc.PrefabInfo","root":{"__id__":1},"asset":{"__uuid__":"d34Ri2wOlI9ZI12O5+4eNG"},"fileId":"f45RDLBblNQ6i1rDTG7hsH"},"_color":{"__type__":"cc.Color","r":53,"g":53,"b":53},"_contentSize":{"__type__":"cc.Size","width":34.17,"height":30.24},"_trs":{"__type__":"TypedArray","ctor":"Float64Array","array":[137.085,0,0,0,0,0,1,1,1,1]}},{"__type__":"cc.Node","_name":"layout_tudi","_parent":{"__id__":1},"_children":[{"__id__":6},{"__id__":7}],"_components":[{"__type__":"cc.Layout","node":{"__id__":5},"_layoutSize":{"__type__":"cc.Size","width":154.17000000000002,"height":31},"_resize":1,"_N$layoutType":1}],"_prefab":{"__type__":"cc.PrefabInfo","root":{"__id__":1},"asset":{"__uuid__":"d34Ri2wOlI9ZI12O5+4eNG"},"fileId":"9dwOmI8QdHUJLem/JtsI8z"},"_contentSize":{"__type__":"cc.Size","width":154.17000000000002,"height":31},"_anchorPoint":{"__type__":"cc.Vec2","y":0.5},"_trs":{"__type__":"TypedArray","ctor":"Float64Array","array":[-260,0.105,0,0,0,0,1,1,1,1]}},{"__type__":"cc.Node","_name":"lab_tudi","_parent":{"__id__":5},"_components":[{"__type__":"41ebaVoPpRA4Kp67XEdHfZn","node":{"__id__":6},"_materials":[{"__uuid__":"ecpdLyjvZBwrvm+cedCcQy"}],"_string":"徒弟总贡献","_N$string":"徒弟总贡献","_fontSize":24,"_lineHeight":24,"_N$file":{"__uuid__":"farb0WbWZMgrGmuICOt0MU"},"_isSystemFontUsed":false,"_N$horizontalAlign":1,"_N$verticalAlign":1,"i18n_string":"item_gxjilv_1_2"}],"_prefab":{"__type__":"cc.PrefabInfo","root":{"__id__":1},"asset":{"__uuid__":"d34Ri2wOlI9ZI12O5+4eNG"},"fileId":"43jABZ1v9Cq77XwilrFLr3"},"_color":{"__type__":"cc.Color","r":53,"g":53,"b":53},"_contentSize":{"__type__":"cc.Size","width":120,"height":30.24},"_anchorPoint":{"__type__":"cc.Vec2","y":0.5},"_trs":{"__type__":"TypedArray","ctor":"Float64Array","array":[0,0,0,0,0,0,1,1,1,1]}},{"__type__":"cc.Node","_name":"lab_tudi_data","_parent":{"__id__":5},"_components":[{"__type__":"cc.Label","node":{"__id__":7},"_materials":[{"__uuid__":"ecpdLyjvZBwrvm+cedCcQy"}],"_useOriginalSize":false,"_string":":24","_N$string":":24","_fontSize":24,"_lineHeight":24,"_N$file":{"__uuid__":"farb0WbWZMgrGmuICOt0MU"},"_isSystemFontUsed":false,"_N$horizontalAlign":1,"_N$verticalAlign":1}],"_prefab":{"__type__":"cc.PrefabInfo","root":{"__id__":1},"asset":{"__uuid__":"d34Ri2wOlI9ZI12O5+4eNG"},"fileId":"48/2i++TpMmIESJsRdHeqN"},"_color":{"__type__":"cc.Color","r":53,"g":53,"b":53},"_contentSize":{"__type__":"cc.Size","width":34.17,"height":30.24},"_trs":{"__type__":"TypedArray","ctor":"Float64Array","array":[137.085,-0.105,0,0,0,0,1,1,1,1]}},{"__type__":"cc.Node","_name":"layout_tusun","_parent":{"__id__":1},"_children":[{"__id__":9},{"__id__":10}],"_components":[{"__type__":"cc.Layout","node":{"__id__":8},"_layoutSize":{"__type__":"cc.Size","width":154.17000000000002,"height":31},"_resize":1,"_N$layoutType":1}],"_prefab":{"__type__":"cc.PrefabInfo","root":{"__id__":1},"asset":{"__uuid__":"d34Ri2wOlI9ZI12O5+4eNG"},"fileId":"c46w9A89hBY65NgzboILTX"},"_contentSize":{"__type__":"cc.Size","width":154.17000000000002,"height":31},"_anchorPoint":{"__type__":"cc.Vec2","y":0.5},"_trs":{"__type__":"TypedArray","ctor":"Float64Array","array":[-260,-46,0,0,0,0,1,1,1,1]}},{"__type__":"cc.Node","_name":"lab_tusun","_parent":{"__id__":8},"_components":[{"__type__":"41ebaVoPpRA4Kp67XEdHfZn","node":{"__id__":9},"_materials":[{"__uuid__":"ecpdLyjvZBwrvm+cedCcQy"}],"_string":"徒孙总贡献","_N$string":"徒孙总贡献","_fontSize":24,"_lineHeight":24,"_N$file":{"__uuid__":"farb0WbWZMgrGmuICOt0MU"},"_isSystemFontUsed":false,"i18n_string":"item_gxjilv_1_3"}],"_prefab":{"__type__":"cc.PrefabInfo","root":{"__id__":1},"asset":{"__uuid__":"d34Ri2wOlI9ZI12O5+4eNG"},"fileId":"0dUFdNOVxF3aBIKwmbqzp6"},"_color":{"__type__":"cc.Color","r":53,"g":53,"b":53},"_contentSize":{"__type__":"cc.Size","width":120,"height":30.24},"_anchorPoint":{"__type__":"cc.Vec2","y":0.5},"_trs":{"__type__":"TypedArray","ctor":"Float64Array","array":[0,0,0,0,0,0,1,1,1,1]}},{"__type__":"cc.Node","_name":"lab_tusun_data","_parent":{"__id__":8},"_components":[{"__type__":"cc.Label","node":{"__id__":10},"_materials":[{"__uuid__":"ecpdLyjvZBwrvm+cedCcQy"}],"_useOriginalSize":false,"_string":":24","_N$string":":24","_fontSize":24,"_lineHeight":24,"_N$file":{"__uuid__":"farb0WbWZMgrGmuICOt0MU"},"_isSystemFontUsed":false,"_N$horizontalAlign":1,"_N$verticalAlign":1}],"_prefab":{"__type__":"cc.PrefabInfo","root":{"__id__":1},"asset":{"__uuid__":"d34Ri2wOlI9ZI12O5+4eNG"},"fileId":"b4KyaU+zNAd4Yd0jGlaIqB"},"_color":{"__type__":"cc.Color","r":53,"g":53,"b":53},"_contentSize":{"__type__":"cc.Size","width":34.17,"height":30.24},"_trs":{"__type__":"TypedArray","ctor":"Float64Array","array":[137.085,3,0,0,0,0,1,1,1,1]}},{"__type__":"cc.Node","_name":"bg_riqi","_parent":{"__id__":1},"_children":[{"__id__":12}],"_components":[{"__type__":"cc.Sprite","_name":"bg_riqi<Sprite>","node":{"__id__":11},"_materials":[{"__uuid__":"ecpdLyjvZBwrvm+cedCcQy"}],"_spriteFrame":{"__uuid__":"b0gPHpiTpOuY0frZjzgXfe"},"_type":1,"_sizeMode":0},{"__type__":"cc.Layout","node":{"__id__":11},"_layoutSize":{"__type__":"cc.Size","width":120.85,"height":50},"_resize":1,"_N$layoutType":1,"_N$paddingLeft":20,"_N$paddingRight":20}],"_prefab":{"__type__":"cc.PrefabInfo","root":{"__id__":1},"asset":{"__uuid__":"d34Ri2wOlI9ZI12O5+4eNG"},"fileId":"ff4kcsZbJKhr3oEToWAeC9"},"_contentSize":{"__type__":"cc.Size","width":120.85,"height":50},"_trs":{"__type__":"TypedArray","ctor":"Float64Array","array":[147,35,0,0,0,0,1,1,1,1]}},{"__type__":"cc.Node","_name":"lab_riqi","_parent":{"__id__":11},"_components":[{"__type__":"cc.Label","_name":"daydata<Label>","node":{"__id__":12},"_materials":[{"__uuid__":"ecpdLyjvZBwrvm+cedCcQy"}],"_useOriginalSize":false,"_string":"1月12日","_N$string":"1月12日","_fontSize":22,"_lineHeight":22,"_N$file":{"__uuid__":"41fwEWuyVLWaqNiOyZwKIo"},"_isSystemFontUsed":false,"_N$horizontalAlign":1,"_N$verticalAlign":1}],"_prefab":{"__type__":"cc.PrefabInfo","root":{"__id__":1},"asset":{"__uuid__":"d34Ri2wOlI9ZI12O5+4eNG"},"fileId":"10y3RLAHNHs7MZVc0dVk9g"},"_contentSize":{"__type__":"cc.Size","width":80.85,"height":22},"_trs":{"__type__":"TypedArray","ctor":"Float64Array","array":[0,0,0,0,0,0,1,1,1,1]}},{"__type__":"cc.Node","_name":"layout_zongji","_parent":{"__id__":1},"_children":[{"__id__":14},{"__id__":15}],"_components":[{"__type__":"cc.Layout","node":{"__id__":13},"_layoutSize":{"__type__":"cc.Size","width":82.17,"height":31},"_resize":1,"_N$layoutType":1}],"_prefab":{"__type__":"cc.PrefabInfo","root":{"__id__":1},"asset":{"__uuid__":"d34Ri2wOlI9ZI12O5+4eNG"},"fileId":"20B9SmJJ9K+KfctPlf+8En"},"_contentSize":{"__type__":"cc.Size","width":82.17,"height":31},"_anchorPoint":{"__type__":"cc.Vec2","y":0.5},"_trs":{"__type__":"TypedArray","ctor":"Float64Array","array":[104,-46,0,0,0,0,1,1,1,1]}},{"__type__":"cc.Node","_name":"lab_zongji","_parent":{"__id__":13},"_components":[{"__type__":"41ebaVoPpRA4Kp67XEdHfZn","node":{"__id__":14},"_materials":[{"__uuid__":"ecpdLyjvZBwrvm+cedCcQy"}],"_string":"总计","_N$string":"总计","_fontSize":24,"_lineHeight":24,"_N$file":{"__uuid__":"farb0WbWZMgrGmuICOt0MU"},"_isSystemFontUsed":false,"_N$horizontalAlign":1,"_N$verticalAlign":1,"i18n_string":"item_gxjilv_1_5"}],"_prefab":{"__type__":"cc.PrefabInfo","root":{"__id__":1},"asset":{"__uuid__":"d34Ri2wOlI9ZI12O5+4eNG"},"fileId":"e0qg2ZpUNDz6n/9kBOw8dL"},"_color":{"__type__":"cc.Color","r":53,"g":53,"b":53},"_contentSize":{"__type__":"cc.Size","width":48,"height":30.24},"_anchorPoint":{"__type__":"cc.Vec2","y":0.5},"_trs":{"__type__":"TypedArray","ctor":"Float64Array","array":[0,0,0,0,0,0,1,1,1,1]}},{"__type__":"cc.Node","_name":"lab_zongji_data","_parent":{"__id__":13},"_components":[{"__type__":"cc.Label","node":{"__id__":15},"_materials":[{"__uuid__":"ecpdLyjvZBwrvm+cedCcQy"}],"_useOriginalSize":false,"_string":":24","_N$string":":24","_fontSize":24,"_lineHeight":24,"_N$file":{"__uuid__":"farb0WbWZMgrGmuICOt0MU"},"_isSystemFontUsed":false,"_N$horizontalAlign":1,"_N$verticalAlign":1}],"_prefab":{"__type__":"cc.PrefabInfo","root":{"__id__":1},"asset":{"__uuid__":"d34Ri2wOlI9ZI12O5+4eNG"},"fileId":"85xlZg3qZMyKZvwi1vSP73"},"_color":{"__type__":"cc.Color","r":53,"g":53,"b":53},"_contentSize":{"__type__":"cc.Size","width":34.17,"height":30.24},"_trs":{"__type__":"TypedArray","ctor":"Float64Array","array":[65.08500000000001,-1,0,0,0,0,1,1,1,1]}}]]