[{"__type__":"cc.SpriteAtlas","_name":"paodan4.plist","_spriteFrames":{"1":{"__uuid__":"d7AwGzRN5CR5aCXJva+hlw"},"2":{"__uuid__":"c8gC8HAcBJtrm0HCrB2qrg"},"3":{"__uuid__":"b0vVH2N+hNbI7r34MkUtb4"},"4":{"__uuid__":"b9um8swVFIf5aDq8PVnPO7"}}},{"__type__":"cc.SpriteFrame","content":{"name":"3","texture":"2baqZVd69L2aU8KK8LmBxO","rect":[83,1,80,80],"offset":[0,0],"originalSize":[80,80],"capInsets":[0,0,0,0]}},{"__type__":"cc.SpriteFrame","content":{"name":"4","texture":"2baqZVd69L2aU8KK8LmBxO","rect":[83,83,80,80],"offset":[0,0],"originalSize":[80,80],"capInsets":[0,0,0,0]}},{"__type__":"cc.SpriteFrame","content":{"name":"2","texture":"2baqZVd69L2aU8KK8LmBxO","rect":[1,1,80,80],"offset":[0,0],"originalSize":[80,80],"capInsets":[0,0,0,0]}},{"__type__":"cc.SpriteFrame","content":{"name":"1","texture":"2baqZVd69L2aU8KK8LmBxO","rect":[1,83,80,80],"offset":[0,0],"originalSize":[80,80],"capInsets":[0,0,0,0]}},[{"__type__":"cc.Prefab","_name":"paodan4","data":{"__id__":1}},{"__type__":"cc.Node","_name":"paodan4","_children":[{"__id__":2}],"_components":[{"__type__":"5afc6c45GFEV7OsV80k40OS","node":{"__id__":1}}],"_prefab":{"__type__":"cc.PrefabInfo","root":{"__id__":1},"asset":{"__uuid__":"eaagBWfmNEuqs+vZVyt/rJ"},"fileId":"ecd7uEYC5Jyr88y889vHzB"},"_contentSize":{"__type__":"cc.Size","width":80,"height":80},"_trs":{"__type__":"TypedArray","ctor":"Float64Array","array":[0,0,0,0,0,0,1,1,1,1]}},{"__type__":"cc.Node","_name":"padanSpr","_parent":{"__id__":1},"_components":[{"__type__":"cc.Sprite","node":{"__id__":2},"_materials":[{"__uuid__":"ecpdLyjvZBwrvm+cedCcQy"}],"_spriteFrame":{"__uuid__":"b9um8swVFIf5aDq8PVnPO7"}}],"_prefab":{"__type__":"cc.PrefabInfo","root":{"__id__":1},"asset":{"__uuid__":"eaagBWfmNEuqs+vZVyt/rJ"},"fileId":"433lTvEDNHtIMjS9zT9uWG"},"_contentSize":{"__type__":"cc.Size","width":80,"height":80},"_trs":{"__type__":"TypedArray","ctor":"Float64Array","array":[0,0,0,0,0,0,1,1,1,1]}}]]