[{"__type__":"cc.SpriteFrame","content":{"name":"touxiangkuang","texture":"70uZhxIuNEn4cyfrG7FT01","rect":[853,87,84,84],"offset":[0,0],"originalSize":[84,84],"capInsets":[0,0,0,0]}},{"__type__":"cc.SpriteFrame","content":{"name":"bg_xiao","texture":"c6ZGjV9tNKqbnxaBNcj5DE","rect":[0,0,657,640],"offset":[-0.5,0],"originalSize":[658,640],"capInsets":[0,0,0,0]}},[{"__type__":"cc.Prefab","_name":"myteacher_layer","data":{"__id__":1}},{"__type__":"cc.Node","_name":"myteacher_layer","_children":[{"__id__":2},{"__id__":3}],"_components":[{"__type__":"cc.Widget","node":{"__id__":1},"_alignFlags":45},{"__type__":"98e7fPXn9RNooRG5TWcdtom","node":{"__id__":1}}],"_prefab":{"__type__":"cc.PrefabInfo","root":{"__id__":1},"asset":{"__uuid__":"35M4bPJ4hJiriSep4iMvNR"},"fileId":"c2XIaCjNtKu78zavIL8ibB"},"_contentSize":{"__type__":"cc.Size","width":750,"height":1334},"_trs":{"__type__":"TypedArray","ctor":"Float64Array","array":[375,667,0,0,0,0,1,1,1,1]}},{"__type__":"cc.Node","_name":"mask","_parent":{"__id__":1},"_components":[{"__type__":"cc.Sprite","node":{"__id__":2},"_materials":[{"__uuid__":"ecpdLyjvZBwrvm+cedCcQy"}],"_spriteFrame":{"__uuid__":"a2MjXRFdtLlYQ5ouAFv/+R"},"_sizeMode":0},{"__type__":"cc.Widget","node":{"__id__":2},"_alignFlags":45,"_originalWidth":40,"_originalHeight":36},{"__type__":"cc.BlockInputEvents","node":{"__id__":2}}],"_prefab":{"__type__":"cc.PrefabInfo","root":{"__id__":1},"asset":{"__uuid__":"35M4bPJ4hJiriSep4iMvNR"},"fileId":"76zAMt0WFC3Llwxt7KwWzV"},"_opacity":130,"_color":{"__type__":"cc.Color"},"_contentSize":{"__type__":"cc.Size","width":750,"height":1334},"_trs":{"__type__":"TypedArray","ctor":"Float64Array","array":[0,0,0,0,0,0,1,1,1,1]}},{"__type__":"cc.Node","_name":"bgNode","_parent":{"__id__":1},"_children":[{"__id__":4},{"__id__":6},{"__id__":7}],"_components":[{"__type__":"cc.Sprite","node":{"__id__":3},"_materials":[{"__uuid__":"ecpdLyjvZBwrvm+cedCcQy"}],"_spriteFrame":{"__uuid__":"1diSJI4F1EnIfhjsBkEDQ1"}}],"_prefab":{"__type__":"cc.PrefabInfo","root":{"__id__":1},"asset":{"__uuid__":"35M4bPJ4hJiriSep4iMvNR"},"fileId":"00ZEOMPf5GIp2jhusTLzAY"},"_contentSize":{"__type__":"cc.Size","width":657,"height":640},"_trs":{"__type__":"TypedArray","ctor":"Float64Array","array":[-1,12,0,0,0,0,1,1,1,1]}},{"__type__":"cc.Node","_name":"pic_wodeshifu","_parent":{"__id__":3},"_children":[{"__id__":5}],"_components":[{"__type__":"cc.Sprite","node":{"__id__":4},"_materials":[{"__uuid__":"ecpdLyjvZBwrvm+cedCcQy"}],"_spriteFrame":{"__uuid__":"cdEvF//9tDQ7A6VuL1Xfzj"}}],"_prefab":{"__type__":"cc.PrefabInfo","root":{"__id__":1},"asset":{"__uuid__":"35M4bPJ4hJiriSep4iMvNR"},"fileId":"62za2IdiVEbZn1p1bkHxsA"},"_contentSize":{"__type__":"cc.Size","width":304,"height":110},"_trs":{"__type__":"TypedArray","ctor":"Float64Array","array":[0,283,0,0,0,0,1,1,1,1]}},{"__type__":"cc.Node","_name":"font_title","_parent":{"__id__":4},"_components":[{"__type__":"41ebaVoPpRA4Kp67XEdHfZn","node":{"__id__":5},"_materials":[{"__uuid__":"ecpdLyjvZBwrvm+cedCcQy"}],"_string":"我的师傅","_N$string":"我的师傅","_fontSize":50,"_lineHeight":50,"_N$file":{"__uuid__":"farb0WbWZMgrGmuICOt0MU"},"_isSystemFontUsed":false,"i18n_string":"myteacher_layer_1_1"},{"__type__":"cc.LabelOutline","node":{"__id__":5},"_color":{"__type__":"cc.Color","r":117,"g":59,"b":23},"_width":5}],"_prefab":{"__type__":"cc.PrefabInfo","root":{"__id__":1},"asset":{"__uuid__":"35M4bPJ4hJiriSep4iMvNR"},"fileId":"17jHRgTAtJ2oFnYEmQJBwP"},"_contentSize":{"__type__":"cc.Size","width":210,"height":73},"_trs":{"__type__":"TypedArray","ctor":"Float64Array","array":[0,0,0,0,0,0,1,1,1,1]}},{"__type__":"cc.Node","_name":"ic_guanbi2","_parent":{"__id__":3},"_components":[{"__type__":"cc.Sprite","node":{"__id__":6},"_materials":[{"__uuid__":"ecpdLyjvZBwrvm+cedCcQy"}],"_spriteFrame":{"__uuid__":"5c4o7no3NMH7pZupb0latf"}},{"__type__":"cc.Button","node":{"__id__":6},"_normalMaterial":{"__uuid__":"ecpdLyjvZBwrvm+cedCcQy"},"duration":0,"zoomScale":0.9,"_N$transition":3,"transition":3}],"_prefab":{"__type__":"cc.PrefabInfo","root":{"__id__":1},"asset":{"__uuid__":"35M4bPJ4hJiriSep4iMvNR"},"fileId":"3bj2JD3rxOkpaXeh3A953v"},"_contentSize":{"__type__":"cc.Size","width":84,"height":84},"_trs":{"__type__":"TypedArray","ctor":"Float64Array","array":[285,274,0,0,0,0,1,1,1,1]}},{"__type__":"cc.Node","_name":"bg_xiao_nei","_parent":{"__id__":3},"_children":[{"__id__":8},{"__id__":9},{"__id__":10},{"__id__":11},{"__id__":14},{"__id__":17}],"_components":[{"__type__":"cc.Sprite","node":{"__id__":7},"_materials":[{"__uuid__":"ecpdLyjvZBwrvm+cedCcQy"}],"_spriteFrame":{"__uuid__":"7cf1UlLmNJEaR8GVffqggr"}}],"_prefab":{"__type__":"cc.PrefabInfo","root":{"__id__":1},"asset":{"__uuid__":"35M4bPJ4hJiriSep4iMvNR"},"fileId":"69CVbRXxBNqKzuwUlSg8W8"},"_contentSize":{"__type__":"cc.Size","width":600,"height":489},"_trs":{"__type__":"TypedArray","ctor":"Float64Array","array":[0,-47,0,0,0,0,1,1,1,1]}},{"__type__":"cc.Node","_name":"userimg","_parent":{"__id__":7},"_components":[{"__type__":"cc.Sprite","node":{"__id__":8},"_materials":[{"__uuid__":"ecpdLyjvZBwrvm+cedCcQy"}],"_sizeMode":0}],"_prefab":{"__type__":"cc.PrefabInfo","root":{"__id__":1},"asset":{"__uuid__":"35M4bPJ4hJiriSep4iMvNR"},"fileId":"44LEqqYb5HVrB5O0v15z5z"},"_contentSize":{"__type__":"cc.Size","width":95,"height":95},"_trs":{"__type__":"TypedArray","ctor":"Float64Array","array":[-196,109,0,0,0,0,1,1,1,1]}},{"__type__":"cc.Node","_name":"touxiangkuang","_parent":{"__id__":7},"_components":[{"__type__":"cc.Sprite","node":{"__id__":9},"_materials":[{"__uuid__":"ecpdLyjvZBwrvm+cedCcQy"}],"_spriteFrame":{"__uuid__":"15pdCoZrhLV5x1lM53op2p"},"_sizeMode":0}],"_prefab":{"__type__":"cc.PrefabInfo","root":{"__id__":1},"asset":{"__uuid__":"35M4bPJ4hJiriSep4iMvNR"},"fileId":"44Kk/cfmJN8KjMNgD3ZHm7"},"_contentSize":{"__type__":"cc.Size","width":120,"height":120},"_trs":{"__type__":"TypedArray","ctor":"Float64Array","array":[-196,109,0,0,0,0,1,1,1,1]}},{"__type__":"cc.Node","_name":"username","_parent":{"__id__":7},"_components":[{"__type__":"cc.Label","node":{"__id__":10},"_materials":[{"__uuid__":"ecpdLyjvZBwrvm+cedCcQy"}],"_useOriginalSize":false,"_string":"NAME","_N$string":"NAME","_fontSize":30,"_lineHeight":30,"_N$file":{"__uuid__":"farb0WbWZMgrGmuICOt0MU"},"_isSystemFontUsed":false,"_N$verticalAlign":1}],"_prefab":{"__type__":"cc.PrefabInfo","root":{"__id__":1},"asset":{"__uuid__":"35M4bPJ4hJiriSep4iMvNR"},"fileId":"d6oWXy/MBGb73N65Zc3Qi3"},"_color":{"__type__":"cc.Color","r":93,"g":44,"b":11},"_contentSize":{"__type__":"cc.Size","width":95.19,"height":37.8},"_anchorPoint":{"__type__":"cc.Vec2","y":0.5},"_trs":{"__type__":"TypedArray","ctor":"Float64Array","array":[-62,156,0,0,0,0,1,1,1,1]}},{"__type__":"cc.Node","_name":"layout_jiazu","_parent":{"__id__":7},"_children":[{"__id__":12},{"__id__":13}],"_components":[{"__type__":"cc.Layout","node":{"__id__":11},"_layoutSize":{"__type__":"cc.Size","width":161.49,"height":32},"_resize":1,"_N$layoutType":1,"_N$spacingX":5}],"_prefab":{"__type__":"cc.PrefabInfo","root":{"__id__":1},"asset":{"__uuid__":"35M4bPJ4hJiriSep4iMvNR"},"fileId":"e14fe7yGxHH6p4KfNmLiiO"},"_contentSize":{"__type__":"cc.Size","width":161.49,"height":32},"_anchorPoint":{"__type__":"cc.Vec2","y":0.5},"_trs":{"__type__":"TypedArray","ctor":"Float64Array","array":[-63,115,0,0,0,0,1,1,1,1]}},{"__type__":"cc.Node","_name":"lab_jiazu","_parent":{"__id__":11},"_components":[{"__type__":"41ebaVoPpRA4Kp67XEdHfZn","node":{"__id__":12},"_materials":[{"__uuid__":"ecpdLyjvZBwrvm+cedCcQy"}],"_string":"他的家族","_N$string":"他的家族","_fontSize":25,"_lineHeight":25,"_N$file":{"__uuid__":"farb0WbWZMgrGmuICOt0MU"},"_isSystemFontUsed":false,"_N$verticalAlign":1,"i18n_string":"myteacher_layer_1_2"}],"_prefab":{"__type__":"cc.PrefabInfo","root":{"__id__":1},"asset":{"__uuid__":"35M4bPJ4hJiriSep4iMvNR"},"fileId":"a4SEJPYeBDdo1Zj6QEz2kA"},"_color":{"__type__":"cc.Color","r":93,"g":44,"b":11},"_contentSize":{"__type__":"cc.Size","width":100,"height":31.5},"_anchorPoint":{"__type__":"cc.Vec2","y":0.5},"_trs":{"__type__":"TypedArray","ctor":"Float64Array","array":[0,0,0,0,0,0,1,1,1,1]}},{"__type__":"cc.Node","_name":"lab_jiazu_data","_parent":{"__id__":11},"_components":[{"__type__":"cc.Label","node":{"__id__":13},"_materials":[{"__uuid__":"ecpdLyjvZBwrvm+cedCcQy"}],"_useOriginalSize":false,"_string":":lv.2","_N$string":":lv.2","_fontSize":25,"_lineHeight":25,"_N$file":{"__uuid__":"farb0WbWZMgrGmuICOt0MU"},"_isSystemFontUsed":false,"_N$horizontalAlign":1,"_N$verticalAlign":1}],"_prefab":{"__type__":"cc.PrefabInfo","root":{"__id__":1},"asset":{"__uuid__":"35M4bPJ4hJiriSep4iMvNR"},"fileId":"37a3MU5GhHTYF9BqUfIHR1"},"_color":{"__type__":"cc.Color","r":93,"g":44,"b":11},"_contentSize":{"__type__":"cc.Size","width":56.49,"height":31.5},"_trs":{"__type__":"TypedArray","ctor":"Float64Array","array":[133.245,0,0,0,0,0,1,1,1,1]}},{"__type__":"cc.Node","_name":"layout_tudi","_parent":{"__id__":7},"_children":[{"__id__":15},{"__id__":16}],"_components":[{"__type__":"cc.Layout","node":{"__id__":14},"_layoutSize":{"__type__":"cc.Size","width":161.49,"height":32},"_resize":1,"_N$layoutType":1,"_N$spacingX":5}],"_prefab":{"__type__":"cc.PrefabInfo","root":{"__id__":1},"asset":{"__uuid__":"35M4bPJ4hJiriSep4iMvNR"},"fileId":"36WM8BamxNxYmpQXDgn7WP"},"_contentSize":{"__type__":"cc.Size","width":161.49,"height":32},"_anchorPoint":{"__type__":"cc.Vec2","y":0.5},"_trs":{"__type__":"TypedArray","ctor":"Float64Array","array":[-63,71,0,0,0,0,1,1,1,1]}},{"__type__":"cc.Node","_name":"lab_tudi_num","_parent":{"__id__":14},"_components":[{"__type__":"41ebaVoPpRA4Kp67XEdHfZn","node":{"__id__":15},"_materials":[{"__uuid__":"ecpdLyjvZBwrvm+cedCcQy"}],"_string":"徒弟人数","_N$string":"徒弟人数","_fontSize":25,"_lineHeight":25,"_N$file":{"__uuid__":"farb0WbWZMgrGmuICOt0MU"},"_isSystemFontUsed":false,"_N$verticalAlign":1,"i18n_string":"myteacher_layer_1_3"}],"_prefab":{"__type__":"cc.PrefabInfo","root":{"__id__":1},"asset":{"__uuid__":"35M4bPJ4hJiriSep4iMvNR"},"fileId":"697z5vY+BPWa6X8mXfT3Fp"},"_color":{"__type__":"cc.Color","r":93,"g":44,"b":11},"_contentSize":{"__type__":"cc.Size","width":100,"height":31.5},"_anchorPoint":{"__type__":"cc.Vec2","y":0.5},"_trs":{"__type__":"TypedArray","ctor":"Float64Array","array":[0,0,0,0,0,0,1,1,1,1]}},{"__type__":"cc.Node","_name":"lab_tudi_num_data","_parent":{"__id__":14},"_components":[{"__type__":"cc.Label","node":{"__id__":16},"_materials":[{"__uuid__":"ecpdLyjvZBwrvm+cedCcQy"}],"_useOriginalSize":false,"_string":":lv.2","_N$string":":lv.2","_fontSize":25,"_lineHeight":25,"_N$file":{"__uuid__":"farb0WbWZMgrGmuICOt0MU"},"_isSystemFontUsed":false,"_N$horizontalAlign":1,"_N$verticalAlign":1}],"_prefab":{"__type__":"cc.PrefabInfo","root":{"__id__":1},"asset":{"__uuid__":"35M4bPJ4hJiriSep4iMvNR"},"fileId":"4dITfQsK9N4bgfmNeCw1NQ"},"_color":{"__type__":"cc.Color","r":93,"g":44,"b":11},"_contentSize":{"__type__":"cc.Size","width":56.49,"height":31.5},"_trs":{"__type__":"TypedArray","ctor":"Float64Array","array":[133.245,-2.139,0,0,0,0,1,1,1,1]}},{"__type__":"cc.Node","_name":"btn_anniu","_parent":{"__id__":7},"_children":[{"__id__":18}],"_components":[{"__type__":"cc.Sprite","node":{"__id__":17},"_materials":[{"__uuid__":"ecpdLyjvZBwrvm+cedCcQy"}],"_spriteFrame":{"__uuid__":"a4ubWZ+5tD/5uKeRUTQzdm"},"_type":1},{"__type__":"cc.Button","node":{"__id__":17},"_normalMaterial":{"__uuid__":"ecpdLyjvZBwrvm+cedCcQy"},"duration":0,"zoomScale":0.9,"_N$transition":3,"transition":3}],"_prefab":{"__type__":"cc.PrefabInfo","root":{"__id__":1},"asset":{"__uuid__":"35M4bPJ4hJiriSep4iMvNR"},"fileId":"d0/MAjlRtDobCSM7RapMbg"},"_contentSize":{"__type__":"cc.Size","width":230,"height":80},"_trs":{"__type__":"TypedArray","ctor":"Float64Array","array":[0,-152,0,0,0,0,1,1,1,1]}},{"__type__":"cc.Node","_name":"btn_anniufont","_parent":{"__id__":17},"_components":[{"__type__":"41ebaVoPpRA4Kp67XEdHfZn","node":{"__id__":18},"_materials":[{"__uuid__":"ecpdLyjvZBwrvm+cedCcQy"}],"_string":"确定","_N$string":"确定","_N$file":{"__uuid__":"farb0WbWZMgrGmuICOt0MU"},"_isSystemFontUsed":false,"_N$verticalAlign":1,"i18n_string":"myteacher_layer_1_4"},{"__type__":"cc.LabelOutline","node":{"__id__":18},"_color":{"__type__":"cc.Color","r":64,"g":22,"b":9},"_width":2}],"_prefab":{"__type__":"cc.PrefabInfo","root":{"__id__":1},"asset":{"__uuid__":"35M4bPJ4hJiriSep4iMvNR"},"fileId":"ddrRDbnKtGO4Eh+lXcioeA"},"_contentSize":{"__type__":"cc.Size","width":84,"height":54.4},"_trs":{"__type__":"TypedArray","ctor":"Float64Array","array":[0,1,0,0,0,0,1,1,1,1]}}],{"__type__":"cc.SpriteFrame","content":{"name":"ic_guanbi2","texture":"02krqH8i1AdZB/lC2WegR2","rect":[789,371,84,84],"offset":[0,0],"originalSize":[84,84],"capInsets":[0,0,0,0]}},{"__type__":"cc.SpriteFrame","content":{"name":"bg_xiao_nei","texture":"f4vjHC5+VGWrsOJQJq5mr0","rect":[0,0,600,489],"offset":[0,0.5],"originalSize":[600,490],"capInsets":[58,62.5,58,62.5]}},{"__type__":"cc.SpriteFrame","content":{"name":"default_sprite_splash","texture":"02delMVqdBD70a/HSD99FK","rect":[0,0,2,2],"offset":[0,0],"originalSize":[2,2],"capInsets":[0,0,0,0]}},{"__type__":"cc.SpriteFrame","content":{"name":"btn_anniu","texture":"70uZhxIuNEn4cyfrG7FT01","rect":[575,856,230,80],"offset":[0,0],"originalSize":[230,80],"capInsets":[50,30,50,28]}},{"__type__":"cc.SpriteFrame","content":{"name":"img_title","texture":"36otX/aM1E4Zo+o68pRLtJ","rect":[1,1,304,110],"offset":[0,0],"originalSize":[304,110],"capInsets":[0,0,0,0]}}]