[{"__type__":"cc.SpriteFrame","content":{"name":"ic_yiwen","texture":"d8A2ZJZatHjIRSNEHyQEva","rect":[119,821,34,34],"offset":[0,0],"originalSize":[34,34],"capInsets":[0,0,0,0]}},{"__type__":"cc.SpriteFrame","content":{"name":"btn_huang","texture":"36otX/aM1E4Zo+o68pRLtJ","rect":[367,1,146,52],"offset":[0,0],"originalSize":[150,56],"rotated":1,"capInsets":[23,15,23,16]}},{"__type__":"cc.SpriteFrame","content":{"name":"bg_paowangfenhong","texture":"d8A2ZJZatHjIRSNEHyQEva","rect":[1,1,700,292],"offset":[0,0],"originalSize":[700,292],"capInsets":[0,0,0,0]}},{"__type__":"cc.SpriteFrame","content":{"name":"bg_fenhong","texture":"c4zfVUHDBAk50g7EqkxFy/","rect":[0,0,750,1334],"offset":[0,0],"originalSize":[750,1334],"capInsets":[0,0,0,0]}},{"__type__":"cc.SpriteFrame","content":{"name":"bg_wanjiafenhong","texture":"d8A2ZJZatHjIRSNEHyQEva","rect":[1,437,700,180],"offset":[0,0],"originalSize":[700,180],"capInsets":[0,0,0,0]}},{"__type__":"cc.SpriteFrame","content":{"name":"pic_jindu","texture":"cadhw0hxpN0pZAs3RLMN8l","rect":[307,561,266,20],"offset":[0,0],"originalSize":[266,20],"capInsets":[10,0,10,0]}},[{"__type__":"cc.Prefab","_name":"fenhong_layer","data":{"__id__":1}},{"__type__":"cc.Node","_name":"fenhong_layer","_children":[{"__id__":2},{"__id__":3}],"_components":[{"__type__":"cc.Widget","node":{"__id__":1},"_alignFlags":45},{"__type__":"21b6bPcq4tBW7LZbKmHSCQh","node":{"__id__":1}}],"_prefab":{"__type__":"cc.PrefabInfo","root":{"__id__":1},"asset":{"__uuid__":"76GsZ8V1VLW6QMnJY/BUxB"},"fileId":"4dlDf5QKNMFr3gsB69/FJT"},"_contentSize":{"__type__":"cc.Size","width":750,"height":1334},"_trs":{"__type__":"TypedArray","ctor":"Float64Array","array":[375,667,0,0,0,0,1,1,1,1]}},{"__type__":"cc.Node","_name":"mask","_parent":{"__id__":1},"_components":[{"__type__":"cc.Sprite","node":{"__id__":2},"_materials":[{"__uuid__":"ecpdLyjvZBwrvm+cedCcQy"}],"_spriteFrame":{"__uuid__":"a2MjXRFdtLlYQ5ouAFv/+R"},"_sizeMode":0},{"__type__":"cc.Widget","node":{"__id__":2},"_alignFlags":45,"_originalWidth":40,"_originalHeight":36},{"__type__":"cc.BlockInputEvents","node":{"__id__":2}}],"_prefab":{"__type__":"cc.PrefabInfo","root":{"__id__":1},"asset":{"__uuid__":"76GsZ8V1VLW6QMnJY/BUxB"},"fileId":"bcRO2Mu5xK/b7VO62BAaqS"},"_opacity":130,"_color":{"__type__":"cc.Color"},"_contentSize":{"__type__":"cc.Size","width":750,"height":1334},"_trs":{"__type__":"TypedArray","ctor":"Float64Array","array":[0,0,0,0,0,0,1,1,1,1]}},{"__type__":"cc.Node","_name":"bgNode","_parent":{"__id__":1},"_children":[{"__id__":4},{"__id__":8}],"_components":[{"__type__":"cc.Sprite","node":{"__id__":3},"_materials":[{"__uuid__":"ecpdLyjvZBwrvm+cedCcQy"}],"_spriteFrame":{"__uuid__":"5fiW5TdPNFQrLYe8Dc9v7a"},"_sizeMode":0},{"__type__":"cc.Widget","node":{"__id__":3},"_alignFlags":45,"_originalWidth":40,"_originalHeight":36}],"_prefab":{"__type__":"cc.PrefabInfo","root":{"__id__":1},"asset":{"__uuid__":"76GsZ8V1VLW6QMnJY/BUxB"},"fileId":"72y4b/VXJMZpXOiNtAE1yk"},"_contentSize":{"__type__":"cc.Size","width":750,"height":1334},"_trs":{"__type__":"TypedArray","ctor":"Float64Array","array":[0,0,0,0,0,0,1,1,1,1]}},{"__type__":"cc.Node","_name":"bg_top","_parent":{"__id__":3},"_children":[{"__id__":5},{"__id__":7}],"_components":[{"__type__":"cc.Sprite","node":{"__id__":4},"_materials":[{"__uuid__":"ecpdLyjvZBwrvm+cedCcQy"}],"_spriteFrame":{"__uuid__":"feCv91WZxEWLnx1LRJtN7e"}},{"__type__":"cc.Widget","node":{"__id__":4},"_alignFlags":1}],"_prefab":{"__type__":"cc.PrefabInfo","root":{"__id__":1},"asset":{"__uuid__":"76GsZ8V1VLW6QMnJY/BUxB"},"fileId":"bfsM+pN0FN/IEeLR4I/qen"},"_contentSize":{"__type__":"cc.Size","width":750,"height":134},"_trs":{"__type__":"TypedArray","ctor":"Float64Array","array":[0,600,0,0,0,0,1,1,1,1]}},{"__type__":"cc.Node","_name":"ic_fanhuiNode","_parent":{"__id__":4},"_children":[{"__id__":6}],"_components":[{"__type__":"cc.Button","node":{"__id__":5},"zoomScale":0.9,"_N$transition":3,"transition":3}],"_prefab":{"__type__":"cc.PrefabInfo","root":{"__id__":1},"asset":{"__uuid__":"76GsZ8V1VLW6QMnJY/BUxB"},"fileId":"24hLt/MoBP4Zv7PQr/TE6U"},"_contentSize":{"__type__":"cc.Size","width":80,"height":80},"_trs":{"__type__":"TypedArray","ctor":"Float64Array","array":[-334,-15,0,0,0,0,1,1,1,1]}},{"__type__":"cc.Node","_name":"ic_fanhui","_parent":{"__id__":5},"_components":[{"__type__":"cc.Sprite","node":{"__id__":6},"_materials":[{"__uuid__":"ecpdLyjvZBwrvm+cedCcQy"}],"_spriteFrame":{"__uuid__":"c5ttOZfXZIwqFR4408dIXu"}}],"_prefab":{"__type__":"cc.PrefabInfo","root":{"__id__":1},"asset":{"__uuid__":"76GsZ8V1VLW6QMnJY/BUxB"},"fileId":"6bc3hjFoFIy6l2q4PO56z9"},"_contentSize":{"__type__":"cc.Size","width":32,"height":48},"_trs":{"__type__":"TypedArray","ctor":"Float64Array","array":[-4,0,0,0,0,0,1,1,1,1]}},{"__type__":"cc.Node","_name":"title_font","_parent":{"__id__":4},"_components":[{"__type__":"41ebaVoPpRA4Kp67XEdHfZn","node":{"__id__":7},"_materials":[{"__uuid__":"ecpdLyjvZBwrvm+cedCcQy"}],"_string":"每日分红","_N$string":"每日分红","_fontSize":35,"_lineHeight":35,"_N$file":{"__uuid__":"farb0WbWZMgrGmuICOt0MU"},"_isSystemFontUsed":false,"_N$horizontalAlign":1,"_N$verticalAlign":1,"_N$overflow":1,"i18n_string":"fenhong_layer_1_1"}],"_prefab":{"__type__":"cc.PrefabInfo","root":{"__id__":1},"asset":{"__uuid__":"76GsZ8V1VLW6QMnJY/BUxB"},"fileId":"d3WSJL9NpKq7thivvxKLmJ"},"_color":{"__type__":"cc.Color","r":253,"g":248,"b":201},"_contentSize":{"__type__":"cc.Size","width":225.94,"height":51.1},"_trs":{"__type__":"TypedArray","ctor":"Float64Array","array":[0,-14,0,0,0,0,1,1,1,1]}},{"__type__":"cc.Node","_name":"ScrollView","_parent":{"__id__":3},"_children":[{"__id__":9}],"_components":[{"__type__":"cc.ScrollView","node":{"__id__":8},"horizontal":false,"inertia":false,"brake":0.75,"elastic":false,"bounceDuration":0.23,"_N$content":{"__id__":10},"content":{"__id__":10},"_N$horizontalScrollBar":null,"_N$verticalScrollBar":null},{"__type__":"cc.Widget","node":{"__id__":8},"_alignFlags":45,"_top":140,"_originalWidth":240,"_originalHeight":250}],"_prefab":{"__type__":"cc.PrefabInfo","root":{"__id__":1},"asset":{"__uuid__":"76GsZ8V1VLW6QMnJY/BUxB"},"fileId":"f6KywdyfBEp5owMEccKw4D"},"_contentSize":{"__type__":"cc.Size","width":750,"height":1194},"_trs":{"__type__":"TypedArray","ctor":"Float64Array","array":[0,-70,0,0,0,0,1,1,1,1]}},{"__type__":"cc.Node","_name":"view","_parent":{"__id__":8},"_children":[{"__id__":10}],"_components":[{"__type__":"cc.Mask","node":{"__id__":9},"_materials":[{"__uuid__":"ecpdLyjvZBwrvm+cedCcQy"}],"_N$alphaThreshold":0},{"__type__":"cc.Widget","node":{"__id__":9},"_alignFlags":45,"_originalWidth":240,"_originalHeight":250}],"_prefab":{"__type__":"cc.PrefabInfo","root":{"__id__":1},"asset":{"__uuid__":"76GsZ8V1VLW6QMnJY/BUxB"},"fileId":"f6/Z5ADgRMeYMZLjBjPEt5"},"_contentSize":{"__type__":"cc.Size","width":750,"height":1194},"_anchorPoint":{"__type__":"cc.Vec2","x":0.5,"y":1},"_trs":{"__type__":"TypedArray","ctor":"Float64Array","array":[0,597,0,0,0,0,1,1,1,1]}},{"__type__":"cc.Node","_name":"content","_parent":{"__id__":9},"_children":[{"__id__":11},{"__id__":15},{"__id__":18},{"__id__":19},{"__id__":31},{"__id__":43}],"_components":[{"__type__":"cc.Layout","node":{"__id__":10},"_enabled":false,"_layoutSize":{"__type__":"cc.Size","width":750,"height":65.2},"_resize":1,"_N$layoutType":2},{"__type__":"cc.Widget","node":{"__id__":10},"_alignFlags":40,"_top":-115.30999755859375,"_bottom":909.3099975585938,"_originalWidth":220,"_originalHeight":400}],"_prefab":{"__type__":"cc.PrefabInfo","root":{"__id__":1},"asset":{"__uuid__":"76GsZ8V1VLW6QMnJY/BUxB"},"fileId":"75/IvMz/1Aqo9i7Z5FkVf+"},"_contentSize":{"__type__":"cc.Size","width":750,"height":500},"_anchorPoint":{"__type__":"cc.Vec2","x":0.5,"y":1},"_trs":{"__type__":"TypedArray","ctor":"Float64Array","array":[0,0,0,0,0,0,1,1,1,1]}},{"__type__":"cc.Node","_name":"layout_fenhong","_parent":{"__id__":10},"_children":[{"__id__":12},{"__id__":13}],"_components":[{"__type__":"cc.Layout","node":{"__id__":11},"_layoutSize":{"__type__":"cc.Size","width":192,"height":35},"_resize":1,"_N$layoutType":1}],"_prefab":{"__type__":"cc.PrefabInfo","root":{"__id__":1},"asset":{"__uuid__":"76GsZ8V1VLW6QMnJY/BUxB"},"fileId":"36MxQcKChNi4hsC6zCmOun"},"_contentSize":{"__type__":"cc.Size","width":192,"height":35},"_anchorPoint":{"__type__":"cc.Vec2","y":0.5},"_trs":{"__type__":"TypedArray","ctor":"Float64Array","array":[-351,-75,0,0,0,0,1,1,1,1]}},{"__type__":"cc.Node","_name":"fhbal","_parent":{"__id__":11},"_components":[{"__type__":"41ebaVoPpRA4Kp67XEdHfZn","node":{"__id__":12},"_materials":[{"__uuid__":"ecpdLyjvZBwrvm+cedCcQy"}],"_string":"玩家分红","_N$string":"玩家分红","_fontSize":28,"_lineHeight":28,"_N$file":{"__uuid__":"farb0WbWZMgrGmuICOt0MU"},"_isSystemFontUsed":false,"_N$horizontalAlign":1,"_N$verticalAlign":1,"i18n_string":"fenhong_layer_1_2"}],"_prefab":{"__type__":"cc.PrefabInfo","root":{"__id__":1},"asset":{"__uuid__":"76GsZ8V1VLW6QMnJY/BUxB"},"fileId":"f4/AH1d6hMIreQAiF7yc3Y"},"_color":{"__type__":"cc.Color","r":101,"g":59,"b":30},"_contentSize":{"__type__":"cc.Size","width":112,"height":35.28},"_anchorPoint":{"__type__":"cc.Vec2","y":1},"_trs":{"__type__":"TypedArray","ctor":"Float64Array","array":[0,18,0,0,0,0,1,1,1,1]}},{"__type__":"cc.Node","_name":"ic_yiwenNode","_parent":{"__id__":11},"_children":[{"__id__":14}],"_prefab":{"__type__":"cc.PrefabInfo","root":{"__id__":1},"asset":{"__uuid__":"76GsZ8V1VLW6QMnJY/BUxB"},"fileId":"35mRS5v3FC2qpJHt7Pgs8n"},"_contentSize":{"__type__":"cc.Size","width":80,"height":80},"_trs":{"__type__":"TypedArray","ctor":"Float64Array","array":[152,1,0,0,0,0,1,1,1,1]}},{"__type__":"cc.Node","_name":"ic_yiwen","_parent":{"__id__":13},"_components":[{"__type__":"cc.Sprite","node":{"__id__":14},"_materials":[{"__uuid__":"ecpdLyjvZBwrvm+cedCcQy"}],"_spriteFrame":{"__uuid__":"09Vc7owB1Py7NmeqLMDJzB"}}],"_prefab":{"__type__":"cc.PrefabInfo","root":{"__id__":1},"asset":{"__uuid__":"76GsZ8V1VLW6QMnJY/BUxB"},"fileId":"2as7UUXENGHaO+f1ZOuwB7"},"_contentSize":{"__type__":"cc.Size","width":34,"height":34},"_trs":{"__type__":"TypedArray","ctor":"Float64Array","array":[0,0,0,0,0,0,1,1,1,1]}},{"__type__":"cc.Node","_name":"bg_wanjiafenhong","_parent":{"__id__":10},"_children":[{"__id__":16},{"__id__":17}],"_components":[{"__type__":"cc.Sprite","node":{"__id__":15},"_materials":[{"__uuid__":"ecpdLyjvZBwrvm+cedCcQy"}],"_spriteFrame":{"__uuid__":"66lR/LO29I4Kvfagom9Ll/"}}],"_prefab":{"__type__":"cc.PrefabInfo","root":{"__id__":1},"asset":{"__uuid__":"76GsZ8V1VLW6QMnJY/BUxB"},"fileId":"33vvg741hPQYZ43EVZUN+a"},"_contentSize":{"__type__":"cc.Size","width":700,"height":180},"_trs":{"__type__":"TypedArray","ctor":"Float64Array","array":[0,-206,0,0,0,0,1,1,1,1]}},{"__type__":"cc.Node","_name":"zrfhData","_parent":{"__id__":15},"_components":[{"__type__":"cc.Label","node":{"__id__":16},"_materials":[{"__uuid__":"ecpdLyjvZBwrvm+cedCcQy"}],"_useOriginalSize":false,"_string":"12.00元","_N$string":"12.00元","_N$file":{"__uuid__":"farb0WbWZMgrGmuICOt0MU"},"_isSystemFontUsed":false,"_N$horizontalAlign":1,"_N$verticalAlign":1}],"_prefab":{"__type__":"cc.PrefabInfo","root":{"__id__":1},"asset":{"__uuid__":"76GsZ8V1VLW6QMnJY/BUxB"},"fileId":"a0YvdTdGdCTZpsRSd+FTXI"},"_contentSize":{"__type__":"cc.Size","width":146.17,"height":50.4},"_trs":{"__type__":"TypedArray","ctor":"Float64Array","array":[0,18,0,0,0,0,1,1,1,1]}},{"__type__":"cc.Node","_name":"zrfhbal","_parent":{"__id__":15},"_components":[{"__type__":"41ebaVoPpRA4Kp67XEdHfZn","node":{"__id__":17},"_materials":[{"__uuid__":"ecpdLyjvZBwrvm+cedCcQy"}],"_string":"昨日玩家分红(元)","_N$string":"昨日玩家分红(元)","_fontSize":23,"_lineHeight":23,"_N$file":{"__uuid__":"farb0WbWZMgrGmuICOt0MU"},"_isSystemFontUsed":false,"_N$horizontalAlign":1,"_N$verticalAlign":1,"_N$overflow":1,"i18n_string":"fenhong_layer_1_4"}],"_prefab":{"__type__":"cc.PrefabInfo","root":{"__id__":1},"asset":{"__uuid__":"76GsZ8V1VLW6QMnJY/BUxB"},"fileId":"f8sT9at5ZJpqa8gYa5c8mO"},"_contentSize":{"__type__":"cc.Size","width":328.68,"height":41.98},"_trs":{"__type__":"TypedArray","ctor":"Float64Array","array":[0,-40,0,0,0,0,1,1,1,1]}},{"__type__":"cc.Node","_name":"yjfhbal","_parent":{"__id__":10},"_components":[{"__type__":"41ebaVoPpRA4Kp67XEdHfZn","node":{"__id__":18},"_materials":[{"__uuid__":"ecpdLyjvZBwrvm+cedCcQy"}],"_string":"炮王分红(永久每日收益)","_N$string":"炮王分红(永久每日收益)","_fontSize":28,"_lineHeight":28,"_N$file":{"__uuid__":"farb0WbWZMgrGmuICOt0MU"},"_isSystemFontUsed":false,"_N$verticalAlign":1,"_N$overflow":1,"i18n_string":"fenhong_layer_1_5"}],"_prefab":{"__type__":"cc.PrefabInfo","root":{"__id__":1},"asset":{"__uuid__":"76GsZ8V1VLW6QMnJY/BUxB"},"fileId":"88mED52LdPK5VX+wfNP9JV"},"_color":{"__type__":"cc.Color","r":101,"g":59,"b":30},"_contentSize":{"__type__":"cc.Size","width":650.83,"height":43.28},"_anchorPoint":{"__type__":"cc.Vec2","y":1},"_trs":{"__type__":"TypedArray","ctor":"Float64Array","array":[-351,-364,0,0,0,0,1,1,1,1]}},{"__type__":"cc.Node","_name":"bg_paowangfenhong","_parent":{"__id__":10},"_children":[{"__id__":20},{"__id__":21},{"__id__":25},{"__id__":26},{"__id__":27},{"__id__":28},{"__id__":29},{"__id__":30}],"_components":[{"__type__":"cc.Sprite","node":{"__id__":19},"_materials":[{"__uuid__":"ecpdLyjvZBwrvm+cedCcQy"}],"_spriteFrame":{"__uuid__":"3ehrcI22NIf6JnO5hiMbTd"}}],"_prefab":{"__type__":"cc.PrefabInfo","root":{"__id__":1},"asset":{"__uuid__":"76GsZ8V1VLW6QMnJY/BUxB"},"fileId":"3fpW/40tdCpIM7yz+GciHd"},"_contentSize":{"__type__":"cc.Size","width":700,"height":292},"_trs":{"__type__":"TypedArray","ctor":"Float64Array","array":[0,-572,0,0,0,0,1,1,1,1]}},{"__type__":"cc.Node","_name":"waybal","_parent":{"__id__":19},"_components":[{"__type__":"41ebaVoPpRA4Kp67XEdHfZn","node":{"__id__":20},"_materials":[{"__uuid__":"ecpdLyjvZBwrvm+cedCcQy"}],"_string":"什么是炮王","_N$string":"什么是炮王","_fontSize":20,"_lineHeight":20,"_N$file":{"__uuid__":"farb0WbWZMgrGmuICOt0MU"},"_isSystemFontUsed":false,"_N$verticalAlign":1,"_N$overflow":1,"i18n_string":"fenhong_layer_1_6"}],"_prefab":{"__type__":"cc.PrefabInfo","root":{"__id__":1},"asset":{"__uuid__":"76GsZ8V1VLW6QMnJY/BUxB"},"fileId":"dcRM3/ydJGZbbXqC0f02TT"},"_contentSize":{"__type__":"cc.Size","width":215.52,"height":34.2},"_anchorPoint":{"__type__":"cc.Vec2","y":0.5},"_trs":{"__type__":"TypedArray","ctor":"Float64Array","array":[-323,117,0,0,0,0,1,1,1,1]}},{"__type__":"cc.Node","_name":"fhlayout","_parent":{"__id__":19},"_children":[{"__id__":22},{"__id__":23}],"_components":[{"__type__":"cc.Layout","node":{"__id__":21},"_layoutSize":{"__type__":"cc.Size","width":247.45999999999998,"height":60},"_resize":1,"_N$layoutType":1,"_N$spacingX":33},{"__type__":"cc.BlockInputEvents","node":{"__id__":21}}],"_prefab":{"__type__":"cc.PrefabInfo","root":{"__id__":1},"asset":{"__uuid__":"76GsZ8V1VLW6QMnJY/BUxB"},"fileId":"a8wP7HY9BBdpyyJTNUPwld"},"_contentSize":{"__type__":"cc.Size","width":247.45999999999998,"height":60},"_trs":{"__type__":"TypedArray","ctor":"Float64Array","array":[78,71,0,0,0,0,1,1,1,1]}},{"__type__":"cc.Node","_name":"fhData","_parent":{"__id__":21},"_components":[{"__type__":"cc.Label","node":{"__id__":22},"_materials":[{"__uuid__":"ecpdLyjvZBwrvm+cedCcQy"}],"_useOriginalSize":false,"_string":"23元","_N$string":"23元","_N$file":{"__uuid__":"farb0WbWZMgrGmuICOt0MU"},"_isSystemFontUsed":false,"_N$horizontalAlign":1,"_N$verticalAlign":1}],"_prefab":{"__type__":"cc.PrefabInfo","root":{"__id__":1},"asset":{"__uuid__":"76GsZ8V1VLW6QMnJY/BUxB"},"fileId":"8eQpIOVjRAOp/dIya4+Flc"},"_contentSize":{"__type__":"cc.Size","width":82.46,"height":50.4},"_trs":{"__type__":"TypedArray","ctor":"Float64Array","array":[-82.5,0,0,0,0,0,1,1,1,1]}},{"__type__":"cc.Node","_name":"btn_lingxianjin","_parent":{"__id__":21},"_children":[{"__id__":24}],"_components":[{"__type__":"cc.Sprite","node":{"__id__":23},"_materials":[{"__uuid__":"ecpdLyjvZBwrvm+cedCcQy"}],"_spriteFrame":{"__uuid__":"31m6o8ff9Kf5rbYoqd2IHI"},"_type":1,"_sizeMode":0},{"__type__":"cc.Button","node":{"__id__":23},"_normalMaterial":{"__uuid__":"ecpdLyjvZBwrvm+cedCcQy"},"zoomScale":0.9,"_N$transition":3,"transition":3},{"__type__":"cc.Layout","node":{"__id__":23},"_layoutSize":{"__type__":"cc.Size","width":132,"height":52},"_resize":1,"_N$layoutType":1,"_N$paddingLeft":30,"_N$paddingRight":30}],"_prefab":{"__type__":"cc.PrefabInfo","root":{"__id__":1},"asset":{"__uuid__":"76GsZ8V1VLW6QMnJY/BUxB"},"fileId":"2ctcE2iqBBFIGiO1xK1wJ6"},"_contentSize":{"__type__":"cc.Size","width":132,"height":52},"_trs":{"__type__":"TypedArray","ctor":"Float64Array","array":[57.73,0,0,0,0,0,1,1,1,1]}},{"__type__":"cc.Node","_name":"font_lingxianjin","_parent":{"__id__":23},"_components":[{"__type__":"41ebaVoPpRA4Kp67XEdHfZn","node":{"__id__":24},"_materials":[{"__uuid__":"ecpdLyjvZBwrvm+cedCcQy"}],"_string":"领现金","_N$string":"领现金","_fontSize":24,"_lineHeight":24,"_N$file":{"__uuid__":"farb0WbWZMgrGmuICOt0MU"},"_isSystemFontUsed":false,"_N$verticalAlign":1,"i18n_string":"fenhong_layer_1_8"}],"_prefab":{"__type__":"cc.PrefabInfo","root":{"__id__":1},"asset":{"__uuid__":"76GsZ8V1VLW6QMnJY/BUxB"},"fileId":"6e7ZNhHxdF6ZCMuRXcuadc"},"_contentSize":{"__type__":"cc.Size","width":72,"height":30.24},"_trs":{"__type__":"TypedArray","ctor":"Float64Array","array":[0,0,0,0,0,0,1,1,1,1]}},{"__type__":"cc.Node","_name":"fhmsgbal","_parent":{"__id__":19},"_components":[{"__type__":"41ebaVoPpRA4Kp67XEdHfZn","node":{"__id__":25},"_materials":[{"__uuid__":"ecpdLyjvZBwrvm+cedCcQy"}],"_string":"昨日每个炮王分红收益(元/个)","_N$string":"昨日每个炮王分红收益(元/个)","_fontSize":28,"_lineHeight":28,"_N$file":{"__uuid__":"farb0WbWZMgrGmuICOt0MU"},"_isSystemFontUsed":false,"_N$horizontalAlign":1,"_N$verticalAlign":1,"_N$overflow":1,"i18n_string":"fenhong_layer_1_9"}],"_prefab":{"__type__":"cc.PrefabInfo","root":{"__id__":1},"asset":{"__uuid__":"76GsZ8V1VLW6QMnJY/BUxB"},"fileId":"b9mvbunlVEWa/TFdv8bW1Q"},"_contentSize":{"__type__":"cc.Size","width":719.18,"height":52.28},"_trs":{"__type__":"TypedArray","ctor":"Float64Array","array":[8,20,0,0,0,0,1,1,1,1]}},{"__type__":"cc.Node","_name":"countData","_parent":{"__id__":19},"_components":[{"__type__":"cc.Label","node":{"__id__":26},"_materials":[{"__uuid__":"ecpdLyjvZBwrvm+cedCcQy"}],"_useOriginalSize":false,"_string":"800","_N$string":"800","_N$horizontalAlign":1,"_N$verticalAlign":1}],"_prefab":{"__type__":"cc.PrefabInfo","root":{"__id__":1},"asset":{"__uuid__":"76GsZ8V1VLW6QMnJY/BUxB"},"fileId":"5fLmWFJ0FLoKU2A6BIuHic"},"_contentSize":{"__type__":"cc.Size","width":66.74,"height":50.4},"_trs":{"__type__":"TypedArray","ctor":"Float64Array","array":[-202,-50,0,0,0,0,1,1,1,1]}},{"__type__":"cc.Node","_name":"countbal","_parent":{"__id__":19},"_components":[{"__type__":"41ebaVoPpRA4Kp67XEdHfZn","node":{"__id__":27},"_materials":[{"__uuid__":"ecpdLyjvZBwrvm+cedCcQy"}],"_string":"全网总数","_N$string":"全网总数","_fontSize":25,"_lineHeight":25,"_N$file":{"__uuid__":"farb0WbWZMgrGmuICOt0MU"},"_isSystemFontUsed":false,"_N$horizontalAlign":1,"_N$verticalAlign":1,"_N$overflow":1,"i18n_string":"fenhong_layer_1_10"}],"_prefab":{"__type__":"cc.PrefabInfo","root":{"__id__":1},"asset":{"__uuid__":"76GsZ8V1VLW6QMnJY/BUxB"},"fileId":"adVH4LGMBBdpHbJKwfHZJd"},"_contentSize":{"__type__":"cc.Size","width":140.25,"height":48.5},"_trs":{"__type__":"TypedArray","ctor":"Float64Array","array":[-202,-103,0,0,0,0,1,1,1,1]}},{"__type__":"cc.Node","_name":"pic_fenge","_parent":{"__id__":19},"_components":[{"__type__":"cc.Sprite","node":{"__id__":28},"_materials":[{"__uuid__":"ecpdLyjvZBwrvm+cedCcQy"}],"_spriteFrame":{"__uuid__":"e1qZQl2clAvJgcou65bTC8"}}],"_prefab":{"__type__":"cc.PrefabInfo","root":{"__id__":1},"asset":{"__uuid__":"76GsZ8V1VLW6QMnJY/BUxB"},"fileId":"8ci1BglvpIH47c4SFgDNPI"},"_contentSize":{"__type__":"cc.Size","width":1,"height":80},"_trs":{"__type__":"TypedArray","ctor":"Float64Array","array":[0,-76,0,0,0,0,1,1,1,1]}},{"__type__":"cc.Node","_name":"dayData","_parent":{"__id__":19},"_components":[{"__type__":"cc.Label","node":{"__id__":29},"_materials":[{"__uuid__":"ecpdLyjvZBwrvm+cedCcQy"}],"_useOriginalSize":false,"_string":"3","_N$string":"3","_N$horizontalAlign":1,"_N$verticalAlign":1}],"_prefab":{"__type__":"cc.PrefabInfo","root":{"__id__":1},"asset":{"__uuid__":"76GsZ8V1VLW6QMnJY/BUxB"},"fileId":"4dtnrS9lBD2JWd4Xsv0faY"},"_contentSize":{"__type__":"cc.Size","width":22.25,"height":50.4},"_trs":{"__type__":"TypedArray","ctor":"Float64Array","array":[196,-50,0,0,0,0,1,1,1,1]}},{"__type__":"cc.Node","_name":"daybal","_parent":{"__id__":19},"_components":[{"__type__":"41ebaVoPpRA4Kp67XEdHfZn","node":{"__id__":30},"_materials":[{"__uuid__":"ecpdLyjvZBwrvm+cedCcQy"}],"_string":"今日产出","_N$string":"今日产出","_fontSize":25,"_lineHeight":25,"_N$file":{"__uuid__":"farb0WbWZMgrGmuICOt0MU"},"_isSystemFontUsed":false,"_N$horizontalAlign":1,"_N$verticalAlign":1,"_N$overflow":1,"i18n_string":"fenhong_layer_1_11"}],"_prefab":{"__type__":"cc.PrefabInfo","root":{"__id__":1},"asset":{"__uuid__":"76GsZ8V1VLW6QMnJY/BUxB"},"fileId":"97Zbx9Gu1ANrVW1kyQeylF"},"_contentSize":{"__type__":"cc.Size","width":187.73,"height":45.5},"_trs":{"__type__":"TypedArray","ctor":"Float64Array","array":[197,-104,0,0,0,0,1,1,1,1]}},{"__type__":"cc.Node","_name":"bg_paowangjindu","_parent":{"__id__":10},"_children":[{"__id__":32},{"__id__":34},{"__id__":36},{"__id__":38},{"__id__":41},{"__id__":42}],"_components":[{"__type__":"cc.Sprite","node":{"__id__":31},"_materials":[{"__uuid__":"ecpdLyjvZBwrvm+cedCcQy"}],"_spriteFrame":{"__uuid__":"c5eZbbi1ZB5oc/Tmyvqi01"}}],"_prefab":{"__type__":"cc.PrefabInfo","root":{"__id__":1},"asset":{"__uuid__":"76GsZ8V1VLW6QMnJY/BUxB"},"fileId":"094Nm5G8pNsKvthNk0o1Zy"},"_contentSize":{"__type__":"cc.Size","width":700,"height":174},"_trs":{"__type__":"TypedArray","ctor":"Float64Array","array":[0,-846,0,0,0,0,1,1,1,1]}},{"__type__":"cc.Node","_name":"pwjdNode","_parent":{"__id__":31},"_children":[{"__id__":33}],"_components":[{"__type__":"cc.BlockInputEvents","node":{"__id__":32}}],"_prefab":{"__type__":"cc.PrefabInfo","root":{"__id__":1},"asset":{"__uuid__":"76GsZ8V1VLW6QMnJY/BUxB"},"fileId":"73GcB58qJBELanEkL0u8RH"},"_contentSize":{"__type__":"cc.Size","width":50,"height":50},"_trs":{"__type__":"TypedArray","ctor":"Float64Array","array":[-321,59,0,0,0,0,1,1,1,1]}},{"__type__":"cc.Node","_name":"ic_yiwen2","_parent":{"__id__":32},"_components":[{"__type__":"cc.Sprite","node":{"__id__":33},"_materials":[{"__uuid__":"ecpdLyjvZBwrvm+cedCcQy"}],"_spriteFrame":{"__uuid__":"09Vc7owB1Py7NmeqLMDJzB"}}],"_prefab":{"__type__":"cc.PrefabInfo","root":{"__id__":1},"asset":{"__uuid__":"76GsZ8V1VLW6QMnJY/BUxB"},"fileId":"c2KWtUE3ZIQLGMBFQUK5rq"},"_contentSize":{"__type__":"cc.Size","width":34,"height":34},"_trs":{"__type__":"TypedArray","ctor":"Float64Array","array":[0,0,0,0,0,0,1,1,1,1]}},{"__type__":"cc.Node","_name":"pic_fenhongpai","_parent":{"__id__":31},"_children":[{"__id__":35}],"_components":[{"__type__":"cc.Sprite","node":{"__id__":34},"_materials":[{"__uuid__":"ecpdLyjvZBwrvm+cedCcQy"}],"_spriteFrame":{"__uuid__":"86Z9oGWQJCkoJsl7f7keOi"}}],"_prefab":{"__type__":"cc.PrefabInfo","root":{"__id__":1},"asset":{"__uuid__":"76GsZ8V1VLW6QMnJY/BUxB"},"fileId":"2bFlwNy59O/KhQ59aoJfx5"},"_contentSize":{"__type__":"cc.Size","width":120,"height":120},"_trs":{"__type__":"TypedArray","ctor":"Float64Array","array":[-236,-4,0,0,0,0,1,1,1,1]}},{"__type__":"cc.Node","_name":"pic_paowang","_parent":{"__id__":34},"_components":[{"__type__":"cc.Sprite","node":{"__id__":35},"_materials":[{"__uuid__":"ecpdLyjvZBwrvm+cedCcQy"}],"_spriteFrame":{"__uuid__":"f7Xw3kzCNPpbLTYDyM2Brp"}}],"_prefab":{"__type__":"cc.PrefabInfo","root":{"__id__":1},"asset":{"__uuid__":"76GsZ8V1VLW6QMnJY/BUxB"},"fileId":"9dWYHoKcBKvI5alb5FQvGE"},"_contentSize":{"__type__":"cc.Size","width":62,"height":62},"_trs":{"__type__":"TypedArray","ctor":"Float64Array","array":[0,0,0,0,0,0,1,1.6,1.6,1]}},{"__type__":"cc.Node","_name":"layout_pwjd","_parent":{"__id__":31},"_children":[{"__id__":37}],"_components":[{"__type__":"cc.Layout","node":{"__id__":36},"_layoutSize":{"__type__":"cc.Size","width":88,"height":55},"_resize":1,"_N$layoutType":1}],"_prefab":{"__type__":"cc.PrefabInfo","root":{"__id__":1},"asset":{"__uuid__":"76GsZ8V1VLW6QMnJY/BUxB"},"fileId":"a5E9JcIKNDH4TOSqwu9cep"},"_contentSize":{"__type__":"cc.Size","width":88,"height":55},"_anchorPoint":{"__type__":"cc.Vec2","y":0.5},"_trs":{"__type__":"TypedArray","ctor":"Float64Array","array":[-139,32,0,0,0,0,1,1,1,1]}},{"__type__":"cc.Node","_name":"pwjdDate","_parent":{"__id__":36},"_components":[{"__type__":"cc.Label","node":{"__id__":37},"_materials":[{"__uuid__":"ecpdLyjvZBwrvm+cedCcQy"}],"_useOriginalSize":false,"_string":"炮王进度","_N$string":"炮王进度","_fontSize":22,"_lineHeight":30,"_N$file":{"__uuid__":"farb0WbWZMgrGmuICOt0MU"},"_isSystemFontUsed":false,"_N$horizontalAlign":1,"_N$verticalAlign":1}],"_prefab":{"__type__":"cc.PrefabInfo","root":{"__id__":1},"asset":{"__uuid__":"76GsZ8V1VLW6QMnJY/BUxB"},"fileId":"27yhm/5WVKJqR5tvislPVj"},"_color":{"__type__":"cc.Color","r":241,"g":207,"b":15},"_contentSize":{"__type__":"cc.Size","width":88,"height":37.8},"_trs":{"__type__":"TypedArray","ctor":"Float64Array","array":[44,0,0,0,0,0,1,1,1,1]}},{"__type__":"cc.Node","_name":"Progress","_parent":{"__id__":31},"_children":[{"__id__":39}],"_components":[{"__type__":"cc.Sprite","node":{"__id__":38},"_materials":[{"__uuid__":"ecpdLyjvZBwrvm+cedCcQy"}],"_spriteFrame":{"__uuid__":"e5SPLXKr1EHLspqks1M8v9"},"_type":1},{"__type__":"cc.ProgressBar","node":{"__id__":38},"_N$totalLength":258,"_N$barSprite":{"__id__":40},"_N$progress":0}],"_prefab":{"__type__":"cc.PrefabInfo","root":{"__id__":1},"asset":{"__uuid__":"76GsZ8V1VLW6QMnJY/BUxB"},"fileId":"6alHiOQ2lPF5EveUK2ngPE"},"_contentSize":{"__type__":"cc.Size","width":262,"height":22},"_trs":{"__type__":"TypedArray","ctor":"Float64Array","array":[-6,-8,0,0,0,0,1,1,1,1]}},{"__type__":"cc.Node","_name":"bar","_parent":{"__id__":38},"_components":[{"__id__":40}],"_prefab":{"__type__":"cc.PrefabInfo","root":{"__id__":1},"asset":{"__uuid__":"76GsZ8V1VLW6QMnJY/BUxB"},"fileId":"1ajdIEVepKE67JJRPcdcOz"},"_contentSize":{"__type__":"cc.Size","height":20},"_anchorPoint":{"__type__":"cc.Vec2","y":0.5},"_trs":{"__type__":"TypedArray","ctor":"Float64Array","array":[-129,0,0,0,0,0,1,1,1,1]}},{"__type__":"cc.Sprite","node":{"__id__":39},"_materials":[{"__uuid__":"ecpdLyjvZBwrvm+cedCcQy"}],"_spriteFrame":{"__uuid__":"725FmAdE9BVpeA/gVkfvA4"},"_type":1,"_sizeMode":0},{"__type__":"cc.Node","_name":"pwmsgbal","_parent":{"__id__":31},"_components":[{"__type__":"41ebaVoPpRA4Kp67XEdHfZn","node":{"__id__":41},"_materials":[{"__uuid__":"ecpdLyjvZBwrvm+cedCcQy"}],"_string":"100%进度条必得分红“炮王”","_N$string":"100%进度条必得分红“炮王”","_fontSize":18,"_lineHeight":25,"_N$file":{"__uuid__":"farb0WbWZMgrGmuICOt0MU"},"_isSystemFontUsed":false,"_N$verticalAlign":1,"_N$overflow":3,"i18n_string":"fenhong_layer_1_13"}],"_prefab":{"__type__":"cc.PrefabInfo","root":{"__id__":1},"asset":{"__uuid__":"76GsZ8V1VLW6QMnJY/BUxB"},"fileId":"38BLAtBtlPcaavLdinCMHN"},"_contentSize":{"__type__":"cc.Size","width":299,"height":31.5},"_anchorPoint":{"__type__":"cc.Vec2","y":1},"_trs":{"__type__":"TypedArray","ctor":"Float64Array","array":[-139,-26.598,0,0,0,0,1,1,1,1]}},{"__type__":"cc.Node","_name":"btn_jiajindu","_parent":{"__id__":31},"_components":[{"__type__":"cc.Sprite","node":{"__id__":42},"_materials":[{"__uuid__":"ecpdLyjvZBwrvm+cedCcQy"}],"_spriteFrame":{"__uuid__":"e6HWjl8RlAEJnxjgDQ2Ey8"}},{"__type__":"cc.Button","node":{"__id__":42},"_normalMaterial":{"__uuid__":"ecpdLyjvZBwrvm+cedCcQy"},"zoomScale":0.9,"_N$transition":3,"transition":3}],"_prefab":{"__type__":"cc.PrefabInfo","root":{"__id__":1},"asset":{"__uuid__":"76GsZ8V1VLW6QMnJY/BUxB"},"fileId":"04tNetu+9B8YatdxvhwBt/"},"_contentSize":{"__type__":"cc.Size","width":116,"height":52},"_trs":{"__type__":"TypedArray","ctor":"Float64Array","array":[254,-5,0,0,0,0,1,1,1,1]}},{"__type__":"cc.Node","_name":"footerNode","_parent":{"__id__":10},"_children":[{"__id__":44}],"_components":[{"__type__":"cc.Widget","node":{"__id__":43},"_alignFlags":40,"_bottom":-643},{"__type__":"cc.Mask","node":{"__id__":43},"_materials":[{"__uuid__":"ecpdLyjvZBwrvm+cedCcQy"}]}],"_prefab":{"__type__":"cc.PrefabInfo","root":{"__id__":1},"asset":{"__uuid__":"76GsZ8V1VLW6QMnJY/BUxB"},"fileId":"02cmvcBLVM6bvkFRamoZnn"},"_contentSize":{"__type__":"cc.Size","width":750,"height":200},"_trs":{"__type__":"TypedArray","ctor":"Float64Array","array":[0,-1047,0,0,0,0,1,1,1,1]}},{"__type__":"cc.Node","_name":"footerContent","_parent":{"__id__":43},"_components":[{"__type__":"cc.Layout","node":{"__id__":44},"_layoutSize":{"__type__":"cc.Size","width":750,"height":200},"_resize":1,"_N$layoutType":2}],"_prefab":{"__type__":"cc.PrefabInfo","root":{"__id__":1},"asset":{"__uuid__":"76GsZ8V1VLW6QMnJY/BUxB"},"fileId":"bc0SNDmnhNRZenZEzmnU+0"},"_contentSize":{"__type__":"cc.Size","width":750,"height":200},"_trs":{"__type__":"TypedArray","ctor":"Float64Array","array":[0,0,0,0,0,0,1,1,1,1]}}],{"__type__":"cc.SpriteFrame","content":{"name":"pic_fenhongpai","texture":"cadhw0hxpN0pZAs3RLMN8l","rect":[283,607,120,120],"offset":[0,0],"originalSize":[120,120],"capInsets":[0,0,0,0]}},{"__type__":"cc.SpriteFrame","content":{"name":"default_sprite_splash","texture":"02delMVqdBD70a/HSD99FK","rect":[0,0,2,2],"offset":[0,0],"originalSize":[2,2],"capInsets":[0,0,0,0]}},{"__type__":"cc.SpriteFrame","content":{"name":"bg_paowangjindu","texture":"d8A2ZJZatHjIRSNEHyQEva","rect":[1,619,700,174],"offset":[0,0],"originalSize":[700,174],"capInsets":[0,0,0,0]}},{"__type__":"cc.SpriteFrame","content":{"name":"ic_fanhui","texture":"d8A2ZJZatHjIRSNEHyQEva","rect":[703,245,32,48],"offset":[0,0],"originalSize":[32,48],"capInsets":[0,0,0,0]}},{"__type__":"cc.SpriteFrame","content":{"name":"pic_fenge","texture":"d8A2ZJZatHjIRSNEHyQEva","rect":[703,437,1,80],"offset":[0,0],"originalSize":[1,80],"capInsets":[0,0,0,0]}},{"__type__":"cc.SpriteFrame","content":{"name":"pic_jindudi","texture":"cadhw0hxpN0pZAs3RLMN8l","rect":[307,583,262,22],"offset":[0,0],"originalSize":[262,22],"capInsets":[0,0,0,0]}},{"__type__":"cc.SpriteFrame","content":{"name":"btn_jiajindu","texture":"d8A2ZJZatHjIRSNEHyQEva","rect":[541,795,116,52],"offset":[0,0],"originalSize":[116,52],"capInsets":[0,0,0,0]}},{"__type__":"cc.SpriteFrame","content":{"name":"pic_paowang","texture":"02krqH8i1AdZB/lC2WegR2","rect":[865,235,62,62],"offset":[0,0],"originalSize":[62,62],"capInsets":[0,0,0,0]}},{"__type__":"cc.SpriteFrame","content":{"name":"bg_top","texture":"02krqH8i1AdZB/lC2WegR2","rect":[1,1,750,134],"offset":[0,0],"originalSize":[750,134],"capInsets":[0,0,0,0]}}]