[[{"__type__":"cc.Prefab","_name":"paodan9","data":{"__id__":1}},{"__type__":"cc.Node","_name":"paodan9","_children":[{"__id__":2}],"_components":[{"__type__":"b4f72nbMjBDYZla9MT++k+S","node":{"__id__":1}}],"_prefab":{"__type__":"cc.PrefabInfo","root":{"__id__":1},"asset":{"__uuid__":"31MWLL0u5N3YcIws4kuAXv"},"fileId":"ecd7uEYC5Jyr88y889vHzB"},"_contentSize":{"__type__":"cc.Size","width":90,"height":90},"_trs":{"__type__":"TypedArray","ctor":"Float64Array","array":[0,0,0,0,0,0,1,1,1,1]}},{"__type__":"cc.Node","_name":"padanSpr","_parent":{"__id__":1},"_components":[{"__type__":"cc.Sprite","node":{"__id__":2},"_materials":[{"__uuid__":"ecpdLyjvZBwrvm+cedCcQy"}],"_spriteFrame":{"__uuid__":"e87w2p2ThJvbLAfBTJbwmM"}}],"_prefab":{"__type__":"cc.PrefabInfo","root":{"__id__":1},"asset":{"__uuid__":"31MWLL0u5N3YcIws4kuAXv"},"fileId":"433lTvEDNHtIMjS9zT9uWG"},"_contentSize":{"__type__":"cc.Size","width":90,"height":90},"_trs":{"__type__":"TypedArray","ctor":"Float64Array","array":[0,0,0,0,0,0,1,1,1,1]}}],{"__type__":"cc.SpriteFrame","content":{"name":"3","texture":"80H3gHnRZNkKkToPWYtG/D","rect":[1,1,90,90],"offset":[0,0],"originalSize":[90,90],"capInsets":[0,0,0,0]}},{"__type__":"cc.SpriteAtlas","_name":"paodan9.plist","_spriteFrames":{"1":{"__uuid__":"e87w2p2ThJvbLAfBTJbwmM"},"3":{"__uuid__":"527HMbDglJCbdZvfrOJIWz"},"2.":{"__uuid__":"f58dSlDSlJn6O8d9l5RL0X"}}},{"__type__":"cc.SpriteFrame","content":{"name":"1","texture":"80H3gHnRZNkKkToPWYtG/D","rect":[1,185,90,90],"offset":[0,0],"originalSize":[90,90],"capInsets":[0,0,0,0]}},{"__type__":"cc.SpriteFrame","content":{"name":"2.","texture":"80H3gHnRZNkKkToPWYtG/D","rect":[1,93,90,90],"offset":[0,0],"originalSize":[90,90],"capInsets":[0,0,0,0]}}]