[1,["6883SKQK9OerYi7tYIIgoG@e6031","6883SKQK9OerYi7tYIIgoG@c79f0","20g1ukYUVPvKWKBRznAKo+@f9941","54TknWPwVPqJqeCR+Y/Czo@f9941","95EkngnxZFbYuFpsqVTaFr@f9941","768sqtJrBDLLVHkSoW7bUg@f9941","6883SKQK9OerYi7tYIIgoG@3af99","6883SKQK9OerYi7tYIIgoG@7d2a0","20g1ukYUVPvKWKBRznAKo+@6c48a","7dj5uJT9FMn6OrOOx83tfK@f9941","6883SKQK9OerYi7tYIIgoG@5a566","ffuIqPr2JI9I8dPLYGRDpD@f9941","6883SKQK9OerYi7tYIIgoG@69541","6883SKQK9OerYi7tYIIgoG@39524","6883SKQK9OerYi7tYIIgoG@1c451","b7MFJ8MjNBwqr3fNq1j5dJ@f9941","93JVOCSKVKQKM5zx7B+2f3@f9941","afxHkx8GZGsJC+n+YfITQo@f9941","54TknWPwVPqJqeCR+Y/Czo@6c48a","768sqtJrBDLLVHkSoW7bUg@6c48a","7dj5uJT9FMn6OrOOx83tfK@6c48a","93JVOCSKVKQKM5zx7B+2f3@6c48a","95EkngnxZFbYuFpsqVTaFr@6c48a","afxHkx8GZGsJC+n+YfITQo@6c48a","b7MFJ8MjNBwqr3fNq1j5dJ@6c48a","ffuIqPr2JI9I8dPLYGRDpD@6c48a"],["node","_spriteFrame","_textureSource","_target","_parent","_normalSprite","_barSprite","_hoverSprite","_pressedSprite","_disabledSprite","root","compileNode","data","_scrollView"],["cc.SpriteFrame",["cc.Node",["_name","_layer","_objFlags","_components","_prefab","_parent","_children","_lpos"],0,9,4,1,2,5],["cc.Sprite",["_sizeMode","_type","_name","_fillRange","node","__prefab","_spriteFrame","_color"],-1,1,4,6,5],["cc.Widget",["_alignFlags","_originalHeight","_horizontalCenter","_verticalCenter","_originalWidth","_bottom","_alignMode","node","__prefab"],-4,1,4],["cc.UITransform",["_name","node","__prefab","_contentSize","_anchorPoint"],2,1,4,5,5],["cc.Node",["_name","_layer","_active","_parent","_components","_prefab","_lpos","_children"],0,1,12,4,5,2],["cc.Label",["_string","_actualFontSize","_fontSize","_name","_horizontalAlign","_isBold","node","__prefab","_color"],-3,1,4,5],["cc.Button",["_transition","node","__prefab","clickEvents","_normalColor","_target","_normalSprite","_hoverSprite","_pressedSprite","_disabledSprite"],2,1,4,9,5,1,6,6,6,6],["cc.ClickEvent",["_componentId","handler","customEventData","target"],0,1],["cc.Prefab",["_name"],2],["cc.CompPrefabInfo",["fileId"],2],["614a1cdp35J16bL2gZ5h1iG",["node","__prefab","nodeList","compileNode"],3,1,4,2,1],["cc.PrefabInfo",["fileId","instance","targetOverrides","nestedPrefabInstanceRoots","root","asset"],-1,1,1],["cc.ProgressBar",["_totalLength","_progress","node","__prefab","_barSprite"],1,1,4,1],["cc.Mask",["node","__prefab"],3,1,4],["cc.Graphics",["node","__prefab","_fillColor"],3,1,4,5],["cc.LabelOutline",["node","__prefab","_color"],3,1,4,5],["cc.ScrollBar",["_direction","node","__prefab","_handle"],2,1,4,1],["cc.ScrollView",["bounceDuration","brake","horizontal","node","__prefab","_content","_verticalScrollBar"],0,1,4,1,1]],[[10,0,2],[12,0,1,2,3,4,5,5],[4,1,2,3,1],[1,0,1,5,3,4,7,3],[2,1,0,4,5,6,3],[4,1,2,3,4,1],[2,4,5,6,1],[1,0,1,5,6,3,4,7,3],[1,0,1,6,3,4,7,3],[5,0,1,3,4,5,6,3],[1,0,1,5,3,4,3],[4,0,1,2,3,4,2],[4,0,1,2,3,2],[3,0,5,2,7,8,4],[2,2,1,0,3,4,5,7,5],[13,0,1,2,3,4,3],[7,0,1,2,3,4,5,6,7,8,9,2],[6,3,0,1,2,6,7,8,5],[8,0,1,2,3,4],[6,0,1,2,6,7,8,4],[6,0,4,1,2,5,6,7,8,6],[16,0,1,2,1],[3,0,4,1,7,8,4],[8,0,1,3,3],[9,0,2],[1,0,1,6,3,4,3],[1,0,1,5,6,3,4,3],[1,0,2,1,5,3,4,4],[5,0,1,3,7,4,5,6,3],[5,0,2,1,3,7,4,5,6,4],[3,0,3,7,8,3],[3,0,1,6,7,8,4],[3,0,2,3,7,8,4],[11,0,1,2,3,1],[2,0,4,5,7,6,2],[2,1,0,4,5,7,6,3],[2,1,0,4,5,3],[14,0,1,1],[15,0,1,2,1],[7,0,1,2,3,4,5,6,2],[17,0,1,2,3,2],[18,0,1,2,3,4,5,6,4]],[[[{"name":"default_btn_normal","rect":{"x":0,"y":0,"width":40,"height":40},"offset":{"x":0,"y":0},"originalSize":{"width":40,"height":40},"rotated":false,"capInsets":[12,12,12,12],"vertices":{"rawPosition":[-20,-20,0,20,-20,0,-20,20,0,20,20,0],"indexes":[0,1,2,2,1,3],"uv":[0,40,40,40,0,0,40,0],"nuv":[0,0,1,0,0,1,1,1],"minPos":{"x":-20,"y":-20,"z":0},"maxPos":{"x":20,"y":20,"z":0}},"packable":true,"pixelsToUnit":100,"pivot":{"x":0.5,"y":0.5},"meshType":0}],[0],0,[0],[2],[8]],[[[24,"DayTaskView"],[25,"DayTaskView",33554432,[-11,-12,-13],[[2,-2,[0,"94rLDsnrFAG7t/vzQQywO3"],[5,720,1280]],[22,45,720,1280,-3,[0,"0fRElYmzFJCr+C8vPq0Jx+"]],[33,-10,[0,"6e1+Fp7m9MSbV2WXJ0vivl"],[-5,-6,-7,-8,-9],-4]],[1,"53+VSUPLVDvYPlax4l+Ru3",null,null,null,-1,0]],[8,"taskItem",33554432,[-15,-16,-17,-18,-19,-20],[[2,-14,[0,"8cK37Hwy9HIaGFk+gayVZC"],[5,528,134]]],[1,"4ftCoHKJ1JCp+FPtx/aNsy",null,null,null,1,0],[1,0,-80,0]],[8,"taskItem-001",33554432,[-22,-23,-24,-25,-26,-27],[[2,-21,[0,"93al2Orc9Ir5fpCkfZJnPI"],[5,528,134]]],[1,"55E8j1RxZFmKG1oWX3Wac1",null,null,null,1,0],[1,0,-220,0]],[8,"taskItem-002",33554432,[-29,-30,-31,-32,-33,-34],[[2,-28,[0,"fenjF9dMxHbrerSfvqlujO"],[5,528,134]]],[1,"57mJS2WRpNsYl4ffaSwWiU",null,null,null,1,0],[1,0,-360,0]],[8,"taskItem-003",33554432,[-36,-37,-38,-39,-40,-41],[[2,-35,[0,"e1BEK/buxPRrO9KV7CrVs7"],[5,528,134]]],[1,"a2JWrc3UJNcLjdi5Po9jhG",null,null,null,1,0],[1,0,-500,0]],[8,"taskItem-004",33554432,[-43,-44,-45,-46,-47,-48],[[2,-42,[0,"6dQ6ca0edGW47MHE6fToN3"],[5,528,134]]],[1,"3dgN30aDFNXY9k493CYghY",null,null,null,1,0],[1,0,-640,0]],[8,"content",33554432,[2,3,4,5,6],[[5,-49,[0,"de+wzP9eJNp4+wyhArNpHa"],[5,564,931.894],[0,0.5,1]]],[1,"0d8N7oyh9EOa5Ta1hCEkzb",null,null,null,1,0],[1,0,366.111,0]],[8,"taskItem-005",33554432,[-51,-52,-53,-54,-55],[[2,-50,[0,"df27kuj9pBuoi20WRmNJcc"],[5,528,210]]],[1,"b23G5NAV9KjL32DhEVWwz3",null,null,null,1,0],[1,0,-266.518,0]],[7,"progress",33554432,8,[-61,-62],[[2,-56,[0,"c09Dz48xpGcaTo4ZdeCk+b"],[5,204,24]],[4,2,0,-57,[0,"41jhA/Xi5P7rzruIPywzcM"],6],[15,204,0.3,-59,[0,"0bEb+TZ7NNJrPhcNNtuKhP"],-58],[13,20,93.555,127.871,-60,[0,"c64jkNVTtGrrSp1j8LJi5o"]]],[1,"a5UODftltKp4WcScoMOKDT",null,null,null,1,0],[1,127.871,0.5550000000000068,0]],[7,"progress",33554432,2,[-68,-69],[[2,-63,[0,"ad+UZnEWZCmKrcaZMXGxX4"],[5,204,24]],[4,2,0,-64,[0,"abpKq4QaZJzodMq+/268xK"],14],[15,204,0.3,-66,[0,"87PXt8ne9P+4vabcDoMfvY"],-65],[13,20,29.791,-5.878,-67,[0,"1bSbF3LHVJ3LdQH3T+ZM+u"]]],[1,"2cO9SsbjNBDZ2mSoXiIbCq",null,null,null,1,0],[1,-5.878,-25.209000000000003,0]],[7,"progress",33554432,3,[-75,-76],[[2,-70,[0,"4c1S4PiQNC2bwqJCkrVogy"],[5,204,24]],[4,2,0,-71,[0,"fakE3/vNdBc7PwU1DfKcOl"],22],[15,204,0.3,-73,[0,"83BzZMHYREqJGFlxhBzXC4"],-72],[13,20,29.791,-5.878,-74,[0,"b8cuU9eQ5IaqUlXkyocB6f"]]],[1,"a0kGvW+mdLMqr4kDH88Dis",null,null,null,1,0],[1,-5.878,-25.209000000000003,0]],[7,"progress",33554432,4,[-82,-83],[[2,-77,[0,"ccDNNOmaBHmqeOw3YrPaZV"],[5,204,24]],[4,2,0,-78,[0,"96+LgueJNHyKj9ii6V1EdK"],30],[15,204,0.3,-80,[0,"60KjBH6+VG2J/OU3AxI2G7"],-79],[13,20,29.791,-5.878,-81,[0,"4bIBv1xppL7paTC6S1rZLF"]]],[1,"db9C8KZppEo6XHjc3bvsYR",null,null,null,1,0],[1,-5.878,-25.209000000000003,0]],[7,"progress",33554432,5,[-89,-90],[[2,-84,[0,"26eAB4a6dCIKniMioL/dkL"],[5,204,24]],[4,2,0,-85,[0,"63qVUCDoRLFJ5j3OEYl8Nf"],38],[15,204,0.3,-87,[0,"366ZrsueZGtZab7Oj1hunB"],-86],[13,20,29.791,-5.878,-88,[0,"famGyJDWhL74BVQQMMQheR"]]],[1,"51oQwi1IBPirWGLfHN3nz5",null,null,null,1,0],[1,-5.878,-25.209000000000003,0]],[7,"progress",33554432,6,[-96,-97],[[2,-91,[0,"f5zvcQZUlAe5KWIzoZKu8m"],[5,204,24]],[4,2,0,-92,[0,"a1+wv8oXtFiK0A+UEsWOGI"],46],[15,204,0.3,-94,[0,"5e6Ao1dMVO6q0SI2jBDF6N"],-93],[13,20,29.791,-5.878,-95,[0,"f7h8LxK5RHlYXwMWg3uwvO"]]],[1,"631NNyRcNIO7o0NCvKtFZe",null,null,null,1,0],[1,-5.878,-25.209000000000003,0]],[7,"SpriteBG",33554432,1,[-101,-102],[[2,-98,[0,"97gz7P4o9OPLy94a26x4fw"],[5,586,864]],[4,1,0,-99,[0,"8cm8DDKfhE9akEkccGIv4U"],53],[30,18,17.228499999999997,-100,[0,"c9Zp5Hu19L/IOtF8istsiY"]]],[1,"f8Hrc5U25G3Y/ODw02MSrf",null,null,null,1,0],[1,0,17.228499999999997,0]],[28,"ScrollView",33554432,15,[-106,-107],[[[2,-103,[0,"91z2rCSVhPVY2KbpDj0CY0"],[5,564,740]],[4,1,0,-104,[0,"8brZW4QadL6LJaWuoplnec"],52],-105],4,4,1],[1,"5eZOoXCeZEw7f2cU56V6+b",null,null,null,1,0],[1,0,3.424,0]],[29,"scrollBar",false,33554432,16,[-112],[[[5,-108,[0,"d6V+jqnstLJ66uTq3bWsun"],[5,12,640],[0,1,0.5]],[4,1,0,-109,[0,"8bQbT353NIHZY5uR3fL6hK"],2],[31,37,250,1,-110,[0,"05O80kNw9GUYR6z21bDLY5"]],-111],4,4,4,1],[1,"aeyHxDwn1OUJ/P5wAcztUj",null,null,null,1,0],[1,282,0,0]],[26,"view",33554432,16,[7,8],[[2,-113,[0,"08QaWaszJPYa4uuoC89+FZ"],[5,564,740]],[37,-114,[0,"6czD6LRc5MJbySEp1Q3/Um"]],[38,-115,[0,"6cxiRCIwVLI5c4WzSvbfk0"],[4,16777215]]],[1,"f0ACKi5JxFs5h6qyE/D4bp",null,null,null,1,0]],[3,"closeBtn",33554432,1,[[2,-116,[0,"c0tRIZo9JLLKxOcQ6QK4yh"],[5,44,44]],[4,1,0,-117,[0,"49cT4PdwVFCbYjMUVAOd8q"],54],[39,3,-119,[0,"33loHywDdJbasV5ZV7AUIj"],[[23,"614a1cdp35J16bL2gZ5h1iG","onCloseEvent",1]],[4,4292269782],-118,55],[32,18,283.463,460,-120,[0,"25Q9LfHPFJirdAF4naw8lA"]]],[1,"6esl+KeTBMcbBxmQsMU28E",null,null,null,1,0],[1,283.463,460,0]],[3,"receiveBtn",33554432,8,[[2,-121,[0,"caT/qrXYNKaLvJJu9JBVxe"],[5,116,70]],[4,1,0,-122,[0,"94NtU/laVFRb598ghN2GYH"],7],[16,3,-124,[0,"a0W/8xoMNAJ5ddAfVgE2ru"],[[23,"614a1cdp35J16bL2gZ5h1iG","onReceiveAllEvent",1]],[4,4292269782],-123,8,9,10,11]],[1,"3aFzi1VKlDJa4Y3wiq3xOD",null,null,null,1,0],[1,131.384,-59.098,0]],[3,"receiveBtn",33554432,2,[[2,-125,[0,"07IN2bnP5EW4NkD46fptdN"],[5,116,70]],[4,1,0,-126,[0,"3feuAm0mBIt63Gg+kYglgZ"],15],[16,3,-128,[0,"62FioU6vpAs6xIULx2AFpu"],[[18,"614a1cdp35J16bL2gZ5h1iG","onReceiveEvent","0",1]],[4,4292269782],-127,16,17,18,19]],[1,"12kO8UUMxLTI2miuQm2ud7",null,null,null,1,0],[1,196.703,0,0]],[3,"receiveBtn",33554432,3,[[2,-129,[0,"49iECS9kZDzp51aaKYtPWM"],[5,116,70]],[4,1,0,-130,[0,"44Our+oGRMCqeN8aNBFmPK"],23],[16,3,-132,[0,"38S6P76z5IxJ4uWeInQmEN"],[[18,"614a1cdp35J16bL2gZ5h1iG","onReceiveEvent","1",1]],[4,4292269782],-131,24,25,26,27]],[1,"14Kxml6TpDY6zEHJMrWeZR",null,null,null,1,0],[1,196.703,0,0]],[3,"receiveBtn",33554432,4,[[2,-133,[0,"6cggASwwtKS6yWOIIMQPUH"],[5,116,70]],[4,1,0,-134,[0,"82L1QUVcdONZqoh/rYa22m"],31],[16,3,-136,[0,"16pOZnCU9I/pEfbWr2H9iX"],[[18,"614a1cdp35J16bL2gZ5h1iG","onReceiveEvent","2",1]],[4,4292269782],-135,32,33,34,35]],[1,"58HJGHzY1AWasF0/3fo9gd",null,null,null,1,0],[1,196.703,0,0]],[3,"receiveBtn",33554432,5,[[2,-137,[0,"741qqPyl9FBrf54HpdsUAZ"],[5,116,70]],[4,1,0,-138,[0,"5f3DQdAPBPEId1CJbGnGE+"],39],[16,3,-140,[0,"45YOC7H5tLkaPGUN5z8mf9"],[[18,"614a1cdp35J16bL2gZ5h1iG","onReceiveEvent","3",1]],[4,4292269782],-139,40,41,42,43]],[1,"e7FM3zD4RCqK/V6OxUer0R",null,null,null,1,0],[1,196.703,0,0]],[3,"receiveBtn",33554432,6,[[2,-141,[0,"d4ZPccHQhCioKb3ypaWNWv"],[5,116,70]],[4,1,0,-142,[0,"37TKZLjYpDRZiqL12CrVaz"],47],[16,3,-144,[0,"e1ezsFcBxP5anmnFprlY6W"],[[18,"614a1cdp35J16bL2gZ5h1iG","onReceiveEvent","4",1]],[4,4292269782],-143,48,49,50,51]],[1,"2cd9kBOFFIzqqGgtf6jlm/",null,null,null,1,0],[1,196.703,0,0]],[27,"SpriteSplash",512,33554432,1,[[2,-145,[0,"10vTIFYtpMRqJlRCH7oKgS"],[5,720,1280]],[34,0,-146,[0,"7cuKj7R8RNGJNxQAdojQ6L"],[4,2516582400],0],[22,45,720,1280,-147,[0,"95iKhmP7xLx5+q2jDkthBM"]]],[1,"4afBv99qxH14hTAxFKYsjk",null,null,null,1,0]],[3,"moneyLabel",33554432,2,[[2,-148,[0,"8dYrDCN6ZDtLQF9PUqlbu9"],[5,73.39,54.4]],[19,"x200",32,32,-149,[0,"98qVBUE9pC8oypDoyUHZAm"],[4,4284883967]],[21,-150,[0,"f8Sk0H6BZE85r7g4nxe16h"],[4,4294967295]]],[1,"a8gmzRT9xISbrkWdQ3s3ms",null,null,null,1,0],[1,-198.65,-28.26,0]],[3,"moneyLabel",33554432,3,[[2,-151,[0,"46dhjaKHxHopk0whVGDe0E"],[5,73.39,54.4]],[19,"x200",32,32,-152,[0,"04RjxZVlBON4eUFQwGzb2q"],[4,4284883967]],[21,-153,[0,"74NImimUdJv5X8qMfruC3B"],[4,4294967295]]],[1,"deyhJ5eaVEA4NpXoony+fr",null,null,null,1,0],[1,-198.65,-28.26,0]],[3,"moneyLabel",33554432,4,[[2,-154,[0,"41dh1nOjpHaouBg6nXHjQN"],[5,73.39,54.4]],[19,"x200",32,32,-155,[0,"e7jWYY8ZlD270goVRqT907"],[4,4284883967]],[21,-156,[0,"f5boMDneVEJLOM8KZLY8zh"],[4,4294967295]]],[1,"63W79zG2NDgoE0qNpm+pik",null,null,null,1,0],[1,-198.65,-28.26,0]],[3,"moneyLabel",33554432,5,[[2,-157,[0,"00PflxTiFJ64S4dA/EqFyL"],[5,73.39,54.4]],[19,"x200",32,32,-158,[0,"53aulEkDdEwZvA28Q4l9eF"],[4,4284883967]],[21,-159,[0,"f7bazEc9tHEo4hYqLmeCU2"],[4,4294967295]]],[1,"56IUCdzAVOtLJuDFmqoLgw",null,null,null,1,0],[1,-198.65,-28.26,0]],[3,"moneyLabel",33554432,6,[[2,-160,[0,"f1v92mAP1BxIa8VH2dA6Bs"],[5,73.39,54.4]],[19,"x200",32,32,-161,[0,"db4YticyNEWLaqkftfLGWf"],[4,4284883967]],[21,-162,[0,"46tH4KTYBGO5ZnkhyZWcsm"],[4,4294967295]]],[1,"5dZ3RoVDVBfIfIVEL2kyql",null,null,null,1,0],[1,-198.65,-28.26,0]],[3,"Sprite",33554432,15,[[2,-163,[0,"06kstH8ahEWLjBFipkL6fT"],[5,479,122]],[6,-164,[0,"72HXzLhzZOpLbl+/EXZ7TW"],1]],[1,"30hHUz+bxFgJeDVJ7MfnqL",null,null,null,1,0],[1,0,444.456,0]],[9,"bar",33554432,17,[[[5,-165,[0,"46obYT+R1O36zvlidrlm68"],[5,10,156.25],[0,0,0]],-166],4,1],[1,"74ZPEd70ZFHrHy4qdihgmb",null,null,null,1,0],[1,-11,-31.25,0]],[10,"Sprite",33554432,8,[[2,-167,[0,"18XBRwy9pLppIdOVnvWoPQ"],[5,528,210]],[35,1,0,-168,[0,"2cGZ3HKOJPBINSJcHTNrZS"],[4,4289251807],3]],[1,"3033gWNvBJQq0Guk1FIoRd",null,null,null,1,0]],[3,"Sprite-001",33554432,8,[[2,-169,[0,"2ddIPFevpC7ZRUtQfiZ7Iv"],[5,256,194]],[6,-170,[0,"4fUngj7idK8qaTpqd3FbR7"],4]],[1,"dbwO6UoY5BYpwPh8QFvFV/",null,null,null,1,0],[1,-122.56,8.42,0]],[3,"Sprite-002",33554432,8,[[2,-171,[0,"9cATP6/xxNpZKtN6MSD7QL"],[5,162,42]],[6,-172,[0,"982DbK1LhFHpowuG8+zrL0"],5]],[1,"c8R3+8bUVDSIlHS94RX2f6",null,null,null,1,0],[1,118.499,51.966,0]],[9,"bar",33554432,9,[[[11,"Sprite<UITransform>",-173,[0,"bbvIO7GuhPlL73yHk/bb6N"],[5,61.199999999999996,24],[0,0,0.5]],-174],4,1],[1,"afi2iS4dRBhLfedEfoFdu2",null,null,null,1,0],[1,-102,0,0]],[3,"value",33554432,9,[[12,"lab_progress<UITransform>",-175,[0,"59VK49frVK/az6/4PQUZ4F"],[5,51.15,50.4]],[17,"lab_progress<Label>","100%",20,20,-176,[0,"30rXEirMtDjau4uaQN86i4"],[4,4278519045]]],[1,"21jtgiModEbZjQOxpdrMlZ",null,null,null,1,0],[1,0,1,0]],[10,"Sprite",33554432,2,[[2,-177,[0,"c57c6uQ1ZAfIYsMcfm/j9w"],[5,528,134]],[6,-178,[0,"a735vuO01AS56qbHqgxFIr"],12]],[1,"4fobsxka1CM5NTSxxAcNLb",null,null,null,1,0]],[3,"Sprite-001",33554432,2,[[2,-179,[0,"6fZ5QDp8RPI6Ki43e3AUgK"],[5,82,79]],[6,-180,[0,"a4ivrP1oZOi4uQh6OdpSfc"],13]],[1,"4am47VkChBIpQduk9Tbwli",null,null,null,1,0],[1,-199.702,8.42,0]],[7,"descNode",33554432,2,[-182],[[5,-181,[0,"044T/vqqVGQbApbEDFJ2M6"],[5,300,60],[0,0,0.5]]],[1,"06bNl2cipMaq2Pcpr/Cvyu",null,null,null,1,0],[1,-126.547,37.43,0]],[3,"descLabel",33554432,41,[[5,-183,[0,"95saNJEn5Hgbhe8wVsZs/f"],[5,262.92,50.4],[0,0,0.5]],[20,"捕捉三角龙（2级）3只",0,26,26,true,-184,[0,"b7XTVmt2BBtLoOfOwSYP4H"],[4,4278190080]]],[1,"b8Gb+Uy6pIBbuyKqpEqpxW",null,null,null,1,0],[1,0,-8.912,0]],[9,"bar",33554432,10,[[[11,"Sprite<UITransform>",-185,[0,"d7iwmbH29Eer57uIqn2hSe"],[5,61.199999999999996,24],[0,0,0.5]],-186],4,1],[1,"18r0TY0eBKg6RYRYhb4Gud",null,null,null,1,0],[1,-102,0,0]],[3,"value",33554432,10,[[12,"lab_progress<UITransform>",-187,[0,"e0/0RxAUxKOJq48+fZ/xoO"],[5,51.15,50.4]],[17,"lab_progress<Label>","100%",20,20,-188,[0,"59oDGucWtDMqQMi+39mtF+"],[4,4278519045]]],[1,"7fIgGX2D9Orbsiuv6UlL3m",null,null,null,1,0],[1,0,1,0]],[10,"Sprite",33554432,3,[[2,-189,[0,"dd08ri8cRA/4CTe8iVG+2d"],[5,528,134]],[6,-190,[0,"94fk0wKy1IO6ge/FNQEl91"],20]],[1,"7dZ0LoYNtOXpqoSoOtuirj",null,null,null,1,0]],[3,"Sprite-001",33554432,3,[[2,-191,[0,"60Y0S1OFtFeKvNTMGLLShB"],[5,82,79]],[6,-192,[0,"0d5sSY3uVOYqeazBqszYIG"],21]],[1,"595Kr1cIFIvYJkUZMeVkjZ",null,null,null,1,0],[1,-199.702,8.42,0]],[7,"descNode",33554432,3,[-194],[[5,-193,[0,"e3ugfTEXlNyaIEnF9loOSY"],[5,300,60],[0,0,0.5]]],[1,"a8nlSR9NROMofOW7hSrMOD",null,null,null,1,0],[1,-126.547,37.43,0]],[3,"descLabel",33554432,47,[[5,-195,[0,"ceByIdUa5FTZBJxNI8VdB6"],[5,262.92,50.4],[0,0,0.5]],[20,"捕捉三角龙（2级）3只",0,26,26,true,-196,[0,"77Qeux405Mb4zOts+04F22"],[4,4278190080]]],[1,"2cEhHeBylMZpEAtY0ZBlbm",null,null,null,1,0],[1,0,-8.912,0]],[9,"bar",33554432,11,[[[11,"Sprite<UITransform>",-197,[0,"34qQAsyJRDPJAeUC8hgPl1"],[5,61.199999999999996,24],[0,0,0.5]],-198],4,1],[1,"aco2XhXnVKdIPkQPsE5X7p",null,null,null,1,0],[1,-102,0,0]],[3,"value",33554432,11,[[12,"lab_progress<UITransform>",-199,[0,"4daH1vwxNLBoUm8UfamD/t"],[5,51.15,50.4]],[17,"lab_progress<Label>","100%",20,20,-200,[0,"f1Q1ThiJ5Ln6QwUygxB3SZ"],[4,4278519045]]],[1,"6fa37Lp9REJb+GSxRouGEM",null,null,null,1,0],[1,0,1,0]],[10,"Sprite",33554432,4,[[2,-201,[0,"f4NapR5p5JuKh5AQVx/iL5"],[5,528,134]],[6,-202,[0,"b2FeUm+HBLd7HVAk81uo00"],28]],[1,"84DWhumQZHnIch3j0Y340b",null,null,null,1,0]],[3,"Sprite-001",33554432,4,[[2,-203,[0,"bdO7HQgpBA0a6OB25uZoax"],[5,82,79]],[6,-204,[0,"d87IoW+CNEg5ZxJCbU4rDG"],29]],[1,"6eH/VUlVpJ/YaP1esHK5Pt",null,null,null,1,0],[1,-199.702,8.42,0]],[7,"descNode",33554432,4,[-206],[[5,-205,[0,"c9IHjNGztEc584SPm+Lyvt"],[5,300,60],[0,0,0.5]]],[1,"f8ywaZDEhCG7nq4YjQRaKZ",null,null,null,1,0],[1,-126.547,37.43,0]],[3,"descLabel",33554432,53,[[5,-207,[0,"86RaL7UfdN1rntLkmgTEew"],[5,262.92,50.4],[0,0,0.5]],[20,"捕捉三角龙（2级）3只",0,26,26,true,-208,[0,"15QDCCuH9G9JS015rzMH/M"],[4,4278190080]]],[1,"fealoNYepGjaorX6Rgq82m",null,null,null,1,0],[1,0,-8.912,0]],[9,"bar",33554432,12,[[[11,"Sprite<UITransform>",-209,[0,"50u3cpzf9N35I1PjQ/R/3+"],[5,61.199999999999996,24],[0,0,0.5]],-210],4,1],[1,"76HUIL2UhGH4sxoEUbp5JN",null,null,null,1,0],[1,-102,0,0]],[3,"value",33554432,12,[[12,"lab_progress<UITransform>",-211,[0,"28eBK46nFBwKj0X/bu4YuH"],[5,51.15,50.4]],[17,"lab_progress<Label>","100%",20,20,-212,[0,"35Y+dZsIZD9qF46MJ5/1NZ"],[4,4278519045]]],[1,"40osTiBtFOTJSxCoWUDfbV",null,null,null,1,0],[1,0,1,0]],[10,"Sprite",33554432,5,[[2,-213,[0,"18Sy6Ys+dO67MjEsrV5TDy"],[5,528,134]],[6,-214,[0,"d2R+6awS1HGKvD/z4NO0bj"],36]],[1,"03Uvy4uopH3rkIMWgTRFmR",null,null,null,1,0]],[3,"Sprite-001",33554432,5,[[2,-215,[0,"664iTrICBJZ7YCr+GBcF2K"],[5,82,79]],[6,-216,[0,"06ViuJVQdHFZp5C9jTOtUa"],37]],[1,"12n7EeqfxDDKfEYx3zh+01",null,null,null,1,0],[1,-199.702,8.42,0]],[7,"descNode",33554432,5,[-218],[[5,-217,[0,"dcnQQJ+NdPsa9ngo+6mgbF"],[5,300,60],[0,0,0.5]]],[1,"8dNfwkdtVDcJuBL3mF8XQj",null,null,null,1,0],[1,-126.547,37.43,0]],[3,"descLabel",33554432,59,[[5,-219,[0,"864Ug5XktHUpyIOZgLku9G"],[5,262.92,50.4],[0,0,0.5]],[20,"捕捉三角龙（2级）3只",0,26,26,true,-220,[0,"72+CBS+lhOYoiCuJkC+Rxu"],[4,4278190080]]],[1,"1f30MG7BlDW621QfWMJGuE",null,null,null,1,0],[1,0,-8.912,0]],[9,"bar",33554432,13,[[[11,"Sprite<UITransform>",-221,[0,"c9+JvS6zZOm6eGy+DYxewd"],[5,61.199999999999996,24],[0,0,0.5]],-222],4,1],[1,"1c4x2L6BJFdKV6o7efwGKu",null,null,null,1,0],[1,-102,0,0]],[3,"value",33554432,13,[[12,"lab_progress<UITransform>",-223,[0,"19patuX/dEo5CTEzmRe9nC"],[5,51.15,50.4]],[17,"lab_progress<Label>","100%",20,20,-224,[0,"b54GpJ83dItJ6sjBPZy5wW"],[4,4278519045]]],[1,"56hIo26ThPrZw6fA1kdB3L",null,null,null,1,0],[1,0,1,0]],[10,"Sprite",33554432,6,[[2,-225,[0,"f6GhdsXBhMj7ORAieCy/nu"],[5,528,134]],[6,-226,[0,"0b/goMMPdADarZO22PMV8N"],44]],[1,"dbHsRqA19O5rBK73HSSwMS",null,null,null,1,0]],[3,"Sprite-001",33554432,6,[[2,-227,[0,"60HMOC3txJYojIm6KLkW26"],[5,82,79]],[6,-228,[0,"94zsFXVilJb5kFfJRq10LS"],45]],[1,"0152AYPD9BwbLwsdZWjz+X",null,null,null,1,0],[1,-199.702,8.42,0]],[7,"descNode",33554432,6,[-230],[[5,-229,[0,"30p48JC+VAE7lOeslvHArs"],[5,300,60],[0,0,0.5]]],[1,"a2rcnP2uNOAYvStasBs3HL",null,null,null,1,0],[1,-126.547,37.43,0]],[3,"descLabel",33554432,65,[[5,-231,[0,"fdMkCy7zpKJbGkFH/mA/Xr"],[5,262.92,50.4],[0,0,0.5]],[20,"捕捉三角龙（2级）3只",0,26,26,true,-232,[0,"dfVdrlO/9Cg44aZmxhPzjm"],[4,4278190080]]],[1,"48H25xK1ZBiYQW8wsiR2LU",null,null,null,1,0],[1,0,-8.912,0]],[9,"bar",33554432,14,[[[11,"Sprite<UITransform>",-233,[0,"0dsNS8zDFFEZhuZc5nPy9z"],[5,61.199999999999996,24],[0,0,0.5]],-234],4,1],[1,"fdmVOkdVxFYJoOc7iYhvN3",null,null,null,1,0],[1,-102,0,0]],[3,"value",33554432,14,[[12,"lab_progress<UITransform>",-235,[0,"a1zTZE/n5G84LDFspLu96P"],[5,51.15,50.4]],[17,"lab_progress<Label>","100%",20,20,-236,[0,"28tkwxkD1IYJx6HaQDD8wZ"],[4,4278519045]]],[1,"bc7dBCc+pBbYqBRN1h5aox",null,null,null,1,0],[1,0,1,0]],[36,1,0,33,[0,"dcmxMSAK5OcKfNqPm7d5gC"]],[40,1,17,[0,"b18c8YL/FOX5BgxJDVUO6l"],69],[41,0.23,0.75,false,16,[0,"e366ULZGhDyLrEC0O073dr"],7,70],[14,"Sprite<Sprite>",2,0,1,37,[0,"00tPyiy25JypC7ye9yNDmt"],[4,4294935069]],[14,"Sprite<Sprite>",2,0,1,43,[0,"98MbyFsstPvKBQxjWsrHxN"],[4,4294935069]],[14,"Sprite<Sprite>",2,0,1,49,[0,"36I+BuUVFGMKnPeg1SfuL7"],[4,4294935069]],[14,"Sprite<Sprite>",2,0,1,55,[0,"72MnynsXNKdImd0DedGJhF"],[4,4294935069]],[14,"Sprite<Sprite>",2,0,1,61,[0,"6bjDq7MyZLjYXH9OiocPu1"],[4,4294935069]],[14,"Sprite<Sprite>",2,0,1,67,[0,"17L5nCyG5F4rIm9GXVGT0B"],[4,4294935069]]],0,[0,10,1,0,0,1,0,0,1,0,11,8,0,-1,2,0,-2,3,0,-3,4,0,-4,5,0,-5,6,0,0,1,0,-1,26,0,-2,15,0,-3,19,0,0,2,0,-1,39,0,-2,40,0,-3,27,0,-4,41,0,-5,10,0,-6,21,0,0,3,0,-1,45,0,-2,46,0,-3,28,0,-4,47,0,-5,11,0,-6,22,0,0,4,0,-1,51,0,-2,52,0,-3,29,0,-4,53,0,-5,12,0,-6,23,0,0,5,0,-1,57,0,-2,58,0,-3,30,0,-4,59,0,-5,13,0,-6,24,0,0,6,0,-1,63,0,-2,64,0,-3,31,0,-4,65,0,-5,14,0,-6,25,0,0,7,0,0,8,0,-1,34,0,-2,35,0,-3,36,0,-4,9,0,-5,20,0,0,9,0,0,9,0,6,72,0,0,9,0,0,9,0,-1,37,0,-2,38,0,0,10,0,0,10,0,6,73,0,0,10,0,0,10,0,-1,43,0,-2,44,0,0,11,0,0,11,0,6,74,0,0,11,0,0,11,0,-1,49,0,-2,50,0,0,12,0,0,12,0,6,75,0,0,12,0,0,12,0,-1,55,0,-2,56,0,0,13,0,0,13,0,6,76,0,0,13,0,0,13,0,-1,61,0,-2,62,0,0,14,0,0,14,0,6,77,0,0,14,0,0,14,0,-1,67,0,-2,68,0,0,15,0,0,15,0,0,15,0,-1,32,0,-2,16,0,0,16,0,0,16,0,-3,71,0,-1,17,0,-2,18,0,0,17,0,0,17,0,0,17,0,-4,70,0,-1,33,0,0,18,0,0,18,0,0,18,0,0,19,0,0,19,0,3,19,0,0,19,0,0,19,0,0,20,0,0,20,0,3,20,0,0,20,0,0,21,0,0,21,0,3,21,0,0,21,0,0,22,0,0,22,0,3,22,0,0,22,0,0,23,0,0,23,0,3,23,0,0,23,0,0,24,0,0,24,0,3,24,0,0,24,0,0,25,0,0,25,0,3,25,0,0,25,0,0,26,0,0,26,0,0,26,0,0,27,0,0,27,0,0,27,0,0,28,0,0,28,0,0,28,0,0,29,0,0,29,0,0,29,0,0,30,0,0,30,0,0,30,0,0,31,0,0,31,0,0,31,0,0,32,0,0,32,0,0,33,0,-2,69,0,0,34,0,0,34,0,0,35,0,0,35,0,0,36,0,0,36,0,0,37,0,-2,72,0,0,38,0,0,38,0,0,39,0,0,39,0,0,40,0,0,40,0,0,41,0,-1,42,0,0,42,0,0,42,0,0,43,0,-2,73,0,0,44,0,0,44,0,0,45,0,0,45,0,0,46,0,0,46,0,0,47,0,-1,48,0,0,48,0,0,48,0,0,49,0,-2,74,0,0,50,0,0,50,0,0,51,0,0,51,0,0,52,0,0,52,0,0,53,0,-1,54,0,0,54,0,0,54,0,0,55,0,-2,75,0,0,56,0,0,56,0,0,57,0,0,57,0,0,58,0,0,58,0,0,59,0,-1,60,0,0,60,0,0,60,0,0,61,0,-2,76,0,0,62,0,0,62,0,0,63,0,0,63,0,0,64,0,0,64,0,0,65,0,-1,66,0,0,66,0,0,66,0,0,67,0,-2,77,0,0,68,0,0,68,0,12,1,2,4,7,3,4,7,4,4,7,5,4,7,6,4,7,7,4,18,8,4,18,70,13,71,236],[0,0,0,0,0,0,0,0,0,0,0,0,0,0,0,0,0,0,0,0,0,0,0,0,0,0,0,0,0,0,0,0,0,0,0,0,0,0,0,0,0,0,0,0,0,0,0,0,0,0,0,0,0,0,0,0,69,72,73,74,75,76,77],[1,1,1,1,1,1,1,1,5,7,8,9,1,1,1,1,5,7,8,9,1,1,1,1,5,7,8,9,1,1,1,1,5,7,8,9,1,1,1,1,5,7,8,9,1,1,1,1,5,7,8,9,1,1,1,5,1,1,1,1,1,1,1],[9,10,11,12,13,14,0,1,1,2,3,4,5,6,0,1,1,2,3,4,5,6,0,1,1,2,3,4,5,6,0,1,1,2,3,4,5,6,0,1,1,2,3,4,5,6,0,1,1,2,3,4,15,16,7,7,17,0,0,0,0,0,0]],[[{"name":"default_btn_pressed","rect":{"x":0,"y":0,"width":40,"height":40},"offset":{"x":0,"y":0},"originalSize":{"width":40,"height":40},"rotated":false,"capInsets":[12,12,12,12],"vertices":{"rawPosition":[-20,-20,0,20,-20,0,-20,20,0,20,20,0],"indexes":[0,1,2,2,1,3],"uv":[0,40,40,40,0,0,40,0],"nuv":[0,0,1,0,0,1,1,1],"minPos":{"x":-20,"y":-20,"z":0},"maxPos":{"x":20,"y":20,"z":0}},"packable":true,"pixelsToUnit":100,"pivot":{"x":0.5,"y":0.5},"meshType":0}],[0],0,[0],[2],[18]],[[{"name":"task_item_frame","rect":{"x":0,"y":0,"width":528,"height":134},"offset":{"x":0,"y":0},"originalSize":{"width":528,"height":134},"rotated":false,"capInsets":[0,0,0,0],"vertices":{"rawPosition":[-264,-67,0,264,-67,0,-264,67,0,264,67,0],"indexes":[0,1,2,2,1,3],"uv":[0,134,528,134,0,0,528,0],"nuv":[0,0,1,0,0,1,1,1],"minPos":{"x":-264,"y":-67,"z":0},"maxPos":{"x":264,"y":67,"z":0}},"packable":true,"pixelsToUnit":100,"pivot":{"x":0.5,"y":0.5},"meshType":0}],[0],0,[0],[2],[19]],[[{"name":"default_sprite_splash","rect":{"x":0,"y":0,"width":2,"height":2},"offset":{"x":0,"y":0},"originalSize":{"width":2,"height":2},"rotated":false,"capInsets":[0,0,0,0],"vertices":{"rawPosition":[-1,-1,0,1,-1,0,-1,1,0,1,1,0],"indexes":[0,1,2,2,1,3],"uv":[0,2,2,2,0,0,2,0],"nuv":[0,0,1,0,0,1,1,1],"minPos":{"x":-1,"y":-1,"z":0},"maxPos":{"x":1,"y":1,"z":0}},"packable":true,"pixelsToUnit":100,"pivot":{"x":0.5,"y":0.5},"meshType":0}],[0],0,[0],[2],[20]],[[{"name":"frame_pop_3","rect":{"x":0,"y":3,"width":586,"height":497},"offset":{"x":-0.5,"y":-1},"originalSize":{"width":587,"height":501},"rotated":false,"capInsets":[208,172,191,186],"vertices":{"rawPosition":[-293,-248.5,0,293,-248.5,0,-293,248.5,0,293,248.5,0],"indexes":[0,1,2,2,1,3],"uv":[0,498,586,498,0,1,586,1],"nuv":[0,0.001996007984031936,0.9982964224872232,0.001996007984031936,0,0.9940119760479041,0.9982964224872232,0.9940119760479041],"minPos":{"x":-293,"y":-248.5,"z":0},"maxPos":{"x":293,"y":248.5,"z":0}},"packable":true,"pixelsToUnit":100,"pivot":{"x":0.5,"y":0.5},"meshType":0}],[0],0,[0],[2],[21]],[[{"name":"default_btn_disabled","rect":{"x":0,"y":0,"width":40,"height":40},"offset":{"x":0,"y":0},"originalSize":{"width":40,"height":40},"rotated":false,"capInsets":[12,12,12,12],"vertices":{"rawPosition":[-20,-20,0,20,-20,0,-20,20,0,20,20,0],"indexes":[0,1,2,2,1,3],"uv":[0,40,40,40,0,0,40,0],"nuv":[0,0,1,0,0,1,1,1],"minPos":{"x":-20,"y":-20,"z":0},"maxPos":{"x":20,"y":20,"z":0}},"packable":true,"pixelsToUnit":100,"pivot":{"x":0.5,"y":0.5},"meshType":0}],[0],0,[0],[2],[22]],[[{"name":"default_scrollbar_vertical","rect":{"x":0,"y":0,"width":15,"height":30},"offset":{"x":0,"y":0},"originalSize":{"width":15,"height":30},"rotated":false,"capInsets":[4,10,4,10],"vertices":{"rawPosition":[-7.5,-15,0,7.5,-15,0,-7.5,15,0,7.5,15,0],"indexes":[0,1,2,2,1,3],"uv":[0,30,15,30,0,0,15,0],"nuv":[0,0,1,0,0,1,1,1],"minPos":{"x":-7.5,"y":-15,"z":0},"maxPos":{"x":7.5,"y":15,"z":0}},"packable":true,"pixelsToUnit":100,"pivot":{"x":0.5,"y":0.5},"meshType":0}],[0],0,[0],[2],[23]],[[{"name":"default_panel","rect":{"x":0,"y":0,"width":20,"height":20},"offset":{"x":0,"y":0},"originalSize":{"width":20,"height":20},"rotated":false,"capInsets":[8,8,8,8],"vertices":{"rawPosition":[-10,-10,0,10,-10,0,-10,10,0,10,10,0],"indexes":[0,1,2,2,1,3],"uv":[0,20,20,20,0,0,20,0],"nuv":[0,0,1,0,0,1,1,1],"minPos":{"x":-10,"y":-10,"z":0},"maxPos":{"x":10,"y":10,"z":0}},"packable":true,"pixelsToUnit":100,"pivot":{"x":0.5,"y":0.5},"meshType":0}],[0],0,[0],[2],[24]],[[{"name":"default_scrollbar_vertical_bg","rect":{"x":0,"y":0,"width":15,"height":30},"offset":{"x":0,"y":0},"originalSize":{"width":15,"height":30},"rotated":false,"capInsets":[4,10,4,10],"vertices":{"rawPosition":[-7.5,-15,0,7.5,-15,0,-7.5,15,0,7.5,15,0],"indexes":[0,1,2,2,1,3],"uv":[0,30,15,30,0,0,15,0],"nuv":[0,0,1,0,0,1,1,1],"minPos":{"x":-7.5,"y":-15,"z":0},"maxPos":{"x":7.5,"y":15,"z":0}},"packable":true,"pixelsToUnit":100,"pivot":{"x":0.5,"y":0.5},"meshType":0}],[0],0,[0],[2],[25]]]]
