[{"__type__":"cc.SpriteFrame","content":{"name":"38_4","texture":"2cbC/WiDRKyLOSMMcCbdCJ","rect":[0,0,104,145],"offset":[0,0],"originalSize":[104,145]}},{"__type__":"cc.SpriteFrame","content":{"name":"cm_tk","texture":"1acJPSbSJBTIJnjhLGat7s","rect":[0,0,676,994],"offset":[0,0],"originalSize":[676,994]}},{"__type__":"cc.SpriteFrame","content":{"name":"pic_cm_xz","texture":"94FqX1gRdDLK/1zP9ea9jf","rect":[0,0,216,97],"offset":[0,0],"originalSize":[216,97]}},{"__type__":"cc.SpriteFrame","content":{"name":"close","texture":"30Mb1h1W5B5Yy6QdHcaz4z","rect":[0,0,43,44],"offset":[0,0],"originalSize":[43,44]}},{"__type__":"cc.SpriteFrame","content":{"name":"default_sprite_splash","texture":"02delMVqdBD70a/HSD99FK","rect":[0,0,2,2],"offset":[0,0],"originalSize":[2,2]}},{"__type__":"cc.SpriteFrame","content":{"name":"38_3","texture":"87Ha4BmrZGUJzQ/ggIBqKf","rect":[0,0,104,145],"offset":[0,0],"originalSize":[104,145]}},[{"__type__":"cc.Prefab","_name":"ThemeNode","data":{"__id__":1},"asyncLoadAssets":null},{"__type__":"cc.Node","_name":"AddUpNode","_children":[{"__id__":2},{"__id__":3}],"_components":[{"__type__":"cc.Widget","node":{"__id__":1},"_alignFlags":45,"_originalWidth":750,"_originalHeight":1334},{"__type__":"b3236C8vX5GHZXSxamZfq+E","node":{"__id__":1}}],"_prefab":{"__type__":"cc.PrefabInfo","root":{"__id__":1},"asset":{"__uuid__":"b5BlG89lZMI5l23i9zg0gP"},"fileId":"8eWFe0kkdBC7nqKxcJRpDj"},"_contentSize":{"__type__":"cc.Size","width":750,"height":1334},"_position":{"__type__":"cc.Vec2","x":375,"y":667}},{"__type__":"cc.Node","_name":"bg","_parent":{"__id__":1},"_components":[{"__type__":"cc.Sprite","node":{"__id__":2},"_spriteFrame":{"__uuid__":"a2MjXRFdtLlYQ5ouAFv/+R"},"_sizeMode":0},{"__type__":"cc.Widget","node":{"__id__":2},"_alignFlags":45,"_originalWidth":750,"_originalHeight":1334},{"__type__":"cc.Button","node":{"__id__":2}}],"_prefab":{"__type__":"cc.PrefabInfo","root":{"__id__":1},"asset":{"__uuid__":"b5BlG89lZMI5l23i9zg0gP"},"fileId":"b8y97HNDNIV523Fp+sozlA"},"_opacity":180,"_color":{"__type__":"cc.Color"},"_contentSize":{"__type__":"cc.Size","width":750,"height":1334}},{"__type__":"cc.Node","_name":"content","_parent":{"__id__":1},"_children":[{"__id__":4},{"__id__":5},{"__id__":16},{"__id__":29},{"__id__":34},{"__id__":39}],"_components":[{"__type__":"cc.Sprite","node":{"__id__":3},"_spriteFrame":{"__uuid__":"3dZtmJDvNMC5KbnbGJKFf+"}},{"__type__":"cc.Button","node":{"__id__":3}}],"_prefab":{"__type__":"cc.PrefabInfo","root":{"__id__":1},"asset":{"__uuid__":"b5BlG89lZMI5l23i9zg0gP"},"fileId":"ebR2v28sVPNZKyFRkzKN4z"},"_contentSize":{"__type__":"cc.Size","width":676,"height":994}},{"__type__":"cc.Node","_name":"title","_parent":{"__id__":3},"_components":[{"__type__":"cc.Label","node":{"__id__":4},"_useOriginalSize":false,"_fontSize":48,"_lineHeight":56,"_N$string":"主题","_N$horizontalAlign":1,"_N$verticalAlign":1}],"_prefab":{"__type__":"cc.PrefabInfo","root":{"__id__":1},"asset":{"__uuid__":"b5BlG89lZMI5l23i9zg0gP"},"fileId":"d5e4DqNg5NJZ+gsRONAD0T"},"_contentSize":{"__type__":"cc.Size","width":96,"height":56},"_position":{"__type__":"cc.Vec2","y":449}},{"__type__":"cc.Node","_name":"groupnode","_parent":{"__id__":3},"_children":[{"__id__":6},{"__id__":7},{"__id__":10},{"__id__":13}],"_prefab":{"__type__":"cc.PrefabInfo","root":{"__id__":1},"asset":{"__uuid__":"b5BlG89lZMI5l23i9zg0gP"},"fileId":"64kdaSFgxALpz+ZlbJIC2C"},"_contentSize":{"__type__":"cc.Size","width":598,"height":60},"_position":{"__type__":"cc.Vec2","y":322}},{"__type__":"cc.Node","_name":"pic_cm_btdk.9","_parent":{"__id__":5},"_components":[{"__type__":"cc.Sprite","node":{"__id__":6},"_spriteFrame":{"__uuid__":"c77BY33nhFlIme4oVlv3h4"},"_type":1,"_sizeMode":0}],"_prefab":{"__type__":"cc.PrefabInfo","root":{"__id__":1},"asset":{"__uuid__":"b5BlG89lZMI5l23i9zg0gP"},"fileId":"f2g0nLEylOU5hRcHeDGWcW"},"_contentSize":{"__type__":"cc.Size","width":640,"height":90}},{"__type__":"cc.Node","_name":"ocardbtn","_parent":{"__id__":5},"_children":[{"__id__":8},{"__id__":9}],"_components":[{"__type__":"cc.Button","node":{"__id__":7}}],"_prefab":{"__type__":"cc.PrefabInfo","root":{"__id__":1},"asset":{"__uuid__":"b5BlG89lZMI5l23i9zg0gP"},"fileId":"4e3pxtcv1HV7DtKNZZ1h8+"},"_contentSize":{"__type__":"cc.Size","width":198,"height":60},"_position":{"__type__":"cc.Vec2","x":-210}},{"__type__":"cc.Node","_name":"itembg_1","_parent":{"__id__":7},"_components":[{"__type__":"cc.Sprite","node":{"__id__":8},"_spriteFrame":{"__uuid__":"68yihG83NEVJDzBzaQPZ7B"}}],"_prefab":{"__type__":"cc.PrefabInfo","root":{"__id__":1},"asset":{"__uuid__":"b5BlG89lZMI5l23i9zg0gP"},"fileId":"37knL0r6pP7LVC0kvEBVGy"},"_contentSize":{"__type__":"cc.Size","width":216,"height":97}},{"__type__":"cc.Node","_name":"New Label","_parent":{"__id__":7},"_components":[{"__type__":"cc.Label","node":{"__id__":9},"_useOriginalSize":false,"_fontSize":32,"_lineHeight":42,"_N$string":"牌面款式","_N$horizontalAlign":1,"_N$verticalAlign":1}],"_prefab":{"__type__":"cc.PrefabInfo","root":{"__id__":1},"asset":{"__uuid__":"b5BlG89lZMI5l23i9zg0gP"},"fileId":"91kRLmYipNGKmm+3QskvGX"},"_contentSize":{"__type__":"cc.Size","width":128,"height":42}},{"__type__":"cc.Node","_name":"tcardbtn","_parent":{"__id__":5},"_children":[{"__id__":11},{"__id__":12}],"_components":[{"__type__":"cc.Button","node":{"__id__":10}}],"_prefab":{"__type__":"cc.PrefabInfo","root":{"__id__":1},"asset":{"__uuid__":"b5BlG89lZMI5l23i9zg0gP"},"fileId":"0d6lILe3RGx4BAuciP+or7"},"_contentSize":{"__type__":"cc.Size","width":198,"height":60}},{"__type__":"cc.Node","_name":"itembg_1","_parent":{"__id__":10},"_active":false,"_components":[{"__type__":"cc.Sprite","node":{"__id__":11},"_spriteFrame":{"__uuid__":"68yihG83NEVJDzBzaQPZ7B"}}],"_prefab":{"__type__":"cc.PrefabInfo","root":{"__id__":1},"asset":{"__uuid__":"b5BlG89lZMI5l23i9zg0gP"},"fileId":"746mY8xjJI86MeCB1jyaMX"},"_contentSize":{"__type__":"cc.Size","width":216,"height":97}},{"__type__":"cc.Node","_name":"New Label","_parent":{"__id__":10},"_components":[{"__type__":"cc.Label","node":{"__id__":12},"_useOriginalSize":false,"_fontSize":32,"_lineHeight":42,"_N$string":"背景","_N$horizontalAlign":1,"_N$verticalAlign":1}],"_prefab":{"__type__":"cc.PrefabInfo","root":{"__id__":1},"asset":{"__uuid__":"b5BlG89lZMI5l23i9zg0gP"},"fileId":"b6g2G9UJ5KXJSFHGL62v85"},"_contentSize":{"__type__":"cc.Size","width":64,"height":42}},{"__type__":"cc.Node","_name":"wjsbtn","_parent":{"__id__":5},"_children":[{"__id__":14},{"__id__":15}],"_components":[{"__type__":"cc.Button","node":{"__id__":13}}],"_prefab":{"__type__":"cc.PrefabInfo","root":{"__id__":1},"asset":{"__uuid__":"b5BlG89lZMI5l23i9zg0gP"},"fileId":"dfo2lTWYZAu51QO2Hy7DWy"},"_contentSize":{"__type__":"cc.Size","width":198,"height":60},"_position":{"__type__":"cc.Vec2","x":210}},{"__type__":"cc.Node","_name":"itembg_1","_parent":{"__id__":13},"_active":false,"_components":[{"__type__":"cc.Sprite","node":{"__id__":14},"_spriteFrame":{"__uuid__":"68yihG83NEVJDzBzaQPZ7B"}}],"_prefab":{"__type__":"cc.PrefabInfo","root":{"__id__":1},"asset":{"__uuid__":"b5BlG89lZMI5l23i9zg0gP"},"fileId":"fdkOB20FZAw6Hz33DLTZP/"},"_contentSize":{"__type__":"cc.Size","width":216,"height":97}},{"__type__":"cc.Node","_name":"New Label","_parent":{"__id__":13},"_components":[{"__type__":"cc.Label","node":{"__id__":15},"_useOriginalSize":false,"_fontSize":32,"_lineHeight":42,"_N$string":"牌背款式","_N$horizontalAlign":1,"_N$verticalAlign":1}],"_prefab":{"__type__":"cc.PrefabInfo","root":{"__id__":1},"asset":{"__uuid__":"b5BlG89lZMI5l23i9zg0gP"},"fileId":"ba3IFIEo9B9q1u4Wn2z/oq"},"_contentSize":{"__type__":"cc.Size","width":128,"height":42}},{"__type__":"cc.Node","_name":"listview1","_parent":{"__id__":3},"_children":[{"__id__":17}],"_components":[{"__type__":"cc.ScrollView","node":{"__id__":16},"content":{"__id__":18},"horizontal":false,"brake":0.75,"elastic":false,"bounceDuration":0.23,"_N$horizontalScrollBar":null,"_N$verticalScrollBar":null}],"_prefab":{"__type__":"cc.PrefabInfo","root":{"__id__":1},"asset":{"__uuid__":"b5BlG89lZMI5l23i9zg0gP"},"fileId":"0bcML7esFFYoj5ezouOApQ"},"_anchorPoint":{"__type__":"cc.Vec2","x":0.5,"y":1},"_contentSize":{"__type__":"cc.Size","width":600,"height":700},"_position":{"__type__":"cc.Vec2","y":260}},{"__type__":"cc.Node","_name":"view","_parent":{"__id__":16},"_children":[{"__id__":18}],"_components":[{"__type__":"cc.Mask","node":{"__id__":17},"_N$alphaThreshold":0}],"_prefab":{"__type__":"cc.PrefabInfo","root":{"__id__":1},"asset":{"__uuid__":"b5BlG89lZMI5l23i9zg0gP"},"fileId":"c3Kshb7NpPkr1D24Zca7oS"},"_anchorPoint":{"__type__":"cc.Vec2","x":0.5,"y":1},"_contentSize":{"__type__":"cc.Size","width":600,"height":700}},{"__type__":"cc.Node","_name":"content","_parent":{"__id__":17},"_children":[{"__id__":19},{"__id__":21},{"__id__":23},{"__id__":25},{"__id__":27}],"_components":[{"__type__":"cc.Layout","node":{"__id__":18},"_layoutSize":{"__type__":"cc.Size","width":600,"height":155},"_resize":1,"_N$layoutType":3,"_N$paddingTop":10,"_N$spacingX":20,"_N$spacingY":30}],"_prefab":{"__type__":"cc.PrefabInfo","root":{"__id__":1},"asset":{"__uuid__":"b5BlG89lZMI5l23i9zg0gP"},"fileId":"8c1hvjJi5NALUXbxnSO1dq"},"_anchorPoint":{"__type__":"cc.Vec2","x":0.5,"y":1},"_contentSize":{"__type__":"cc.Size","width":600,"height":155},"_position":{"__type__":"cc.Vec2","y":-5}},{"__type__":"cc.Node","_name":"item","_parent":{"__id__":18},"_children":[{"__id__":20}],"_components":[{"__type__":"cc.Sprite","node":{"__id__":19},"_spriteFrame":{"__uuid__":"d2u/sZlehDeIKOz2Rx7Nub"}},{"__type__":"cc.Button","node":{"__id__":19},"clickEvents":[{"__type__":"cc.ClickEvent","target":{"__id__":1},"handler":"selectcardModel","customEventData":"1"}]}],"_prefab":{"__type__":"cc.PrefabInfo","root":{"__id__":1},"asset":{"__uuid__":"b5BlG89lZMI5l23i9zg0gP"},"fileId":"74ls/au7lBF6zzEFqkJYpP"},"_contentSize":{"__type__":"cc.Size","width":104,"height":145},"_position":{"__type__":"cc.Vec2","x":-248,"y":-82.5}},{"__type__":"cc.Node","_name":"gou","_parent":{"__id__":19},"_components":[{"__type__":"cc.Sprite","node":{"__id__":20},"_spriteFrame":{"__uuid__":"bceA+mkKxB6aQHIrDypHNG"}}],"_prefab":{"__type__":"cc.PrefabInfo","root":{"__id__":1},"asset":{"__uuid__":"b5BlG89lZMI5l23i9zg0gP"},"fileId":"b2GPMD14ZKKJGFre3g0K+w"},"_contentSize":{"__type__":"cc.Size","width":70,"height":56},"_position":{"__type__":"cc.Vec2","x":27,"y":-41}},{"__type__":"cc.Node","_name":"item","_parent":{"__id__":18},"_children":[{"__id__":22}],"_components":[{"__type__":"cc.Sprite","node":{"__id__":21},"_spriteFrame":{"__uuid__":"e6IN+LfsRCuYCl5mGMhAqP"}},{"__type__":"cc.Button","node":{"__id__":21},"clickEvents":[{"__type__":"cc.ClickEvent","target":{"__id__":1},"handler":"selectcardModel","customEventData":"2"}]}],"_prefab":{"__type__":"cc.PrefabInfo","root":{"__id__":1},"asset":{"__uuid__":"b5BlG89lZMI5l23i9zg0gP"},"fileId":"e3mJXqc8hNoaRye0Is+rxX"},"_contentSize":{"__type__":"cc.Size","width":104,"height":145},"_position":{"__type__":"cc.Vec2","x":-124,"y":-82.5}},{"__type__":"cc.Node","_name":"gou","_parent":{"__id__":21},"_active":false,"_components":[{"__type__":"cc.Sprite","node":{"__id__":22},"_spriteFrame":{"__uuid__":"bceA+mkKxB6aQHIrDypHNG"}}],"_prefab":{"__type__":"cc.PrefabInfo","root":{"__id__":1},"asset":{"__uuid__":"b5BlG89lZMI5l23i9zg0gP"},"fileId":"b3FW+aSJlCL7NOnEecAx5V"},"_contentSize":{"__type__":"cc.Size","width":70,"height":56},"_position":{"__type__":"cc.Vec2","x":27,"y":-41}},{"__type__":"cc.Node","_name":"item","_parent":{"__id__":18},"_children":[{"__id__":24}],"_components":[{"__type__":"cc.Sprite","node":{"__id__":23},"_spriteFrame":{"__uuid__":"a6z7G7x7BOG4YkVEbkyQ4t"}},{"__type__":"cc.Button","node":{"__id__":23},"clickEvents":[{"__type__":"cc.ClickEvent","target":{"__id__":1},"handler":"selectcardModel","customEventData":"3"}]}],"_prefab":{"__type__":"cc.PrefabInfo","root":{"__id__":1},"asset":{"__uuid__":"b5BlG89lZMI5l23i9zg0gP"},"fileId":"43Mz0/tjdO6qwtoj0hYWWv"},"_contentSize":{"__type__":"cc.Size","width":104,"height":145},"_position":{"__type__":"cc.Vec2","y":-82.5}},{"__type__":"cc.Node","_name":"gou","_parent":{"__id__":23},"_active":false,"_components":[{"__type__":"cc.Sprite","node":{"__id__":24},"_spriteFrame":{"__uuid__":"bceA+mkKxB6aQHIrDypHNG"}}],"_prefab":{"__type__":"cc.PrefabInfo","root":{"__id__":1},"asset":{"__uuid__":"b5BlG89lZMI5l23i9zg0gP"},"fileId":"dcST2vXCVE97o+Yt+cI6mC"},"_contentSize":{"__type__":"cc.Size","width":70,"height":56},"_position":{"__type__":"cc.Vec2","x":27,"y":-41}},{"__type__":"cc.Node","_name":"item","_parent":{"__id__":18},"_children":[{"__id__":26}],"_components":[{"__type__":"cc.Sprite","node":{"__id__":25},"_spriteFrame":{"__uuid__":"0b5YuP2K1HlqxzX7JJuTVz"}},{"__type__":"cc.Button","node":{"__id__":25},"clickEvents":[{"__type__":"cc.ClickEvent","target":{"__id__":1},"handler":"selectcardModel","customEventData":"4"}]}],"_prefab":{"__type__":"cc.PrefabInfo","root":{"__id__":1},"asset":{"__uuid__":"b5BlG89lZMI5l23i9zg0gP"},"fileId":"03tOB+b+1JqbRQZY4xBeRm"},"_contentSize":{"__type__":"cc.Size","width":104,"height":145},"_position":{"__type__":"cc.Vec2","x":124,"y":-82.5}},{"__type__":"cc.Node","_name":"gou","_parent":{"__id__":25},"_active":false,"_components":[{"__type__":"cc.Sprite","node":{"__id__":26},"_spriteFrame":{"__uuid__":"bceA+mkKxB6aQHIrDypHNG"}}],"_prefab":{"__type__":"cc.PrefabInfo","root":{"__id__":1},"asset":{"__uuid__":"b5BlG89lZMI5l23i9zg0gP"},"fileId":"afrqKBoRNCRY9Pf7eW0kjm"},"_contentSize":{"__type__":"cc.Size","width":70,"height":56},"_position":{"__type__":"cc.Vec2","x":27,"y":-41}},{"__type__":"cc.Node","_name":"item","_parent":{"__id__":18},"_children":[{"__id__":28}],"_components":[{"__type__":"cc.Sprite","node":{"__id__":27},"_spriteFrame":{"__uuid__":"d5wAKLKHhHG4SrBiNOkSo+"}},{"__type__":"cc.Button","node":{"__id__":27},"clickEvents":[{"__type__":"cc.ClickEvent","target":{"__id__":1},"handler":"selectcardModel","customEventData":"5"}]}],"_prefab":{"__type__":"cc.PrefabInfo","root":{"__id__":1},"asset":{"__uuid__":"b5BlG89lZMI5l23i9zg0gP"},"fileId":"e7s2jXJhtA34IwDNEhFvDE"},"_contentSize":{"__type__":"cc.Size","width":104,"height":145},"_position":{"__type__":"cc.Vec2","x":248,"y":-82.5}},{"__type__":"cc.Node","_name":"gou","_parent":{"__id__":27},"_active":false,"_components":[{"__type__":"cc.Sprite","node":{"__id__":28},"_spriteFrame":{"__uuid__":"bceA+mkKxB6aQHIrDypHNG"}}],"_prefab":{"__type__":"cc.PrefabInfo","root":{"__id__":1},"asset":{"__uuid__":"b5BlG89lZMI5l23i9zg0gP"},"fileId":"9eDhFarC5G16L9Ba7z5LZh"},"_contentSize":{"__type__":"cc.Size","width":70,"height":56},"_position":{"__type__":"cc.Vec2","x":27,"y":-41}},{"__type__":"cc.Node","_name":"listview2","_parent":{"__id__":3},"_children":[{"__id__":30}],"_active":false,"_components":[{"__type__":"cc.ScrollView","node":{"__id__":29},"content":{"__id__":31},"horizontal":false,"brake":0.75,"elastic":false,"bounceDuration":0.23,"_N$horizontalScrollBar":null,"_N$verticalScrollBar":null}],"_prefab":{"__type__":"cc.PrefabInfo","root":{"__id__":1},"asset":{"__uuid__":"b5BlG89lZMI5l23i9zg0gP"},"fileId":"97cpZNo/xJObfeMqUtOjCA"},"_anchorPoint":{"__type__":"cc.Vec2","x":0.5,"y":1},"_contentSize":{"__type__":"cc.Size","width":600,"height":700},"_position":{"__type__":"cc.Vec2","y":260}},{"__type__":"cc.Node","_name":"view","_parent":{"__id__":29},"_children":[{"__id__":31}],"_components":[{"__type__":"cc.Mask","node":{"__id__":30},"_N$alphaThreshold":0}],"_prefab":{"__type__":"cc.PrefabInfo","root":{"__id__":1},"asset":{"__uuid__":"b5BlG89lZMI5l23i9zg0gP"},"fileId":"baS62kHCBKY5ZcagcXlSV9"},"_anchorPoint":{"__type__":"cc.Vec2","x":0.5,"y":1},"_contentSize":{"__type__":"cc.Size","width":600,"height":700}},{"__type__":"cc.Node","_name":"content","_parent":{"__id__":30},"_children":[{"__id__":32}],"_components":[{"__type__":"cc.Layout","node":{"__id__":31},"_layoutSize":{"__type__":"cc.Size","width":600,"height":232},"_resize":1,"_N$layoutType":3,"_N$paddingTop":10,"_N$spacingX":30,"_N$spacingY":30}],"_prefab":{"__type__":"cc.PrefabInfo","root":{"__id__":1},"asset":{"__uuid__":"b5BlG89lZMI5l23i9zg0gP"},"fileId":"65auWtinBFartaPCUeP3Hf"},"_anchorPoint":{"__type__":"cc.Vec2","x":0.5,"y":1},"_contentSize":{"__type__":"cc.Size","width":600,"height":232},"_position":{"__type__":"cc.Vec2","y":-5}},{"__type__":"cc.Node","_name":"item","_parent":{"__id__":31},"_children":[{"__id__":33}],"_components":[{"__type__":"cc.Sprite","node":{"__id__":32},"_spriteFrame":{"__uuid__":"fb6e5mEf5MLY7DbGsguEG8"}},{"__type__":"cc.Button","node":{"__id__":32},"clickEvents":[{"__type__":"cc.ClickEvent","target":{"__id__":1},"handler":"selectmainbgModel"}]}],"_prefab":{"__type__":"cc.PrefabInfo","root":{"__id__":1},"asset":{"__uuid__":"b5BlG89lZMI5l23i9zg0gP"},"fileId":"7eZqah2MJFxKm/XP9sjSp9"},"_contentSize":{"__type__":"cc.Size","width":162,"height":222},"_position":{"__type__":"cc.Vec2","x":-219,"y":-121}},{"__type__":"cc.Node","_name":"gou","_parent":{"__id__":32},"_active":false,"_components":[{"__type__":"cc.Sprite","node":{"__id__":33},"_spriteFrame":{"__uuid__":"bceA+mkKxB6aQHIrDypHNG"}}],"_prefab":{"__type__":"cc.PrefabInfo","root":{"__id__":1},"asset":{"__uuid__":"b5BlG89lZMI5l23i9zg0gP"},"fileId":"98CVo0I/BNRp1vr5piS+Nu"},"_contentSize":{"__type__":"cc.Size","width":70,"height":56},"_position":{"__type__":"cc.Vec2","x":40,"y":-75}},{"__type__":"cc.Node","_name":"listview3","_parent":{"__id__":3},"_children":[{"__id__":35}],"_active":false,"_components":[{"__type__":"cc.ScrollView","node":{"__id__":34},"content":{"__id__":36},"horizontal":false,"brake":0.75,"elastic":false,"bounceDuration":0.23,"_N$horizontalScrollBar":null,"_N$verticalScrollBar":null}],"_prefab":{"__type__":"cc.PrefabInfo","root":{"__id__":1},"asset":{"__uuid__":"b5BlG89lZMI5l23i9zg0gP"},"fileId":"43v9GABV5EeLKy9UawmIbL"},"_anchorPoint":{"__type__":"cc.Vec2","x":0.5,"y":1},"_contentSize":{"__type__":"cc.Size","width":600,"height":700},"_position":{"__type__":"cc.Vec2","y":260}},{"__type__":"cc.Node","_name":"view","_parent":{"__id__":34},"_children":[{"__id__":36}],"_components":[{"__type__":"cc.Mask","node":{"__id__":35},"_N$alphaThreshold":0}],"_prefab":{"__type__":"cc.PrefabInfo","root":{"__id__":1},"asset":{"__uuid__":"b5BlG89lZMI5l23i9zg0gP"},"fileId":"80cH3ElGZCb4l82aG55gtR"},"_anchorPoint":{"__type__":"cc.Vec2","x":0.5,"y":1},"_contentSize":{"__type__":"cc.Size","width":600,"height":700}},{"__type__":"cc.Node","_name":"content","_parent":{"__id__":35},"_children":[{"__id__":37}],"_components":[{"__type__":"cc.Layout","node":{"__id__":36},"_layoutSize":{"__type__":"cc.Size","width":600,"height":232},"_resize":1,"_N$layoutType":3,"_N$paddingTop":10,"_N$spacingX":30,"_N$spacingY":30}],"_prefab":{"__type__":"cc.PrefabInfo","root":{"__id__":1},"asset":{"__uuid__":"b5BlG89lZMI5l23i9zg0gP"},"fileId":"d9nSLX/o5JN5wrY3BmqfkJ"},"_anchorPoint":{"__type__":"cc.Vec2","x":0.5,"y":1},"_contentSize":{"__type__":"cc.Size","width":600,"height":232},"_position":{"__type__":"cc.Vec2","y":-5}},{"__type__":"cc.Node","_name":"item","_parent":{"__id__":36},"_children":[{"__id__":38}],"_components":[{"__type__":"cc.Sprite","node":{"__id__":37},"_spriteFrame":{"__uuid__":"fb6e5mEf5MLY7DbGsguEG8"}},{"__type__":"cc.Button","node":{"__id__":37},"clickEvents":[{"__type__":"cc.ClickEvent","target":{"__id__":1},"handler":"selectcardbgModel"}]}],"_prefab":{"__type__":"cc.PrefabInfo","root":{"__id__":1},"asset":{"__uuid__":"b5BlG89lZMI5l23i9zg0gP"},"fileId":"e9i/exxzlHjbY97kbZqL8p"},"_contentSize":{"__type__":"cc.Size","width":162,"height":222},"_position":{"__type__":"cc.Vec2","x":-199,"y":-121}},{"__type__":"cc.Node","_name":"gou","_parent":{"__id__":37},"_active":false,"_components":[{"__type__":"cc.Sprite","node":{"__id__":38},"_spriteFrame":{"__uuid__":"bceA+mkKxB6aQHIrDypHNG"}}],"_prefab":{"__type__":"cc.PrefabInfo","root":{"__id__":1},"asset":{"__uuid__":"b5BlG89lZMI5l23i9zg0gP"},"fileId":"cbCiM7nm9MRqAPKkfGWbbE"},"_contentSize":{"__type__":"cc.Size","width":70,"height":56},"_position":{"__type__":"cc.Vec2","x":14,"y":-40}},{"__type__":"cc.Node","_name":"closebtn","_parent":{"__id__":3},"_children":[{"__id__":40}],"_components":[{"__type__":"cc.Button","node":{"__id__":39},"transition":3,"zoomScale":0.8}],"_prefab":{"__type__":"cc.PrefabInfo","root":{"__id__":1},"asset":{"__uuid__":"b5BlG89lZMI5l23i9zg0gP"},"fileId":"d2C6vHoaFLs609CWf9c7DH"},"_contentSize":{"__type__":"cc.Size","width":80,"height":80},"_position":{"__type__":"cc.Vec2","x":299,"y":455}},{"__type__":"cc.Node","_name":"close","_parent":{"__id__":39},"_components":[{"__type__":"cc.Sprite","node":{"__id__":40},"_spriteFrame":{"__uuid__":"8e/XDr911FmKK06jMb9shz"}}],"_prefab":{"__type__":"cc.PrefabInfo","root":{"__id__":1},"asset":{"__uuid__":"b5BlG89lZMI5l23i9zg0gP"},"fileId":"1cISEzSbBPF5I1gm5q6scr"},"_contentSize":{"__type__":"cc.Size","width":43,"height":44}}],{"__type__":"cc.SpriteFrame","content":{"name":"gou","texture":"fdXiFK6PlPW62VjvnMuhiL","rect":[0,0,104,79],"offset":[0,0],"originalSize":[104,79]}},{"__type__":"cc.SpriteFrame","content":{"name":"pic_cm_btdk","texture":"2fyhdWidRHzpWXHm3mA5gh","rect":[0,0,120,90],"offset":[0,0],"originalSize":[120,90],"capInsets":[44,0,45,0]}},{"__type__":"cc.SpriteFrame","content":{"name":"38_1","texture":"2dsFY51ApMQIV137pdR8+x","rect":[0,0,104,145],"offset":[0,0],"originalSize":[104,145]}},{"__type__":"cc.SpriteFrame","content":{"name":"38_5","texture":"edT2sv0fBIy7y4QMRIq9aK","rect":[0,0,104,145],"offset":[0,0],"originalSize":[104,145]}},{"__type__":"cc.SpriteFrame","content":{"name":"38_2","texture":"bfD/qS4CJJ0KZv/y0LgIKx","rect":[0,0,104,145],"offset":[0,0],"originalSize":[104,145]}},{"__type__":"cc.SpriteFrame","content":{"name":"camera","texture":"c6UhLdOm9BfJspSCHxxPN6","rect":[0,0,162,222],"offset":[0,0],"originalSize":[162,222]}}]