[1,["c7xDXBzXVIspDmVBYGjhgS@c4114","c7xDXBzXVIspDmVBYGjhgS@4a2ee","1brw/JvvpFnIvdrxpFCgMZ"],["root","node","data","_mesh","_effectAsset"],[["cc.Prefab",[],3],["cc.Node",["_name","_components","_prefab","_lrot","_euler"],2,9,4,5,5],["cc.MeshRenderer",["node","__prefab","_materials","bakeSettings","_mesh"],3,1,4,3,4,6],["cc.CompPrefabInfo",["fileId"],2],["cc.ModelBakeSettings",[],3],["cc.PrefabInfo",["fileId","instance","targetOverrides","nestedPrefabInstanceRoots","root","asset"],-1,1,1],["cc.Mesh",["_native","_hash","_struct"],1,11],["cc.Material",["_name","_states","_defines","_props"],0,12]],[[0,1],[1,0,1,2,3,4,2],[2,0,1,2,3,4,1],[3,0,2],[4,1],[5,0,1,2,3,4,5,5],[6,0,1,2,3],[7,0,1,2,3,4]],[[[[0],[1,"Hunting_tree",[[2,-2,[3,"fdWtMWealVZ4dT0MqM6S47"],[0],[4],1]],[5,"60XaDA8hNcUZPL9V5IRvvI",null,null,null,-1,0],[3,-0.7071067811865476,0,0,0.7071067811865476],[1,-90.00000000000003,0,0]]],0,[0,0,1,0,1,1,0,2,1,2],[0,0],[-1,3],[0,1]],[[[6,".bin",3243399753,[{"primitives":[{"primitiveMode":7,"vertexBundelIndices":[0],"indexView":{"offset":429984,"length":80940,"count":20235,"stride":4}}],"vertexBundles":[{"view":{"offset":0,"length":429984,"count":8958,"stride":48},"attributes":[{"name":"a_position","format":32,"isNormalized":false},{"name":"a_normal","format":32,"isNormalized":false},{"name":"a_texCoord","format":21,"isNormalized":false},{"name":"a_tangent","format":44,"isNormalized":false}]}]},"minPosition",8,[1,14.422514915466309,-12.255130767822266,-0.030414367094635963],"maxPosition",8,[1,50.213443756103516,7.621159076690674,1.89239501953125]]],-1],0,0,[],[],[]],[[[7,"07 - Default",[{"rasterizerState":{},"blendState":{"targets":[{}]},"depthStencilState":{}}],[{}],[[[{"metallic":0.4000000059604645,"roughness":0.7071067690849304},"albedoScale",8,[1,0.5882353186607361,0.5882353186607361,0.5882353186607361]]],11]]],0,0,[0],[4],[2]]]]
