[1,["a4aoYaZXJJMJvpM9ZsDhCE@50b4e","a4aoYaZXJJMJvpM9ZsDhCE@03bc2","1brw/JvvpFnIvdrxpFCgMZ"],["root","node","data","_mesh","_effectAsset"],[["cc.Mesh",["_native","_hash","_struct"],1,11],["cc.Prefab",[],3],["cc.Node",["_name","_components","_prefab"],2,9,4],["cc.MeshRenderer",["node","__prefab","_materials","bakeSettings","_mesh"],3,1,4,3,4,6],["cc.CompPrefabInfo",["fileId"],2],["cc.ModelBakeSettings",[],3],["cc.PrefabInfo",["fileId","instance","targetOverrides","nestedPrefabInstanceRoots","root","asset"],-1,1,1],["cc.Material",["_name","_states","_defines","_props"],0,12]],[[0,0,1,2,3],[1,1],[2,0,1,2,2],[3,0,1,2,3,4,1],[4,0,2],[5,1],[6,0,1,2,3,4,5,5],[7,0,1,2,3,4]],[[[[0,".bin",3659926871,[{"primitives":[{"primitiveMode":7,"vertexBundelIndices":[0],"indexView":{"offset":10176,"length":1272,"count":318,"stride":4}}],"vertexBundles":[{"view":{"offset":0,"length":10176,"count":212,"stride":48},"attributes":[{"name":"a_position","format":32,"isNormalized":false},{"name":"a_normal","format":32,"isNormalized":false},{"name":"a_texCoord","format":21,"isNormalized":false},{"name":"a_tangent","format":44,"isNormalized":false}]}]},"minPosition",8,[1,-0.7384243607521057,-5.663479782924696e-7,-1.3318743705749512],"maxPosition",8,[1,0.7802060842514038,0.00006481416494352743,1.256387710571289]]],-1],0,0,[],[],[]],[[[1],[2,"Mount",[[3,-2,[4,"0fOk2/Z3JSgo4Srv5E+/mY"],[0],[5],1]],[6,"8dd6yHQ79VqJ9ZG1F6dXOm",null,null,null,-1,0]]],0,[0,0,1,0,1,1,0,2,1,2],[0,0],[-1,3],[0,1]],[[[7,"10 - Default",[{"rasterizerState":{},"blendState":{"targets":[{}]},"depthStencilState":{}}],[{}],[[[{"metallic":0.4000000059604645,"roughness":0.7071067690849304},"albedoScale",8,[1,0.5882353186607361,0.5882353186607361,0.5882353186607361]]],11]]],0,0,[0],[4],[2]]]]
