{"__type__":"cc.JsonAsset","_name":"alert_en","json":{"getjiazuhongbao":"نەق پۇل ئېلىش قېتىم سانى يېتەرلىك بولماسلىق","duihuanpaowang":"پايدا ئايرىش زەمبىرىكىگە ئالماشتۇرۇش ئۈچۈن\nئىككى يۈز يۈەن قىزىل بولاق كېتىدۇ، ھازىر\nقىزىل بولاق يېتىشمەيدۇ","jiawai":"ئېلان كۆرۈشكە دەرىجىڭىز توشمايدۇ","newtixian":"ئۈچ موغا يەتمىسە ئالماشتۇرغىلى بولمايدۇ","yitixianguo":"ئېلىنىپ بولدى","tixianweimanzu":"ئېلىش شەرتىگە توشمايدۇ","yuebuzu":"قىزىل بولاق سانى يېتىشمىدى","tixianyes":"ئېلىش مۇۋاپىقىيەتلىك بولدى","tiaojianbuzu":"5 يۈەن قىزىل بولاق ئېلىشقا شەرتىڭىز توشمايدۇ","getjindu":"ئېلىندى تەپسىلاتى +","paowangduihuan":"账号等级到达68级可兑换"}}