[{"__type__":"cc.SpriteFrame","content":{"name":"popupBG","texture":"76bA72bONKDY1H0FQYhNd9","rect":[0,0,654,396],"offset":[0,0],"originalSize":[654,396],"capInsets":[0,69,0,73]}},[{"__type__":"cc.Prefab","_name":"AlertPopNode","data":{"__id__":1},"asyncLoadAssets":null},{"__type__":"cc.Node","_name":"AlertPopNode","_children":[{"__id__":2},{"__id__":3}],"_components":[{"__type__":"5eecdgzstdGnatlzBptE52p","node":{"__id__":1},"titleLabel":{"__id__":5},"contentLabel":{"__id__":7},"btnContent":{"__id__":8}},{"__type__":"cc.Widget","node":{"__id__":1},"_alignFlags":45,"_originalWidth":750,"_originalHeight":1334}],"_prefab":{"__type__":"cc.PrefabInfo","root":{"__id__":1},"asset":{"__uuid__":"2ceI0m9CdHKoCTJHvvihmU"},"fileId":"6fSTe57mdLDrPn6PCHE6z2"},"_contentSize":{"__type__":"cc.Size","width":750,"height":1334},"_position":{"__type__":"cc.Vec2","x":375,"y":667}},{"__type__":"cc.Node","_name":"bg","_parent":{"__id__":1},"_components":[{"__type__":"cc.Sprite","node":{"__id__":2},"_spriteFrame":{"__uuid__":"a2MjXRFdtLlYQ5ouAFv/+R"},"_sizeMode":0},{"__type__":"cc.BlockInputEvents","node":{"__id__":2}},{"__type__":"cc.Widget","node":{"__id__":2},"_alignFlags":45,"_originalWidth":750,"_originalHeight":1334}],"_prefab":{"__type__":"cc.PrefabInfo","root":{"__id__":1},"asset":{"__uuid__":"2ceI0m9CdHKoCTJHvvihmU"},"fileId":"a1bEz+zuhIcKT5pLFtLJMN"},"_opacity":200,"_color":{"__type__":"cc.Color"},"_contentSize":{"__type__":"cc.Size","width":750,"height":1334}},{"__type__":"cc.Node","_name":"content","_parent":{"__id__":1},"_children":[{"__id__":4},{"__id__":6},{"__id__":8}],"_components":[{"__type__":"cc.Sprite","node":{"__id__":3},"_spriteFrame":{"__uuid__":"25Uxjd+FlEY7rR1u9xaDlF"},"_type":1,"_sizeMode":0},{"__type__":"cc.Layout","node":{"__id__":3},"_layoutSize":{"__type__":"cc.Size","width":654,"height":433},"_resize":1,"_N$layoutType":2,"_N$paddingTop":100,"_N$paddingBottom":70,"_N$spacingY":70}],"_prefab":{"__type__":"cc.PrefabInfo","root":{"__id__":1},"asset":{"__uuid__":"2ceI0m9CdHKoCTJHvvihmU"},"fileId":"d7WBLcAF1HCZLJbA+L9ekp"},"_contentSize":{"__type__":"cc.Size","width":654,"height":433}},{"__type__":"cc.Node","_name":"titleLabel","_parent":{"__id__":3},"_components":[{"__id__":5}],"_prefab":{"__type__":"cc.PrefabInfo","root":{"__id__":1},"asset":{"__uuid__":"2ceI0m9CdHKoCTJHvvihmU"},"fileId":"b3eer7s9RIS4sYvGa1yggQ"},"_color":{"__type__":"cc.Color","r":108,"g":64,"b":61},"_contentSize":{"__type__":"cc.Size","width":190,"height":40},"_position":{"__type__":"cc.Vec2","y":96.5}},{"__type__":"cc.Label","node":{"__id__":4},"_useOriginalSize":false,"_fontSize":38,"_N$string":"自定义标题","_N$horizontalAlign":1,"_N$verticalAlign":1},{"__type__":"cc.Node","_name":"contentLabel","_parent":{"__id__":3},"_components":[{"__id__":7}],"_prefab":{"__type__":"cc.PrefabInfo","root":{"__id__":1},"asset":{"__uuid__":"2ceI0m9CdHKoCTJHvvihmU"},"fileId":"26AbOd+UlH8rRiGCiwHv+D"},"_color":{"__type__":"cc.Color","r":108,"g":64,"b":61},"_contentSize":{"__type__":"cc.Size","width":500,"height":35},"_position":{"__type__":"cc.Vec2","y":-11}},{"__type__":"cc.Label","node":{"__id__":6},"_useOriginalSize":false,"_fontSize":32,"_lineHeight":35,"_N$string":"内容","_N$horizontalAlign":1,"_N$verticalAlign":1,"_N$overflow":3},{"__type__":"cc.Node","_name":"btnContent","_parent":{"__id__":3},"_children":[{"__id__":9},{"__id__":11}],"_components":[{"__type__":"cc.Layout","node":{"__id__":8},"_layoutSize":{"__type__":"cc.Size","width":408,"height":48},"_resize":1,"_N$layoutType":1,"_N$spacingX":50}],"_prefab":{"__type__":"cc.PrefabInfo","root":{"__id__":1},"asset":{"__uuid__":"2ceI0m9CdHKoCTJHvvihmU"},"fileId":"0a8kUssX1MAYtA2QqID5NY"},"_contentSize":{"__type__":"cc.Size","width":408,"height":48},"_position":{"__type__":"cc.Vec2","y":-122.5}},{"__type__":"cc.Node","_name":"btn0","_parent":{"__id__":8},"_children":[{"__id__":10}],"_components":[{"__type__":"cc.Sprite","node":{"__id__":9},"_spriteFrame":{"__uuid__":"82Bpz5tg5Dpa7B/vYMeOrP"}},{"__type__":"cc.Button","node":{"__id__":9},"transition":3,"zoomScale":0.8,"_N$target":{"__id__":9}}],"_prefab":{"__type__":"cc.PrefabInfo","root":{"__id__":1},"asset":{"__uuid__":"2ceI0m9CdHKoCTJHvvihmU"},"fileId":"a2YrsrPfVL57iWHMzjxbQp"},"_contentSize":{"__type__":"cc.Size","width":179,"height":48},"_position":{"__type__":"cc.Vec2","x":-114.5}},{"__type__":"cc.Node","_name":"buttonLabel","_parent":{"__id__":9},"_components":[{"__type__":"cc.Label","node":{"__id__":10},"_useOriginalSize":false,"_fontSize":33,"_lineHeight":35,"_N$string":"取 消","_N$horizontalAlign":1,"_N$verticalAlign":1}],"_prefab":{"__type__":"cc.PrefabInfo","root":{"__id__":1},"asset":{"__uuid__":"2ceI0m9CdHKoCTJHvvihmU"},"fileId":"baeM2CEx9IqKOk5SgnHrGF"},"_color":{"__type__":"cc.Color","r":193,"g":153,"b":111},"_contentSize":{"__type__":"cc.Size","width":75.17,"height":35}},{"__type__":"cc.Node","_name":"btn1","_parent":{"__id__":8},"_children":[{"__id__":12}],"_components":[{"__type__":"cc.Sprite","node":{"__id__":11},"_spriteFrame":{"__uuid__":"82Bpz5tg5Dpa7B/vYMeOrP"}},{"__type__":"cc.Button","node":{"__id__":11},"transition":3,"zoomScale":0.8,"_N$target":{"__id__":11}}],"_prefab":{"__type__":"cc.PrefabInfo","root":{"__id__":1},"asset":{"__uuid__":"2ceI0m9CdHKoCTJHvvihmU"},"fileId":"8a64HYB+5Fp4spsgZQCddT"},"_contentSize":{"__type__":"cc.Size","width":179,"height":48},"_position":{"__type__":"cc.Vec2","x":114.5}},{"__type__":"cc.Node","_name":"buttonLabel","_parent":{"__id__":11},"_components":[{"__type__":"cc.Label","node":{"__id__":12},"_useOriginalSize":false,"_fontSize":33,"_lineHeight":35,"_N$string":"取 消","_N$horizontalAlign":1,"_N$verticalAlign":1}],"_prefab":{"__type__":"cc.PrefabInfo","root":{"__id__":1},"asset":{"__uuid__":"2ceI0m9CdHKoCTJHvvihmU"},"fileId":"0b6oTdspRHlJLELPsxm6mm"},"_color":{"__type__":"cc.Color","r":193,"g":153,"b":111},"_contentSize":{"__type__":"cc.Size","width":75.17,"height":35}}],{"__type__":"cc.SpriteFrame","content":{"name":"normalBtn","texture":"71PCuZZOJKGJ8CPwAtIII1","rect":[0,0,179,48],"offset":[0,0],"originalSize":[179,48]}},{"__type__":"cc.SpriteFrame","content":{"name":"default_sprite_splash","texture":"02delMVqdBD70a/HSD99FK","rect":[0,0,2,2],"offset":[0,0],"originalSize":[2,2]}}]