[{"__type__":"cc.SpriteFrame","content":{"name":"bg_paowangtouxiang","texture":"5c1Y1VASRHW7aBc0Y8Fa2+","rect":[583,1003,120,126],"offset":[0,0],"originalSize":[120,126],"capInsets":[0,0,0,0]}},[{"__type__":"cc.Prefab","_name":"tujian_layer","data":{"__id__":1}},{"__type__":"cc.Node","_name":"tujian_layer","_children":[{"__id__":2},{"__id__":3},{"__id__":22}],"_components":[{"__type__":"cc.Widget","node":{"__id__":1},"_alignFlags":45},{"__type__":"87408CBw01EiZpLThgDjmc1","node":{"__id__":1},"item":{"__uuid__":"bazPML7WhJ66a16v1bCwJU"},"pic_pao":{"__uuid__":"f2IX74R2JDrIgNu1gkhNWM"}}],"_prefab":{"__type__":"cc.PrefabInfo","root":{"__id__":1},"asset":{"__uuid__":"42XQmOvZBC45zqbpKS5OUM"},"fileId":"aeSLCyYM5HpIKJYkrVjusw"},"_contentSize":{"__type__":"cc.Size","width":750,"height":1334},"_trs":{"__type__":"TypedArray","ctor":"Float64Array","array":[375,667,0,0,0,0,1,1,1,1]}},{"__type__":"cc.Node","_name":"mask","_parent":{"__id__":1},"_components":[{"__type__":"cc.Sprite","node":{"__id__":2},"_materials":[{"__uuid__":"ecpdLyjvZBwrvm+cedCcQy"}],"_spriteFrame":{"__uuid__":"a2MjXRFdtLlYQ5ouAFv/+R"},"_sizeMode":0},{"__type__":"cc.Widget","node":{"__id__":2},"_alignFlags":45,"_originalWidth":40,"_originalHeight":36},{"__type__":"cc.BlockInputEvents","node":{"__id__":2}}],"_prefab":{"__type__":"cc.PrefabInfo","root":{"__id__":1},"asset":{"__uuid__":"42XQmOvZBC45zqbpKS5OUM"},"fileId":"51ytMQ/xNMVbYy3naGwFuX"},"_opacity":130,"_color":{"__type__":"cc.Color"},"_contentSize":{"__type__":"cc.Size","width":750,"height":1334},"_trs":{"__type__":"TypedArray","ctor":"Float64Array","array":[0,0,0,0,0,0,1,1,1,1]}},{"__type__":"cc.Node","_name":"bgNode","_parent":{"__id__":1},"_children":[{"__id__":4},{"__id__":20}],"_components":[{"__type__":"cc.Sprite","node":{"__id__":3},"_materials":[{"__uuid__":"ecpdLyjvZBwrvm+cedCcQy"}],"_spriteFrame":{"__uuid__":"d6hzfG2L9MR764rMWSr4ul"},"_type":1}],"_prefab":{"__type__":"cc.PrefabInfo","root":{"__id__":1},"asset":{"__uuid__":"42XQmOvZBC45zqbpKS5OUM"},"fileId":"21QctO2qpPtLuhA8Evugk1"},"_contentSize":{"__type__":"cc.Size","width":687,"height":808},"_trs":{"__type__":"TypedArray","ctor":"Float64Array","array":[1,28.025,0,0,0,0,1,1,1,1]}},{"__type__":"cc.Node","_name":"topnode","_parent":{"__id__":3},"_children":[{"__id__":5},{"__id__":8}],"_components":[{"__type__":"cc.Widget","node":{"__id__":4},"_alignFlags":45}],"_prefab":{"__type__":"cc.PrefabInfo","root":{"__id__":1},"asset":{"__uuid__":"42XQmOvZBC45zqbpKS5OUM"},"fileId":"010f1+nLNNzYuropajsWlf"},"_contentSize":{"__type__":"cc.Size","width":687,"height":808},"_trs":{"__type__":"TypedArray","ctor":"Float64Array","array":[0,0,0,0,0,0,1,1,1,1]}},{"__type__":"cc.Node","_name":"ScrollView","_parent":{"__id__":4},"_children":[{"__id__":6}],"_components":[{"__type__":"c4e26gSNz5Cs768Lx84TKCq","node":{"__id__":5},"horizontal":false,"_N$content":{"__id__":7},"content":{"__id__":7}}],"_prefab":{"__type__":"cc.PrefabInfo","root":{"__id__":1},"asset":{"__uuid__":"42XQmOvZBC45zqbpKS5OUM"},"fileId":"2c/wVKz9VJrJSAwxObbSO7"},"_contentSize":{"__type__":"cc.Size","width":588,"height":450},"_trs":{"__type__":"TypedArray","ctor":"Float64Array","array":[0,26.648,0,0,0,0,1,1,1,1]}},{"__type__":"cc.Node","_name":"view","_parent":{"__id__":5},"_children":[{"__id__":7}],"_components":[{"__type__":"cc.Mask","node":{"__id__":6},"_materials":[{"__uuid__":"ecpdLyjvZBwrvm+cedCcQy"}],"_N$alphaThreshold":0}],"_prefab":{"__type__":"cc.PrefabInfo","root":{"__id__":1},"asset":{"__uuid__":"42XQmOvZBC45zqbpKS5OUM"},"fileId":"c9/RctM99J0pjJCP1Tg3X/"},"_contentSize":{"__type__":"cc.Size","width":588,"height":450},"_trs":{"__type__":"TypedArray","ctor":"Float64Array","array":[0,0,0,0,0,0,1,1,1,1]}},{"__type__":"cc.Node","_name":"content","_parent":{"__id__":6},"_components":[{"__type__":"cc.Layout","node":{"__id__":7},"_layoutSize":{"__type__":"cc.Size","width":588,"height":143},"_resize":1,"_N$layoutType":2,"_N$paddingTop":20,"_N$spacingY":15},{"__type__":"cc.Widget","node":{"__id__":7},"_enabled":false,"_alignFlags":1}],"_prefab":{"__type__":"cc.PrefabInfo","root":{"__id__":1},"asset":{"__uuid__":"42XQmOvZBC45zqbpKS5OUM"},"fileId":"5bnJzk6FdHvKKKtg9/0U3J"},"_contentSize":{"__type__":"cc.Size","width":588,"height":143},"_anchorPoint":{"__type__":"cc.Vec2","x":0.5,"y":1},"_trs":{"__type__":"TypedArray","ctor":"Float64Array","array":[0,225,0,0,0,0,1,1,1,1]}},{"__type__":"cc.Node","_name":"bg_paowang","_parent":{"__id__":4},"_children":[{"__id__":9},{"__id__":10},{"__id__":12},{"__id__":15},{"__id__":17},{"__id__":18}],"_components":[{"__type__":"cc.Sprite","node":{"__id__":8},"_materials":[{"__uuid__":"ecpdLyjvZBwrvm+cedCcQy"}],"_spriteFrame":{"__uuid__":"8ebbuSMwNPRLD2/L0b+vID"}}],"_prefab":{"__type__":"cc.PrefabInfo","root":{"__id__":1},"asset":{"__uuid__":"42XQmOvZBC45zqbpKS5OUM"},"fileId":"f7jIQsHS9INpp/sC0OgsGT"},"_contentSize":{"__type__":"cc.Size","width":606,"height":190},"_trs":{"__type__":"TypedArray","ctor":"Float64Array","array":[0,-287.459,0,0,0,0,1,1,1,1]}},{"__type__":"cc.Node","_name":"bg_paowangjindu","_parent":{"__id__":8},"_components":[{"__type__":"cc.Sprite","node":{"__id__":9},"_materials":[{"__uuid__":"ecpdLyjvZBwrvm+cedCcQy"}],"_spriteFrame":{"__uuid__":"davKgPTpdM+aDrVCz0ekjM"}}],"_prefab":{"__type__":"cc.PrefabInfo","root":{"__id__":1},"asset":{"__uuid__":"42XQmOvZBC45zqbpKS5OUM"},"fileId":"3apGXDZm1MmpN1tpHo6d47"},"_contentSize":{"__type__":"cc.Size","width":580,"height":170},"_trs":{"__type__":"TypedArray","ctor":"Float64Array","array":[0,0,0,0,0,0,1,1,1,1]}},{"__type__":"cc.Node","_name":"bg_paowangtouxiang","_parent":{"__id__":8},"_children":[{"__id__":11}],"_components":[{"__type__":"cc.Sprite","node":{"__id__":10},"_materials":[{"__uuid__":"ecpdLyjvZBwrvm+cedCcQy"}],"_spriteFrame":{"__uuid__":"35cOCk6zJKkqO+alil3KHE"}}],"_prefab":{"__type__":"cc.PrefabInfo","root":{"__id__":1},"asset":{"__uuid__":"42XQmOvZBC45zqbpKS5OUM"},"fileId":"f3HWCaeqBBsKUB2rY5mn/p"},"_contentSize":{"__type__":"cc.Size","width":120,"height":126},"_trs":{"__type__":"TypedArray","ctor":"Float64Array","array":[-211.009,0,0,0,0,0,1,1,1,1]}},{"__type__":"cc.Node","_name":"pic_pao","_parent":{"__id__":10},"_components":[{"__type__":"cc.Sprite","node":{"__id__":11},"_materials":[{"__uuid__":"ecpdLyjvZBwrvm+cedCcQy"}],"_spriteFrame":{"__uuid__":"5fI8puK05IXL+sh5b1encq"}}],"_prefab":{"__type__":"cc.PrefabInfo","root":{"__id__":1},"asset":{"__uuid__":"42XQmOvZBC45zqbpKS5OUM"},"fileId":"c7oyM8V71BQpLGfPHy1s2q"},"_contentSize":{"__type__":"cc.Size","width":100,"height":80},"_trs":{"__type__":"TypedArray","ctor":"Float64Array","array":[0,0,0,0,0,0,1,0.8,0.8,1]}},{"__type__":"cc.Node","_name":"pic_jindudi","_parent":{"__id__":8},"_children":[{"__id__":13}],"_components":[{"__type__":"cc.Sprite","node":{"__id__":12},"_materials":[{"__uuid__":"ecpdLyjvZBwrvm+cedCcQy"}],"_spriteFrame":{"__uuid__":"e5SPLXKr1EHLspqks1M8v9"},"_sizeMode":0},{"__type__":"cc.ProgressBar","node":{"__id__":12},"_N$totalLength":258,"_N$barSprite":{"__id__":14},"_N$progress":0}],"_prefab":{"__type__":"cc.PrefabInfo","root":{"__id__":1},"asset":{"__uuid__":"42XQmOvZBC45zqbpKS5OUM"},"fileId":"1644OBPwdB07m+4uDN2mBu"},"_contentSize":{"__type__":"cc.Size","width":257,"height":20},"_trs":{"__type__":"TypedArray","ctor":"Float64Array","array":[0,-6.925,0,0,0,0,1,1,1,1]}},{"__type__":"cc.Node","_name":"pic_jindu","_parent":{"__id__":12},"_components":[{"__id__":14}],"_prefab":{"__type__":"cc.PrefabInfo","root":{"__id__":1},"asset":{"__uuid__":"42XQmOvZBC45zqbpKS5OUM"},"fileId":"2bPGZ+ftlNxaSMimodkGQA"},"_contentSize":{"__type__":"cc.Size","height":20},"_anchorPoint":{"__type__":"cc.Vec2","y":0.5},"_trs":{"__type__":"TypedArray","ctor":"Float64Array","array":[-131,0,0,0,0,0,1,1,1,1]}},{"__type__":"cc.Sprite","node":{"__id__":13},"_materials":[{"__uuid__":"ecpdLyjvZBwrvm+cedCcQy"}],"_spriteFrame":{"__uuid__":"725FmAdE9BVpeA/gVkfvA4"},"_type":1,"_sizeMode":0},{"__type__":"cc.Node","_name":"layout_pwjd","_parent":{"__id__":8},"_children":[{"__id__":16}],"_components":[{"__type__":"cc.Layout","node":{"__id__":15},"_layoutSize":{"__type__":"cc.Size","width":74.68,"height":55},"_resize":1,"_N$layoutType":1}],"_prefab":{"__type__":"cc.PrefabInfo","root":{"__id__":1},"asset":{"__uuid__":"42XQmOvZBC45zqbpKS5OUM"},"fileId":"e8Uzz13ARMTpJ0oeGuEoiU"},"_contentSize":{"__type__":"cc.Size","width":74.68,"height":55},"_anchorPoint":{"__type__":"cc.Vec2","y":0.5},"_trs":{"__type__":"TypedArray","ctor":"Float64Array","array":[-122.629,32,0,0,0,0,1,1,1,1]}},{"__type__":"cc.Node","_name":"pwjdDate","_parent":{"__id__":15},"_components":[{"__type__":"cc.Label","node":{"__id__":16},"_materials":[{"__uuid__":"ecpdLyjvZBwrvm+cedCcQy"}],"_useOriginalSize":false,"_string":":123%","_N$string":":123%","_fontSize":25,"_lineHeight":30,"_N$file":{"__uuid__":"farb0WbWZMgrGmuICOt0MU"},"_isSystemFontUsed":false,"_N$horizontalAlign":1,"_N$verticalAlign":1}],"_prefab":{"__type__":"cc.PrefabInfo","root":{"__id__":1},"asset":{"__uuid__":"42XQmOvZBC45zqbpKS5OUM"},"fileId":"8d9ctODr5FE7oguDm6fJ8i"},"_color":{"__type__":"cc.Color","r":110,"g":60,"b":14},"_contentSize":{"__type__":"cc.Size","width":74.68,"height":37.8},"_trs":{"__type__":"TypedArray","ctor":"Float64Array","array":[37.34,3,0,0,0,0,1,1,1,1]}},{"__type__":"cc.Node","_name":"lab_title","_parent":{"__id__":8},"_components":[{"__type__":"41ebaVoPpRA4Kp67XEdHfZn","node":{"__id__":17},"_materials":[{"__uuid__":"ecpdLyjvZBwrvm+cedCcQy"}],"_string":"100%进度条必得分红“炮王”","_N$string":"100%进度条必得分红“炮王”","_fontSize":20,"_lineHeight":25,"_N$file":{"__uuid__":"farb0WbWZMgrGmuICOt0MU"},"_isSystemFontUsed":false,"_N$verticalAlign":1,"_N$overflow":3,"i18n_string":"tujian_layer_1_2"}],"_prefab":{"__type__":"cc.PrefabInfo","root":{"__id__":1},"asset":{"__uuid__":"42XQmOvZBC45zqbpKS5OUM"},"fileId":"46j53oXVVKra1lmKgnzVSX"},"_color":{"__type__":"cc.Color","r":110,"g":60,"b":14},"_contentSize":{"__type__":"cc.Size","width":282,"height":31.5},"_anchorPoint":{"__type__":"cc.Vec2","y":1},"_trs":{"__type__":"TypedArray","ctor":"Float64Array","array":[-130.697,-21.298000000000002,0,0,0,0,1,1,1,1]}},{"__type__":"cc.Node","_name":"btn_paowanganniu","_parent":{"__id__":8},"_children":[{"__id__":19}],"_components":[{"__type__":"cc.Sprite","node":{"__id__":18},"_materials":[{"__uuid__":"ecpdLyjvZBwrvm+cedCcQy"}],"_spriteFrame":{"__uuid__":"8bC0FXpN1ED7Lr21Sks+UZ"},"_type":1,"_sizeMode":0},{"__type__":"cc.Button","node":{"__id__":18},"_normalMaterial":{"__uuid__":"ecpdLyjvZBwrvm+cedCcQy"},"zoomScale":0.9,"_N$transition":3,"transition":3}],"_prefab":{"__type__":"cc.PrefabInfo","root":{"__id__":1},"asset":{"__uuid__":"42XQmOvZBC45zqbpKS5OUM"},"fileId":"33nooMRQxODr4Jruw69wsv"},"_contentSize":{"__type__":"cc.Size","width":140,"height":52},"_trs":{"__type__":"TypedArray","ctor":"Float64Array","array":[211.912,-4.155,0,0,0,0,1,1,1,1]}},{"__type__":"cc.Node","_name":"lab_money","_parent":{"__id__":18},"_components":[{"__type__":"41ebaVoPpRA4Kp67XEdHfZn","node":{"__id__":19},"_materials":[{"__uuid__":"ecpdLyjvZBwrvm+cedCcQy"}],"_string":"200.00元","_N$string":"200.00元","_fontSize":25,"_lineHeight":25,"_N$file":{"__uuid__":"farb0WbWZMgrGmuICOt0MU"},"_isSystemFontUsed":false,"_N$horizontalAlign":1,"_N$verticalAlign":1}],"_prefab":{"__type__":"cc.PrefabInfo","root":{"__id__":1},"asset":{"__uuid__":"42XQmOvZBC45zqbpKS5OUM"},"fileId":"89eJjlBKhOOpLM3XQSPX/X"},"_contentSize":{"__type__":"cc.Size","width":104.47,"height":31.5},"_trs":{"__type__":"TypedArray","ctor":"Float64Array","array":[0,0,0,0,0,0,1,1,1,1]}},{"__type__":"cc.Node","_name":"img_title","_parent":{"__id__":3},"_children":[{"__id__":21}],"_components":[{"__type__":"cc.Sprite","node":{"__id__":20},"_materials":[{"__uuid__":"ecpdLyjvZBwrvm+cedCcQy"}],"_spriteFrame":{"__uuid__":"cdEvF//9tDQ7A6VuL1Xfzj"}}],"_prefab":{"__type__":"cc.PrefabInfo","root":{"__id__":1},"asset":{"__uuid__":"42XQmOvZBC45zqbpKS5OUM"},"fileId":"b0K4jg0NRIGK14fiyCaBvG"},"_contentSize":{"__type__":"cc.Size","width":304,"height":110},"_trs":{"__type__":"TypedArray","ctor":"Float64Array","array":[1.032,349.326,0,0,0,0,1,1,1,1]}},{"__type__":"cc.Node","_name":"font_title","_parent":{"__id__":20},"_components":[{"__type__":"41ebaVoPpRA4Kp67XEdHfZn","node":{"__id__":21},"_materials":[{"__uuid__":"ecpdLyjvZBwrvm+cedCcQy"}],"_string":"图鉴","_N$string":"图鉴","_N$file":{"__uuid__":"farb0WbWZMgrGmuICOt0MU"},"_isSystemFontUsed":false,"_N$horizontalAlign":1,"_N$verticalAlign":1,"_N$overflow":1,"i18n_string":"tujian_layer_1_4"},{"__type__":"cc.LabelOutline","node":{"__id__":21},"_color":{"__type__":"cc.Color","r":117,"g":59,"b":23},"_width":5}],"_prefab":{"__type__":"cc.PrefabInfo","root":{"__id__":1},"asset":{"__uuid__":"42XQmOvZBC45zqbpKS5OUM"},"fileId":"50bUIgVhJNAaHdAn9O3zgQ"},"_contentSize":{"__type__":"cc.Size","width":177.22,"height":62},"_trs":{"__type__":"TypedArray","ctor":"Float64Array","array":[0,9,0,0,0,0,1,1,1,1]}},{"__type__":"cc.Node","_name":"ic_guanbi2","_parent":{"__id__":1},"_components":[{"__type__":"cc.Sprite","node":{"__id__":22},"_materials":[{"__uuid__":"ecpdLyjvZBwrvm+cedCcQy"}],"_spriteFrame":{"__uuid__":"5c4o7no3NMH7pZupb0latf"}},{"__type__":"cc.Button","node":{"__id__":22},"_normalMaterial":{"__uuid__":"ecpdLyjvZBwrvm+cedCcQy"},"zoomScale":0.9,"_N$transition":3,"transition":3}],"_prefab":{"__type__":"cc.PrefabInfo","root":{"__id__":1},"asset":{"__uuid__":"42XQmOvZBC45zqbpKS5OUM"},"fileId":"25Vr6GWg5BJZuocnByANfJ"},"_contentSize":{"__type__":"cc.Size","width":84,"height":84},"_trs":{"__type__":"TypedArray","ctor":"Float64Array","array":[270.007,373.141,0,0,0,0,1,1,1,1]}}],{"__type__":"cc.SpriteFrame","content":{"name":"ic_guanbi2","texture":"02krqH8i1AdZB/lC2WegR2","rect":[789,371,84,84],"offset":[0,0],"originalSize":[84,84],"capInsets":[0,0,0,0]}},{"__type__":"cc.SpriteFrame","content":{"name":"pao72","texture":"1fHDx1vAtNOLL25y+ojCCk","rect":[181,761,100,80],"offset":[0,-7],"originalSize":[110,110],"rotated":1,"capInsets":[0,0,0,0]}},{"__type__":"cc.SpriteFrame","content":{"name":"pic_jindu","texture":"cadhw0hxpN0pZAs3RLMN8l","rect":[307,561,266,20],"offset":[0,0],"originalSize":[266,20],"capInsets":[10,0,10,0]}},{"__type__":"cc.SpriteFrame","content":{"name":"btn_hong","texture":"36otX/aM1E4Zo+o68pRLtJ","rect":[149,113,118,52],"offset":[0,0],"originalSize":[118,52],"capInsets":[53,18,52,20]}},{"__type__":"cc.SpriteFrame","content":{"name":"bg_paowang","texture":"5c1Y1VASRHW7aBc0Y8Fa2+","rect":[1,811,606,190],"offset":[0,0],"originalSize":[606,190],"capInsets":[0,0,0,0]}},{"__type__":"cc.SpriteFrame","content":{"name":"default_sprite_splash","texture":"02delMVqdBD70a/HSD99FK","rect":[0,0,2,2],"offset":[0,0],"originalSize":[2,2],"capInsets":[0,0,0,0]}},{"__type__":"cc.SpriteFrame","content":{"name":"img_title","texture":"36otX/aM1E4Zo+o68pRLtJ","rect":[1,1,304,110],"offset":[0,0],"originalSize":[304,110],"capInsets":[0,0,0,0]}},{"__type__":"cc.SpriteFrame","content":{"name":"pic_tujian","texture":"5c1Y1VASRHW7aBc0Y8Fa2+","rect":[1,1,687,808],"offset":[0,0],"originalSize":[687,808],"capInsets":[0,0,0,0]}},{"__type__":"cc.SpriteFrame","content":{"name":"bg_paowangjindu","texture":"5c1Y1VASRHW7aBc0Y8Fa2+","rect":[1,1003,580,170],"offset":[0,0],"originalSize":[580,170],"capInsets":[0,0,0,0]}},{"__type__":"cc.SpriteFrame","content":{"name":"pic_jindudi","texture":"cadhw0hxpN0pZAs3RLMN8l","rect":[307,583,262,22],"offset":[0,0],"originalSize":[262,22],"capInsets":[0,0,0,0]}}]