[[{"__type__":"cc.Prefab","_name":"paodan3","data":{"__id__":1}},{"__type__":"cc.Node","_name":"paodan3","_children":[{"__id__":2}],"_components":[{"__type__":"a7e272V5pZB/5ol0uqILoIq","node":{"__id__":1}}],"_prefab":{"__type__":"cc.PrefabInfo","root":{"__id__":1},"asset":{"__uuid__":"04SeH2/eVE9riI82S98tIA"},"fileId":"ecd7uEYC5Jyr88y889vHzB"},"_contentSize":{"__type__":"cc.Size","width":10,"height":10},"_trs":{"__type__":"TypedArray","ctor":"Float64Array","array":[0,0,0,0,0,0,1,1,1,1]}},{"__type__":"cc.Node","_name":"padanSpr","_parent":{"__id__":1},"_components":[{"__type__":"cc.Sprite","node":{"__id__":2},"_materials":[{"__uuid__":"ecpdLyjvZBwrvm+cedCcQy"}],"_spriteFrame":{"__uuid__":"8buTaFisBAhoV0sRjZtsyq"},"_sizeMode":0},{"__type__":"cc.Animation","node":{"__id__":2},"_defaultClip":{"__uuid__":"efuujktvVMi5ySA8JaTQnZ"},"_clips":[{"__uuid__":"efuujktvVMi5ySA8JaTQnZ"}],"playOnLoad":true}],"_prefab":{"__type__":"cc.PrefabInfo","root":{"__id__":1},"asset":{"__uuid__":"04SeH2/eVE9riI82S98tIA"},"fileId":"433lTvEDNHtIMjS9zT9uWG"},"_contentSize":{"__type__":"cc.Size","width":74,"height":350},"_anchorPoint":{"__type__":"cc.Vec2","x":0.5},"_trs":{"__type__":"TypedArray","ctor":"Float64Array","array":[0,0,0,0,0,0,1,1,1,1]}}],{"__type__":"cc.SpriteFrame","content":{"name":"4","texture":"1bL40/MDlBgbuEDB5jGm/9","rect":[153,1,74,350],"offset":[0,0],"originalSize":[74,350],"capInsets":[0,0,0,0]}},{"__type__":"cc.SpriteFrame","content":{"name":"1","texture":"1bL40/MDlBgbuEDB5jGm/9","rect":[1,353,74,350],"offset":[0,0],"originalSize":[74,350],"capInsets":[0,0,0,0]}},{"__type__":"cc.SpriteAtlas","_name":"paodan3.plist","_spriteFrames":{"1":{"__uuid__":"8buTaFisBAhoV0sRjZtsyq"},"2":{"__uuid__":"e8GYX3ondF9KgvDOubjRPA"},"3":{"__uuid__":"f5pI2fz8tNb60VIV3JfRKo"},"4":{"__uuid__":"6aeIW0WCVGib5Z+lpOgEES"},"5":{"__uuid__":"a21FEuTyBHZJNEDPDn5O6D"}}},{"__type__":"cc.SpriteFrame","content":{"name":"5","texture":"1bL40/MDlBgbuEDB5jGm/9","rect":[77,353,74,350],"offset":[0,0],"originalSize":[74,350],"capInsets":[0,0,0,0]}},{"__type__":"cc.SpriteFrame","content":{"name":"2","texture":"1bL40/MDlBgbuEDB5jGm/9","rect":[1,1,74,350],"offset":[0,0],"originalSize":[74,350],"capInsets":[0,0,0,0]}},{"__type__":"cc.AnimationClip","_name":"paodan_lvl3","_duration":0.21666666666666667,"wrapMode":2,"curveData":{"comps":{"cc.Sprite":{"spriteFrame":[{"frame":0,"value":{"__uuid__":"8buTaFisBAhoV0sRjZtsyq"}},{"frame":0.05,"value":{"__uuid__":"e8GYX3ondF9KgvDOubjRPA"}},{"frame":0.1,"value":{"__uuid__":"f5pI2fz8tNb60VIV3JfRKo"}},{"frame":0.15,"value":{"__uuid__":"6aeIW0WCVGib5Z+lpOgEES"}},{"frame":0.2,"value":{"__uuid__":"a21FEuTyBHZJNEDPDn5O6D"}}]}}}},{"__type__":"cc.SpriteFrame","content":{"name":"3","texture":"1bL40/MDlBgbuEDB5jGm/9","rect":[77,1,74,350],"offset":[0,0],"originalSize":[74,350],"capInsets":[0,0,0,0]}}]