[{"__type__":"cc.SpriteFrame","content":{"name":"btn_anniu2","texture":"1bGMIb4PFCPLdSEzxrUZ4h","rect":[307,228,230,80],"offset":[0,0],"originalSize":[230,80],"capInsets":[18,20,18,20]}},{"__type__":"cc.SpriteFrame","content":{"name":"bg_xiao2","texture":"a4RmNjUvpBAKuhLpAyaWvP","rect":[0,0,657,640],"offset":[-0.5,0],"originalSize":[658,640],"capInsets":[0,0,0,0]}},{"__type__":"cc.SpriteFrame","content":{"name":"ic_guanbi2","texture":"02krqH8i1AdZB/lC2WegR2","rect":[789,371,84,84],"offset":[0,0],"originalSize":[84,84],"capInsets":[0,0,0,0]}},{"__type__":"cc.SpriteFrame","content":{"name":"btn_anniu","texture":"90336MbvlPP5QPSiMSWXYo","rect":[307,96,230,80],"offset":[0,0],"originalSize":[230,80],"capInsets":[25,0,25,0]}},{"__type__":"cc.SpriteFrame","content":{"name":"bg_gongxiandu","texture":"77yfli/jRHsK454/jf/Ral","rect":[0,0,600,489],"offset":[0,0.5],"originalSize":[600,490],"capInsets":[50,48.5,50,48.5]}},{"__type__":"cc.SpriteFrame","content":{"name":"default_sprite_splash","texture":"02delMVqdBD70a/HSD99FK","rect":[0,0,2,2],"offset":[0,0],"originalSize":[2,2],"capInsets":[0,0,0,0]}},{"__type__":"cc.SpriteFrame","content":{"name":"jiage","texture":"90336MbvlPP5QPSiMSWXYo","rect":[363,4,230,90],"offset":[0,0],"originalSize":[230,90],"capInsets":[32,0,33,0]}},{"__type__":"cc.SpriteFrame","content":{"name":"img_title","texture":"36otX/aM1E4Zo+o68pRLtJ","rect":[1,1,304,110],"offset":[0,0],"originalSize":[304,110],"capInsets":[0,0,0,0]}},{"__type__":"cc.SpriteFrame","content":{"name":"photo","texture":"90336MbvlPP5QPSiMSWXYo","rect":[479,178,100,100],"offset":[0,0],"originalSize":[100,100],"capInsets":[0,0,0,0]}},[{"__type__":"cc.Prefab","_name":"alerttixian_layer","data":{"__id__":1}},{"__type__":"cc.Node","_name":"alerttixian_layer","_children":[{"__id__":2},{"__id__":3}],"_components":[{"__type__":"cc.Widget","node":{"__id__":1},"_alignFlags":45},{"__type__":"734a4Xpi1tIDYVWLAChnj+c","node":{"__id__":1}}],"_prefab":{"__type__":"cc.PrefabInfo","root":{"__id__":1},"asset":{"__uuid__":"f18iMzQVZClr5eExnUSrln"},"fileId":"5861EiGLBNY6bSPW3eOF9t"},"_contentSize":{"__type__":"cc.Size","width":750,"height":1334},"_trs":{"__type__":"TypedArray","ctor":"Float64Array","array":[375,667,0,0,0,0,1,1,1,1]}},{"__type__":"cc.Node","_name":"mask","_parent":{"__id__":1},"_components":[{"__type__":"cc.Sprite","node":{"__id__":2},"_materials":[{"__uuid__":"ecpdLyjvZBwrvm+cedCcQy"}],"_spriteFrame":{"__uuid__":"a2MjXRFdtLlYQ5ouAFv/+R"},"_sizeMode":0},{"__type__":"cc.Widget","node":{"__id__":2},"_alignFlags":45,"_originalWidth":40,"_originalHeight":36},{"__type__":"cc.BlockInputEvents","node":{"__id__":2}}],"_prefab":{"__type__":"cc.PrefabInfo","root":{"__id__":1},"asset":{"__uuid__":"f18iMzQVZClr5eExnUSrln"},"fileId":"06Pmo0g5xJA7rANrSTkb5H"},"_opacity":130,"_color":{"__type__":"cc.Color"},"_contentSize":{"__type__":"cc.Size","width":750,"height":1334},"_trs":{"__type__":"TypedArray","ctor":"Float64Array","array":[0,0,0,0,0,0,1,1,1,1]}},{"__type__":"cc.Node","_name":"bgNode","_parent":{"__id__":1},"_children":[{"__id__":4},{"__id__":5},{"__id__":7},{"__id__":20},{"__id__":21},{"__id__":22}],"_components":[{"__type__":"cc.Sprite","node":{"__id__":3},"_materials":[{"__uuid__":"ecpdLyjvZBwrvm+cedCcQy"}],"_spriteFrame":{"__uuid__":"17JBeRkjRCArfs0wQxUaLq"}}],"_prefab":{"__type__":"cc.PrefabInfo","root":{"__id__":1},"asset":{"__uuid__":"f18iMzQVZClr5eExnUSrln"},"fileId":"ec2CXEeNZJnZ6bGqH+T42V"},"_contentSize":{"__type__":"cc.Size","width":657,"height":640},"_trs":{"__type__":"TypedArray","ctor":"Float64Array","array":[-3,12,0,0,0,0,1,1,1,1]}},{"__type__":"cc.Node","_name":"ic_guanbi2","_parent":{"__id__":3},"_components":[{"__type__":"cc.Sprite","node":{"__id__":4},"_materials":[{"__uuid__":"ecpdLyjvZBwrvm+cedCcQy"}],"_spriteFrame":{"__uuid__":"5c4o7no3NMH7pZupb0latf"}},{"__type__":"cc.Button","node":{"__id__":4},"_normalMaterial":{"__uuid__":"ecpdLyjvZBwrvm+cedCcQy"},"zoomScale":0.9,"_N$transition":3,"transition":3}],"_prefab":{"__type__":"cc.PrefabInfo","root":{"__id__":1},"asset":{"__uuid__":"f18iMzQVZClr5eExnUSrln"},"fileId":"cfduSwkaBDqKgUj9rtu5Nt"},"_contentSize":{"__type__":"cc.Size","width":84,"height":84},"_trs":{"__type__":"TypedArray","ctor":"Float64Array","array":[287,275,0,0,0,0,1,1,1,1]}},{"__type__":"cc.Node","_name":"pic_tixian","_parent":{"__id__":3},"_children":[{"__id__":6}],"_components":[{"__type__":"cc.Sprite","node":{"__id__":5},"_materials":[{"__uuid__":"ecpdLyjvZBwrvm+cedCcQy"}],"_spriteFrame":{"__uuid__":"cdEvF//9tDQ7A6VuL1Xfzj"}}],"_prefab":{"__type__":"cc.PrefabInfo","root":{"__id__":1},"asset":{"__uuid__":"f18iMzQVZClr5eExnUSrln"},"fileId":"234OyU8KJOLqjOWwFmiKfJ"},"_contentSize":{"__type__":"cc.Size","width":304,"height":110},"_trs":{"__type__":"TypedArray","ctor":"Float64Array","array":[0,283,0,0,0,0,1,1,1,1]}},{"__type__":"cc.Node","_name":"font_title","_parent":{"__id__":5},"_components":[{"__type__":"41ebaVoPpRA4Kp67XEdHfZn","node":{"__id__":6},"_materials":[{"__uuid__":"ecpdLyjvZBwrvm+cedCcQy"}],"_string":"提现","_N$string":"提现","_fontSize":50,"_lineHeight":50,"_N$file":{"__uuid__":"farb0WbWZMgrGmuICOt0MU"},"_isSystemFontUsed":false,"_N$horizontalAlign":1,"i18n_string":"alerttixian_layer_1_1"},{"__type__":"cc.LabelOutline","node":{"__id__":6},"_color":{"__type__":"cc.Color","r":117,"g":59,"b":23},"_width":5}],"_prefab":{"__type__":"cc.PrefabInfo","root":{"__id__":1},"asset":{"__uuid__":"f18iMzQVZClr5eExnUSrln"},"fileId":"1aT9oh32FEiILgzLhXbNnN"},"_contentSize":{"__type__":"cc.Size","width":110,"height":73},"_trs":{"__type__":"TypedArray","ctor":"Float64Array","array":[0,0,0,0,0,0,1,1,1,1]}},{"__type__":"cc.Node","_name":"bg_gongxiandu","_parent":{"__id__":3},"_children":[{"__id__":8},{"__id__":10},{"__id__":11},{"__id__":15},{"__id__":17},{"__id__":18}],"_components":[{"__type__":"cc.Sprite","node":{"__id__":7},"_materials":[{"__uuid__":"ecpdLyjvZBwrvm+cedCcQy"}],"_spriteFrame":{"__uuid__":"a0U6hopyBIhq+BYSj21U5s"}}],"_prefab":{"__type__":"cc.PrefabInfo","root":{"__id__":1},"asset":{"__uuid__":"f18iMzQVZClr5eExnUSrln"},"fileId":"2b1FIkzL9I2Yk/JYiRi9Se"},"_contentSize":{"__type__":"cc.Size","width":600,"height":489},"_trs":{"__type__":"TypedArray","ctor":"Float64Array","array":[0,-48,0,0,0,0,1,1,1,1]}},{"__type__":"cc.Node","_name":"btn_anniu3","_parent":{"__id__":7},"_children":[{"__id__":9}],"_components":[{"__type__":"cc.Sprite","node":{"__id__":8},"_materials":[{"__uuid__":"ecpdLyjvZBwrvm+cedCcQy"}],"_spriteFrame":{"__uuid__":"f3y8IPiwRKX51WmAAOUIx9"},"_type":1,"_sizeMode":0},{"__type__":"cc.Button","node":{"__id__":8},"_normalMaterial":{"__uuid__":"ecpdLyjvZBwrvm+cedCcQy"},"duration":0,"zoomScale":0.9,"_N$transition":3,"transition":3}],"_prefab":{"__type__":"cc.PrefabInfo","root":{"__id__":1},"asset":{"__uuid__":"f18iMzQVZClr5eExnUSrln"},"fileId":"a5xrTFpZ1LmKnN55KEZDBv"},"_contentSize":{"__type__":"cc.Size","width":121,"height":44},"_trs":{"__type__":"TypedArray","ctor":"Float64Array","array":[-201.678,201.574,0,0,0,0,1,1,1,1]}},{"__type__":"cc.Node","_name":"btn_anniu3font","_parent":{"__id__":8},"_components":[{"__type__":"41ebaVoPpRA4Kp67XEdHfZn","node":{"__id__":9},"_materials":[{"__uuid__":"ecpdLyjvZBwrvm+cedCcQy"}],"_string":"余额明细","_N$string":"余额明细","_fontSize":20,"_lineHeight":20,"_N$file":{"__uuid__":"farb0WbWZMgrGmuICOt0MU"},"_isSystemFontUsed":false,"_N$horizontalAlign":1,"_N$verticalAlign":1}],"_prefab":{"__type__":"cc.PrefabInfo","root":{"__id__":1},"asset":{"__uuid__":"f18iMzQVZClr5eExnUSrln"},"fileId":"d980Wgv2JOOqeBU9aIbt0p"},"_color":{"__type__":"cc.Color","r":120,"g":50,"b":22},"_contentSize":{"__type__":"cc.Size","width":80,"height":25.2},"_trs":{"__type__":"TypedArray","ctor":"Float64Array","array":[0,1,0,0,0,0,1,1,1,1]}},{"__type__":"cc.Node","_name":"yuefont","_parent":{"__id__":7},"_components":[{"__type__":"41ebaVoPpRA4Kp67XEdHfZn","node":{"__id__":10},"_materials":[{"__uuid__":"ecpdLyjvZBwrvm+cedCcQy"}],"_string":"我的余额","_N$string":"我的余额","_fontSize":26,"_lineHeight":35,"_N$file":{"__uuid__":"farb0WbWZMgrGmuICOt0MU"},"_isSystemFontUsed":false,"_N$verticalAlign":1,"i18n_string":"alerttixian_layer_1_3"}],"_prefab":{"__type__":"cc.PrefabInfo","root":{"__id__":1},"asset":{"__uuid__":"f18iMzQVZClr5eExnUSrln"},"fileId":"d4hAuq4jRKV4A72gBOFosw"},"_color":{"__type__":"cc.Color","r":120,"g":50,"b":22},"_contentSize":{"__type__":"cc.Size","width":104,"height":44.1},"_trs":{"__type__":"TypedArray","ctor":"Float64Array","array":[-141.596,144.213,0,0,0,0,1,1,1,1]}},{"__type__":"cc.Node","_name":"jiage","_parent":{"__id__":7},"_children":[{"__id__":12}],"_components":[{"__type__":"cc.Sprite","node":{"__id__":11},"_materials":[{"__uuid__":"ecpdLyjvZBwrvm+cedCcQy"}],"_spriteFrame":{"__uuid__":"a7o+JrpDtNBJ3XKA8mhgfC"},"_type":1,"_sizeMode":0}],"_prefab":{"__type__":"cc.PrefabInfo","root":{"__id__":1},"asset":{"__uuid__":"f18iMzQVZClr5eExnUSrln"},"fileId":"b6TmomZcJFW7Nmfxeu2VDq"},"_contentSize":{"__type__":"cc.Size","width":237.85,"height":90},"_trs":{"__type__":"TypedArray","ctor":"Float64Array","array":[-135.596,75.213,0,0,0,0,1,1,1,1]}},{"__type__":"cc.Node","_name":"layout","_parent":{"__id__":11},"_children":[{"__id__":13},{"__id__":14}],"_components":[{"__type__":"cc.Layout","node":{"__id__":12},"_layoutSize":{"__type__":"cc.Size","width":77.25,"height":50.4},"_resize":1,"_N$layoutType":1,"_N$spacingX":15}],"_prefab":{"__type__":"cc.PrefabInfo","root":{"__id__":1},"asset":{"__uuid__":"f18iMzQVZClr5eExnUSrln"},"fileId":"01hy3SlK1PBbeDkihyzXel"},"_contentSize":{"__type__":"cc.Size","width":77.25,"height":50.4},"_anchorPoint":{"__type__":"cc.Vec2","x":0.5,"y":0.48},"_trs":{"__type__":"TypedArray","ctor":"Float64Array","array":[0,-7,0,0,0,0,1,1,1,1]}},{"__type__":"cc.Node","_name":"qian","_parent":{"__id__":12},"_components":[{"__type__":"cc.Label","node":{"__id__":13},"_materials":[{"__uuid__":"ecpdLyjvZBwrvm+cedCcQy"}],"_useOriginalSize":false,"_string":"￥","_N$string":"￥","_N$horizontalAlign":1,"_N$verticalAlign":1}],"_prefab":{"__type__":"cc.PrefabInfo","root":{"__id__":1},"asset":{"__uuid__":"f18iMzQVZClr5eExnUSrln"},"fileId":"9fsZXij7lLX7F9FSOz/fGt"},"_contentSize":{"__type__":"cc.Size","width":40,"height":50.4},"_trs":{"__type__":"TypedArray","ctor":"Float64Array","array":[-18.625,1,0,0,0,0,1,1,1,1]}},{"__type__":"cc.Node","_name":"moneydata","_parent":{"__id__":12},"_components":[{"__type__":"cc.Label","node":{"__id__":14},"_materials":[{"__uuid__":"ecpdLyjvZBwrvm+cedCcQy"}],"_useOriginalSize":false,"_string":"0","_N$string":"0","_N$horizontalAlign":1,"_N$verticalAlign":1}],"_prefab":{"__type__":"cc.PrefabInfo","root":{"__id__":1},"asset":{"__uuid__":"f18iMzQVZClr5eExnUSrln"},"fileId":"33Lo8DYqhNJbzsaLD6Pt91"},"_contentSize":{"__type__":"cc.Size","width":22.25,"height":50.4},"_trs":{"__type__":"TypedArray","ctor":"Float64Array","array":[27.5,1,0,0,0,0,1,1,1,1]}},{"__type__":"cc.Node","_name":"btn_anniu","_parent":{"__id__":7},"_children":[{"__id__":16}],"_components":[{"__type__":"cc.Sprite","node":{"__id__":15},"_materials":[{"__uuid__":"ecpdLyjvZBwrvm+cedCcQy"}],"_spriteFrame":{"__uuid__":"91KIo3vodMNJmgElFjOIyf"}},{"__type__":"cc.Button","node":{"__id__":15},"_normalMaterial":{"__uuid__":"ecpdLyjvZBwrvm+cedCcQy"},"zoomScale":0.9,"_N$transition":3,"transition":3}],"_prefab":{"__type__":"cc.PrefabInfo","root":{"__id__":1},"asset":{"__uuid__":"f18iMzQVZClr5eExnUSrln"},"fileId":"58Iu7SwoJNpY5SfP5TJWzJ"},"_contentSize":{"__type__":"cc.Size","width":230,"height":80},"_trs":{"__type__":"TypedArray","ctor":"Float64Array","array":[-137.596,-98.787,0,0,0,0,1,1,1,1]}},{"__type__":"cc.Node","_name":"btn_anniufont","_parent":{"__id__":15},"_components":[{"__type__":"41ebaVoPpRA4Kp67XEdHfZn","node":{"__id__":16},"_materials":[{"__uuid__":"ecpdLyjvZBwrvm+cedCcQy"}],"_string":"确定","_N$string":"确定","_fontSize":30,"_lineHeight":35,"_N$file":{"__uuid__":"farb0WbWZMgrGmuICOt0MU"},"_isSystemFontUsed":false,"_N$horizontalAlign":1,"_N$verticalAlign":1,"i18n_string":"alerttixian_layer_1_4"},{"__type__":"cc.LabelOutline","node":{"__id__":16},"_color":{"__type__":"cc.Color","r":49,"g":26,"b":10},"_width":2}],"_prefab":{"__type__":"cc.PrefabInfo","root":{"__id__":1},"asset":{"__uuid__":"f18iMzQVZClr5eExnUSrln"},"fileId":"41ybo5MKBBwZSoudhadRma"},"_contentSize":{"__type__":"cc.Size","width":64,"height":48.1},"_trs":{"__type__":"TypedArray","ctor":"Float64Array","array":[0,0,0,0,0,0,1,1,1,1]}},{"__type__":"cc.Node","_name":"tishifont","_parent":{"__id__":7},"_components":[{"__type__":"41ebaVoPpRA4Kp67XEdHfZn","node":{"__id__":17},"_materials":[{"__uuid__":"ecpdLyjvZBwrvm+cedCcQy"}],"_string":"不足0.3元无法体现","_N$string":"不足0.3元无法体现","_fontSize":20,"_lineHeight":25,"_N$file":{"__uuid__":"farb0WbWZMgrGmuICOt0MU"},"_isSystemFontUsed":false,"_N$verticalAlign":1,"i18n_string":"alerttixian_layer_1_5"}],"_prefab":{"__type__":"cc.PrefabInfo","root":{"__id__":1},"asset":{"__uuid__":"f18iMzQVZClr5eExnUSrln"},"fileId":"e4XQE4OYFHU6nuNTZN64Sw"},"_color":{"__type__":"cc.Color","r":120,"g":50,"b":22},"_contentSize":{"__type__":"cc.Size","width":171.76,"height":31.5},"_trs":{"__type__":"TypedArray","ctor":"Float64Array","array":[-137.596,-161.787,0,0,0,0,1,1,1,1]}},{"__type__":"cc.Node","_name":"btn_anniu2","_parent":{"__id__":7},"_children":[{"__id__":19}],"_active":false,"_components":[{"__type__":"cc.Sprite","node":{"__id__":18},"_materials":[{"__uuid__":"ecpdLyjvZBwrvm+cedCcQy"}],"_spriteFrame":{"__uuid__":"06QTtYsaBMJqfLEyz7va+g"},"_type":1,"_sizeMode":0},{"__type__":"cc.Button","node":{"__id__":18},"_normalMaterial":{"__uuid__":"ecpdLyjvZBwrvm+cedCcQy"},"zoomScale":0.9,"_N$transition":3,"transition":3}],"_prefab":{"__type__":"cc.PrefabInfo","root":{"__id__":1},"asset":{"__uuid__":"f18iMzQVZClr5eExnUSrln"},"fileId":"ecSfbJIJxOnq/Vc5dsCDS2"},"_contentSize":{"__type__":"cc.Size","width":122,"height":46},"_trs":{"__type__":"TypedArray","ctor":"Float64Array","array":[63.465,-201.497,0,0,0,0,1,1,1,1]}},{"__type__":"cc.Node","_name":"btn_anniu2font","_parent":{"__id__":18},"_components":[{"__type__":"41ebaVoPpRA4Kp67XEdHfZn","node":{"__id__":19},"_materials":[{"__uuid__":"ecpdLyjvZBwrvm+cedCcQy"}],"_string":"提现说明","_N$string":"提现说明","_fontSize":20,"_lineHeight":20,"_N$file":{"__uuid__":"farb0WbWZMgrGmuICOt0MU"},"_isSystemFontUsed":false,"_N$horizontalAlign":1,"_N$verticalAlign":1}],"_prefab":{"__type__":"cc.PrefabInfo","root":{"__id__":1},"asset":{"__uuid__":"f18iMzQVZClr5eExnUSrln"},"fileId":"94bXyqqm5J8ocV0gSp0P8e"},"_contentSize":{"__type__":"cc.Size","width":80,"height":25.2},"_trs":{"__type__":"TypedArray","ctor":"Float64Array","array":[0,1,0,0,0,0,1,1,1,1]}},{"__type__":"cc.Node","_name":"font_1","_parent":{"__id__":3},"_components":[{"__type__":"cc.Label","node":{"__id__":20},"_materials":[{"__uuid__":"ecpdLyjvZBwrvm+cedCcQy"}],"_useOriginalSize":false,"_string":"请上传收款码","_N$string":"请上传收款码","_fontSize":30,"_lineHeight":30,"_N$horizontalAlign":1,"_N$verticalAlign":1}],"_prefab":{"__type__":"cc.PrefabInfo","root":{"__id__":1},"asset":{"__uuid__":"f18iMzQVZClr5eExnUSrln"},"fileId":"d558y/AG9GIIpq5hrnKeNK"},"_color":{"__type__":"cc.Color","r":117,"g":59,"b":23},"_contentSize":{"__type__":"cc.Size","width":180,"height":37.8},"_trs":{"__type__":"TypedArray","ctor":"Float64Array","array":[170.933,129.437,0,0,0,0,1,1,1,1]}},{"__type__":"cc.Node","_name":"btn_photo","_parent":{"__id__":3},"_components":[{"__type__":"cc.Sprite","node":{"__id__":21},"_materials":[{"__uuid__":"ecpdLyjvZBwrvm+cedCcQy"}],"_spriteFrame":{"__uuid__":"d4vLNnhOFCHZBlKe/FB9ZS"},"_sizeMode":0}],"_prefab":{"__type__":"cc.PrefabInfo","root":{"__id__":1},"asset":{"__uuid__":"f18iMzQVZClr5eExnUSrln"},"fileId":"55BMdXhnRCLYm6fmunO+Ti"},"_contentSize":{"__type__":"cc.Size","width":100,"height":100},"_trs":{"__type__":"TypedArray","ctor":"Float64Array","array":[162.292,22.286,0,0,0,0,1,1,1,1]}},{"__type__":"cc.Node","_name":"font_2","_parent":{"__id__":3},"_components":[{"__type__":"cc.Label","node":{"__id__":22},"_materials":[{"__uuid__":"ecpdLyjvZBwrvm+cedCcQy"}],"_useOriginalSize":false,"_string":"上传后24*3小时内到账","_N$string":"上传后24*3小时内到账","_fontSize":20,"_lineHeight":20,"_N$horizontalAlign":1,"_N$verticalAlign":1}],"_prefab":{"__type__":"cc.PrefabInfo","root":{"__id__":1},"asset":{"__uuid__":"f18iMzQVZClr5eExnUSrln"},"fileId":"67PGHsx9xOJoM6Ddd0LtcH"},"_color":{"__type__":"cc.Color","r":117,"g":59,"b":23},"_contentSize":{"__type__":"cc.Size","width":201.15,"height":25.2},"_trs":{"__type__":"TypedArray","ctor":"Float64Array","array":[-129.675,-243.943,0,0,0,0,1,1,1,1]}}],{"__type__":"cc.SpriteFrame","content":{"name":"btn_anniu3","texture":"70uZhxIuNEn4cyfrG7FT01","rect":[1,936,230,80],"offset":[0,0],"originalSize":[230,80],"capInsets":[18,20,18,20]}}]