[{"__type__":"cc.SpriteFrame","content":{"name":"bg_paowangtouxiang","texture":"5c1Y1VASRHW7aBc0Y8Fa2+","rect":[583,1003,120,126],"offset":[0,0],"originalSize":[120,126],"capInsets":[0,0,0,0]}},{"__type__":"cc.SpriteFrame","content":{"name":"ic_guanbi2","texture":"02krqH8i1AdZB/lC2WegR2","rect":[789,371,84,84],"offset":[0,0],"originalSize":[84,84],"capInsets":[0,0,0,0]}},{"__type__":"cc.SpriteFrame","content":{"name":"pao72","texture":"1fHDx1vAtNOLL25y+ojCCk","rect":[181,761,100,80],"offset":[0,-7],"originalSize":[110,110],"rotated":1,"capInsets":[0,0,0,0]}},{"__type__":"cc.SpriteFrame","content":{"name":"btn_anniu","texture":"1bGMIb4PFCPLdSEzxrUZ4h","rect":[539,228,230,80],"offset":[0,0],"originalSize":[230,80],"capInsets":[27,22,26,21]}},{"__type__":"cc.SpriteFrame","content":{"name":"pic_jindu","texture":"cadhw0hxpN0pZAs3RLMN8l","rect":[307,561,266,20],"offset":[0,0],"originalSize":[266,20],"capInsets":[10,0,10,0]}},{"__type__":"cc.SpriteFrame","content":{"name":"pic_paowanglab","texture":"c0hnddHlBFLJFu6xF7v92T","rect":[16,56,513,221],"offset":[-2.5,21],"originalSize":[550,375],"capInsets":[0,0,0,0]}},{"__type__":"cc.SpriteFrame","content":{"name":"default_sprite_splash","texture":"02delMVqdBD70a/HSD99FK","rect":[0,0,2,2],"offset":[0,0],"originalSize":[2,2],"capInsets":[0,0,0,0]}},{"__type__":"cc.SpriteFrame","content":{"name":"btn_jindujiacheng","texture":"cadhw0hxpN0pZAs3RLMN8l","rect":[165,657,116,52],"offset":[0,0],"originalSize":[116,52],"capInsets":[0,0,0,0]}},{"__type__":"cc.SpriteFrame","content":{"name":"img_title","texture":"36otX/aM1E4Zo+o68pRLtJ","rect":[1,1,304,110],"offset":[0,0],"originalSize":[304,110],"capInsets":[0,0,0,0]}},{"__type__":"cc.SpriteFrame","content":{"name":"bg_paowangjindu","texture":"5c1Y1VASRHW7aBc0Y8Fa2+","rect":[1,1003,580,170],"offset":[0,0],"originalSize":[580,170],"capInsets":[0,0,0,0]}},[{"__type__":"cc.Prefab","_name":"paowang_layer","data":{"__id__":1}},{"__type__":"cc.Node","_name":"paowang_layer","_children":[{"__id__":2},{"__id__":3}],"_components":[{"__type__":"cc.Widget","node":{"__id__":1},"_alignFlags":45},{"__type__":"c4bb11YJBVDjbw0bCD0gyqH","node":{"__id__":1}}],"_prefab":{"__type__":"cc.PrefabInfo","root":{"__id__":1},"asset":{"__uuid__":"df8lqmkoxMVYZp1DWBXQyQ"},"fileId":"8bidxXefBL6ooJLPsCrjDz"},"_contentSize":{"__type__":"cc.Size","width":750,"height":1334},"_trs":{"__type__":"TypedArray","ctor":"Float64Array","array":[375,667,0,0,0,0,1,1,1,1]}},{"__type__":"cc.Node","_name":"mask","_parent":{"__id__":1},"_components":[{"__type__":"cc.Sprite","node":{"__id__":2},"_materials":[{"__uuid__":"ecpdLyjvZBwrvm+cedCcQy"}],"_spriteFrame":{"__uuid__":"a2MjXRFdtLlYQ5ouAFv/+R"},"_sizeMode":0},{"__type__":"cc.Widget","node":{"__id__":2},"_alignFlags":45,"_originalWidth":40,"_originalHeight":36},{"__type__":"cc.BlockInputEvents","node":{"__id__":2}}],"_prefab":{"__type__":"cc.PrefabInfo","root":{"__id__":1},"asset":{"__uuid__":"df8lqmkoxMVYZp1DWBXQyQ"},"fileId":"980xHivFdJ051muPvXz8qW"},"_opacity":130,"_color":{"__type__":"cc.Color"},"_contentSize":{"__type__":"cc.Size","width":750,"height":1334},"_trs":{"__type__":"TypedArray","ctor":"Float64Array","array":[0,0,0,0,0,0,1,1,1,1]}},{"__type__":"cc.Node","_name":"bgNode","_parent":{"__id__":1},"_children":[{"__id__":4},{"__id__":6},{"__id__":7},{"__id__":8},{"__id__":19},{"__id__":21}],"_components":[{"__type__":"cc.Sprite","node":{"__id__":3},"_materials":[{"__uuid__":"ecpdLyjvZBwrvm+cedCcQy"}],"_spriteFrame":{"__uuid__":"fcWA/B9L5IZKjiJkUQd8Kf"}}],"_prefab":{"__type__":"cc.PrefabInfo","root":{"__id__":1},"asset":{"__uuid__":"df8lqmkoxMVYZp1DWBXQyQ"},"fileId":"2flRcyMI5LAqG6UjuWFHG7"},"_contentSize":{"__type__":"cc.Size","width":657,"height":808},"_trs":{"__type__":"TypedArray","ctor":"Float64Array","array":[2,-56,0,0,0,0,1,1,1,1]}},{"__type__":"cc.Node","_name":"pic_paowangtop","_parent":{"__id__":3},"_children":[{"__id__":5}],"_components":[{"__type__":"cc.Sprite","node":{"__id__":4},"_materials":[{"__uuid__":"ecpdLyjvZBwrvm+cedCcQy"}],"_spriteFrame":{"__uuid__":"cdEvF//9tDQ7A6VuL1Xfzj"}}],"_prefab":{"__type__":"cc.PrefabInfo","root":{"__id__":1},"asset":{"__uuid__":"df8lqmkoxMVYZp1DWBXQyQ"},"fileId":"6cSpICI81CqZW/+Rh5oe5y"},"_contentSize":{"__type__":"cc.Size","width":304,"height":110},"_trs":{"__type__":"TypedArray","ctor":"Float64Array","array":[0,371,0,0,0,0,1,1,1,1]}},{"__type__":"cc.Node","_name":"font_title","_parent":{"__id__":4},"_components":[{"__type__":"41ebaVoPpRA4Kp67XEdHfZn","node":{"__id__":5},"_materials":[{"__uuid__":"ecpdLyjvZBwrvm+cedCcQy"}],"_string":"炮王","_N$string":"炮王","_fontSize":50,"_lineHeight":50,"_N$file":{"__uuid__":"farb0WbWZMgrGmuICOt0MU"},"_isSystemFontUsed":false,"i18n_string":"paowang_layer_1_1"},{"__type__":"cc.LabelOutline","node":{"__id__":5},"_color":{"__type__":"cc.Color","r":117,"g":59,"b":23},"_width":5}],"_prefab":{"__type__":"cc.PrefabInfo","root":{"__id__":1},"asset":{"__uuid__":"df8lqmkoxMVYZp1DWBXQyQ"},"fileId":"0avYfNyspDXKSy+9NA8d8J"},"_contentSize":{"__type__":"cc.Size","width":110,"height":73},"_trs":{"__type__":"TypedArray","ctor":"Float64Array","array":[0,0,0,0,0,0,1,1,1,1]}},{"__type__":"cc.Node","_name":"ic_guanbi2","_parent":{"__id__":3},"_components":[{"__type__":"cc.Sprite","node":{"__id__":6},"_materials":[{"__uuid__":"ecpdLyjvZBwrvm+cedCcQy"}],"_spriteFrame":{"__uuid__":"5c4o7no3NMH7pZupb0latf"}},{"__type__":"cc.Button","node":{"__id__":6},"_normalMaterial":{"__uuid__":"ecpdLyjvZBwrvm+cedCcQy"},"zoomScale":0.9,"_N$transition":3,"transition":3}],"_prefab":{"__type__":"cc.PrefabInfo","root":{"__id__":1},"asset":{"__uuid__":"df8lqmkoxMVYZp1DWBXQyQ"},"fileId":"03APgdCB9IiI/8tVIGQKvc"},"_contentSize":{"__type__":"cc.Size","width":84,"height":84},"_trs":{"__type__":"TypedArray","ctor":"Float64Array","array":[285,362,0,0,0,0,1,1,1,1]}},{"__type__":"cc.Node","_name":"bg_bai","_parent":{"__id__":3},"_components":[{"__type__":"cc.Sprite","node":{"__id__":7},"_materials":[{"__uuid__":"ecpdLyjvZBwrvm+cedCcQy"}],"_spriteFrame":{"__uuid__":"ef3UVVgTJF6pp4WVJpkmCA"}}],"_prefab":{"__type__":"cc.PrefabInfo","root":{"__id__":1},"asset":{"__uuid__":"df8lqmkoxMVYZp1DWBXQyQ"},"fileId":"b9RYym9BlE352S7vRyJPdv"},"_contentSize":{"__type__":"cc.Size","width":600,"height":400},"_trs":{"__type__":"TypedArray","ctor":"Float64Array","array":[0,85.114,0,0,0,0,1,1,1,1]}},{"__type__":"cc.Node","_name":"bg_paowangjindu","_parent":{"__id__":3},"_children":[{"__id__":9},{"__id__":11},{"__id__":14},{"__id__":16},{"__id__":17}],"_components":[{"__type__":"cc.Sprite","node":{"__id__":8},"_materials":[{"__uuid__":"ecpdLyjvZBwrvm+cedCcQy"}],"_spriteFrame":{"__uuid__":"davKgPTpdM+aDrVCz0ekjM"}}],"_prefab":{"__type__":"cc.PrefabInfo","root":{"__id__":1},"asset":{"__uuid__":"df8lqmkoxMVYZp1DWBXQyQ"},"fileId":"63T8K/FANFxKW0BNoyK3Wt"},"_contentSize":{"__type__":"cc.Size","width":580,"height":170},"_trs":{"__type__":"TypedArray","ctor":"Float64Array","array":[0,-202,0,0,0,0,1,1,1,1]}},{"__type__":"cc.Node","_name":"pic_fenhongpai","_parent":{"__id__":8},"_children":[{"__id__":10}],"_components":[{"__type__":"cc.Sprite","node":{"__id__":9},"_materials":[{"__uuid__":"ecpdLyjvZBwrvm+cedCcQy"}],"_spriteFrame":{"__uuid__":"35cOCk6zJKkqO+alil3KHE"}}],"_prefab":{"__type__":"cc.PrefabInfo","root":{"__id__":1},"asset":{"__uuid__":"df8lqmkoxMVYZp1DWBXQyQ"},"fileId":"aa1JmnU/NDTIwo/tOMnZsp"},"_contentSize":{"__type__":"cc.Size","width":120,"height":126},"_trs":{"__type__":"TypedArray","ctor":"Float64Array","array":[-211.009,0,0,0,0,0,1,1,1,1]}},{"__type__":"cc.Node","_name":"pic_paowang","_parent":{"__id__":9},"_components":[{"__type__":"cc.Sprite","node":{"__id__":10},"_materials":[{"__uuid__":"ecpdLyjvZBwrvm+cedCcQy"}],"_spriteFrame":{"__uuid__":"5fI8puK05IXL+sh5b1encq"}}],"_prefab":{"__type__":"cc.PrefabInfo","root":{"__id__":1},"asset":{"__uuid__":"df8lqmkoxMVYZp1DWBXQyQ"},"fileId":"a2bGIQukVM0KZ1Rq68FQ0I"},"_contentSize":{"__type__":"cc.Size","width":100,"height":80},"_trs":{"__type__":"TypedArray","ctor":"Float64Array","array":[0,0,0,0,0,0,1,0.9,0.9,1]}},{"__type__":"cc.Node","_name":"Progress","_parent":{"__id__":8},"_children":[{"__id__":12}],"_components":[{"__type__":"cc.Sprite","node":{"__id__":11},"_materials":[{"__uuid__":"ecpdLyjvZBwrvm+cedCcQy"}],"_spriteFrame":{"__uuid__":"e5SPLXKr1EHLspqks1M8v9"}},{"__type__":"cc.ProgressBar","node":{"__id__":11},"_N$totalLength":258,"_N$barSprite":{"__id__":13},"_N$progress":0}],"_prefab":{"__type__":"cc.PrefabInfo","root":{"__id__":1},"asset":{"__uuid__":"df8lqmkoxMVYZp1DWBXQyQ"},"fileId":"6cv7JxTiNBN7lO9dkB12AX"},"_contentSize":{"__type__":"cc.Size","width":262,"height":22},"_trs":{"__type__":"TypedArray","ctor":"Float64Array","array":[0,-6.925,0,0,0,0,1,1,1,1]}},{"__type__":"cc.Node","_name":"bar","_parent":{"__id__":11},"_components":[{"__id__":13}],"_prefab":{"__type__":"cc.PrefabInfo","root":{"__id__":1},"asset":{"__uuid__":"df8lqmkoxMVYZp1DWBXQyQ"},"fileId":"1c233xmaVOvo3hK2rXe4xD"},"_contentSize":{"__type__":"cc.Size","height":20},"_anchorPoint":{"__type__":"cc.Vec2","y":0.5},"_trs":{"__type__":"TypedArray","ctor":"Float64Array","array":[-129.361,0,0,0,0,0,1,1,1,1]}},{"__type__":"cc.Sprite","node":{"__id__":12},"_materials":[{"__uuid__":"ecpdLyjvZBwrvm+cedCcQy"}],"_spriteFrame":{"__uuid__":"725FmAdE9BVpeA/gVkfvA4"},"_type":1,"_sizeMode":0},{"__type__":"cc.Node","_name":"layout_pwjd","_parent":{"__id__":8},"_children":[{"__id__":15}],"_components":[{"__type__":"cc.Layout","node":{"__id__":14},"_layoutSize":{"__type__":"cc.Size","width":100,"height":55},"_resize":1,"_N$layoutType":1}],"_prefab":{"__type__":"cc.PrefabInfo","root":{"__id__":1},"asset":{"__uuid__":"df8lqmkoxMVYZp1DWBXQyQ"},"fileId":"f90b6OXW1O1oHKGwhq5qZ1"},"_contentSize":{"__type__":"cc.Size","width":100,"height":55},"_anchorPoint":{"__type__":"cc.Vec2","y":0.5},"_trs":{"__type__":"TypedArray","ctor":"Float64Array","array":[-130.336,32,0,0,0,0,1,1,1,1]}},{"__type__":"cc.Node","_name":"jinduData","_parent":{"__id__":14},"_components":[{"__type__":"cc.Label","node":{"__id__":15},"_materials":[{"__uuid__":"ecpdLyjvZBwrvm+cedCcQy"}],"_useOriginalSize":false,"_string":"炮王进度","_N$string":"炮王进度","_fontSize":25,"_lineHeight":30,"_N$file":{"__uuid__":"farb0WbWZMgrGmuICOt0MU"},"_isSystemFontUsed":false,"_N$horizontalAlign":1,"_N$verticalAlign":1}],"_prefab":{"__type__":"cc.PrefabInfo","root":{"__id__":1},"asset":{"__uuid__":"df8lqmkoxMVYZp1DWBXQyQ"},"fileId":"469StmvqRJUZSHgpxuTopV"},"_color":{"__type__":"cc.Color","r":110,"g":60,"b":14},"_contentSize":{"__type__":"cc.Size","width":100,"height":37.8},"_trs":{"__type__":"TypedArray","ctor":"Float64Array","array":[50,3,0,0,0,0,1,1,1,1]}},{"__type__":"cc.Node","_name":"msgbal","_parent":{"__id__":8},"_components":[{"__type__":"41ebaVoPpRA4Kp67XEdHfZn","node":{"__id__":16},"_materials":[{"__uuid__":"ecpdLyjvZBwrvm+cedCcQy"}],"_string":"100%进度条必得分红“炮王”","_N$string":"100%进度条必得分红“炮王”","_fontSize":20,"_lineHeight":25,"_N$file":{"__uuid__":"farb0WbWZMgrGmuICOt0MU"},"_isSystemFontUsed":false,"_N$verticalAlign":1,"_N$overflow":3,"i18n_string":"tujian_layer_1_2"}],"_prefab":{"__type__":"cc.PrefabInfo","root":{"__id__":1},"asset":{"__uuid__":"df8lqmkoxMVYZp1DWBXQyQ"},"fileId":"bfp9hAwmtFbKC3Osf2nSOi"},"_color":{"__type__":"cc.Color","r":110,"g":60,"b":14},"_contentSize":{"__type__":"cc.Size","width":282,"height":31.5},"_anchorPoint":{"__type__":"cc.Vec2","y":1},"_trs":{"__type__":"TypedArray","ctor":"Float64Array","array":[-130.697,-21.298,0,0,0,0,1,1,1,1]}},{"__type__":"cc.Node","_name":"btn_jindujiacheng","_parent":{"__id__":8},"_children":[{"__id__":18}],"_components":[{"__type__":"cc.Sprite","node":{"__id__":17},"_materials":[{"__uuid__":"ecpdLyjvZBwrvm+cedCcQy"}],"_spriteFrame":{"__uuid__":"bc5x5Ds0VIuao2We5fntNS"}},{"__type__":"cc.Button","node":{"__id__":17},"_normalMaterial":{"__uuid__":"ecpdLyjvZBwrvm+cedCcQy"},"zoomScale":0.9,"_N$transition":3,"transition":3}],"_prefab":{"__type__":"cc.PrefabInfo","root":{"__id__":1},"asset":{"__uuid__":"df8lqmkoxMVYZp1DWBXQyQ"},"fileId":"e52MRyYxZGRpn1C12rJRf6"},"_contentSize":{"__type__":"cc.Size","width":116,"height":52},"_trs":{"__type__":"TypedArray","ctor":"Float64Array","array":[212,-11,0,0,0,0,1,1,1,1]}},{"__type__":"cc.Node","_name":"btn_data","_parent":{"__id__":17},"_components":[{"__type__":"cc.Label","node":{"__id__":18},"_materials":[{"__uuid__":"ecpdLyjvZBwrvm+cedCcQy"}],"_useOriginalSize":false,"_string":"+10%","_N$string":"+10%","_fontSize":25,"_lineHeight":25,"_N$horizontalAlign":1,"_N$verticalAlign":1}],"_prefab":{"__type__":"cc.PrefabInfo","root":{"__id__":1},"asset":{"__uuid__":"df8lqmkoxMVYZp1DWBXQyQ"},"fileId":"5e09Qe1iNKcLYgweuCi7Pk"},"_contentSize":{"__type__":"cc.Size","width":64.64,"height":31.5},"_trs":{"__type__":"TypedArray","ctor":"Float64Array","array":[-3,1,0,0,0,0,1,1,1,1]}},{"__type__":"cc.Node","_name":"btn_anniu","_parent":{"__id__":3},"_children":[{"__id__":20}],"_components":[{"__type__":"cc.Sprite","node":{"__id__":19},"_materials":[{"__uuid__":"ecpdLyjvZBwrvm+cedCcQy"}],"_spriteFrame":{"__uuid__":"72vssc8EtLjbZBs4KWL+8I"}},{"__type__":"cc.Button","node":{"__id__":19},"_normalMaterial":{"__uuid__":"ecpdLyjvZBwrvm+cedCcQy"},"zoomScale":0.9,"_N$transition":3,"transition":3}],"_prefab":{"__type__":"cc.PrefabInfo","root":{"__id__":1},"asset":{"__uuid__":"df8lqmkoxMVYZp1DWBXQyQ"},"fileId":"60lke6SAZOY6hryibo6A8I"},"_contentSize":{"__type__":"cc.Size","width":230,"height":80},"_trs":{"__type__":"TypedArray","ctor":"Float64Array","array":[0,-332,0,0,0,0,1,1,1,1]}},{"__type__":"cc.Node","_name":"btn_selectbal","_parent":{"__id__":19},"_components":[{"__type__":"41ebaVoPpRA4Kp67XEdHfZn","node":{"__id__":20},"_materials":[{"__uuid__":"ecpdLyjvZBwrvm+cedCcQy"}],"_string":"红包兑换炮王","_N$string":"红包兑换炮王","_fontSize":30,"_lineHeight":30,"_N$file":{"__uuid__":"farb0WbWZMgrGmuICOt0MU"},"_isSystemFontUsed":false,"_N$horizontalAlign":1,"_N$verticalAlign":1},{"__type__":"cc.LabelOutline","node":{"__id__":20},"_color":{"__type__":"cc.Color","r":49,"g":26,"b":10},"_width":2}],"_prefab":{"__type__":"cc.PrefabInfo","root":{"__id__":1},"asset":{"__uuid__":"df8lqmkoxMVYZp1DWBXQyQ"},"fileId":"94LYkCphFKv4oVAidkQsz0"},"_contentSize":{"__type__":"cc.Size","width":184,"height":41.8},"_trs":{"__type__":"TypedArray","ctor":"Float64Array","array":[0,2,0,0,0,0,1,1,1,1]}},{"__type__":"cc.Node","_name":"scroll","_parent":{"__id__":3},"_children":[{"__id__":22}],"_components":[{"__type__":"cc.ScrollView","node":{"__id__":21},"horizontal":false,"brake":0.75,"bounceDuration":0.23,"_N$content":{"__id__":23},"content":{"__id__":23},"_N$horizontalScrollBar":null,"_N$verticalScrollBar":null}],"_prefab":{"__type__":"cc.PrefabInfo","root":{"__id__":1},"asset":{"__uuid__":"df8lqmkoxMVYZp1DWBXQyQ"},"fileId":"cfZnKbFjhDXrM0fWTFzbqY"},"_contentSize":{"__type__":"cc.Size","width":553,"height":354},"_trs":{"__type__":"TypedArray","ctor":"Float64Array","array":[2,85,0,0,0,0,1,1,1,1]}},{"__type__":"cc.Node","_name":"view","_parent":{"__id__":21},"_children":[{"__id__":23}],"_components":[{"__type__":"cc.Mask","node":{"__id__":22},"_materials":[{"__uuid__":"ecpdLyjvZBwrvm+cedCcQy"}],"_N$alphaThreshold":0},{"__type__":"cc.Widget","node":{"__id__":22},"_alignFlags":45,"_originalWidth":240,"_originalHeight":250}],"_prefab":{"__type__":"cc.PrefabInfo","root":{"__id__":1},"asset":{"__uuid__":"df8lqmkoxMVYZp1DWBXQyQ"},"fileId":"e0jIOe9uNMMYArhLSJq2O3"},"_contentSize":{"__type__":"cc.Size","width":553,"height":354},"_anchorPoint":{"__type__":"cc.Vec2","x":0.5,"y":1},"_trs":{"__type__":"TypedArray","ctor":"Float64Array","array":[0,177,0,0,0,0,1,1,1,1]}},{"__type__":"cc.Node","_name":"content","_parent":{"__id__":22},"_children":[{"__id__":24},{"__id__":25},{"__id__":26},{"__id__":27},{"__id__":28},{"__id__":29},{"__id__":30},{"__id__":31}],"_components":[{"__type__":"cc.Layout","node":{"__id__":23},"_layoutSize":{"__type__":"cc.Size","width":550,"height":374.40000000000003},"_resize":1,"_N$layoutType":2},{"__type__":"cc.Widget","node":{"__id__":23},"_enabled":false,"_alignFlags":1}],"_prefab":{"__type__":"cc.PrefabInfo","root":{"__id__":1},"asset":{"__uuid__":"df8lqmkoxMVYZp1DWBXQyQ"},"fileId":"a4T1z2j95HEK4NzXjK15Cv"},"_contentSize":{"__type__":"cc.Size","width":550,"height":374.40000000000003},"_anchorPoint":{"__type__":"cc.Vec2","x":0.5,"y":1},"_trs":{"__type__":"TypedArray","ctor":"Float64Array","array":[0,0,0,0,0,0,1,1,1,1]}},{"__type__":"cc.Node","_name":"label1","_parent":{"__id__":23},"_components":[{"__type__":"41ebaVoPpRA4Kp67XEdHfZn","node":{"__id__":24},"_materials":[{"__uuid__":"ecpdLyjvZBwrvm+cedCcQy"}],"_string":"一、炮王","_N$string":"一、炮王","_fontSize":30,"_lineHeight":30,"_N$file":{"__uuid__":"farb0WbWZMgrGmuICOt0MU"},"_isSystemFontUsed":false,"_N$horizontalAlign":1,"_N$verticalAlign":1,"i18n_string":"paowang_layer_1_5"}],"_prefab":{"__type__":"cc.PrefabInfo","root":{"__id__":1},"asset":{"__uuid__":"df8lqmkoxMVYZp1DWBXQyQ"},"fileId":"acOWNDrqlC5KIPvENdCT9y"},"_color":{"__type__":"cc.Color","r":120,"g":50,"b":22},"_contentSize":{"__type__":"cc.Size","width":120,"height":37.8},"_anchorPoint":{"__type__":"cc.Vec2","y":0.5},"_trs":{"__type__":"TypedArray","ctor":"Float64Array","array":[-265,-18.9,0,0,0,0,1,1,1,1]}},{"__type__":"cc.Node","_name":"label2","_parent":{"__id__":23},"_components":[{"__type__":"41ebaVoPpRA4Kp67XEdHfZn","node":{"__id__":25},"_materials":[{"__uuid__":"ecpdLyjvZBwrvm+cedCcQy"}],"_string":"只要拥有平台至尊炮王(即分红炮)即可永久每天活得分红平台。直接提现，无任何门槛，且不扣除红包币","_N$string":"只要拥有平台至尊炮王(即分红炮)即可永久每天活得分红平台。直接提现，无任何门槛，且不扣除红包币","_fontSize":25,"_lineHeight":36,"_N$file":{"__uuid__":"farb0WbWZMgrGmuICOt0MU"},"_isSystemFontUsed":false,"_N$verticalAlign":1,"_N$overflow":3,"i18n_string":"paowang_layer_1_6"}],"_prefab":{"__type__":"cc.PrefabInfo","root":{"__id__":1},"asset":{"__uuid__":"df8lqmkoxMVYZp1DWBXQyQ"},"fileId":"55LfmdKR1J9ppxbdObjkct"},"_color":{"__type__":"cc.Color","r":120,"g":50,"b":22},"_contentSize":{"__type__":"cc.Size","width":546,"height":117.35999999999999},"_anchorPoint":{"__type__":"cc.Vec2","y":0.5},"_trs":{"__type__":"TypedArray","ctor":"Float64Array","array":[-267,-96.47999999999999,0,0,0,0,1,1,1,1]}},{"__type__":"cc.Node","_name":"label3","_parent":{"__id__":23},"_components":[{"__type__":"cc.Label","node":{"__id__":26},"_enabled":false,"_materials":[{"__uuid__":"ecpdLyjvZBwrvm+cedCcQy"}],"_useOriginalSize":false,"_string":"二、炮王获取","_N$string":"二、炮王获取","_fontSize":30,"_lineHeight":30,"_N$file":{"__uuid__":"farb0WbWZMgrGmuICOt0MU"},"_isSystemFontUsed":false,"_N$horizontalAlign":1,"_N$verticalAlign":1},{"__type__":"41ebaVoPpRA4Kp67XEdHfZn","node":{"__id__":26},"_materials":[{"__uuid__":"ecpdLyjvZBwrvm+cedCcQy"}],"_string":"二、炮王获取","_N$string":"二、炮王获取","_fontSize":30,"_lineHeight":30,"_N$horizontalAlign":1,"_N$verticalAlign":1,"i18n_string":"paowang_layer_1_7"}],"_prefab":{"__type__":"cc.PrefabInfo","root":{"__id__":1},"asset":{"__uuid__":"df8lqmkoxMVYZp1DWBXQyQ"},"fileId":"7eY5yDShRBVI/NE08UtYDT"},"_color":{"__type__":"cc.Color","r":120,"g":50,"b":22},"_contentSize":{"__type__":"cc.Size","width":180,"height":37.8},"_anchorPoint":{"__type__":"cc.Vec2","y":0.5},"_trs":{"__type__":"TypedArray","ctor":"Float64Array","array":[-265,-174.05999999999997,0,0,0,0,1,1,1,1]}},{"__type__":"cc.Node","_name":"label4","_parent":{"__id__":23},"_components":[{"__type__":"41ebaVoPpRA4Kp67XEdHfZn","node":{"__id__":27},"_materials":[{"__uuid__":"ecpdLyjvZBwrvm+cedCcQy"}],"_string":"1.合成炮至满级，即可获得炮王。","_N$string":"1.合成炮至满级，即可获得炮王。","_fontSize":25,"_lineHeight":36,"_N$file":{"__uuid__":"farb0WbWZMgrGmuICOt0MU"},"_isSystemFontUsed":false,"_N$verticalAlign":1,"_N$overflow":3,"i18n_string":"paowang_layer_1_8"}],"_prefab":{"__type__":"cc.PrefabInfo","root":{"__id__":1},"asset":{"__uuid__":"df8lqmkoxMVYZp1DWBXQyQ"},"fileId":"63LOgq42JCRImJbeo+rG0M"},"_color":{"__type__":"cc.Color","r":120,"g":50,"b":22},"_contentSize":{"__type__":"cc.Size","width":546,"height":45.36},"_anchorPoint":{"__type__":"cc.Vec2","y":0.5},"_trs":{"__type__":"TypedArray","ctor":"Float64Array","array":[-267,-215.64,0,0,0,0,1,1,1,1]}},{"__type__":"cc.Node","_name":"label5","_parent":{"__id__":23},"_components":[{"__type__":"41ebaVoPpRA4Kp67XEdHfZn","node":{"__id__":28},"_materials":[{"__uuid__":"ecpdLyjvZBwrvm+cedCcQy"}],"_string":"2.炮王进度达到100%时必然获得。","_N$string":"2.炮王进度达到100%时必然获得。","_fontSize":25,"_lineHeight":36,"_N$file":{"__uuid__":"farb0WbWZMgrGmuICOt0MU"},"_isSystemFontUsed":false,"_N$verticalAlign":1,"_N$overflow":3,"i18n_string":"paowang_layer_1_9"}],"_prefab":{"__type__":"cc.PrefabInfo","root":{"__id__":1},"asset":{"__uuid__":"df8lqmkoxMVYZp1DWBXQyQ"},"fileId":"4fq2QNsgxKt5FaZHOlVlnF"},"_color":{"__type__":"cc.Color","r":120,"g":50,"b":22},"_contentSize":{"__type__":"cc.Size","width":546,"height":45.36},"_anchorPoint":{"__type__":"cc.Vec2","y":0.5},"_trs":{"__type__":"TypedArray","ctor":"Float64Array","array":[-267,-261,0,0,0,0,1,1,1,1]}},{"__type__":"cc.Node","_name":"label6","_parent":{"__id__":23},"_components":[{"__type__":"41ebaVoPpRA4Kp67XEdHfZn","node":{"__id__":29},"_materials":[{"__uuid__":"ecpdLyjvZBwrvm+cedCcQy"}],"_string":"3.35级炮塔后，每次升级有10%几率直接获得","_N$string":"3.35级炮塔后，每次升级有10%几率直接获得","_fontSize":25,"_lineHeight":36,"_N$file":{"__uuid__":"farb0WbWZMgrGmuICOt0MU"},"_isSystemFontUsed":false,"_N$verticalAlign":1,"_N$overflow":3,"i18n_string":"paowang_layer_1_10"}],"_prefab":{"__type__":"cc.PrefabInfo","root":{"__id__":1},"asset":{"__uuid__":"df8lqmkoxMVYZp1DWBXQyQ"},"fileId":"98zYOTj9JFp5WyqAhouoKn"},"_color":{"__type__":"cc.Color","r":120,"g":50,"b":22},"_contentSize":{"__type__":"cc.Size","width":546,"height":45.36},"_anchorPoint":{"__type__":"cc.Vec2","y":0.5},"_trs":{"__type__":"TypedArray","ctor":"Float64Array","array":[-267,-306.36,0,0,0,0,1,1,1,1]}},{"__type__":"cc.Node","_name":"label7","_parent":{"__id__":23},"_components":[{"__type__":"41ebaVoPpRA4Kp67XEdHfZn","node":{"__id__":30},"_materials":[{"__uuid__":"ecpdLyjvZBwrvm+cedCcQy"}],"_string":"4.使用200元红包可直接兑换一个炮王","_N$string":"4.使用200元红包可直接兑换一个炮王","_fontSize":25,"_lineHeight":36,"_N$file":{"__uuid__":"farb0WbWZMgrGmuICOt0MU"},"_isSystemFontUsed":false,"_N$verticalAlign":1,"_N$overflow":3,"i18n_string":"paowang_layer_1_11"}],"_prefab":{"__type__":"cc.PrefabInfo","root":{"__id__":1},"asset":{"__uuid__":"df8lqmkoxMVYZp1DWBXQyQ"},"fileId":"7au8r0qadOQIycvVx1yroR"},"_color":{"__type__":"cc.Color","r":120,"g":50,"b":22},"_contentSize":{"__type__":"cc.Size","width":546,"height":45.36},"_anchorPoint":{"__type__":"cc.Vec2","y":0.5},"_trs":{"__type__":"TypedArray","ctor":"Float64Array","array":[-267,-351.72,0,0,0,0,1,1,1,1]}},{"__type__":"cc.Node","_name":"label8","_parent":{"__id__":23},"_active":false,"_components":[{"__type__":"cc.Sprite","node":{"__id__":31},"_materials":[{"__uuid__":"ecpdLyjvZBwrvm+cedCcQy"}],"_spriteFrame":{"__uuid__":"866hnozc9BcLeMW5MGdpMU"}}],"_prefab":{"__type__":"cc.PrefabInfo","root":{"__id__":1},"asset":{"__uuid__":"df8lqmkoxMVYZp1DWBXQyQ"},"fileId":"a3Cmq8pldMlrtMflHcFjA7"},"_contentSize":{"__type__":"cc.Size","width":513,"height":221},"_trs":{"__type__":"TypedArray","ctor":"Float64Array","array":[0,-110.5,0,0,0,0,1,1,1,1]}}],{"__type__":"cc.SpriteFrame","content":{"name":"pic_jindudi","texture":"cadhw0hxpN0pZAs3RLMN8l","rect":[307,583,262,22],"offset":[0,0],"originalSize":[262,22],"capInsets":[0,0,0,0]}},{"__type__":"cc.SpriteFrame","content":{"name":"bg_bai","texture":"7ay42iyKVAQ41J+IO+pzMZ","rect":[0,0,600,400],"offset":[0,0],"originalSize":[600,400],"capInsets":[54,54,54,54]}},{"__type__":"cc.SpriteFrame","content":{"name":"bg_paowang","texture":"5fIZ6eNjtLcoTSqUYB8890","rect":[1,0,657,808],"offset":[0.5,0],"originalSize":[658,808],"capInsets":[248.5,335,248.5,335]}}]