[{"__type__":"cc.SpriteFrame","content":{"name":"faguang","texture":"86sAUWEL1JA4NfjWzP3eEp","rect":[1,1,462,462],"offset":[0,0],"originalSize":[462,462],"capInsets":[0,0,0,0]}},{"__type__":"cc.SpriteFrame","content":{"name":"ic_duihao","texture":"86sAUWEL1JA4NfjWzP3eEp","rect":[1327,353,50,40],"offset":[0,0],"originalSize":[50,40],"capInsets":[0,0,0,0]}},{"__type__":"cc.SpriteFrame","content":{"name":"ic_shipin","texture":"86sAUWEL1JA4NfjWzP3eEp","rect":[1271,413,36,40],"offset":[0,0],"originalSize":[36,40],"capInsets":[0,0,0,0]}},{"__type__":"cc.SpriteFrame","content":{"name":"qd2","texture":"86sAUWEL1JA4NfjWzP3eEp","rect":[775,381,160,131],"offset":[0,0],"originalSize":[160,131],"capInsets":[0,0,0,0]}},{"__type__":"cc.SpriteFrame","content":{"name":"text_hongbaojiangli","texture":"86sAUWEL1JA4NfjWzP3eEp","rect":[442,481,242,66],"offset":[0,0],"originalSize":[242,66],"capInsets":[0,0,0,0]}},{"__type__":"cc.SpriteFrame","content":{"name":"bg_zaixianjiangli","texture":"86sAUWEL1JA4NfjWzP3eEp","rect":[465,1,618,274],"offset":[0,0],"originalSize":[618,274],"capInsets":[0,0,0,0]}},{"__type__":"cc.SpriteFrame","content":{"name":"ic_guanbi2","texture":"86sAUWEL1JA4NfjWzP3eEp","rect":[1185,413,84,84],"offset":[0,0],"originalSize":[84,84],"capInsets":[0,0,0,0]}},{"__type__":"cc.SpriteFrame","content":{"name":"pb_dariqi","texture":"86sAUWEL1JA4NfjWzP3eEp","rect":[1253,1,166,350],"offset":[0,0],"originalSize":[166,350],"capInsets":[36,118,36,94]}},{"__type__":"cc.SpriteFrame","content":{"name":"pic_gongxi","texture":"86sAUWEL1JA4NfjWzP3eEp","rect":[1,465,439,85],"offset":[0,0],"originalSize":[439,85],"capInsets":[0,0,0,0]}},{"__type__":"cc.SpriteFrame","content":{"name":"pb_dariqihui","texture":"86sAUWEL1JA4NfjWzP3eEp","rect":[1085,1,166,350],"offset":[0,0],"originalSize":[166,350],"capInsets":[36,118,36,94]}},{"__type__":"cc.SpriteFrame","content":{"name":"pb_xiaoriqi","texture":"86sAUWEL1JA4NfjWzP3eEp","rect":[1061,353,122,160],"offset":[0,0],"originalSize":[122,160],"capInsets":[0,0,0,0]}},{"__type__":"cc.SpriteFrame","content":{"name":"bg_jindubai","texture":"86sAUWEL1JA4NfjWzP3eEp","rect":[465,289,548,10],"offset":[0,0],"originalSize":[548,10],"capInsets":[20,0,20,0]}},{"__type__":"cc.SpriteFrame","content":{"name":"pg_xiaoriqihui","texture":"86sAUWEL1JA4NfjWzP3eEp","rect":[937,381,122,160],"offset":[0,0],"originalSize":[122,160],"capInsets":[0,0,0,0]}},{"__type__":"cc.SpriteFrame","content":{"name":"ic_hongbaohui","texture":"86sAUWEL1JA4NfjWzP3eEp","rect":[1029,277,54,64],"offset":[0,0],"originalSize":[54,64],"capInsets":[0,0,0,0]}},{"__type__":"cc.SpriteFrame","content":{"name":"pic_qiandaojiangli","texture":"86sAUWEL1JA4NfjWzP3eEp","rect":[465,301,308,110],"offset":[-1,0],"originalSize":[310,110],"capInsets":[0,0,0,0]}},{"__type__":"cc.SpriteFrame","content":{"name":"ic_hongbao","texture":"86sAUWEL1JA4NfjWzP3eEp","rect":[719,413,54,64],"offset":[0,0],"originalSize":[54,64],"capInsets":[0,0,0,0]}},{"__type__":"cc.SpriteFrame","content":{"name":"text_zaixianjiangli","texture":"86sAUWEL1JA4NfjWzP3eEp","rect":[465,413,242,66],"offset":[0,0],"originalSize":[242,66],"capInsets":[0,0,0,0]}},{"__type__":"cc.SpriteFrame","content":{"name":"btn_lingqu","texture":"86sAUWEL1JA4NfjWzP3eEp","rect":[1185,353,140,58],"offset":[0,0],"originalSize":[140,58],"capInsets":[0,0,0,0]}},{"__type__":"cc.SpriteAtlas","_name":"signLayer.plist","_spriteFrames":{"bg_jindubai":{"__uuid__":"93IvdVyGBFfa36WtToN70J"},"bg_jinduhui":{"__uuid__":"f7Tyibl0dEV4m+DQsnA9zA"},"bg_zaixianjiangli":{"__uuid__":"44MO9zBXFCKZChKECHc//m"},"btn_lingqu":{"__uuid__":"d3yBsPMvFJmrb7CzkpQYKH"},"btn_lvda":{"__uuid__":"ddaLPpzOhJ8YOSdqDGWMZO"},"faguang":{"__uuid__":"0149XaVRVKQrnjz3bgpTRq"},"ic_duihao":{"__uuid__":"13fgCIugBCrqbtUKjolPdP"},"ic_guanbi2":{"__uuid__":"5bQXvGex9OOK6V9WCNFULc"},"ic_hongbao":{"__uuid__":"belAQU2NpP/7JzJ6dTw0kf"},"ic_hongbaohui":{"__uuid__":"a4v6QYJ6FFbKrtBKJRb6om"},"ic_shipin":{"__uuid__":"30H11AjrZKSqh+UDm8z1li"},"pb_dariqi":{"__uuid__":"62uieayl9DhIeh7r1Ej6mI"},"pb_dariqihui":{"__uuid__":"71YoZYFG1F4aC+XYn/4rq0"},"pb_xiaoriqi":{"__uuid__":"80Chts7fJMH58fB51VSjMi"},"pg_xiaoriqihui":{"__uuid__":"95lUUTvEBB+6/yCC93Lq/v"},"pic_gongxi":{"__uuid__":"66FWujJtlI77C8rI15/2Xk"},"pic_qiandaojiangli":{"__uuid__":"b8RyUuRKRNIL0IM7pjaYM2"},"qd2":{"__uuid__":"37gEQjra9Le572+TIpwGOS"},"text_hongbaojiangli":{"__uuid__":"41niURgxhAtIwUYj89xsbi"},"text_zaixianjiangli":{"__uuid__":"c1htGPYcVAL7kwA6aK1KLQ"}}},{"__type__":"cc.SpriteFrame","content":{"name":"btn_lvda","texture":"86sAUWEL1JA4NfjWzP3eEp","rect":[775,301,248,78],"offset":[0,0],"originalSize":[250,80],"capInsets":[0,0,0,0]}},{"__type__":"cc.SpriteFrame","content":{"name":"bg_jinduhui","texture":"86sAUWEL1JA4NfjWzP3eEp","rect":[465,277,548,10],"offset":[0,0],"originalSize":[548,10],"capInsets":[0,0,0,0]}}]