[1,0,0,[["cc.JsonAsset",["_name","json"],1]],[[0,0,1,3]],[[0,"TableSystemRewardConfig",[{"level":1,"rewardMoney":300,"freeMoney":2600,"videoMoney":2500,"appearTimeWithRatio":[50,60,100]},{"level":2,"rewardMoney":330,"freeMoney":3200,"videoMoney":3000,"appearTimeWithRatio":[50,60,100]},{"level":3,"rewardMoney":360,"freeMoney":3800,"videoMoney":3500,"appearTimeWithRatio":[60,80,100]},{"level":4,"rewardMoney":380,"freeMoney":4200,"videoMoney":4000,"appearTimeWithRatio":[60,80,100]},{"level":5,"rewardMoney":400,"freeMoney":4800,"videoMoney":4500,"appearTimeWithRatio":[60,80,100]},{"level":6,"rewardMoney":420,"freeMoney":5340,"videoMoney":5000,"appearTimeWithRatio":[60,80,100]},{"level":7,"rewardMoney":440,"freeMoney":5880,"videoMoney":5500,"appearTimeWithRatio":[60,80,100]},{"level":8,"rewardMoney":460,"freeMoney":6420,"videoMoney":6000,"appearTimeWithRatio":[60,90,100]},{"level":9,"rewardMoney":480,"freeMoney":6960,"videoMoney":6500,"appearTimeWithRatio":[60,90,100]},{"level":10,"rewardMoney":500,"freeMoney":7500,"videoMoney":7000,"appearTimeWithRatio":[60,90,100]},{"level":11,"rewardMoney":520,"freeMoney":8040,"videoMoney":7500,"appearTimeWithRatio":[60,90,100]},{"level":12,"rewardMoney":540,"freeMoney":8580,"videoMoney":8000,"appearTimeWithRatio":[60,90,100]},{"level":13,"rewardMoney":560,"freeMoney":9120,"videoMoney":8500,"appearTimeWithRatio":[60,90,100]},{"level":14,"rewardMoney":580,"freeMoney":9660,"videoMoney":9000,"appearTimeWithRatio":[60,90,100]},{"level":15,"rewardMoney":600,"freeMoney":10200,"videoMoney":9500,"appearTimeWithRatio":[60,90,100]},{"level":16,"rewardMoney":620,"freeMoney":10740,"videoMoney":10000,"appearTimeWithRatio":[60,90,100]},{"level":17,"rewardMoney":640,"freeMoney":11280,"videoMoney":10500,"appearTimeWithRatio":[60,90,100]},{"level":18,"rewardMoney":660,"freeMoney":11820,"videoMoney":11000,"appearTimeWithRatio":[60,90,100]}]]],0,0,[],[],[]]
