[1,["63wu3dbzZAPIxRuyQXuoGX@6c48a","63wu3dbzZAPIxRuyQXuoGX@f9941"],["_textureSource","spriteFrame"],["cc.SpriteFrame",["cc.LabelAtlas",["_name","fontSize","fntConfig"],0]],[[1,0,1,2,4]],[[[{"name":"money","rect":{"x":1,"y":1,"width":436,"height":59},"offset":{"x":-1.5,"y":0.5},"originalSize":{"width":441,"height":62},"rotated":false,"capInsets":[0,0,0,0],"vertices":{"rawPosition":[-218,-29.5,0,218,-29.5,0,-218,29.5,0,218,29.5,0],"indexes":[0,1,2,2,1,3],"uv":[1,61,437,61,1,2,437,2],"nuv":[0.0022675736961451248,0.03225806451612903,0.9909297052154195,0.03225806451612903,0.0022675736961451248,0.9838709677419355,0.9909297052154195,0.9838709677419355],"minPos":{"x":-218,"y":-29.5,"z":0},"maxPos":{"x":218,"y":29.5,"z":0}},"packable":true,"pixelsToUnit":100,"pivot":{"x":0.5,"y":0.5},"meshType":0}],[0],0,[0],[0],[0]],[[[0,"money",54.56,{"commonHeight":62,"fontSize":54,"atlasName":"money","fontDefDictionary":{"48":{"xOffset":0,"yOffset":0,"xAdvance":44,"rect":{"x":0,"y":0,"width":44,"height":62}},"49":{"xOffset":0,"yOffset":0,"xAdvance":44,"rect":{"x":44,"y":0,"width":44,"height":62}},"50":{"xOffset":0,"yOffset":0,"xAdvance":44,"rect":{"x":88,"y":0,"width":44,"height":62}},"51":{"xOffset":0,"yOffset":0,"xAdvance":44,"rect":{"x":132,"y":0,"width":44,"height":62}},"52":{"xOffset":0,"yOffset":0,"xAdvance":44,"rect":{"x":176,"y":0,"width":44,"height":62}},"53":{"xOffset":0,"yOffset":0,"xAdvance":44,"rect":{"x":220,"y":0,"width":44,"height":62}},"54":{"xOffset":0,"yOffset":0,"xAdvance":44,"rect":{"x":264,"y":0,"width":44,"height":62}},"55":{"xOffset":0,"yOffset":0,"xAdvance":44,"rect":{"x":308,"y":0,"width":44,"height":62}},"56":{"xOffset":0,"yOffset":0,"xAdvance":44,"rect":{"x":352,"y":0,"width":44,"height":62}},"57":{"xOffset":0,"yOffset":0,"xAdvance":44,"rect":{"x":396,"y":0,"width":44,"height":62}}},"kerningDict":{}}]],0,0,[0],[1],[1]]]]
