[1,["a7YStUNeNCOKGpSntUY1g5"],["_effectAsset"],[["cc.Material",["_name","_states","_defines","_props"],0,12]],[[0,0,1,2,3,4]],[[0,"mat_rockery",[{"rasterizerState":{},"depthStencilState":{},"blendState":{"targets":[{}]}},{"rasterizerState":{},"depthStencilState":{},"blendState":{"targets":[{}]}},{"rasterizerState":{},"depthStencilState":{},"blendState":{"targets":[{}]}},{"rasterizerState":{},"depthStencilState":{},"blendState":{"targets":[{}]}}],[{"USE_INSTANCING":true},{"USE_INSTANCING":true,"BASE_COLOR_MAP_AS_SHADE_MAP_1":true,"BASE_COLOR_MAP_AS_SHADE_MAP_2":true},{},{}],[[{"lineWidth":30},[{"baseStep":0.7,"baseFeather":0.01,"shadeFeather":0.05},"mainColor",8,[4,4290757249],"shadeColor1",8,[4,4286343242],"shadeColor2",8,[4,4283585093],"specular",8,[4,2583688920]],{},{}],0,11,0,0]]],0,0,[0],[0],[0]]
