[1,["0arxpZv+NBNLQ1osun9Kbf","12Y9dMgWdJKJGmTiZyQR9H@2e76e"],["root","node","data","_mesh"],[["cc.Mesh",["_native","_hash","_struct"],1,11],["cc.Prefab",["_name"],2],["cc.Node",["_name","_components","_prefab","_lpos","_lscale"],2,9,4,5,5],["cc.MeshRenderer",["_name","node","__prefab","_materials","bakeSettings","_mesh"],2,1,4,3,4,6],["cc.CompPrefabInfo",["fileId"],2],["cc.ModelBakeSettings",[],3],["cc.PrefabInfo",["fileId","instance","targetOverrides","nestedPrefabInstanceRoots","root","asset"],-1,1,1]],[[0,0,1,2,3],[1,0,2],[2,0,1,2,3,4,2],[3,0,1,2,3,4,5,2],[4,0,2],[5,1],[6,0,1,2,3,4,5,5]],[[[[0,".bin",3219909449,[{"primitives":[{"primitiveMode":7,"vertexBundelIndices":[0],"indexView":{"offset":6776,"length":2400,"count":600,"stride":4}}],"vertexBundles":[{"view":{"offset":0,"length":6776,"count":121,"stride":56},"attributes":[{"name":"a_position","format":32,"isNormalized":false},{"name":"a_normal","format":32,"isNormalized":false},{"name":"a_texCoord","format":21,"isNormalized":false},{"name":"a_tangent","format":44,"isNormalized":false},{"name":"a_texCoord1","format":21,"isNormalized":false}]}]},"minPosition",8,[1,-5,0,-5],"maxPosition",8,[1,5,0,5]]],-1],0,0,[],[],[]],[[[1,"GuidePlane"],[2,"GuidePlane",[[3,"Plane<ModelComponent>",-2,[4,"fbYYFa3vNBJKDZRKSzPmDm"],[0],[5],1]],[6,"88WfOTsG5M+7tZhWJjwy2z",null,null,null,-1,0],[1,0,0.02,0],[1,0.1,1,0.1]]],0,[0,0,1,0,1,1,0,2,1,2],[0,0],[-1,3],[0,1]]]]
