[1,["63qYVp2fJNlK9BNwYvw/Gk@f9941","63qYVp2fJNlK9BNwYvw/Gk@6c48a"],["spriteFrame","_textureSource"],["cc.SpriteFrame",["cc.LabelAtlas",["_name","fontSize","fntConfig"],0]],[[1,0,1,2,4]],[[[[0,"board",24.64,{"commonHeight":28,"fontSize":24,"atlasName":"board","fontDefDictionary":{"48":{"xOffset":0,"yOffset":0,"xAdvance":20,"rect":{"x":0,"y":0,"width":20,"height":28}},"49":{"xOffset":0,"yOffset":0,"xAdvance":20,"rect":{"x":20,"y":0,"width":20,"height":28}},"50":{"xOffset":0,"yOffset":0,"xAdvance":20,"rect":{"x":40,"y":0,"width":20,"height":28}},"51":{"xOffset":0,"yOffset":0,"xAdvance":20,"rect":{"x":60,"y":0,"width":20,"height":28}},"52":{"xOffset":0,"yOffset":0,"xAdvance":20,"rect":{"x":80,"y":0,"width":20,"height":28}},"53":{"xOffset":0,"yOffset":0,"xAdvance":20,"rect":{"x":100,"y":0,"width":20,"height":28}},"54":{"xOffset":0,"yOffset":0,"xAdvance":20,"rect":{"x":120,"y":0,"width":20,"height":28}},"55":{"xOffset":0,"yOffset":0,"xAdvance":20,"rect":{"x":140,"y":0,"width":20,"height":28}},"56":{"xOffset":0,"yOffset":0,"xAdvance":20,"rect":{"x":160,"y":0,"width":20,"height":28}},"57":{"xOffset":0,"yOffset":0,"xAdvance":20,"rect":{"x":180,"y":0,"width":20,"height":28}}},"kerningDict":{}}]],0,0,[0],[0],[0]],[[{"name":"board","rect":{"x":2,"y":1,"width":198,"height":25},"offset":{"x":0,"y":0.5},"originalSize":{"width":202,"height":28},"rotated":false,"capInsets":[0,0,0,0],"vertices":{"rawPosition":[-99,-12.5,0,99,-12.5,0,-99,12.5,0,99,12.5,0],"indexes":[0,1,2,2,1,3],"uv":[2,27,200,27,2,2,200,2],"nuv":[0.009900990099009901,0.07142857142857142,0.9900990099009901,0.07142857142857142,0.009900990099009901,0.9642857142857143,0.9900990099009901,0.9642857142857143],"minPos":{"x":-99,"y":-12.5,"z":0},"maxPos":{"x":99,"y":12.5,"z":0}},"packable":true,"pixelsToUnit":100,"pivot":{"x":0.5,"y":0.5},"meshType":0}],[0],0,[0],[1],[1]]]]
