[1,["87W/irMOlHPoqGGlJ7/EHz@f9941","87W/irMOlHPoqGGlJ7/EHz@6c48a"],["spriteFrame","_textureSource"],["cc.SpriteFrame",["cc.LabelAtlas",["_name","fontSize","fntConfig"],0]],[[1,0,1,2,4]],[[[[0,"black",73.92,{"commonHeight":84,"fontSize":73,"atlasName":"black","fontDefDictionary":{"48":{"xOffset":0,"yOffset":0,"xAdvance":68,"rect":{"x":0,"y":0,"width":68,"height":84}},"49":{"xOffset":0,"yOffset":0,"xAdvance":68,"rect":{"x":68,"y":0,"width":68,"height":84}},"50":{"xOffset":0,"yOffset":0,"xAdvance":68,"rect":{"x":136,"y":0,"width":68,"height":84}},"51":{"xOffset":0,"yOffset":0,"xAdvance":68,"rect":{"x":204,"y":0,"width":68,"height":84}},"52":{"xOffset":0,"yOffset":0,"xAdvance":68,"rect":{"x":272,"y":0,"width":68,"height":84}},"53":{"xOffset":0,"yOffset":0,"xAdvance":68,"rect":{"x":340,"y":0,"width":68,"height":84}},"54":{"xOffset":0,"yOffset":0,"xAdvance":68,"rect":{"x":408,"y":0,"width":68,"height":84}},"55":{"xOffset":0,"yOffset":0,"xAdvance":68,"rect":{"x":476,"y":0,"width":68,"height":84}},"56":{"xOffset":0,"yOffset":0,"xAdvance":68,"rect":{"x":544,"y":0,"width":68,"height":84}},"57":{"xOffset":0,"yOffset":0,"xAdvance":68,"rect":{"x":612,"y":0,"width":68,"height":84}}},"kerningDict":{}}]],0,0,[0],[0],[0]],[[{"name":"black","rect":{"x":10,"y":4,"width":660,"height":75},"offset":{"x":0,"y":0.5},"originalSize":{"width":680,"height":84},"rotated":false,"capInsets":[0,0,0,0],"vertices":{"rawPosition":[-330,-37.5,0,330,-37.5,0,-330,37.5,0,330,37.5,0],"indexes":[0,1,2,2,1,3],"uv":[10,80,670,80,10,5,670,5],"nuv":[0.014705882352941176,0.05952380952380952,0.9852941176470589,0.05952380952380952,0.014705882352941176,0.9523809523809523,0.9852941176470589,0.9523809523809523],"minPos":{"x":-330,"y":-37.5,"z":0},"maxPos":{"x":330,"y":37.5,"z":0}},"packable":true,"pixelsToUnit":100,"pivot":{"x":0.5,"y":0.5},"meshType":0}],[0],0,[0],[1],[1]]]]
