[1,["9b7faGZnlAho2qZZ0J32HP@6c48a","afou0aRFZORLW7nVPPno6A","bdBWn64RRLbKzxERbAFCvl@6c48a","6883SKQK9OerYi7tYIIgoG@90d5a","97G9sjP/ZD67QiHDAWWjZj","9cW9eIeiZCv7x6MuXhZGbg","abGnT+4BhPE7y33SlsT22d","1acYig4y9C948ne9e6ElLC@b47c0","6fAc9/gb9Kfr1dCvwZaWSA@b47c0"],["_textureSource","node","_parent","root","data","_particleSystem","_cpuMaterial","_gpuMaterial","_mainTexture","_spriteFrame","mainTexture","_effectAsset","_cameraComponent","mask","layer","scene","bombPrefab","coinPrefab","_envmapHDR","_envmapLDR"],["cc.SpriteFrame","cc.ImageAsset",["cc.Node",["_name","_layer","_id","_components","_children","_parent","_lpos","_prefab","_lrot","_euler"],0,9,2,1,5,4,5,5],["cc.CurveRange",["mode","constantMax","constantMin","multiplier","constant","spline"],-2,4],["cc.RealKeyframeValue",["rightTangent","leftTangent","rightTangentWeight","leftTangentWeight","value","interpolationMode"],-3],["cc.UITransform",["node","_contentSize","__prefab"],3,1,5,4],"cc.TextureCube",["cc.Node",["_name","_components","_prefab","_lrot","_euler","_parent","_lpos"],2,2,4,5,5,1,5],["cc.GradientRange",["_mode","gradient"],2,4],["cc.Widget",["_alignFlags","_originalWidth","_originalHeight","node"],0,1],["cc.Camera",["_visibility","_projection","_priority","_orthoHeight","_far","_clearFlags","node","_color"],-3,1,5],"cc.SpriteAtlas",["cc.Prefab",["_name"],2],["cc.PrefabInfo",["fileId","instance","targetOverrides","nestedPrefabInstanceRoots","root","asset"],-1,1,1],["cc.PrefabInfo",["root","asset","fileId","instance","nestedPrefabInstanceRoots","targetOverrides"],-3],["cc.ParticleSystem",["startRotation3D","duration","loop","playOnAwake","_capacity","_simulationSpace","node","__prefab","_materials","startColor","startSizeX","startSizeY","startSizeZ","startSpeed","startRotationX","startRotationY","startRotationZ","startDelay","startLifetime","gravityModifier","rateOverTime","rateOverDistance","bursts","_colorOverLifetimeModule","_shapeModule","_sizeOvertimeModule","_velocityOvertimeModule","_forceOvertimeModule","_limitVelocityOvertimeModule","_rotationOvertimeModule","_textureAnimationModule","_noiseModule","_trailModule","renderer"],-3,1,4,12,4,4,4,4,4,4,4,4,4,4,4,4,4,9,4,4,4,4,4,4,4,4,4,4,4],["cc.CompPrefabInfo",["fileId"],2],["cc.Burst",["count"],3,4],["cc.ColorOvertimeModule",["_enable","color"],2,4],["cc.Gradient",["alphaKeys"],3,9],["cc.AlphaKey",["alpha","time"],1],["cc.ShapeModule",["_enable","_shapeType","radius","_angle","arcSpeed"],-1,4],["cc.SizeOvertimeModule",["_enable","size","x","y","z"],2,4,4,4,4],["cc.RealCurve",["_times","_values"],2,9],["cc.VelocityOvertimeModule",["x","y","z","speedModifier"],3,4,4,4,4],["cc.ForceOvertimeModule",["x","y","z"],3,4,4,4],["cc.LimitVelocityOvertimeModule",["dampen","limitX","limitY","limitZ","limit"],2,4,4,4,4],["cc.RotationOvertimeModule",["x","y","z"],3,4,4,4],["cc.TextureAnimationModule",["_enable","_numTilesX","_numTilesY","cycleCount","frameOverTime","startFrame"],-1,4,4],["cc.NoiseModule",[],3],["cc.TrailModule",["lifeTime","widthRatio","colorOverTrail","colorOvertime","_particleSystem"],3,4,4,4,4,1],["cc.ParticleSystemRenderer",["_useGPU","_cpuMaterial","_gpuMaterial","_mainTexture"],2,6,6,6],["cc.Sprite",["_type","_sizeMode","node","__prefab","_spriteFrame"],1,1,4,6],["cc.Material",["_name","_techIdx","_states","_defines","_props"],-1,12],["cc.SceneAsset",["_name"],2],["cc.Canvas",["node","_cameraComponent"],3,1,1],["3135c8oDk1KL4vngWCPg7Uv",["node","layer","mask","coinPrefab"],3,1,1,1,6],["25e37Gl6l9O2qAaTEggUL2R",["node","bombPrefab"],3,1,6],["63a26sUWT1JmLD+aDK2JkC/",["node","game","gui"],3,1,1,1],["cc.Scene",["_name","_children","_prefab","_globals"],2,2,4,4],["cc.SceneGlobals",["ambient","shadows","_skybox","fog","octree","lightProbeInfo"],3,4,4,4,4,4,4],["cc.AmbientInfo",["_skyIllumLDR","_skyColorHDR","_groundAlbedoHDR","_skyColorLDR","_groundAlbedoLDR"],2,5,5,5,5],["cc.ShadowsInfo",["_enabled","_shadowColor"],2,5],["cc.SkyboxInfo",["_envLightingType","_enabled","_envmapHDR","_envmapLDR"],1,6,6],["cc.FogInfo",["_enabled","_fogStart","_fogEnd","_accurate","_fogColor"],-1,5],["cc.OctreeInfo",[],3],["cc.LightProbeInfo",[],3],["cc.DirectionalLight",["_colorTemperature","_illuminanceHDR","node","_staticSettings"],1,1,4],["cc.StaticLightSettings",[],3]],[[3,1],[3,4,2],[20,0,1,3],[16,0,2],[8,1],[12,0,2],[2,0,1,5,3,3],[2,0,5,3,6,8,9,2],[13,0,1,2,3,4,5,5],[3,0,2,1,4],[3,0,5,2],[23,0,1,2],[4,0,2,1,3,5],[4,4,0,2,1,3,6],[5,0,1,1],[5,0,1],[7,0,1,2,3,4,2],[7,0,5,1,6,2],[2,0,1,3,7,3],[2,0,1,4,3,6,3],[2,0,5,4,3,2],[2,0,4,3,2],[2,0,2,4,3,3],[14,0,1,2,3,4,5,7],[15,0,1,2,3,4,5,6,7,8,9,10,11,12,13,14,15,16,17,18,19,20,21,22,23,24,25,26,27,28,29,30,31,32,33,7],[8,0,1,2],[3,0,2,1,3,5],[3,0,1,3],[17,0,1],[18,0,1,2],[19,0,1],[21,0,1,2,3,4,5],[22,0,1,2,3,4,2],[4,5,4,0,1,5],[24,0,1,2,3,1],[25,0,1,2,1],[26,0,1,2,3,4,2],[27,0,1,2,1],[28,0,1,2,3,4,5,5],[29,1],[30,0,1,2,3,4,1],[31,0,1,2,3,2],[5,0,2,1,1],[32,0,1,2,3,4,3],[33,0,1,2,3,4,5],[34,0,2],[35,0,1,1],[9,0,3,2],[9,0,1,2,3,4],[36,0,1,2,3,1],[37,0,1,1],[38,0,1,2,1],[39,0,1,2,3,2],[40,0,1,2,3,4,5,1],[41,0,1,2,3,4,2],[42,0,1,2],[43,0,1,2,3,3],[44,0,1,2,3,4,5],[45,1],[46,1],[47,0,1,2,3,3],[48,1],[10,0,6,2],[10,1,2,3,4,5,0,6,7,7]],[[[{"base":"2,2,0,0,2,0","rgbe":false,"mipmaps":[{"front":"1acYig4y9C948ne9e6ElLC@b47c0@e9a6d","back":"1acYig4y9C948ne9e6ElLC@b47c0@40c10","left":"1acYig4y9C948ne9e6ElLC@b47c0@8fd34","right":"1acYig4y9C948ne9e6ElLC@b47c0@74afd","top":"1acYig4y9C948ne9e6ElLC@b47c0@bb97f","bottom":"1acYig4y9C948ne9e6ElLC@b47c0@7d38f"}]}],[6],0,[],[],[]],[[{"fmt":"0","w":0,"h":0},-1],[1],0,[],[],[]],[[{"fmt":"0","w":0,"h":0},-1],[1],0,[],[],[]],[[{"fmt":"0","w":0,"h":0},-1],[1],0,[],[],[]],[[{"fmt":"0","w":0,"h":0},-1],[1],0,[],[],[]],[[{"fmt":"0","w":0,"h":0},-1],[1],0,[],[],[]],[[{"fmt":"0","w":0,"h":0},-1],[1],0,[],[],[]],[[{"name":"ui","spriteFrames":["+","6883SKQK9OerYi7tYIIgoG@223e0","bag_full","6883SKQK9OerYi7tYIIgoG@6388f","banner_pop_free","6883SKQK9OerYi7tYIIgoG@6f2e9","banner_pop_reward","6883SKQK9OerYi7tYIIgoG@8d0ac","btn_blue ","6883SKQK9OerYi7tYIIgoG@b2341","btn_green","6883SKQK9OerYi7tYIIgoG@4a554","btn_green_unlock","6883SKQK9OerYi7tYIIgoG@7b1e1","btn_grey","6883SKQK9OerYi7tYIIgoG@d86dd","btn_orange","6883SKQK9OerYi7tYIIgoG@b599a","btn_orange_1","6883SKQK9OerYi7tYIIgoG@de71a","btn_orange_3","6883SKQK9OerYi7tYIIgoG@52a48","btn_pink","6883SKQK9OerYi7tYIIgoG@3cc36","btn_pink_unlock","6883SKQK9OerYi7tYIIgoG@2f5dc","btn_pop_orange","6883SKQK9OerYi7tYIIgoG@7c0c2","btn_pop_pink","6883SKQK9OerYi7tYIIgoG@a22f2","fly_money","6883SKQK9OerYi7tYIIgoG@70e43","font_+","6883SKQK9OerYi7tYIIgoG@af1f6","font_Lv","6883SKQK9OerYi7tYIIgoG@d963a","font_add_50%","6883SKQK9OerYi7tYIIgoG@e5037","font_add_eggdisk","6883SKQK9OerYi7tYIIgoG@2798f","font_add_eggdisk_desc","6883SKQK9OerYi7tYIIgoG@8c9c6","font_capacity","6883SKQK9OerYi7tYIIgoG@8b397","font_cashier","6883SKQK9OerYi7tYIIgoG@00db7","font_collect","6883SKQK9OerYi7tYIIgoG@6fa8a","font_dinosaur_+","6883SKQK9OerYi7tYIIgoG@a5b0a","font_enter","6883SKQK9OerYi7tYIIgoG@c1edf","font_expect","6883SKQK9OerYi7tYIIgoG@ba54e","font_free","6883SKQK9OerYi7tYIIgoG@e6dee","font_free_receive","6883SKQK9OerYi7tYIIgoG@c0394","font_get","6883SKQK9OerYi7tYIIgoG@0c221","font_get_money","6883SKQK9OerYi7tYIIgoG@a6a1d","font_get_tips","6883SKQK9OerYi7tYIIgoG@36d32","font_home_guest","6883SKQK9OerYi7tYIIgoG@f55c5","font_hunter","6883SKQK9OerYi7tYIIgoG@ca19d","font_img_upgrade_suction","6883SKQK9OerYi7tYIIgoG@db897","font_line","6883SKQK9OerYi7tYIIgoG@76f84","font_money_x","6883SKQK9OerYi7tYIIgoG@bd097","font_noneed","6883SKQK9OerYi7tYIIgoG@d6c4c","font_not","6883SKQK9OerYi7tYIIgoG@1759e","font_pop_auxiliary","6883SKQK9OerYi7tYIIgoG@be19a","font_pop_costomer_run","6883SKQK9OerYi7tYIIgoG@63943","font_pop_insane","6883SKQK9OerYi7tYIIgoG@15116","font_pop_shock","6883SKQK9OerYi7tYIIgoG@95690","font_pop_sign","6883SKQK9OerYi7tYIIgoG@93925","font_pop_sound","6883SKQK9OerYi7tYIIgoG@79a18","font_pop_uugrade","6883SKQK9OerYi7tYIIgoG@c4c29","font_receive","6883SKQK9OerYi7tYIIgoG@e560d","font_refresh","6883SKQK9OerYi7tYIIgoG@5b213","font_set","6883SKQK9OerYi7tYIIgoG@7b824","font_shop","6883SKQK9OerYi7tYIIgoG@04e88","font_shou","6883SKQK9OerYi7tYIIgoG@0edbe","font_signday_1","6883SKQK9OerYi7tYIIgoG@f45da","font_signday_2","6883SKQK9OerYi7tYIIgoG@699ea","font_signday_3","6883SKQK9OerYi7tYIIgoG@cdc15","font_signday_4","6883SKQK9OerYi7tYIIgoG@da944","font_signday_5","6883SKQK9OerYi7tYIIgoG@122a5","font_signday_6","6883SKQK9OerYi7tYIIgoG@3da2e","font_signday_7","6883SKQK9OerYi7tYIIgoG@32e4f","font_speed","6883SKQK9OerYi7tYIIgoG@da513","font_sure","6883SKQK9OerYi7tYIIgoG@171f5","font_symbol_green","6883SKQK9OerYi7tYIIgoG@01b9b","font_symbol_yellen","6883SKQK9OerYi7tYIIgoG@296ab","font_unlock","6883SKQK9OerYi7tYIIgoG@76b9c","font_up","6883SKQK9OerYi7tYIIgoG@488e0","font_uugrade_1","6883SKQK9OerYi7tYIIgoG@a77ab","font_uugrade_2","6883SKQK9OerYi7tYIIgoG@42ba7","fontg","6883SKQK9OerYi7tYIIgoG@fefe0","fontk","6883SKQK9OerYi7tYIIgoG@c7616","fontm","6883SKQK9OerYi7tYIIgoG@a97fc","fontx","6883SKQK9OerYi7tYIIgoG@4cac3","frame_dinosaur_name","6883SKQK9OerYi7tYIIgoG@c117c","frame_green","6883SKQK9OerYi7tYIIgoG@69541","frame_grey","6883SKQK9OerYi7tYIIgoG@e3efb","frame_home_1","6883SKQK9OerYi7tYIIgoG@3280f","frame_home_2","6883SKQK9OerYi7tYIIgoG@db80b","frame_home_3","6883SKQK9OerYi7tYIIgoG@dda7d","frame_home_speed","6883SKQK9OerYi7tYIIgoG@6ccc2","frame_pink","6883SKQK9OerYi7tYIIgoG@e418b","frame_pop_blue","6883SKQK9OerYi7tYIIgoG@bc6f2","frame_pop_green","6883SKQK9OerYi7tYIIgoG@298b4","frame_pop_red","6883SKQK9OerYi7tYIIgoG@6eb02","frame_pop_upgrade_1","6883SKQK9OerYi7tYIIgoG@85fd9","frame_sign_press","6883SKQK9OerYi7tYIIgoG@b4b25","frame_sign_press_line","6883SKQK9OerYi7tYIIgoG@3451c","frame_time","6883SKQK9OerYi7tYIIgoG@6a263","getchipsdino","6883SKQK9OerYi7tYIIgoG@1f016","huode","6883SKQK9OerYi7tYIIgoG@46ded","ic_bulie","6883SKQK9OerYi7tYIIgoG@a9aa3","ic_closure","6883SKQK9OerYi7tYIIgoG@7d2a0","ic_emoji_nanguo","6883SKQK9OerYi7tYIIgoG@b3a3d","ic_emoji_shengqi","6883SKQK9OerYi7tYIIgoG@0bb9d","ic_emoji_weixiao","6883SKQK9OerYi7tYIIgoG@01428","ic_emoji_zan","6883SKQK9OerYi7tYIIgoG@95ca8","ic_game_capital","6883SKQK9OerYi7tYIIgoG@0d3f2","ic_game_come","6883SKQK9OerYi7tYIIgoG@d36dd","ic_home_knapsack","6883SKQK9OerYi7tYIIgoG@9207a","ic_home_money","6883SKQK9OerYi7tYIIgoG@90d5a","ic_home_set","6883SKQK9OerYi7tYIIgoG@37018","ic_home_sign","6883SKQK9OerYi7tYIIgoG@07e10","ic_home_tisk","6883SKQK9OerYi7tYIIgoG@102a2","ic_location","6883SKQK9OerYi7tYIIgoG@1ce89","ic_money _5","6883SKQK9OerYi7tYIIgoG@82b3a","ic_money","6883SKQK9OerYi7tYIIgoG@f53e8","ic_tisk_tips","6883SKQK9OerYi7tYIIgoG@41e6e","ic_video","6883SKQK9OerYi7tYIIgoG@4837d","ic_yuangong","6883SKQK9OerYi7tYIIgoG@6c5aa","img_add_customer","6883SKQK9OerYi7tYIIgoG@cbb12","img_bubble","6883SKQK9OerYi7tYIIgoG@5632e","img_buis_frame","6883SKQK9OerYi7tYIIgoG@f8732","img_dinosure_auxiliary","6883SKQK9OerYi7tYIIgoG@5ed6c","img_dragon_1","6883SKQK9OerYi7tYIIgoG@a770b","img_dragon_2","6883SKQK9OerYi7tYIIgoG@0db69","img_finger","6883SKQK9OerYi7tYIIgoG@f27e6","img_game_map","6883SKQK9OerYi7tYIIgoG@3752b","img_game_unlock","6883SKQK9OerYi7tYIIgoG@ec245","img_home_frame","6883SKQK9OerYi7tYIIgoG@67346","img_home_frame_egg","6883SKQK9OerYi7tYIIgoG@b403c","img_home_guide","6883SKQK9OerYi7tYIIgoG@fa98c","img_home_level","6883SKQK9OerYi7tYIIgoG@a2744","img_min_frame","6883SKQK9OerYi7tYIIgoG@7383d","img_money","6883SKQK9OerYi7tYIIgoG@13cd3","img_money_bg","6883SKQK9OerYi7tYIIgoG@34555","img_money_icon","6883SKQK9OerYi7tYIIgoG@76997","img_money_number","6883SKQK9OerYi7tYIIgoG@02de4","img_money_reward","6883SKQK9OerYi7tYIIgoG@dee78","img_pop_costomer","6883SKQK9OerYi7tYIIgoG@375ce","img_pop_insane","6883SKQK9OerYi7tYIIgoG@2a573","img_pop_money","6883SKQK9OerYi7tYIIgoG@790fe","img_set_off","6883SKQK9OerYi7tYIIgoG@e1313","img_set_open","6883SKQK9OerYi7tYIIgoG@c7ff1","img_shop_2","6883SKQK9OerYi7tYIIgoG@99bf7","img_signed","6883SKQK9OerYi7tYIIgoG@9dfb6","img_sop_1","6883SKQK9OerYi7tYIIgoG@1f144","img_stars","6883SKQK9OerYi7tYIIgoG@b4fa0","img_upgrade_knapsack","6883SKQK9OerYi7tYIIgoG@ea7cb","img_upgrade_speed","6883SKQK9OerYi7tYIIgoG@fc964","img_upgrade_suction","6883SKQK9OerYi7tYIIgoG@7b928","sign_money_1","6883SKQK9OerYi7tYIIgoG@7972a","sign_money_3","6883SKQK9OerYi7tYIIgoG@3af99","sign_money_4","6883SKQK9OerYi7tYIIgoG@1b72c","sign_money_5","6883SKQK9OerYi7tYIIgoG@09d6a","sign_money_6","6883SKQK9OerYi7tYIIgoG@580e5","sign_money_7","6883SKQK9OerYi7tYIIgoG@26638","task_btn_receive","6883SKQK9OerYi7tYIIgoG@0846f","task_btn_receive_nor","6883SKQK9OerYi7tYIIgoG@c79f0","task_dinosaur_icon","6883SKQK9OerYi7tYIIgoG@39524","task_font_complete","6883SKQK9OerYi7tYIIgoG@1c451","task_process","6883SKQK9OerYi7tYIIgoG@e6031","task_text_received","6883SKQK9OerYi7tYIIgoG@6ba5a","task_title","6883SKQK9OerYi7tYIIgoG@5a566","text_hunter","6883SKQK9OerYi7tYIIgoG@6fbf1"]}],[11],0,[],[],[]],[[{"name":"font_cashier","rect":{"x":1225,"y":30,"width":102,"height":33},"offset":{"x":0,"y":0},"originalSize":{"width":102,"height":33},"rotated":false,"capInsets":[0,0,0,0],"vertices":{"rawPosition":[],"indexes":[],"uv":[],"nuv":[],"minPos":{"x":0,"y":0,"z":0},"maxPos":{"x":0,"y":0,"z":0}},"packable":true,"pixelsToUnit":100,"pivot":{"x":0.5,"y":0.5},"meshType":0}],[0],0,[0],[0],[0]],[[{"name":"ic_emoji_weixiao","rect":{"x":0,"y":153,"width":48,"height":48},"offset":{"x":0,"y":0},"originalSize":{"width":48,"height":48},"rotated":false,"capInsets":[0,0,0,0],"vertices":{"rawPosition":[],"indexes":[],"uv":[],"nuv":[],"minPos":{"x":0,"y":0,"z":0},"maxPos":{"x":0,"y":0,"z":0}},"packable":true,"pixelsToUnit":100,"pivot":{"x":0.5,"y":0.5},"meshType":0}],[0],0,[0],[0],[0]],[[{"name":"font_symbol_green","rect":{"x":1176,"y":223,"width":52,"height":78},"offset":{"x":0,"y":0},"originalSize":{"width":52,"height":78},"rotated":false,"capInsets":[0,0,0,0],"vertices":{"rawPosition":[],"indexes":[],"uv":[],"nuv":[],"minPos":{"x":0,"y":0,"z":0},"maxPos":{"x":0,"y":0,"z":0}},"packable":true,"pixelsToUnit":100,"pivot":{"x":0.5,"y":0.5},"meshType":0}],[0],0,[0],[0],[0]],[[{"name":"img_money_number","rect":{"x":0,"y":0,"width":23,"height":19},"offset":{"x":0,"y":0},"originalSize":{"width":23,"height":19},"rotated":false,"capInsets":[0,0,0,0],"vertices":{"rawPosition":[],"indexes":[],"uv":[],"nuv":[],"minPos":{"x":0,"y":0,"z":0},"maxPos":{"x":0,"y":0,"z":0}},"packable":true,"pixelsToUnit":100,"pivot":{"x":0.5,"y":0.5},"meshType":0}],[0],0,[0],[0],[0]],[[{"name":"font_shop","rect":{"x":873,"y":105,"width":205,"height":45},"offset":{"x":0,"y":0},"originalSize":{"width":205,"height":45},"rotated":false,"capInsets":[0,0,0,0],"vertices":{"rawPosition":[],"indexes":[],"uv":[],"nuv":[],"minPos":{"x":0,"y":0,"z":0},"maxPos":{"x":0,"y":0,"z":0}},"packable":true,"pixelsToUnit":100,"pivot":{"x":0.5,"y":0.5},"meshType":0}],[0],0,[0],[0],[0]],[[{"name":"ic_home_sign","rect":{"x":595,"y":520,"width":108,"height":112},"offset":{"x":0,"y":0},"originalSize":{"width":108,"height":112},"rotated":false,"capInsets":[0,0,0,0],"vertices":{"rawPosition":[],"indexes":[],"uv":[],"nuv":[],"minPos":{"x":0,"y":0,"z":0},"maxPos":{"x":0,"y":0,"z":0}},"packable":true,"pixelsToUnit":100,"pivot":{"x":0.5,"y":0.5},"meshType":0}],[0],0,[0],[0],[0]],[[{"name":"task_btn_receive","rect":{"x":704,"y":223,"width":116,"height":70},"offset":{"x":0,"y":0},"originalSize":{"width":116,"height":70},"rotated":false,"capInsets":[0,0,0,0],"vertices":{"rawPosition":[],"indexes":[],"uv":[],"nuv":[],"minPos":{"x":0,"y":0,"z":0},"maxPos":{"x":0,"y":0,"z":0}},"packable":true,"pixelsToUnit":100,"pivot":{"x":0.5,"y":0.5},"meshType":0}],[0],0,[0],[0],[0]],[[{"name":"sign_money_5","rect":{"x":1101,"y":412,"width":131,"height":99},"offset":{"x":0,"y":0},"originalSize":{"width":131,"height":99},"rotated":false,"capInsets":[0,0,0,0],"vertices":{"rawPosition":[],"indexes":[],"uv":[],"nuv":[],"minPos":{"x":0,"y":0,"z":0},"maxPos":{"x":0,"y":0,"z":0}},"packable":true,"pixelsToUnit":100,"pivot":{"x":0.5,"y":0.5},"meshType":0}],[0],0,[0],[0],[0]],[[{"name":"ic_emoji_shengqi","rect":{"x":1895,"y":105,"width":48,"height":48},"offset":{"x":0,"y":0},"originalSize":{"width":48,"height":48},"rotated":false,"capInsets":[0,0,0,0],"vertices":{"rawPosition":[],"indexes":[],"uv":[],"nuv":[],"minPos":{"x":0,"y":0,"z":0},"maxPos":{"x":0,"y":0,"z":0}},"packable":true,"pixelsToUnit":100,"pivot":{"x":0.5,"y":0.5},"meshType":0}],[0],0,[0],[0],[0]],[[{"name":"font_get","rect":{"x":0,"y":105,"width":92,"height":42},"offset":{"x":0,"y":0},"originalSize":{"width":92,"height":42},"rotated":false,"capInsets":[0,0,0,0],"vertices":{"rawPosition":[],"indexes":[],"uv":[],"nuv":[],"minPos":{"x":0,"y":0,"z":0},"maxPos":{"x":0,"y":0,"z":0}},"packable":true,"pixelsToUnit":100,"pivot":{"x":0.5,"y":0.5},"meshType":0}],[0],0,[0],[0],[0]],[[{"name":"ic_game_capital","rect":{"x":703,"y":520,"width":114,"height":113},"offset":{"x":0,"y":0},"originalSize":{"width":114,"height":113},"rotated":false,"capInsets":[0,0,0,0],"vertices":{"rawPosition":[],"indexes":[],"uv":[],"nuv":[],"minPos":{"x":0,"y":0,"z":0},"maxPos":{"x":0,"y":0,"z":0}},"packable":true,"pixelsToUnit":100,"pivot":{"x":0.5,"y":0.5},"meshType":0}],[0],0,[0],[0],[0]],[[{"name":"img_dragon_2","rect":{"x":1431,"y":30,"width":55,"height":33},"offset":{"x":0,"y":0},"originalSize":{"width":55,"height":33},"rotated":false,"capInsets":[0,0,0,0],"vertices":{"rawPosition":[],"indexes":[],"uv":[],"nuv":[],"minPos":{"x":0,"y":0,"z":0},"maxPos":{"x":0,"y":0,"z":0}},"packable":true,"pixelsToUnit":100,"pivot":{"x":0.5,"y":0.5},"meshType":0}],[0],0,[0],[0],[0]],[[{"name":"font_shou","rect":{"x":596,"y":30,"width":171,"height":31},"offset":{"x":0,"y":0},"originalSize":{"width":171,"height":31},"rotated":false,"capInsets":[0,0,0,0],"vertices":{"rawPosition":[],"indexes":[],"uv":[],"nuv":[],"minPos":{"x":0,"y":0,"z":0},"maxPos":{"x":0,"y":0,"z":0}},"packable":true,"pixelsToUnit":100,"pivot":{"x":0.5,"y":0.5},"meshType":0}],[0],0,[0],[0],[0]],[[{"name":"ic_home_tisk","rect":{"x":0,"y":520,"width":108,"height":109},"offset":{"x":0,"y":0},"originalSize":{"width":108,"height":109},"rotated":false,"capInsets":[0,0,0,0],"vertices":{"rawPosition":[],"indexes":[],"uv":[],"nuv":[],"minPos":{"x":0,"y":0,"z":0},"maxPos":{"x":0,"y":0,"z":0}},"packable":true,"pixelsToUnit":100,"pivot":{"x":0.5,"y":0.5},"meshType":0}],[0],0,[0],[0],[0]],[[{"name":"font_signday_5","rect":{"x":927,"y":0,"width":80,"height":26},"offset":{"x":0,"y":0},"originalSize":{"width":80,"height":26},"rotated":false,"capInsets":[0,0,0,0],"vertices":{"rawPosition":[],"indexes":[],"uv":[],"nuv":[],"minPos":{"x":0,"y":0,"z":0},"maxPos":{"x":0,"y":0,"z":0}},"packable":true,"pixelsToUnit":100,"pivot":{"x":0.5,"y":0.5},"meshType":0}],[0],0,[0],[0],[0]],[[{"name":"img_money","rect":{"x":347,"y":153,"width":57,"height":51},"offset":{"x":0,"y":0},"originalSize":{"width":57,"height":51},"rotated":false,"capInsets":[0,0,0,0],"vertices":{"rawPosition":[],"indexes":[],"uv":[],"nuv":[],"minPos":{"x":0,"y":0,"z":0},"maxPos":{"x":0,"y":0,"z":0}},"packable":true,"pixelsToUnit":100,"pivot":{"x":0.5,"y":0.5},"meshType":0}],[0],0,[0],[0],[0]],[[{"name":"font_pop_insane","rect":{"x":792,"y":412,"width":309,"height":99},"offset":{"x":0,"y":0},"originalSize":{"width":309,"height":99},"rotated":false,"capInsets":[0,0,0,0],"vertices":{"rawPosition":[],"indexes":[],"uv":[],"nuv":[],"minPos":{"x":0,"y":0,"z":0},"maxPos":{"x":0,"y":0,"z":0}},"packable":true,"pixelsToUnit":100,"pivot":{"x":0.5,"y":0.5},"meshType":0}],[0],0,[0],[0],[0]],[[{"name":"font_sure","rect":{"x":534,"y":105,"width":195,"height":44},"offset":{"x":0,"y":0},"originalSize":{"width":195,"height":44},"rotated":false,"capInsets":[0,0,0,0],"vertices":{"rawPosition":[],"indexes":[],"uv":[],"nuv":[],"minPos":{"x":0,"y":0,"z":0},"maxPos":{"x":0,"y":0,"z":0}},"packable":true,"pixelsToUnit":100,"pivot":{"x":0.5,"y":0.5},"meshType":0}],[0],0,[0],[0],[0]],[[{"name":"font_not","rect":{"x":1476,"y":63,"width":137,"height":40},"offset":{"x":0,"y":0},"originalSize":{"width":137,"height":40},"rotated":false,"capInsets":[0,0,0,0],"vertices":{"rawPosition":[],"indexes":[],"uv":[],"nuv":[],"minPos":{"x":0,"y":0,"z":0},"maxPos":{"x":0,"y":0,"z":0}},"packable":true,"pixelsToUnit":100,"pivot":{"x":0.5,"y":0.5},"meshType":0}],[0],0,[0],[0],[0]],[[{"name":"sign_money_4","rect":{"x":1734,"y":223,"width":127,"height":88},"offset":{"x":0,"y":0},"originalSize":{"width":127,"height":88},"rotated":false,"capInsets":[0,0,0,0],"vertices":{"rawPosition":[],"indexes":[],"uv":[],"nuv":[],"minPos":{"x":0,"y":0,"z":0},"maxPos":{"x":0,"y":0,"z":0}},"packable":true,"pixelsToUnit":100,"pivot":{"x":0.5,"y":0.5},"meshType":0}],[0],0,[0],[0],[0]],[[{"name":"task_font_complete","rect":{"x":92,"y":105,"width":162,"height":42},"offset":{"x":0,"y":0},"originalSize":{"width":162,"height":42},"rotated":false,"capInsets":[0,0,0,0],"vertices":{"rawPosition":[],"indexes":[],"uv":[],"nuv":[],"minPos":{"x":0,"y":0,"z":0},"maxPos":{"x":0,"y":0,"z":0}},"packable":true,"pixelsToUnit":100,"pivot":{"x":0.5,"y":0.5},"meshType":0}],[0],0,[0],[0],[0]],[[{"name":"ic_location","rect":{"x":833,"y":153,"width":47,"height":53},"offset":{"x":0,"y":0},"originalSize":{"width":47,"height":53},"rotated":false,"capInsets":[0,0,0,0],"vertices":{"rawPosition":[],"indexes":[],"uv":[],"nuv":[],"minPos":{"x":0,"y":0,"z":0},"maxPos":{"x":0,"y":0,"z":0}},"packable":true,"pixelsToUnit":100,"pivot":{"x":0.5,"y":0.5},"meshType":0}],[0],0,[0],[0],[0]],[[{"name":"getchipsdino","rect":{"x":1414,"y":640,"width":479,"height":122},"offset":{"x":0,"y":0},"originalSize":{"width":479,"height":122},"rotated":false,"capInsets":[0,0,0,0],"vertices":{"rawPosition":[],"indexes":[],"uv":[],"nuv":[],"minPos":{"x":0,"y":0,"z":0},"maxPos":{"x":0,"y":0,"z":0}},"packable":true,"pixelsToUnit":100,"pivot":{"x":0.5,"y":0.5},"meshType":0}],[0],0,[0],[0],[0]],[[{"name":"img_sop_1","rect":{"x":1850,"y":412,"width":132,"height":108},"offset":{"x":0,"y":0},"originalSize":{"width":132,"height":108},"rotated":false,"capInsets":[0,0,0,0],"vertices":{"rawPosition":[],"indexes":[],"uv":[],"nuv":[],"minPos":{"x":0,"y":0,"z":0},"maxPos":{"x":0,"y":0,"z":0}},"packable":true,"pixelsToUnit":100,"pivot":{"x":0.5,"y":0.5},"meshType":0}],[0],0,[0],[0],[0]],[[{"name":"+","rect":{"x":1894,"y":63,"width":41,"height":42},"offset":{"x":0,"y":0},"originalSize":{"width":41,"height":42},"rotated":false,"capInsets":[0,0,0,0],"vertices":{"rawPosition":[],"indexes":[],"uv":[],"nuv":[],"minPos":{"x":0,"y":0,"z":0},"maxPos":{"x":0,"y":0,"z":0}},"packable":true,"pixelsToUnit":100,"pivot":{"x":0.5,"y":0.5},"meshType":0}],[0],0,[0],[0],[0]],[[{"name":"sign_money_7","rect":{"x":108,"y":520,"width":203,"height":110},"offset":{"x":0,"y":0},"originalSize":{"width":203,"height":110},"rotated":false,"capInsets":[0,0,0,0],"vertices":{"rawPosition":[],"indexes":[],"uv":[],"nuv":[],"minPos":{"x":0,"y":0,"z":0},"maxPos":{"x":0,"y":0,"z":0}},"packable":true,"pixelsToUnit":100,"pivot":{"x":0.5,"y":0.5},"meshType":0}],[0],0,[0],[0],[0]],[[{"name":"font_add_eggdisk","rect":{"x":1125,"y":105,"width":204,"height":46},"offset":{"x":0,"y":0},"originalSize":{"width":204,"height":46},"rotated":false,"capInsets":[0,0,0,0],"vertices":{"rawPosition":[],"indexes":[],"uv":[],"nuv":[],"minPos":{"x":0,"y":0,"z":0},"maxPos":{"x":0,"y":0,"z":0}},"packable":true,"pixelsToUnit":100,"pivot":{"x":0.5,"y":0.5},"meshType":0}],[0],0,[0],[0],[0]],[[{"name":"font_symbol_yellen","rect":{"x":1228,"y":223,"width":52,"height":78},"offset":{"x":0,"y":0},"originalSize":{"width":52,"height":78},"rotated":false,"capInsets":[0,0,0,0],"vertices":{"rawPosition":[],"indexes":[],"uv":[],"nuv":[],"minPos":{"x":0,"y":0,"z":0},"maxPos":{"x":0,"y":0,"z":0}},"packable":true,"pixelsToUnit":100,"pivot":{"x":0.5,"y":0.5},"meshType":0}],[0],0,[0],[0],[0]],[[{"name":"frame_pop_green","rect":{"x":90,"y":315,"width":576,"height":96},"offset":{"x":0,"y":0},"originalSize":{"width":576,"height":96},"rotated":false,"capInsets":[0,0,0,0],"vertices":{"rawPosition":[],"indexes":[],"uv":[],"nuv":[],"minPos":{"x":0,"y":0,"z":0},"maxPos":{"x":0,"y":0,"z":0}},"packable":true,"pixelsToUnit":100,"pivot":{"x":0.5,"y":0.5},"meshType":0}],[0],0,[0],[0],[0]],[[{"name":"img_pop_insane","rect":{"x":1156,"y":1098,"width":321,"height":319},"offset":{"x":0,"y":0},"originalSize":{"width":321,"height":319},"rotated":false,"capInsets":[0,0,0,0],"vertices":{"rawPosition":[],"indexes":[],"uv":[],"nuv":[],"minPos":{"x":0,"y":0,"z":0},"maxPos":{"x":0,"y":0,"z":0}},"packable":true,"pixelsToUnit":100,"pivot":{"x":0.5,"y":0.5},"meshType":0}],[0],0,[0],[0],[0]],[[{"name":"btn_pink_unlock","rect":{"x":931,"y":520,"width":299,"height":119},"offset":{"x":0,"y":0},"originalSize":{"width":299,"height":119},"rotated":false,"capInsets":[0,0,0,0],"vertices":{"rawPosition":[],"indexes":[],"uv":[],"nuv":[],"minPos":{"x":0,"y":0,"z":0},"maxPos":{"x":0,"y":0,"z":0}},"packable":true,"pixelsToUnit":100,"pivot":{"x":0.5,"y":0.5},"meshType":0}],[0],0,[0],[0],[0]],[[{"name":"frame_home_1","rect":{"x":945,"y":153,"width":193,"height":61},"offset":{"x":0,"y":0},"originalSize":{"width":193,"height":61},"rotated":false,"capInsets":[0,0,0,0],"vertices":{"rawPosition":[],"indexes":[],"uv":[],"nuv":[],"minPos":{"x":0,"y":0,"z":0},"maxPos":{"x":0,"y":0,"z":0}},"packable":true,"pixelsToUnit":100,"pivot":{"x":0.5,"y":0.5},"meshType":0}],[0],0,[0],[0],[0]],[[{"name":"font_signday_7","rect":{"x":1007,"y":0,"width":80,"height":26},"offset":{"x":0,"y":0},"originalSize":{"width":80,"height":26},"rotated":false,"capInsets":[0,0,0,0],"vertices":{"rawPosition":[],"indexes":[],"uv":[],"nuv":[],"minPos":{"x":0,"y":0,"z":0},"maxPos":{"x":0,"y":0,"z":0}},"packable":true,"pixelsToUnit":100,"pivot":{"x":0.5,"y":0.5},"meshType":0}],[0],0,[0],[0],[0]],[[{"name":"frame_sign_press_line","rect":{"x":0,"y":1098,"width":204,"height":212},"offset":{"x":0,"y":0},"originalSize":{"width":204,"height":212},"rotated":false,"capInsets":[81,92,85,95],"vertices":{"rawPosition":[],"indexes":[],"uv":[],"nuv":[],"minPos":{"x":0,"y":0,"z":0},"maxPos":{"x":0,"y":0,"z":0}},"packable":true,"pixelsToUnit":100,"pivot":{"x":0.5,"y":0.5},"meshType":0}],[0],0,[0],[0],[0]],[[{"name":"img_money_bg","rect":{"x":1612,"y":153,"width":199,"height":69},"offset":{"x":0,"y":0},"originalSize":{"width":199,"height":69},"rotated":false,"capInsets":[0,0,0,0],"vertices":{"rawPosition":[],"indexes":[],"uv":[],"nuv":[],"minPos":{"x":0,"y":0,"z":0},"maxPos":{"x":0,"y":0,"z":0}},"packable":true,"pixelsToUnit":100,"pivot":{"x":0.5,"y":0.5},"meshType":0}],[0],0,[0],[0],[0]],[[{"name":"font_get_tips","rect":{"x":724,"y":63,"width":488,"height":34},"offset":{"x":0,"y":0},"originalSize":{"width":488,"height":34},"rotated":false,"capInsets":[0,0,0,0],"vertices":{"rawPosition":[],"indexes":[],"uv":[],"nuv":[],"minPos":{"x":0,"y":0,"z":0},"maxPos":{"x":0,"y":0,"z":0}},"packable":true,"pixelsToUnit":100,"pivot":{"x":0.5,"y":0.5},"meshType":0}],[0],0,[0],[0],[0]],[[{"name":"ic_home_set","rect":{"x":1138,"y":153,"width":64,"height":64},"offset":{"x":0,"y":0},"originalSize":{"width":64,"height":64},"rotated":false,"capInsets":[0,0,0,0],"vertices":{"rawPosition":[],"indexes":[],"uv":[],"nuv":[],"minPos":{"x":0,"y":0,"z":0},"maxPos":{"x":0,"y":0,"z":0}},"packable":true,"pixelsToUnit":100,"pivot":{"x":0.5,"y":0.5},"meshType":0}],[0],0,[0],[0],[0]],[[{"name":"img_game_map","rect":{"x":1381,"y":412,"width":106,"height":102},"offset":{"x":0,"y":0},"originalSize":{"width":106,"height":102},"rotated":false,"capInsets":[0,0,0,0],"vertices":{"rawPosition":[],"indexes":[],"uv":[],"nuv":[],"minPos":{"x":0,"y":0,"z":0},"maxPos":{"x":0,"y":0,"z":0}},"packable":true,"pixelsToUnit":100,"pivot":{"x":0.5,"y":0.5},"meshType":0}],[0],0,[0],[0],[0]],[[{"name":"img_pop_costomer","rect":{"x":460,"y":1098,"width":370,"height":274},"offset":{"x":0,"y":0},"originalSize":{"width":370,"height":274},"rotated":false,"capInsets":[0,0,0,0],"vertices":{"rawPosition":[],"indexes":[],"uv":[],"nuv":[],"minPos":{"x":0,"y":0,"z":0},"maxPos":{"x":0,"y":0,"z":0}},"packable":true,"pixelsToUnit":100,"pivot":{"x":0.5,"y":0.5},"meshType":0}],[0],0,[0],[0],[0]],[[{"name":"task_dinosaur_icon","rect":{"x":1400,"y":900,"width":256,"height":194},"offset":{"x":0,"y":0},"originalSize":{"width":256,"height":194},"rotated":false,"capInsets":[0,0,0,0],"vertices":{"rawPosition":[],"indexes":[],"uv":[],"nuv":[],"minPos":{"x":0,"y":0,"z":0},"maxPos":{"x":0,"y":0,"z":0}},"packable":true,"pixelsToUnit":100,"pivot":{"x":0.5,"y":0.5},"meshType":0}],[0],0,[0],[0],[0]],[[{"name":"sign_money_3","rect":{"x":1280,"y":223,"width":82,"height":79},"offset":{"x":0,"y":0},"originalSize":{"width":82,"height":79},"rotated":false,"capInsets":[0,0,0,0],"vertices":{"rawPosition":[],"indexes":[],"uv":[],"nuv":[],"minPos":{"x":0,"y":0,"z":0},"maxPos":{"x":0,"y":0,"z":0}},"packable":true,"pixelsToUnit":100,"pivot":{"x":0.5,"y":0.5},"meshType":0}],[0],0,[0],[0],[0]],[[{"name":"btn_pink","rect":{"x":1186,"y":640,"width":228,"height":122},"offset":{"x":0,"y":0},"originalSize":{"width":228,"height":122},"rotated":false,"capInsets":[0,0,0,0],"vertices":{"rawPosition":[],"indexes":[],"uv":[],"nuv":[],"minPos":{"x":0,"y":0,"z":0},"maxPos":{"x":0,"y":0,"z":0}},"packable":true,"pixelsToUnit":100,"pivot":{"x":0.5,"y":0.5},"meshType":0}],[0],0,[0],[0],[0]],[[{"name":"font_signday_6","rect":{"x":1130,"y":0,"width":82,"height":28},"offset":{"x":0,"y":0},"originalSize":{"width":82,"height":28},"rotated":false,"capInsets":[0,0,0,0],"vertices":{"rawPosition":[],"indexes":[],"uv":[],"nuv":[],"minPos":{"x":0,"y":0,"z":0},"maxPos":{"x":0,"y":0,"z":0}},"packable":true,"pixelsToUnit":100,"pivot":{"x":0.5,"y":0.5},"meshType":0}],[0],0,[0],[0],[0]],[[{"name":"ic_tisk_tips","rect":{"x":1087,"y":0,"width":27,"height":27},"offset":{"x":0,"y":0},"originalSize":{"width":27,"height":27},"rotated":false,"capInsets":[0,0,0,0],"vertices":{"rawPosition":[],"indexes":[],"uv":[],"nuv":[],"minPos":{"x":0,"y":0,"z":0},"maxPos":{"x":0,"y":0,"z":0}},"packable":true,"pixelsToUnit":100,"pivot":{"x":0.5,"y":0.5},"meshType":0}],[0],0,[0],[0],[0]],[[{"name":"font_uugrade_2","rect":{"x":1078,"y":105,"width":47,"height":45},"offset":{"x":0,"y":0},"originalSize":{"width":47,"height":45},"rotated":false,"capInsets":[0,0,0,0],"vertices":{"rawPosition":[],"indexes":[],"uv":[],"nuv":[],"minPos":{"x":0,"y":0,"z":0},"maxPos":{"x":0,"y":0,"z":0}},"packable":true,"pixelsToUnit":100,"pivot":{"x":0.5,"y":0.5},"meshType":0}],[0],0,[0],[0],[0]],[[{"name":"huode","rect":{"x":1324,"y":63,"width":75,"height":36},"offset":{"x":0,"y":0},"originalSize":{"width":75,"height":36},"rotated":false,"capInsets":[0,0,0,0],"vertices":{"rawPosition":[],"indexes":[],"uv":[],"nuv":[],"minPos":{"x":0,"y":0,"z":0},"maxPos":{"x":0,"y":0,"z":0}},"packable":true,"pixelsToUnit":100,"pivot":{"x":0.5,"y":0.5},"meshType":0}],[0],0,[0],[0],[0]],[[{"name":"ic_video","rect":{"x":1694,"y":105,"width":54,"height":46},"offset":{"x":0,"y":0},"originalSize":{"width":54,"height":46},"rotated":false,"capInsets":[0,0,0,0],"vertices":{"rawPosition":[],"indexes":[],"uv":[],"nuv":[],"minPos":{"x":0,"y":0,"z":0},"maxPos":{"x":0,"y":0,"z":0}},"packable":true,"pixelsToUnit":100,"pivot":{"x":0.5,"y":0.5},"meshType":0}],[0],0,[0],[0],[0]],[[{"name":"font_up","rect":{"x":1212,"y":0,"width":62,"height":29},"offset":{"x":0,"y":0},"originalSize":{"width":62,"height":29},"rotated":false,"capInsets":[0,0,0,0],"vertices":{"rawPosition":[],"indexes":[],"uv":[],"nuv":[],"minPos":{"x":0,"y":0,"z":0},"maxPos":{"x":0,"y":0,"z":0}},"packable":true,"pixelsToUnit":100,"pivot":{"x":0.5,"y":0.5},"meshType":0}],[0],0,[0],[0],[0]],[[{"name":"btn_green","rect":{"x":958,"y":640,"width":228,"height":122},"offset":{"x":0,"y":0},"originalSize":{"width":228,"height":122},"rotated":false,"capInsets":[0,0,0,0],"vertices":{"rawPosition":[],"indexes":[],"uv":[],"nuv":[],"minPos":{"x":0,"y":0,"z":0},"maxPos":{"x":0,"y":0,"z":0}},"packable":true,"pixelsToUnit":100,"pivot":{"x":0.5,"y":0.5},"meshType":0}],[0],0,[0],[0],[0]],[[{"name":"fontx","rect":{"x":782,"y":153,"width":51,"height":53},"offset":{"x":0,"y":0},"originalSize":{"width":51,"height":53},"rotated":false,"capInsets":[0,0,0,0],"vertices":{"rawPosition":[],"indexes":[],"uv":[],"nuv":[],"minPos":{"x":0,"y":0,"z":0},"maxPos":{"x":0,"y":0,"z":0}},"packable":true,"pixelsToUnit":100,"pivot":{"x":0.5,"y":0.5},"meshType":0}],[0],0,[0],[0],[0]],[[{"name":"btn_orange_3","rect":{"x":0,"y":223,"width":176,"height":70},"offset":{"x":0,"y":0},"originalSize":{"width":176,"height":70},"rotated":false,"capInsets":[0,0,0,0],"vertices":{"rawPosition":[],"indexes":[],"uv":[],"nuv":[],"minPos":{"x":0,"y":0,"z":0},"maxPos":{"x":0,"y":0,"z":0}},"packable":true,"pixelsToUnit":100,"pivot":{"x":0.5,"y":0.5},"meshType":0}],[0],0,[0],[0],[0]],[[{"name":"img_bubble","rect":{"x":1202,"y":153,"width":95,"height":64},"offset":{"x":0,"y":0},"originalSize":{"width":95,"height":64},"rotated":false,"capInsets":[0,0,0,0],"vertices":{"rawPosition":[],"indexes":[],"uv":[],"nuv":[],"minPos":{"x":0,"y":0,"z":0},"maxPos":{"x":0,"y":0,"z":0}},"packable":true,"pixelsToUnit":100,"pivot":{"x":0.5,"y":0.5},"meshType":0}],[0],0,[0],[0],[0]],[[{"name":"sign_money_6","rect":{"x":1232,"y":412,"width":149,"height":99},"offset":{"x":0,"y":0},"originalSize":{"width":149,"height":99},"rotated":false,"capInsets":[0,0,0,0],"vertices":{"rawPosition":[],"indexes":[],"uv":[],"nuv":[],"minPos":{"x":0,"y":0,"z":0},"maxPos":{"x":0,"y":0,"z":0}},"packable":true,"pixelsToUnit":100,"pivot":{"x":0.5,"y":0.5},"meshType":0}],[0],0,[0],[0],[0]],[[{"name":"task_title","rect":{"x":0,"y":762,"width":479,"height":122},"offset":{"x":0,"y":0},"originalSize":{"width":479,"height":122},"rotated":false,"capInsets":[0,0,0,0],"vertices":{"rawPosition":[],"indexes":[],"uv":[],"nuv":[],"minPos":{"x":0,"y":0,"z":0},"maxPos":{"x":0,"y":0,"z":0}},"packable":true,"pixelsToUnit":100,"pivot":{"x":0.5,"y":0.5},"meshType":0}],[0],0,[0],[0],[0]],[[{"name":"font_refresh","rect":{"x":1248,"y":63,"width":76,"height":36},"offset":{"x":0,"y":0},"originalSize":{"width":76,"height":36},"rotated":false,"capInsets":[0,0,0,0],"vertices":{"rawPosition":[],"indexes":[],"uv":[],"nuv":[],"minPos":{"x":0,"y":0,"z":0},"maxPos":{"x":0,"y":0,"z":0}},"packable":true,"pixelsToUnit":100,"pivot":{"x":0.5,"y":0.5},"meshType":0}],[0],0,[0],[0],[0]],[[{"name":"img_dinosure_auxiliary","rect":{"x":1477,"y":1098,"width":353,"height":322},"offset":{"x":0,"y":0},"originalSize":{"width":353,"height":322},"rotated":false,"capInsets":[0,0,0,0],"vertices":{"rawPosition":[],"indexes":[],"uv":[],"nuv":[],"minPos":{"x":0,"y":0,"z":0},"maxPos":{"x":0,"y":0,"z":0}},"packable":true,"pixelsToUnit":100,"pivot":{"x":0.5,"y":0.5},"meshType":0}],[0],0,[0],[0],[0]],[[{"name":"bag_full","rect":{"x":1064,"y":223,"width":112,"height":72},"offset":{"x":0,"y":0},"originalSize":{"width":112,"height":72},"rotated":false,"capInsets":[0,0,0,0],"vertices":{"rawPosition":[],"indexes":[],"uv":[],"nuv":[],"minPos":{"x":0,"y":0,"z":0},"maxPos":{"x":0,"y":0,"z":0}},"packable":true,"pixelsToUnit":100,"pivot":{"x":0.5,"y":0.5},"meshType":0}],[0],0,[0],[0],[0]],[[{"name":"font_pop_costomer_run","rect":{"x":489,"y":412,"width":303,"height":99},"offset":{"x":0,"y":0},"originalSize":{"width":303,"height":99},"rotated":false,"capInsets":[0,0,0,0],"vertices":{"rawPosition":[],"indexes":[],"uv":[],"nuv":[],"minPos":{"x":0,"y":0,"z":0},"maxPos":{"x":0,"y":0,"z":0}},"packable":true,"pixelsToUnit":100,"pivot":{"x":0.5,"y":0.5},"meshType":0}],[0],0,[0],[0],[0]],[[{"name":"img_home_frame","rect":{"x":311,"y":520,"width":176,"height":111},"offset":{"x":0,"y":0},"originalSize":{"width":176,"height":111},"rotated":false,"capInsets":[0,0,0,0],"vertices":{"rawPosition":[],"indexes":[],"uv":[],"nuv":[],"minPos":{"x":0,"y":0,"z":0},"maxPos":{"x":0,"y":0,"z":0}},"packable":true,"pixelsToUnit":100,"pivot":{"x":0.5,"y":0.5},"meshType":0}],[0],0,[0],[0],[0]],[[{"name":"frame_green","rect":{"x":894,"y":762,"width":528,"height":138},"offset":{"x":0,"y":0},"originalSize":{"width":528,"height":138},"rotated":false,"capInsets":[223,52,229,51],"vertices":{"rawPosition":[],"indexes":[],"uv":[],"nuv":[],"minPos":{"x":0,"y":0,"z":0},"maxPos":{"x":0,"y":0,"z":0}},"packable":true,"pixelsToUnit":100,"pivot":{"x":0.5,"y":0.5},"meshType":0}],[0],0,[0],[0],[0]],[[{"name":"font_signday_2","rect":{"x":687,"y":0,"width":80,"height":26},"offset":{"x":0,"y":0},"originalSize":{"width":80,"height":26},"rotated":false,"capInsets":[0,0,0,0],"vertices":{"rawPosition":[],"indexes":[],"uv":[],"nuv":[],"minPos":{"x":0,"y":0,"z":0},"maxPos":{"x":0,"y":0,"z":0}},"packable":true,"pixelsToUnit":100,"pivot":{"x":0.5,"y":0.5},"meshType":0}],[0],0,[0],[0],[0]],[[{"name":"frame_time","rect":{"x":420,"y":0,"width":82,"height":25},"offset":{"x":0,"y":0},"originalSize":{"width":82,"height":25},"rotated":false,"capInsets":[0,0,0,0],"vertices":{"rawPosition":[],"indexes":[],"uv":[],"nuv":[],"minPos":{"x":0,"y":0,"z":0},"maxPos":{"x":0,"y":0,"z":0}},"packable":true,"pixelsToUnit":100,"pivot":{"x":0.5,"y":0.5},"meshType":0}],[0],0,[0],[0],[0]],[[{"name":"task_text_received","rect":{"x":1748,"y":105,"width":99,"height":47},"offset":{"x":0,"y":0},"originalSize":{"width":99,"height":47},"rotated":false,"capInsets":[0,0,0,0],"vertices":{"rawPosition":[],"indexes":[],"uv":[],"nuv":[],"minPos":{"x":0,"y":0,"z":0},"maxPos":{"x":0,"y":0,"z":0}},"packable":true,"pixelsToUnit":100,"pivot":{"x":0.5,"y":0.5},"meshType":0}],[0],0,[0],[0],[0]],[[{"name":"ic_yuangong","rect":{"x":528,"y":900,"width":139,"height":138},"offset":{"x":0,"y":0},"originalSize":{"width":139,"height":138},"rotated":false,"capInsets":[0,0,0,0],"vertices":{"rawPosition":[],"indexes":[],"uv":[],"nuv":[],"minPos":{"x":0,"y":0,"z":0},"maxPos":{"x":0,"y":0,"z":0}},"packable":true,"pixelsToUnit":100,"pivot":{"x":0.5,"y":0.5},"meshType":0}],[0],0,[0],[0],[0]],[[{"name":"frame_home_speed","rect":{"x":1084,"y":900,"width":154,"height":162},"offset":{"x":0,"y":0},"originalSize":{"width":154,"height":162},"rotated":false,"capInsets":[0,0,0,0],"vertices":{"rawPosition":[],"indexes":[],"uv":[],"nuv":[],"minPos":{"x":0,"y":0,"z":0},"maxPos":{"x":0,"y":0,"z":0}},"packable":true,"pixelsToUnit":100,"pivot":{"x":0.5,"y":0.5},"meshType":0}],[0],0,[0],[0],[0]],[[{"name":"frame_pop_red","rect":{"x":1204,"y":315,"width":586,"height":97},"offset":{"x":0,"y":0},"originalSize":{"width":586,"height":97},"rotated":false,"capInsets":[252,47,263,21],"vertices":{"rawPosition":[],"indexes":[],"uv":[],"nuv":[],"minPos":{"x":0,"y":0,"z":0},"maxPos":{"x":0,"y":0,"z":0}},"packable":true,"pixelsToUnit":100,"pivot":{"x":0.5,"y":0.5},"meshType":0}],[0],0,[0],[0],[0]],[[{"name":"banner_pop_free","rect":{"x":0,"y":640,"width":479,"height":122},"offset":{"x":0,"y":0},"originalSize":{"width":479,"height":122},"rotated":false,"capInsets":[0,0,0,0],"vertices":{"rawPosition":[],"indexes":[],"uv":[],"nuv":[],"minPos":{"x":0,"y":0,"z":0},"maxPos":{"x":0,"y":0,"z":0}},"packable":true,"pixelsToUnit":100,"pivot":{"x":0.5,"y":0.5},"meshType":0}],[0],0,[0],[0],[0]],[[{"name":"font_collect","rect":{"x":502,"y":0,"width":105,"height":26},"offset":{"x":0,"y":0},"originalSize":{"width":105,"height":26},"rotated":false,"capInsets":[0,0,0,0],"vertices":{"rawPosition":[],"indexes":[],"uv":[],"nuv":[],"minPos":{"x":0,"y":0,"z":0},"maxPos":{"x":0,"y":0,"z":0}},"packable":true,"pixelsToUnit":100,"pivot":{"x":0.5,"y":0.5},"meshType":0}],[0],0,[0],[0],[0]],[[{"name":"text_hunter","rect":{"x":1008,"y":30,"width":138,"height":31},"offset":{"x":0,"y":0},"originalSize":{"width":138,"height":31},"rotated":false,"capInsets":[0,0,0,0],"vertices":{"rawPosition":[],"indexes":[],"uv":[],"nuv":[],"minPos":{"x":0,"y":0,"z":0},"maxPos":{"x":0,"y":0,"z":0}},"packable":true,"pixelsToUnit":100,"pivot":{"x":0.5,"y":0.5},"meshType":0}],[0],0,[0],[0],[0]],[[{"name":"fly_money","rect":{"x":204,"y":1098,"width":256,"height":256},"offset":{"x":0,"y":0},"originalSize":{"width":256,"height":256},"rotated":false,"capInsets":[0,0,0,0],"vertices":{"rawPosition":[],"indexes":[],"uv":[],"nuv":[],"minPos":{"x":0,"y":0,"z":0},"maxPos":{"x":0,"y":0,"z":0}},"packable":true,"pixelsToUnit":100,"pivot":{"x":0.5,"y":0.5},"meshType":0}],[0],0,[0],[0],[0]],[[{"name":"img_min_frame","rect":{"x":1649,"y":223,"width":85,"height":84},"offset":{"x":0,"y":0},"originalSize":{"width":85,"height":84},"rotated":false,"capInsets":[0,0,0,0],"vertices":{"rawPosition":[],"indexes":[],"uv":[],"nuv":[],"minPos":{"x":0,"y":0,"z":0},"maxPos":{"x":0,"y":0,"z":0}},"packable":true,"pixelsToUnit":100,"pivot":{"x":0.5,"y":0.5},"meshType":0}],[0],0,[0],[0],[0]],[[{"name":"img_money_icon","rect":{"x":1469,"y":153,"width":65,"height":66},"offset":{"x":0,"y":0},"originalSize":{"width":65,"height":66},"rotated":false,"capInsets":[0,0,0,0],"vertices":{"rawPosition":[],"indexes":[],"uv":[],"nuv":[],"minPos":{"x":0,"y":0,"z":0},"maxPos":{"x":0,"y":0,"z":0}},"packable":true,"pixelsToUnit":100,"pivot":{"x":0.5,"y":0.5},"meshType":0}],[0],0,[0],[0],[0]],[[{"name":"font_unlock","rect":{"x":906,"y":30,"width":102,"height":31},"offset":{"x":0,"y":0},"originalSize":{"width":102,"height":31},"rotated":false,"capInsets":[0,0,0,0],"vertices":{"rawPosition":[],"indexes":[],"uv":[],"nuv":[],"minPos":{"x":0,"y":0,"z":0},"maxPos":{"x":0,"y":0,"z":0}},"packable":true,"pixelsToUnit":100,"pivot":{"x":0.5,"y":0.5},"meshType":0}],[0],0,[0],[0],[0]],[[{"name":"font_line","rect":{"x":1114,"y":0,"width":16,"height":28},"offset":{"x":0,"y":0},"originalSize":{"width":16,"height":28},"rotated":false,"capInsets":[0,0,0,0],"vertices":{"rawPosition":[],"indexes":[],"uv":[],"nuv":[],"minPos":{"x":0,"y":0,"z":0},"maxPos":{"x":0,"y":0,"z":0}},"packable":true,"pixelsToUnit":100,"pivot":{"x":0.5,"y":0.5},"meshType":0}],[0],0,[0],[0],[0]],[[{"name":"img_pop_money","rect":{"x":830,"y":1098,"width":326,"height":281},"offset":{"x":0,"y":0},"originalSize":{"width":326,"height":281},"rotated":false,"capInsets":[0,0,0,0],"vertices":{"rawPosition":[],"indexes":[],"uv":[],"nuv":[],"minPos":{"x":0,"y":0,"z":0},"maxPos":{"x":0,"y":0,"z":0}},"packable":true,"pixelsToUnit":100,"pivot":{"x":0.5,"y":0.5},"meshType":0}],[0],0,[0],[0],[0]],[[{"name":"sign_money_1","rect":{"x":1534,"y":153,"width":78,"height":66},"offset":{"x":0,"y":0},"originalSize":{"width":78,"height":66},"rotated":false,"capInsets":[0,0,0,0],"vertices":{"rawPosition":[],"indexes":[],"uv":[],"nuv":[],"minPos":{"x":0,"y":0,"z":0},"maxPos":{"x":0,"y":0,"z":0}},"packable":true,"pixelsToUnit":100,"pivot":{"x":0.5,"y":0.5},"meshType":0}],[0],0,[0],[0],[0]],[[{"name":"font_pop_sound","rect":{"x":1445,"y":105,"width":149,"height":46},"offset":{"x":0,"y":0},"originalSize":{"width":149,"height":46},"rotated":false,"capInsets":[0,0,0,0],"vertices":{"rawPosition":[],"indexes":[],"uv":[],"nuv":[],"minPos":{"x":0,"y":0,"z":0},"maxPos":{"x":0,"y":0,"z":0}},"packable":true,"pixelsToUnit":100,"pivot":{"x":0.5,"y":0.5},"meshType":0}],[0],0,[0],[0],[0]],[[{"name":"btn_green_unlock","rect":{"x":1230,"y":520,"width":299,"height":120},"offset":{"x":0,"y":0},"originalSize":{"width":299,"height":120},"rotated":false,"capInsets":[0,0,0,0],"vertices":{"rawPosition":[],"indexes":[],"uv":[],"nuv":[],"minPos":{"x":0,"y":0,"z":0},"maxPos":{"x":0,"y":0,"z":0}},"packable":true,"pixelsToUnit":100,"pivot":{"x":0.5,"y":0.5},"meshType":0}],[0],0,[0],[0],[0]],[[{"name":"font_set","rect":{"x":773,"y":105,"width":100,"height":45},"offset":{"x":0,"y":0},"originalSize":{"width":100,"height":45},"rotated":false,"capInsets":[0,0,0,0],"vertices":{"rawPosition":[],"indexes":[],"uv":[],"nuv":[],"minPos":{"x":0,"y":0,"z":0},"maxPos":{"x":0,"y":0,"z":0}},"packable":true,"pixelsToUnit":100,"pivot":{"x":0.5,"y":0.5},"meshType":0}],[0],0,[0],[0],[0]],[[{"name":"img_upgrade_suction","rect":{"x":945,"y":900,"width":139,"height":138},"offset":{"x":0,"y":0},"originalSize":{"width":139,"height":138},"rotated":false,"capInsets":[0,0,0,0],"vertices":{"rawPosition":[],"indexes":[],"uv":[],"nuv":[],"minPos":{"x":0,"y":0,"z":0},"maxPos":{"x":0,"y":0,"z":0}},"packable":true,"pixelsToUnit":100,"pivot":{"x":0.5,"y":0.5},"meshType":0}],[0],0,[0],[0],[0]],[[{"name":"btn_pop_orange","rect":{"x":176,"y":223,"width":176,"height":70},"offset":{"x":0,"y":0},"originalSize":{"width":176,"height":70},"rotated":false,"capInsets":[0,0,0,0],"vertices":{"rawPosition":[],"indexes":[],"uv":[],"nuv":[],"minPos":{"x":0,"y":0,"z":0},"maxPos":{"x":0,"y":0,"z":0}},"packable":true,"pixelsToUnit":100,"pivot":{"x":0.5,"y":0.5},"meshType":0}],[0],0,[0],[0],[0]],[[{"name":"ic_closure","rect":{"x":729,"y":105,"width":44,"height":44},"offset":{"x":0,"y":0},"originalSize":{"width":44,"height":44},"rotated":false,"capInsets":[0,0,0,0],"vertices":{"rawPosition":[],"indexes":[],"uv":[],"nuv":[],"minPos":{"x":0,"y":0,"z":0},"maxPos":{"x":0,"y":0,"z":0}},"packable":true,"pixelsToUnit":100,"pivot":{"x":0.5,"y":0.5},"meshType":0}],[0],0,[0],[0],[0]],[[{"name":"ic_money _5","rect":{"x":599,"y":223,"width":105,"height":70},"offset":{"x":0,"y":0},"originalSize":{"width":105,"height":70},"rotated":false,"capInsets":[0,0,0,0],"vertices":{"rawPosition":[],"indexes":[],"uv":[],"nuv":[],"minPos":{"x":0,"y":0,"z":0},"maxPos":{"x":0,"y":0,"z":0}},"packable":true,"pixelsToUnit":100,"pivot":{"x":0.5,"y":0.5},"meshType":0}],[0],0,[0],[0],[0]],[[{"name":"frame_pop_upgrade_1","rect":{"x":0,"y":900,"width":389,"height":138},"offset":{"x":0,"y":0},"originalSize":{"width":389,"height":138},"rotated":false,"capInsets":[0,0,0,0],"vertices":{"rawPosition":[],"indexes":[],"uv":[],"nuv":[],"minPos":{"x":0,"y":0,"z":0},"maxPos":{"x":0,"y":0,"z":0}},"packable":true,"pixelsToUnit":100,"pivot":{"x":0.5,"y":0.5},"meshType":0}],[0],0,[0],[0],[0]],[[{"name":"font_capacity","rect":{"x":1274,"y":0,"width":67,"height":30},"offset":{"x":0,"y":0},"originalSize":{"width":67,"height":30},"rotated":false,"capInsets":[0,0,0,0],"vertices":{"rawPosition":[],"indexes":[],"uv":[],"nuv":[],"minPos":{"x":0,"y":0,"z":0},"maxPos":{"x":0,"y":0,"z":0}},"packable":true,"pixelsToUnit":100,"pivot":{"x":0.5,"y":0.5},"meshType":0}],[0],0,[0],[0],[0]],[[{"name":"font_add_eggdisk_desc","rect":{"x":0,"y":63,"width":567,"height":34},"offset":{"x":0,"y":0},"originalSize":{"width":567,"height":34},"rotated":false,"capInsets":[0,0,0,0],"vertices":{"rawPosition":[],"indexes":[],"uv":[],"nuv":[],"minPos":{"x":0,"y":0,"z":0},"maxPos":{"x":0,"y":0,"z":0}},"packable":true,"pixelsToUnit":100,"pivot":{"x":0.5,"y":0.5},"meshType":0}],[0],0,[0],[0],[0]],[[{"name":"banner_pop_reward","rect":{"x":479,"y":640,"width":479,"height":122},"offset":{"x":0,"y":0},"originalSize":{"width":479,"height":122},"rotated":false,"capInsets":[0,0,0,0],"vertices":{"rawPosition":[],"indexes":[],"uv":[],"nuv":[],"minPos":{"x":0,"y":0,"z":0},"maxPos":{"x":0,"y":0,"z":0}},"packable":true,"pixelsToUnit":100,"pivot":{"x":0.5,"y":0.5},"meshType":0}],[0],0,[0],[0],[0]],[[{"name":"ic_home_money","rect":{"x":528,"y":223,"width":71,"height":70},"offset":{"x":0,"y":0},"originalSize":{"width":71,"height":70},"rotated":false,"capInsets":[0,0,0,0],"vertices":{"rawPosition":[],"indexes":[],"uv":[],"nuv":[],"minPos":{"x":0,"y":0,"z":0},"maxPos":{"x":0,"y":0,"z":0}},"packable":true,"pixelsToUnit":100,"pivot":{"x":0.5,"y":0.5},"meshType":0}],[0],0,[0],[0],[0]],[[{"name":"ic_home_knapsack","rect":{"x":936,"y":223,"width":62,"height":71},"offset":{"x":0,"y":0},"originalSize":{"width":62,"height":71},"rotated":false,"capInsets":[0,0,0,0],"vertices":{"rawPosition":[],"indexes":[],"uv":[],"nuv":[],"minPos":{"x":0,"y":0,"z":0},"maxPos":{"x":0,"y":0,"z":0}},"packable":true,"pixelsToUnit":100,"pivot":{"x":0.5,"y":0.5},"meshType":0}],[0],0,[0],[0],[0]],[[{"name":"font_pop_sign","rect":{"x":1347,"y":105,"width":98,"height":46},"offset":{"x":0,"y":0},"originalSize":{"width":98,"height":46},"rotated":false,"capInsets":[0,0,0,0],"vertices":{"rawPosition":[],"indexes":[],"uv":[],"nuv":[],"minPos":{"x":0,"y":0,"z":0},"maxPos":{"x":0,"y":0,"z":0}},"packable":true,"pixelsToUnit":100,"pivot":{"x":0.5,"y":0.5},"meshType":0}],[0],0,[0],[0],[0]],[[{"name":"font_pop_shock","rect":{"x":198,"y":153,"width":149,"height":50},"offset":{"x":0,"y":0},"originalSize":{"width":149,"height":50},"rotated":false,"capInsets":[0,0,0,0],"vertices":{"rawPosition":[],"indexes":[],"uv":[],"nuv":[],"minPos":{"x":0,"y":0,"z":0},"maxPos":{"x":0,"y":0,"z":0}},"packable":true,"pixelsToUnit":100,"pivot":{"x":0.5,"y":0.5},"meshType":0}],[0],0,[0],[0],[0]],[[{"name":"ic_emoji_zan","rect":{"x":254,"y":105,"width":41,"height":43},"offset":{"x":0,"y":0},"originalSize":{"width":41,"height":43},"rotated":false,"capInsets":[0,0,0,0],"vertices":{"rawPosition":[],"indexes":[],"uv":[],"nuv":[],"minPos":{"x":0,"y":0,"z":0},"maxPos":{"x":0,"y":0,"z":0}},"packable":true,"pixelsToUnit":100,"pivot":{"x":0.5,"y":0.5},"meshType":0}],[0],0,[0],[0],[0]],[[{"name":"img_shop_2","rect":{"x":1718,"y":412,"width":132,"height":108},"offset":{"x":0,"y":0},"originalSize":{"width":132,"height":108},"rotated":false,"capInsets":[0,0,0,0],"vertices":{"rawPosition":[],"indexes":[],"uv":[],"nuv":[],"minPos":{"x":0,"y":0,"z":0},"maxPos":{"x":0,"y":0,"z":0}},"packable":true,"pixelsToUnit":100,"pivot":{"x":0.5,"y":0.5},"meshType":0}],[0],0,[0],[0],[0]],[[{"name":"img_signed","rect":{"x":1487,"y":412,"width":107,"height":107},"offset":{"x":0,"y":0},"originalSize":{"width":107,"height":107},"rotated":false,"capInsets":[0,0,0,0],"vertices":{"rawPosition":[],"indexes":[],"uv":[],"nuv":[],"minPos":{"x":0,"y":0,"z":0},"maxPos":{"x":0,"y":0,"z":0}},"packable":true,"pixelsToUnit":100,"pivot":{"x":0.5,"y":0.5},"meshType":0}],[0],0,[0],[0],[0]],[[{"name":"btn_pop_pink","rect":{"x":352,"y":223,"width":176,"height":70},"offset":{"x":0,"y":0},"originalSize":{"width":176,"height":70},"rotated":false,"capInsets":[0,0,0,0],"vertices":{"rawPosition":[],"indexes":[],"uv":[],"nuv":[],"minPos":{"x":0,"y":0,"z":0},"maxPos":{"x":0,"y":0,"z":0}},"packable":true,"pixelsToUnit":100,"pivot":{"x":0.5,"y":0.5},"meshType":0}],[0],0,[0],[0],[0]],[[{"name":"img_home_level","rect":{"x":1861,"y":223,"width":108,"height":92},"offset":{"x":0,"y":0},"originalSize":{"width":108,"height":92},"rotated":false,"capInsets":[0,0,0,0],"vertices":{"rawPosition":[],"indexes":[],"uv":[],"nuv":[],"minPos":{"x":0,"y":0,"z":0},"maxPos":{"x":0,"y":0,"z":0}},"packable":true,"pixelsToUnit":100,"pivot":{"x":0.5,"y":0.5},"meshType":0}],[0],0,[0],[0],[0]],[[{"name":"font_dinosaur_+","rect":{"x":1437,"y":63,"width":39,"height":38},"offset":{"x":0,"y":0},"originalSize":{"width":39,"height":38},"rotated":false,"capInsets":[0,0,0,0],"vertices":{"rawPosition":[],"indexes":[],"uv":[],"nuv":[],"minPos":{"x":0,"y":0,"z":0},"maxPos":{"x":0,"y":0,"z":0}},"packable":true,"pixelsToUnit":100,"pivot":{"x":0.5,"y":0.5},"meshType":0}],[0],0,[0],[0],[0]],[[{"name":"font_get_money","rect":{"x":248,"y":412,"width":241,"height":99},"offset":{"x":0,"y":0},"originalSize":{"width":241,"height":99},"rotated":false,"capInsets":[0,0,0,0],"vertices":{"rawPosition":[],"indexes":[],"uv":[],"nuv":[],"minPos":{"x":0,"y":0,"z":0},"maxPos":{"x":0,"y":0,"z":0}},"packable":true,"pixelsToUnit":100,"pivot":{"x":0.5,"y":0.5},"meshType":0}],[0],0,[0],[0],[0]],[[{"name":"img_dragon_1","rect":{"x":880,"y":153,"width":65,"height":59},"offset":{"x":0,"y":0},"originalSize":{"width":65,"height":59},"rotated":false,"capInsets":[0,0,0,0],"vertices":{"rawPosition":[],"indexes":[],"uv":[],"nuv":[],"minPos":{"x":0,"y":0,"z":0},"maxPos":{"x":0,"y":0,"z":0}},"packable":true,"pixelsToUnit":100,"pivot":{"x":0.5,"y":0.5},"meshType":0}],[0],0,[0],[0],[0]],[[{"name":"font_uugrade_1","rect":{"x":1594,"y":105,"width":100,"height":46},"offset":{"x":0,"y":0},"originalSize":{"width":100,"height":46},"rotated":false,"capInsets":[0,0,0,0],"vertices":{"rawPosition":[],"indexes":[],"uv":[],"nuv":[],"minPos":{"x":0,"y":0,"z":0},"maxPos":{"x":0,"y":0,"z":0}},"packable":true,"pixelsToUnit":100,"pivot":{"x":0.5,"y":0.5},"meshType":0}],[0],0,[0],[0],[0]],[[{"name":"fontm","rect":{"x":1424,"y":223,"width":77,"height":80},"offset":{"x":0,"y":0},"originalSize":{"width":77,"height":80},"rotated":false,"capInsets":[0,0,0,0],"vertices":{"rawPosition":[],"indexes":[],"uv":[],"nuv":[],"minPos":{"x":0,"y":0,"z":0},"maxPos":{"x":0,"y":0,"z":0}},"packable":true,"pixelsToUnit":100,"pivot":{"x":0.5,"y":0.5},"meshType":0}],[0],0,[0],[0],[0]],[[{"name":"ic_bulie","rect":{"x":389,"y":900,"width":139,"height":138},"offset":{"x":0,"y":0},"originalSize":{"width":139,"height":138},"rotated":false,"capInsets":[0,0,0,0],"vertices":{"rawPosition":[],"indexes":[],"uv":[],"nuv":[],"minPos":{"x":0,"y":0,"z":0},"maxPos":{"x":0,"y":0,"z":0}},"packable":true,"pixelsToUnit":100,"pivot":{"x":0.5,"y":0.5},"meshType":0}],[0],0,[0],[0],[0]],[[{"name":"font_+","rect":{"x":64,"y":0,"width":20,"height":22},"offset":{"x":0,"y":0},"originalSize":{"width":20,"height":22},"rotated":false,"capInsets":[0,0,0,0],"vertices":{"rawPosition":[],"indexes":[],"uv":[],"nuv":[],"minPos":{"x":0,"y":0,"z":0},"maxPos":{"x":0,"y":0,"z":0}},"packable":true,"pixelsToUnit":100,"pivot":{"x":0.5,"y":0.5},"meshType":0}],[0],0,[0],[0],[0]],[[{"name":"btn_blue ","rect":{"x":0,"y":412,"width":248,"height":98},"offset":{"x":0,"y":0},"originalSize":{"width":248,"height":98},"rotated":false,"capInsets":[0,0,0,0],"vertices":{"rawPosition":[],"indexes":[],"uv":[],"nuv":[],"minPos":{"x":0,"y":0,"z":0},"maxPos":{"x":0,"y":0,"z":0}},"packable":true,"pixelsToUnit":100,"pivot":{"x":0.5,"y":0.5},"meshType":0}],[0],0,[0],[0],[0]],[[{"name":"ic_emoji_nanguo","rect":{"x":1847,"y":105,"width":48,"height":48},"offset":{"x":0,"y":0},"originalSize":{"width":48,"height":48},"rotated":false,"capInsets":[0,0,0,0],"vertices":{"rawPosition":[],"indexes":[],"uv":[],"nuv":[],"minPos":{"x":0,"y":0,"z":0},"maxPos":{"x":0,"y":0,"z":0}},"packable":true,"pixelsToUnit":100,"pivot":{"x":0.5,"y":0.5},"meshType":0}],[0],0,[0],[0],[0]],[[{"name":"img_home_frame_egg","rect":{"x":487,"y":520,"width":108,"height":111},"offset":{"x":0,"y":0},"originalSize":{"width":108,"height":111},"rotated":false,"capInsets":[0,0,0,0],"vertices":{"rawPosition":[],"indexes":[],"uv":[],"nuv":[],"minPos":{"x":0,"y":0,"z":0},"maxPos":{"x":0,"y":0,"z":0}},"packable":true,"pixelsToUnit":100,"pivot":{"x":0.5,"y":0.5},"meshType":0}],[0],0,[0],[0],[0]],[[{"name":"frame_sign_press","rect":{"x":1656,"y":900,"width":190,"height":198},"offset":{"x":0,"y":0},"originalSize":{"width":190,"height":198},"rotated":false,"capInsets":[81,83,78,85],"vertices":{"rawPosition":[],"indexes":[],"uv":[],"nuv":[],"minPos":{"x":0,"y":0,"z":0},"maxPos":{"x":0,"y":0,"z":0}},"packable":true,"pixelsToUnit":100,"pivot":{"x":0.5,"y":0.5},"meshType":0}],[0],0,[0],[0],[0]],[[{"name":"img_stars","rect":{"x":1399,"y":63,"width":38,"height":36},"offset":{"x":0,"y":0},"originalSize":{"width":38,"height":36},"rotated":false,"capInsets":[0,0,0,0],"vertices":{"rawPosition":[],"indexes":[],"uv":[],"nuv":[],"minPos":{"x":0,"y":0,"z":0},"maxPos":{"x":0,"y":0,"z":0}},"packable":true,"pixelsToUnit":100,"pivot":{"x":0.5,"y":0.5},"meshType":0}],[0],0,[0],[0],[0]],[[{"name":"btn_orange","rect":{"x":479,"y":762,"width":297,"height":125},"offset":{"x":0,"y":0},"originalSize":{"width":297,"height":125},"rotated":false,"capInsets":[0,0,0,0],"vertices":{"rawPosition":[],"indexes":[],"uv":[],"nuv":[],"minPos":{"x":0,"y":0,"z":0},"maxPos":{"x":0,"y":0,"z":0}},"packable":true,"pixelsToUnit":100,"pivot":{"x":0.5,"y":0.5},"meshType":0}],[0],0,[0],[0],[0]],[[{"name":"font_expect","rect":{"x":458,"y":30,"width":138,"height":31},"offset":{"x":0,"y":0},"originalSize":{"width":138,"height":31},"rotated":false,"capInsets":[0,0,0,0],"vertices":{"rawPosition":[],"indexes":[],"uv":[],"nuv":[],"minPos":{"x":0,"y":0,"z":0},"maxPos":{"x":0,"y":0,"z":0}},"packable":true,"pixelsToUnit":100,"pivot":{"x":0.5,"y":0.5},"meshType":0}],[0],0,[0],[0],[0]],[[{"name":"frame_pop_blue","rect":{"x":666,"y":315,"width":538,"height":97},"offset":{"x":0,"y":0},"originalSize":{"width":538,"height":97},"rotated":false,"capInsets":[238,69,236,15],"vertices":{"rawPosition":[],"indexes":[],"uv":[],"nuv":[],"minPos":{"x":0,"y":0,"z":0},"maxPos":{"x":0,"y":0,"z":0}},"packable":true,"pixelsToUnit":100,"pivot":{"x":0.5,"y":0.5},"meshType":0}],[0],0,[0],[0],[0]],[[{"name":"font_money_x","rect":{"x":1212,"y":63,"width":36,"height":36},"offset":{"x":0,"y":0},"originalSize":{"width":36,"height":36},"rotated":false,"capInsets":[0,0,0,0],"vertices":{"rawPosition":[],"indexes":[],"uv":[],"nuv":[],"minPos":{"x":0,"y":0,"z":0},"maxPos":{"x":0,"y":0,"z":0}},"packable":true,"pixelsToUnit":100,"pivot":{"x":0.5,"y":0.5},"meshType":0}],[0],0,[0],[0],[0]],[[{"name":"font_pop_auxiliary","rect":{"x":338,"y":105,"width":196,"height":44},"offset":{"x":0,"y":0},"originalSize":{"width":196,"height":44},"rotated":false,"capInsets":[0,0,0,0],"vertices":{"rawPosition":[],"indexes":[],"uv":[],"nuv":[],"minPos":{"x":0,"y":0,"z":0},"maxPos":{"x":0,"y":0,"z":0}},"packable":true,"pixelsToUnit":100,"pivot":{"x":0.5,"y":0.5},"meshType":0}],[0],0,[0],[0],[0]],[[{"name":"font_free_receive","rect":{"x":567,"y":63,"width":157,"height":34},"offset":{"x":0,"y":0},"originalSize":{"width":157,"height":34},"rotated":false,"capInsets":[0,0,0,0],"vertices":{"rawPosition":[],"indexes":[],"uv":[],"nuv":[],"minPos":{"x":0,"y":0,"z":0},"maxPos":{"x":0,"y":0,"z":0}},"packable":true,"pixelsToUnit":100,"pivot":{"x":0.5,"y":0.5},"meshType":0}],[0],0,[0],[0],[0]],[[{"name":"frame_dinosaur_name","rect":{"x":404,"y":153,"width":190,"height":52},"offset":{"x":0,"y":0},"originalSize":{"width":190,"height":52},"rotated":false,"capInsets":[0,0,0,0],"vertices":{"rawPosition":[],"indexes":[],"uv":[],"nuv":[],"minPos":{"x":0,"y":0,"z":0},"maxPos":{"x":0,"y":0,"z":0}},"packable":true,"pixelsToUnit":100,"pivot":{"x":0.5,"y":0.5},"meshType":0}],[0],0,[0],[0],[0]],[[{"name":"font_enter","rect":{"x":1341,"y":0,"width":66,"height":30},"offset":{"x":0,"y":0},"originalSize":{"width":66,"height":30},"rotated":false,"capInsets":[0,0,0,0],"vertices":{"rawPosition":[],"indexes":[],"uv":[],"nuv":[],"minPos":{"x":0,"y":0,"z":0},"maxPos":{"x":0,"y":0,"z":0}},"packable":true,"pixelsToUnit":100,"pivot":{"x":0.5,"y":0.5},"meshType":0}],[0],0,[0],[0],[0]],[[{"name":"font_pop_uugrade","rect":{"x":48,"y":153,"width":150,"height":49},"offset":{"x":0,"y":0},"originalSize":{"width":150,"height":49},"rotated":false,"capInsets":[0,0,0,0],"vertices":{"rawPosition":[],"indexes":[],"uv":[],"nuv":[],"minPos":{"x":0,"y":0,"z":0},"maxPos":{"x":0,"y":0,"z":0}},"packable":true,"pixelsToUnit":100,"pivot":{"x":0.5,"y":0.5},"meshType":0}],[0],0,[0],[0],[0]],[[{"name":"fontk","rect":{"x":1362,"y":223,"width":62,"height":80},"offset":{"x":0,"y":0},"originalSize":{"width":62,"height":80},"rotated":false,"capInsets":[0,0,0,0],"vertices":{"rawPosition":[],"indexes":[],"uv":[],"nuv":[],"minPos":{"x":0,"y":0,"z":0},"maxPos":{"x":0,"y":0,"z":0}},"packable":true,"pixelsToUnit":100,"pivot":{"x":0.5,"y":0.5},"meshType":0}],[0],0,[0],[0],[0]],[[{"name":"task_btn_receive_nor","rect":{"x":820,"y":223,"width":116,"height":70},"offset":{"x":0,"y":0},"originalSize":{"width":116,"height":70},"rotated":false,"capInsets":[0,0,0,0],"vertices":{"rawPosition":[],"indexes":[],"uv":[],"nuv":[],"minPos":{"x":0,"y":0,"z":0},"maxPos":{"x":0,"y":0,"z":0}},"packable":true,"pixelsToUnit":100,"pivot":{"x":0.5,"y":0.5},"meshType":0}],[0],0,[0],[0],[0]],[[{"name":"img_set_open","rect":{"x":688,"y":153,"width":94,"height":52},"offset":{"x":0,"y":0},"originalSize":{"width":94,"height":52},"rotated":false,"capInsets":[0,0,0,0],"vertices":{"rawPosition":[],"indexes":[],"uv":[],"nuv":[],"minPos":{"x":0,"y":0,"z":0},"maxPos":{"x":0,"y":0,"z":0}},"packable":true,"pixelsToUnit":100,"pivot":{"x":0.5,"y":0.5},"meshType":0}],[0],0,[0],[0],[0]],[[{"name":"font_hunter","rect":{"x":1327,"y":30,"width":104,"height":33},"offset":{"x":0,"y":0},"originalSize":{"width":104,"height":33},"rotated":false,"capInsets":[0,0,0,0],"vertices":{"rawPosition":[],"indexes":[],"uv":[],"nuv":[],"minPos":{"x":0,"y":0,"z":0},"maxPos":{"x":0,"y":0,"z":0}},"packable":true,"pixelsToUnit":100,"pivot":{"x":0.5,"y":0.5},"meshType":0}],[0],0,[0],[0],[0]],[[{"name":"img_add_customer","rect":{"x":998,"y":223,"width":66,"height":71},"offset":{"x":0,"y":0},"originalSize":{"width":66,"height":71},"rotated":false,"capInsets":[0,0,0,0],"vertices":{"rawPosition":[],"indexes":[],"uv":[],"nuv":[],"minPos":{"x":0,"y":0,"z":0},"maxPos":{"x":0,"y":0,"z":0}},"packable":true,"pixelsToUnit":100,"pivot":{"x":0.5,"y":0.5},"meshType":0}],[0],0,[0],[0],[0]],[[{"name":"font_signday_3","rect":{"x":767,"y":0,"width":80,"height":26},"offset":{"x":0,"y":0},"originalSize":{"width":80,"height":26},"rotated":false,"capInsets":[0,0,0,0],"vertices":{"rawPosition":[],"indexes":[],"uv":[],"nuv":[],"minPos":{"x":0,"y":0,"z":0},"maxPos":{"x":0,"y":0,"z":0}},"packable":true,"pixelsToUnit":100,"pivot":{"x":0.5,"y":0.5},"meshType":0}],[0],0,[0],[0],[0]],[[{"name":"ic_game_come","rect":{"x":817,"y":520,"width":114,"height":113},"offset":{"x":0,"y":0},"originalSize":{"width":114,"height":113},"rotated":false,"capInsets":[0,0,0,0],"vertices":{"rawPosition":[],"indexes":[],"uv":[],"nuv":[],"minPos":{"x":0,"y":0,"z":0},"maxPos":{"x":0,"y":0,"z":0}},"packable":true,"pixelsToUnit":100,"pivot":{"x":0.5,"y":0.5},"meshType":0}],[0],0,[0],[0],[0]],[[{"name":"font_noneed","rect":{"x":1613,"y":63,"width":189,"height":41},"offset":{"x":0,"y":0},"originalSize":{"width":189,"height":41},"rotated":false,"capInsets":[0,0,0,0],"vertices":{"rawPosition":[],"indexes":[],"uv":[],"nuv":[],"minPos":{"x":0,"y":0,"z":0},"maxPos":{"x":0,"y":0,"z":0}},"packable":true,"pixelsToUnit":100,"pivot":{"x":0.5,"y":0.5},"meshType":0}],[0],0,[0],[0],[0]],[[{"name":"btn_grey","rect":{"x":1811,"y":153,"width":176,"height":70},"offset":{"x":0,"y":0},"originalSize":{"width":176,"height":70},"rotated":false,"capInsets":[0,0,0,0],"vertices":{"rawPosition":[],"indexes":[],"uv":[],"nuv":[],"minPos":{"x":0,"y":0,"z":0},"maxPos":{"x":0,"y":0,"z":0}},"packable":true,"pixelsToUnit":100,"pivot":{"x":0.5,"y":0.5},"meshType":0}],[0],0,[0],[0],[0]],[[{"name":"font_Lv","rect":{"x":23,"y":0,"width":41,"height":21},"offset":{"x":0,"y":0},"originalSize":{"width":41,"height":21},"rotated":false,"capInsets":[0,0,0,0],"vertices":{"rawPosition":[],"indexes":[],"uv":[],"nuv":[],"minPos":{"x":0,"y":0,"z":0},"maxPos":{"x":0,"y":0,"z":0}},"packable":true,"pixelsToUnit":100,"pivot":{"x":0.5,"y":0.5},"meshType":0}],[0],0,[0],[0],[0]],[[{"name":"font_speed","rect":{"x":767,"y":30,"width":139,"height":31},"offset":{"x":0,"y":0},"originalSize":{"width":139,"height":31},"rotated":false,"capInsets":[0,0,0,0],"vertices":{"rawPosition":[],"indexes":[],"uv":[],"nuv":[],"minPos":{"x":0,"y":0,"z":0},"maxPos":{"x":0,"y":0,"z":0}},"packable":true,"pixelsToUnit":100,"pivot":{"x":0.5,"y":0.5},"meshType":0}],[0],0,[0],[0],[0]],[[{"name":"font_signday_4","rect":{"x":847,"y":0,"width":80,"height":26},"offset":{"x":0,"y":0},"originalSize":{"width":80,"height":26},"rotated":false,"capInsets":[0,0,0,0],"vertices":{"rawPosition":[],"indexes":[],"uv":[],"nuv":[],"minPos":{"x":0,"y":0,"z":0},"maxPos":{"x":0,"y":0,"z":0}},"packable":true,"pixelsToUnit":100,"pivot":{"x":0.5,"y":0.5},"meshType":0}],[0],0,[0],[0],[0]],[[{"name":"frame_home_2","rect":{"x":1297,"y":153,"width":172,"height":66},"offset":{"x":0,"y":0},"originalSize":{"width":172,"height":66},"rotated":false,"capInsets":[0,0,0,0],"vertices":{"rawPosition":[],"indexes":[],"uv":[],"nuv":[],"minPos":{"x":0,"y":0,"z":0},"maxPos":{"x":0,"y":0,"z":0}},"packable":true,"pixelsToUnit":100,"pivot":{"x":0.5,"y":0.5},"meshType":0}],[0],0,[0],[0],[0]],[[{"name":"font_img_upgrade_suction","rect":{"x":1407,"y":0,"width":137,"height":30},"offset":{"x":0,"y":0},"originalSize":{"width":137,"height":30},"rotated":false,"capInsets":[0,0,0,0],"vertices":{"rawPosition":[],"indexes":[],"uv":[],"nuv":[],"minPos":{"x":0,"y":0,"z":0},"maxPos":{"x":0,"y":0,"z":0}},"packable":true,"pixelsToUnit":100,"pivot":{"x":0.5,"y":0.5},"meshType":0}],[0],0,[0],[0],[0]],[[{"name":"frame_home_3","rect":{"x":0,"y":315,"width":90,"height":96},"offset":{"x":0,"y":0},"originalSize":{"width":90,"height":96},"rotated":false,"capInsets":[0,0,0,0],"vertices":{"rawPosition":[],"indexes":[],"uv":[],"nuv":[],"minPos":{"x":0,"y":0,"z":0},"maxPos":{"x":0,"y":0,"z":0}},"packable":true,"pixelsToUnit":100,"pivot":{"x":0.5,"y":0.5},"meshType":0}],[0],0,[0],[0],[0]],[[{"name":"btn_orange_1","rect":{"x":1146,"y":30,"width":79,"height":32},"offset":{"x":0,"y":0},"originalSize":{"width":79,"height":32},"rotated":false,"capInsets":[24,6,25,0],"vertices":{"rawPosition":[],"indexes":[],"uv":[],"nuv":[],"minPos":{"x":0,"y":0,"z":0},"maxPos":{"x":0,"y":0,"z":0}},"packable":true,"pixelsToUnit":100,"pivot":{"x":0.5,"y":0.5},"meshType":0}],[0],0,[0],[0],[0]],[[{"name":"img_money_reward","rect":{"x":1594,"y":412,"width":124,"height":108},"offset":{"x":0,"y":0},"originalSize":{"width":124,"height":108},"rotated":false,"capInsets":[0,0,0,0],"vertices":{"rawPosition":[],"indexes":[],"uv":[],"nuv":[],"minPos":{"x":0,"y":0,"z":0},"maxPos":{"x":0,"y":0,"z":0}},"packable":true,"pixelsToUnit":100,"pivot":{"x":0.5,"y":0.5},"meshType":0}],[0],0,[0],[0],[0]],[[{"name":"img_set_off","rect":{"x":594,"y":153,"width":94,"height":52},"offset":{"x":0,"y":0},"originalSize":{"width":94,"height":52},"rotated":false,"capInsets":[0,0,0,0],"vertices":{"rawPosition":[],"indexes":[],"uv":[],"nuv":[],"minPos":{"x":0,"y":0,"z":0},"maxPos":{"x":0,"y":0,"z":0}},"packable":true,"pixelsToUnit":100,"pivot":{"x":0.5,"y":0.5},"meshType":0}],[0],0,[0],[0],[0]],[[{"name":"frame_grey","rect":{"x":338,"y":0,"width":82,"height":25},"offset":{"x":0,"y":0},"originalSize":{"width":82,"height":25},"rotated":false,"capInsets":[0,0,0,0],"vertices":{"rawPosition":[],"indexes":[],"uv":[],"nuv":[],"minPos":{"x":0,"y":0,"z":0},"maxPos":{"x":0,"y":0,"z":0}},"packable":true,"pixelsToUnit":100,"pivot":{"x":0.5,"y":0.5},"meshType":0}],[0],0,[0],[0],[0]],[[{"name":"frame_pink","rect":{"x":1422,"y":762,"width":528,"height":138},"offset":{"x":0,"y":0},"originalSize":{"width":528,"height":138},"rotated":false,"capInsets":[0,0,0,0],"vertices":{"rawPosition":[],"indexes":[],"uv":[],"nuv":[],"minPos":{"x":0,"y":0,"z":0},"maxPos":{"x":0,"y":0,"z":0}},"packable":true,"pixelsToUnit":100,"pivot":{"x":0.5,"y":0.5},"meshType":0}],[0],0,[0],[0],[0]],[[{"name":"font_add_50%","rect":{"x":0,"y":30,"width":458,"height":31},"offset":{"x":0,"y":0},"originalSize":{"width":458,"height":31},"rotated":false,"capInsets":[0,0,0,0],"vertices":{"rawPosition":[],"indexes":[],"uv":[],"nuv":[],"minPos":{"x":0,"y":0,"z":0},"maxPos":{"x":0,"y":0,"z":0}},"packable":true,"pixelsToUnit":100,"pivot":{"x":0.5,"y":0.5},"meshType":0}],[0],0,[0],[0],[0]],[[{"name":"font_receive","rect":{"x":1802,"y":63,"width":92,"height":41},"offset":{"x":0,"y":0},"originalSize":{"width":92,"height":41},"rotated":false,"capInsets":[0,0,0,0],"vertices":{"rawPosition":[],"indexes":[],"uv":[],"nuv":[],"minPos":{"x":0,"y":0,"z":0},"maxPos":{"x":0,"y":0,"z":0}},"packable":true,"pixelsToUnit":100,"pivot":{"x":0.5,"y":0.5},"meshType":0}],[0],0,[0],[0],[0]],[[{"name":"task_process","rect":{"x":134,"y":0,"width":204,"height":24},"offset":{"x":0,"y":0},"originalSize":{"width":204,"height":24},"rotated":false,"capInsets":[0,0,0,0],"vertices":{"rawPosition":[],"indexes":[],"uv":[],"nuv":[],"minPos":{"x":0,"y":0,"z":0},"maxPos":{"x":0,"y":0,"z":0}},"packable":true,"pixelsToUnit":100,"pivot":{"x":0.5,"y":0.5},"meshType":0}],[0],0,[0],[0],[0]],[[{"name":"font_free","rect":{"x":84,"y":0,"width":50,"height":23},"offset":{"x":0,"y":0},"originalSize":{"width":50,"height":23},"rotated":false,"capInsets":[0,0,0,0],"vertices":{"rawPosition":[],"indexes":[],"uv":[],"nuv":[],"minPos":{"x":0,"y":0,"z":0},"maxPos":{"x":0,"y":0,"z":0}},"packable":true,"pixelsToUnit":100,"pivot":{"x":0.5,"y":0.5},"meshType":0}],[0],0,[0],[0],[0]],[[{"name":"img_upgrade_knapsack","rect":{"x":667,"y":900,"width":139,"height":138},"offset":{"x":0,"y":0},"originalSize":{"width":139,"height":138},"rotated":false,"capInsets":[0,0,0,0],"vertices":{"rawPosition":[],"indexes":[],"uv":[],"nuv":[],"minPos":{"x":0,"y":0,"z":0},"maxPos":{"x":0,"y":0,"z":0}},"packable":true,"pixelsToUnit":100,"pivot":{"x":0.5,"y":0.5},"meshType":0}],[0],0,[0],[0],[0]],[[{"name":"img_game_unlock","rect":{"x":1501,"y":223,"width":74,"height":81},"offset":{"x":0,"y":0},"originalSize":{"width":74,"height":81},"rotated":false,"capInsets":[0,0,0,0],"vertices":{"rawPosition":[],"indexes":[],"uv":[],"nuv":[],"minPos":{"x":0,"y":0,"z":0},"maxPos":{"x":0,"y":0,"z":0}},"packable":true,"pixelsToUnit":100,"pivot":{"x":0.5,"y":0.5},"meshType":0}],[0],0,[0],[0],[0]],[[{"name":"img_finger","rect":{"x":776,"y":762,"width":118,"height":127},"offset":{"x":0,"y":0},"originalSize":{"width":118,"height":127},"rotated":false,"capInsets":[0,0,0,0],"vertices":{"rawPosition":[],"indexes":[],"uv":[],"nuv":[],"minPos":{"x":0,"y":0,"z":0},"maxPos":{"x":0,"y":0,"z":0}},"packable":true,"pixelsToUnit":100,"pivot":{"x":0.5,"y":0.5},"meshType":0}],[0],0,[0],[0],[0]],[[{"name":"font_signday_1","rect":{"x":607,"y":0,"width":80,"height":26},"offset":{"x":0,"y":0},"originalSize":{"width":80,"height":26},"rotated":false,"capInsets":[0,0,0,0],"vertices":{"rawPosition":[],"indexes":[],"uv":[],"nuv":[],"minPos":{"x":0,"y":0,"z":0},"maxPos":{"x":0,"y":0,"z":0}},"packable":true,"pixelsToUnit":100,"pivot":{"x":0.5,"y":0.5},"meshType":0}],[0],0,[0],[0],[0]],[[{"name":"ic_money","rect":{"x":295,"y":105,"width":43,"height":43},"offset":{"x":0,"y":0},"originalSize":{"width":43,"height":43},"rotated":false,"capInsets":[0,0,0,0],"vertices":{"rawPosition":[],"indexes":[],"uv":[],"nuv":[],"minPos":{"x":0,"y":0,"z":0},"maxPos":{"x":0,"y":0,"z":0}},"packable":true,"pixelsToUnit":100,"pivot":{"x":0.5,"y":0.5},"meshType":0}],[0],0,[0],[0],[0]],[[{"name":"font_home_guest","rect":{"x":1329,"y":105,"width":18,"height":46},"offset":{"x":0,"y":0},"originalSize":{"width":18,"height":46},"rotated":false,"capInsets":[0,0,0,0],"vertices":{"rawPosition":[],"indexes":[],"uv":[],"nuv":[],"minPos":{"x":0,"y":0,"z":0},"maxPos":{"x":0,"y":0,"z":0}},"packable":true,"pixelsToUnit":100,"pivot":{"x":0.5,"y":0.5},"meshType":0}],[0],0,[0],[0],[0]],[[{"name":"img_buis_frame","rect":{"x":1238,"y":900,"width":162,"height":173},"offset":{"x":0,"y":0},"originalSize":{"width":162,"height":173},"rotated":false,"capInsets":[53,65,52,64],"vertices":{"rawPosition":[],"indexes":[],"uv":[],"nuv":[],"minPos":{"x":0,"y":0,"z":0},"maxPos":{"x":0,"y":0,"z":0}},"packable":true,"pixelsToUnit":100,"pivot":{"x":0.5,"y":0.5},"meshType":0}],[0],0,[0],[0],[0]],[[{"name":"img_home_guide","rect":{"x":1486,"y":30,"width":72,"height":33},"offset":{"x":0,"y":0},"originalSize":{"width":72,"height":33},"rotated":false,"capInsets":[0,0,0,0],"vertices":{"rawPosition":[],"indexes":[],"uv":[],"nuv":[],"minPos":{"x":0,"y":0,"z":0},"maxPos":{"x":0,"y":0,"z":0}},"packable":true,"pixelsToUnit":100,"pivot":{"x":0.5,"y":0.5},"meshType":0}],[0],0,[0],[0],[0]],[[{"name":"img_upgrade_speed","rect":{"x":806,"y":900,"width":139,"height":138},"offset":{"x":0,"y":0},"originalSize":{"width":139,"height":138},"rotated":false,"capInsets":[0,0,0,0],"vertices":{"rawPosition":[],"indexes":[],"uv":[],"nuv":[],"minPos":{"x":0,"y":0,"z":0},"maxPos":{"x":0,"y":0,"z":0}},"packable":true,"pixelsToUnit":100,"pivot":{"x":0.5,"y":0.5},"meshType":0}],[0],0,[0],[0],[0]],[[{"name":"fontg","rect":{"x":1575,"y":223,"width":74,"height":83},"offset":{"x":0,"y":0},"originalSize":{"width":74,"height":83},"rotated":false,"capInsets":[0,0,0,0],"vertices":{"rawPosition":[],"indexes":[],"uv":[],"nuv":[],"minPos":{"x":0,"y":0,"z":0},"maxPos":{"x":0,"y":0,"z":0}},"packable":true,"pixelsToUnit":100,"pivot":{"x":0.5,"y":0.5},"meshType":0}],[0],0,[0],[0],[0]],[[{"base":"2,2,0,0,2,0","rgbe":false,"mipmaps":[{"front":"6fAc9/gb9Kfr1dCvwZaWSA@b47c0@e9a6d","back":"6fAc9/gb9Kfr1dCvwZaWSA@b47c0@40c10","left":"6fAc9/gb9Kfr1dCvwZaWSA@b47c0@8fd34","right":"6fAc9/gb9Kfr1dCvwZaWSA@b47c0@74afd","top":"6fAc9/gb9Kfr1dCvwZaWSA@b47c0@bb97f","bottom":"6fAc9/gb9Kfr1dCvwZaWSA@b47c0@7d38f"}]}],[6],0,[],[],[]],[[{"fmt":"0","w":0,"h":0},-1],[1],0,[],[],[]],[[{"fmt":"0","w":0,"h":0},-1],[1],0,[],[],[]],[[{"fmt":"0","w":0,"h":0},-1],[1],0,[],[],[]],[[{"fmt":"0","w":0,"h":0},-1],[1],0,[],[],[]],[[{"fmt":"0","w":0,"h":0},-1],[1],0,[],[],[]],[[{"fmt":"0","w":0,"h":0},-1],[1],0,[],[],[]],[[[5,"Effect_Dion_birth_001"],[16,"Effect_Dion_birth_001",[-2],[8,"ecRfKmWhhMGJ+6UPqknFDA",null,null,null,-1,0],[3,0.7071067811865475,0,0,0.7071067811865476],[1,90,0,0]],[24,true,1,false,false,10,0,1,[3,"9ex5Ta0VtAGrkyue0mvcvw"],[[0,null],6,0],[4],[9,3,0.5,1],[0],[0],[26,3,0.3,0.5,10],[0],[0],[27,3,6.283185307179586],[0],[9,3,0.4,0.6],[0],[0],[0],[[28,[1,5]]],[29,true,[25,1,[30,[[2,0,0.008928571428571428],[2,255,0.13169642857142858],[2,255,0.3102678571428571],[2,0,0.9933035714285714]]]]],[31,true,4,0.2,0.08726646259971647,[1,1]],[32,true,[10,1,[11,[0,0.10512820512820513,1],[[12,1,1,1,1],[33,2,0.7074074074074074,0.9811320754716986,0.9811320754716986],[13,1,0.3269659344157912,1,0.3269659344157912,1]]]],[0],[0],[0]],[34,[0],[0],[0],[1,0.5]],[35,[0],[0],[0]],[36,0.5,[0],[0],[0],[1,0.5]],[37,[0],[0],[0]],[38,true,4,4,1,[10,1,[11,[0,1],[[12,1,1,1,1],[13,1,1,1,1,1]]]],[0]],[39],[40,[1,1],[0],[4],[4],-3],[41,true,1,2,3]]],0,[0,3,1,0,-1,2,0,5,2,0,4,1,3],[0,0,0,0],[-1,6,7,8],[1,1,1,2]],[[[5,"MoneyIcon"],[18,"MoneyIcon",33554432,[[42,-2,[3,"66pSV1e/dKSqL+CAeP2exi"],[5,71,70]],[43,1,2,-3,[3,"902bk3skFJ+5UCgRzgKraZ"],0]],[8,"4dR6i7JkNMTpYxv65Z0mRa",null,null,null,-1,0]]],0,[0,3,1,0,1,1,0,1,1,0,4,1,3],[0],[9],[3]],[[[44,"DT_smoke_006","1",[{"rasterizerState":{},"depthStencilState":{},"blendState":{"targets":[{}]}}],[{}],[[[{},"tintColor",8,[4,4286611584],"mainTexture",6,0]],11]]],0,0,[0,0],[10,11],[2,4]],[[[45,"main"],[19,"gui",33554432,[-5,-6],[[14,-1,[5,720,1280]],[46,-3,-2],[47,45,-4]],[1,360,640,0]],[20,"MoneyNode",1,[-12,-13],[[14,-7,[5,720,1280]],[48,45,100,100,-8],[49,-11,-10,-9,1]]],[21,"game",[-15,-16],[[50,-14,0]]],[22,"root","feApimfGhMRavhImp5uld2",[3,1],[[51,-17,3,1]]],[6,"mask",33554432,2,[[15,-18]]],[6,"layer",33554432,2,[[15,-19]]],[52,"main",[4],[23,null,null,"d58b794c-485a-4161-bd37-e58f4329c5cd",null,null,[]],[53,[54,0.5208,[2,0,0,0,0.520833125],[2,0,0,0,0],[2,0.519964,0.630786,0.905039,0.5208],[2,0.519544,0.630484,0.905069,0]],[55,true,[4,1798188627]],[56,1,true,2,3],[57,true,10,50,true,[4,4294964421]],[58],[59]]],[7,"Main Light",3,[[60,6296,75000,-20,[61]]],[1,-4.208,-10.65,-20.554],[3,-0.498119964764615,-0.23114933743041027,-0.7449517508195789,0.3788051919644518],[1,-130.024,-103.296,-19.518]],[7,"Main Camera",3,[[62,1822425087,-21]],[1,0,3.089,-1.433],[3,-0.27025598477922436,0,0,0.9627885036138579],[1,-31.359,0,0]],[17,"UICamera",1,[-22],[1,0,0,1000]],[63,0,1073741824,640,2000,6,41943040,10,[4,4278190080]]],0,[0,1,1,0,12,11,0,1,1,0,1,1,0,-1,10,0,-2,2,0,1,2,0,1,2,0,13,5,0,14,6,0,1,2,0,-1,5,0,-2,6,0,1,3,0,-1,8,0,-2,9,0,1,4,0,1,5,0,1,6,0,1,8,0,1,9,0,-1,11,0,15,7,1,2,4,3,2,4,4,2,7,22],[0,0,0,0],[16,17,18,19],[5,6,7,8]]]]
