[{"__type__":"cc.SpriteFrame","content":{"name":"cm_tk","texture":"1acJPSbSJBTIJnjhLGat7s","rect":[0,0,676,994],"offset":[0,0],"originalSize":[676,994]}},{"__type__":"cc.SpriteFrame","content":{"name":"close","texture":"30Mb1h1W5B5Yy6QdHcaz4z","rect":[0,0,43,44],"offset":[0,0],"originalSize":[43,44]}},[{"__type__":"cc.Prefab","_name":"HandsNode","data":{"__id__":1},"asyncLoadAssets":null},{"__type__":"cc.Node","_name":"HandsNode","_children":[{"__id__":2},{"__id__":3}],"_components":[{"__type__":"cc.Widget","node":{"__id__":1},"_alignFlags":45,"_originalWidth":750,"_originalHeight":1334},{"__type__":"67ee28xgNJH57MGuC1Cv0mt","node":{"__id__":1}}],"_prefab":{"__type__":"cc.PrefabInfo","root":{"__id__":1},"asset":{"__uuid__":"9eaJWyGpRJlpez31SLfmLe"},"fileId":"8eWFe0kkdBC7nqKxcJRpDj"},"_contentSize":{"__type__":"cc.Size","width":750,"height":1334},"_position":{"__type__":"cc.Vec2","x":375,"y":667}},{"__type__":"cc.Node","_name":"bg","_parent":{"__id__":1},"_components":[{"__type__":"cc.Sprite","node":{"__id__":2},"_spriteFrame":{"__uuid__":"a2MjXRFdtLlYQ5ouAFv/+R"},"_sizeMode":0},{"__type__":"cc.Widget","node":{"__id__":2},"_alignFlags":45,"_originalWidth":750,"_originalHeight":1334},{"__type__":"cc.Button","node":{"__id__":2}}],"_prefab":{"__type__":"cc.PrefabInfo","root":{"__id__":1},"asset":{"__uuid__":"9eaJWyGpRJlpez31SLfmLe"},"fileId":"b8y97HNDNIV523Fp+sozlA"},"_opacity":180,"_color":{"__type__":"cc.Color"},"_contentSize":{"__type__":"cc.Size","width":750,"height":1334}},{"__type__":"cc.Node","_name":"content","_parent":{"__id__":1},"_children":[{"__id__":4},{"__id__":6}],"_components":[{"__type__":"cc.Sprite","node":{"__id__":3},"_spriteFrame":{"__uuid__":"3dZtmJDvNMC5KbnbGJKFf+"}},{"__type__":"cc.Button","node":{"__id__":3}}],"_prefab":{"__type__":"cc.PrefabInfo","root":{"__id__":1},"asset":{"__uuid__":"9eaJWyGpRJlpez31SLfmLe"},"fileId":"ebR2v28sVPNZKyFRkzKN4z"},"_contentSize":{"__type__":"cc.Size","width":676,"height":994}},{"__type__":"cc.Node","_name":"closebtn","_parent":{"__id__":3},"_children":[{"__id__":5}],"_components":[{"__type__":"cc.Button","node":{"__id__":4},"transition":3,"zoomScale":0.8}],"_prefab":{"__type__":"cc.PrefabInfo","root":{"__id__":1},"asset":{"__uuid__":"9eaJWyGpRJlpez31SLfmLe"},"fileId":"24yV9xGdRElqQlU2fy9Veb"},"_contentSize":{"__type__":"cc.Size","width":80,"height":80},"_position":{"__type__":"cc.Vec2","x":299.0000000000002,"y":455.0000000000001}},{"__type__":"cc.Node","_name":"close","_parent":{"__id__":4},"_components":[{"__type__":"cc.Sprite","node":{"__id__":5},"_spriteFrame":{"__uuid__":"8e/XDr911FmKK06jMb9shz"}}],"_prefab":{"__type__":"cc.PrefabInfo","root":{"__id__":1},"asset":{"__uuid__":"9eaJWyGpRJlpez31SLfmLe"},"fileId":"8b/yUfB1dHna3i/mJM57Gi"},"_contentSize":{"__type__":"cc.Size","width":43,"height":44}},{"__type__":"cc.Node","_name":"layout","_parent":{"__id__":3},"_children":[{"__id__":7},{"__id__":9},{"__id__":11},{"__id__":13},{"__id__":15}],"_components":[{"__type__":"cc.Layout","node":{"__id__":6},"_layoutSize":{"__type__":"cc.Size","width":300,"height":620},"_resize":1,"_N$layoutType":2,"_N$spacingY":30}],"_prefab":{"__type__":"cc.PrefabInfo","root":{"__id__":1},"asset":{"__uuid__":"9eaJWyGpRJlpez31SLfmLe"},"fileId":"aeMEr6tRRPl5Fqdm5hrIOJ"},"_contentSize":{"__type__":"cc.Size","width":300,"height":620},"_position":{"__type__":"cc.Vec2","y":-25}},{"__type__":"cc.Node","_name":"randomHandbtn","_parent":{"__id__":6},"_children":[{"__id__":8}],"_components":[{"__type__":"cc.Sprite","node":{"__id__":7},"_spriteFrame":{"__uuid__":"c14/hH0JpPUpNV08oVFdoU"},"_type":1,"_sizeMode":0},{"__type__":"cc.Button","node":{"__id__":7},"transition":3,"zoomScale":0.8},{"__type__":"14976GZuG1P34yFpTPW7yYX","node":{"__id__":7}}],"_prefab":{"__type__":"cc.PrefabInfo","root":{"__id__":1},"asset":{"__uuid__":"9eaJWyGpRJlpez31SLfmLe"},"fileId":"dc+HhF5x5Ng7z4DXCk2hKG"},"_contentSize":{"__type__":"cc.Size","width":520,"height":100},"_position":{"__type__":"cc.Vec2","y":260}},{"__type__":"cc.Node","_name":"label","_parent":{"__id__":7},"_components":[{"__type__":"cc.Label","node":{"__id__":8},"_fontSize":38,"_lineHeight":50,"_N$string":"随机牌局","_N$horizontalAlign":1,"_N$verticalAlign":1}],"_prefab":{"__type__":"cc.PrefabInfo","root":{"__id__":1},"asset":{"__uuid__":"9eaJWyGpRJlpez31SLfmLe"},"fileId":"27a7dCW+REAZN8ODHjnM36"},"_contentSize":{"__type__":"cc.Size","width":152,"height":50}},{"__type__":"cc.Node","_name":"liveHandbtn","_parent":{"__id__":6},"_children":[{"__id__":10}],"_components":[{"__type__":"cc.Sprite","node":{"__id__":9},"_spriteFrame":{"__uuid__":"c14/hH0JpPUpNV08oVFdoU"},"_type":1,"_sizeMode":0},{"__type__":"cc.Button","node":{"__id__":9},"transition":3,"zoomScale":0.8}],"_prefab":{"__type__":"cc.PrefabInfo","root":{"__id__":1},"asset":{"__uuid__":"9eaJWyGpRJlpez31SLfmLe"},"fileId":"69Xde4RLZISYalneAJtkPs"},"_contentSize":{"__type__":"cc.Size","width":520,"height":100},"_position":{"__type__":"cc.Vec2","y":130}},{"__type__":"cc.Node","_name":"label","_parent":{"__id__":9},"_components":[{"__type__":"cc.Label","node":{"__id__":10},"_fontSize":38,"_lineHeight":50,"_N$string":"活局","_N$horizontalAlign":1,"_N$verticalAlign":1}],"_prefab":{"__type__":"cc.PrefabInfo","root":{"__id__":1},"asset":{"__uuid__":"9eaJWyGpRJlpez31SLfmLe"},"fileId":"66Yal1p9pEPoFRv6PVkiNr"},"_contentSize":{"__type__":"cc.Size","width":76,"height":50}},{"__type__":"cc.Node","_name":"wjsHandbtn","_parent":{"__id__":6},"_children":[{"__id__":12}],"_components":[{"__type__":"cc.Sprite","node":{"__id__":11},"_spriteFrame":{"__uuid__":"c14/hH0JpPUpNV08oVFdoU"},"_type":1,"_sizeMode":0},{"__type__":"cc.Button","node":{"__id__":11},"transition":3,"zoomScale":0.8}],"_prefab":{"__type__":"cc.PrefabInfo","root":{"__id__":1},"asset":{"__uuid__":"9eaJWyGpRJlpez31SLfmLe"},"fileId":"2eWr5zechAsoa9MS/sxkjS"},"_contentSize":{"__type__":"cc.Size","width":520,"height":100}},{"__type__":"cc.Node","_name":"label","_parent":{"__id__":11},"_components":[{"__type__":"cc.Label","node":{"__id__":12},"_fontSize":38,"_lineHeight":50,"_N$string":"维加斯","_N$horizontalAlign":1,"_N$verticalAlign":1}],"_prefab":{"__type__":"cc.PrefabInfo","root":{"__id__":1},"asset":{"__uuid__":"9eaJWyGpRJlpez31SLfmLe"},"fileId":"99z5zPGYBJ1awLQO8GfJ3f"},"_contentSize":{"__type__":"cc.Size","width":114,"height":50}},{"__type__":"cc.Node","_name":"restartbtn","_parent":{"__id__":6},"_children":[{"__id__":14}],"_components":[{"__type__":"cc.Sprite","node":{"__id__":13},"_spriteFrame":{"__uuid__":"c14/hH0JpPUpNV08oVFdoU"},"_type":1,"_sizeMode":0},{"__type__":"cc.Button","node":{"__id__":13},"transition":3,"zoomScale":0.8}],"_prefab":{"__type__":"cc.PrefabInfo","root":{"__id__":1},"asset":{"__uuid__":"9eaJWyGpRJlpez31SLfmLe"},"fileId":"5274B5XChKY52/cRHopCwq"},"_contentSize":{"__type__":"cc.Size","width":520,"height":100},"_position":{"__type__":"cc.Vec2","y":-130}},{"__type__":"cc.Node","_name":"label","_parent":{"__id__":13},"_components":[{"__type__":"cc.Label","node":{"__id__":14},"_fontSize":38,"_lineHeight":50,"_N$string":"重玩本局","_N$horizontalAlign":1,"_N$verticalAlign":1}],"_prefab":{"__type__":"cc.PrefabInfo","root":{"__id__":1},"asset":{"__uuid__":"9eaJWyGpRJlpez31SLfmLe"},"fileId":"9014BQhkxCxYZH+QAmuixk"},"_contentSize":{"__type__":"cc.Size","width":152,"height":50}},{"__type__":"cc.Node","_name":"tjinfobtn","_parent":{"__id__":6},"_children":[{"__id__":16}],"_components":[{"__type__":"cc.Sprite","node":{"__id__":15},"_spriteFrame":{"__uuid__":"c14/hH0JpPUpNV08oVFdoU"},"_type":1,"_sizeMode":0},{"__type__":"cc.Button","node":{"__id__":15},"transition":3,"zoomScale":0.8}],"_prefab":{"__type__":"cc.PrefabInfo","root":{"__id__":1},"asset":{"__uuid__":"9eaJWyGpRJlpez31SLfmLe"},"fileId":"4cleiLQw1Nx77XZNiILVD0"},"_contentSize":{"__type__":"cc.Size","width":520,"height":100},"_position":{"__type__":"cc.Vec2","y":-260}},{"__type__":"cc.Node","_name":"label","_parent":{"__id__":15},"_components":[{"__type__":"cc.Label","node":{"__id__":16},"_fontSize":38,"_lineHeight":50,"_N$string":"统计信息","_N$horizontalAlign":1,"_N$verticalAlign":1}],"_prefab":{"__type__":"cc.PrefabInfo","root":{"__id__":1},"asset":{"__uuid__":"9eaJWyGpRJlpez31SLfmLe"},"fileId":"cb6pyGwEBNyqKYMlWhyb1C"},"_contentSize":{"__type__":"cc.Size","width":152,"height":50}}],{"__type__":"cc.SpriteFrame","content":{"name":"default_sprite_splash","texture":"02delMVqdBD70a/HSD99FK","rect":[0,0,2,2],"offset":[0,0],"originalSize":[2,2]}},{"__type__":"cc.SpriteFrame","content":{"name":"itembg","texture":"afpe/RjMdHMa0fM3KKYmoA","rect":[0,0,50,50],"offset":[0,0],"originalSize":[50,50],"capInsets":[13,13,14,13]}}]