[{"__type__":"cc.SpriteFrame","content":{"name":"barBG","texture":"c34vH7I2tDzqGcDgSq+Szv","rect":[0,0,720,26],"offset":[0,0],"originalSize":[720,26]}},[{"__type__":"cc.SceneAsset","_name":"RootScene","scene":{"__id__":1},"asyncLoadAssets":null},{"__type__":"cc.Scene","_name":"New Node","_children":[{"__id__":2}],"_active":false,"_anchorPoint":{"__type__":"cc.Vec2"},"autoReleaseAssets":false},{"__type__":"cc.Node","_name":"Canvas","_parent":{"__id__":1},"_children":[{"__id__":3},{"__id__":4},{"__id__":5},{"__id__":6},{"__id__":7},{"__id__":8},{"__id__":17}],"_components":[{"__type__":"cc.Canvas","node":{"__id__":2},"_designResolution":{"__type__":"cc.Size","width":750,"height":1334},"_fitWidth":true},{"__type__":"07848UQxJ9DTIwDhO295GXw","node":{"__id__":2},"layerContent":{"__id__":5},"nodeContent":{"__id__":6},"popContent":{"__id__":7},"toastContent":{"__id__":17},"loadingNode":{"__id__":8},"loadingLogoNode":{"__id__":15},"loadingLogoCircle":{"__id__":16},"loadingProgressBar":{"__id__":14},"progressLabel":{"__id__":11}},{"__type__":"cc.Widget","node":{"__id__":2},"_alignFlags":45,"_originalWidth":750,"_originalHeight":1334}],"_id":"09mLGLeKBAAps98N84ktBY","_contentSize":{"__type__":"cc.Size","width":750,"height":1334},"_position":{"__type__":"cc.Vec2","x":375,"y":667}},{"__type__":"cc.Node","_name":"loginBg","_parent":{"__id__":2},"_components":[{"__type__":"cc.Sprite","node":{"__id__":3},"_spriteFrame":{"__uuid__":"a5qLm7HVFEnrbDIonKxn60"},"_type":1,"_sizeMode":0},{"__type__":"cc.Widget","node":{"__id__":3},"_alignFlags":45,"_originalWidth":750,"_originalHeight":1334}],"_contentSize":{"__type__":"cc.Size","width":750,"height":1334}},{"__type__":"cc.Node","_name":"Main Camera","_parent":{"__id__":2},"_components":[{"__type__":"cc.Camera","node":{"__id__":4}}]},{"__type__":"cc.Node","_name":"LayerContent","_parent":{"__id__":2},"_components":[{"__type__":"cc.Widget","node":{"__id__":5},"_alignFlags":45,"_originalWidth":750,"_originalHeight":1334}],"_contentSize":{"__type__":"cc.Size","width":750,"height":1334}},{"__type__":"cc.Node","_name":"NodeContent","_parent":{"__id__":2},"_components":[{"__type__":"cc.Widget","node":{"__id__":6},"_alignFlags":45,"_originalWidth":750,"_originalHeight":1334}],"_contentSize":{"__type__":"cc.Size","width":750,"height":1334}},{"__type__":"cc.Node","_name":"PopContent","_parent":{"__id__":2},"_components":[{"__type__":"cc.Widget","node":{"__id__":7},"_alignFlags":45,"_originalWidth":750,"_originalHeight":1334}],"_contentSize":{"__type__":"cc.Size","width":750,"height":1334}},{"__type__":"cc.Node","_name":"LoadingNode","_parent":{"__id__":2},"_children":[{"__id__":9},{"__id__":15}],"_components":[{"__type__":"cc.BlockInputEvents","node":{"__id__":8}},{"__type__":"cc.Widget","node":{"__id__":8},"_alignFlags":45,"_originalWidth":750,"_originalHeight":1334}],"_opacity":200,"_color":{"__type__":"cc.Color"},"_contentSize":{"__type__":"cc.Size","width":750,"height":1334}},{"__type__":"cc.Node","_name":"loadingProgressBar","_parent":{"__id__":8},"_children":[{"__id__":10},{"__id__":12}],"_active":false,"_components":[{"__type__":"cc.Sprite","node":{"__id__":9},"_spriteFrame":{"__uuid__":"03H/2+ZNJLn6lcnRtmvp6Q"}},{"__id__":14},{"__type__":"cc.Widget","node":{"__id__":9},"_alignFlags":44,"_left":15,"_right":15,"_top":1306,"_bottom":2,"_originalWidth":720,"_originalHeight":26}],"_contentSize":{"__type__":"cc.Size","width":720,"height":26},"_position":{"__type__":"cc.Vec2","y":-652}},{"__type__":"cc.Node","_name":"progressLabel","_parent":{"__id__":9},"_components":[{"__id__":11}],"_color":{"__type__":"cc.Color"},"_contentSize":{"__type__":"cc.Size","width":102.3,"height":40},"_position":{"__type__":"cc.Vec2","y":47}},{"__type__":"cc.Label","node":{"__id__":10},"_useOriginalSize":false,"_N$string":"100%","_N$horizontalAlign":2,"_N$verticalAlign":1},{"__type__":"cc.Node","_name":"bar","_parent":{"__id__":9},"_components":[{"__id__":13}],"_anchorPoint":{"__type__":"cc.Vec2","y":0.5},"_contentSize":{"__type__":"cc.Size","width":750,"height":26},"_position":{"__type__":"cc.Vec2","x":-375}},{"__type__":"cc.Sprite","node":{"__id__":12},"_spriteFrame":{"__uuid__":"8a2MRejGRF5pbgegyBULCb"},"_sizeMode":0},{"__type__":"cc.ProgressBar","node":{"__id__":9},"_N$totalLength":750,"_N$barSprite":{"__id__":13}},{"__type__":"cc.Node","_name":"loadingLogo","_parent":{"__id__":8},"_children":[{"__id__":16}],"_active":false,"_components":[{"__type__":"cc.Sprite","node":{"__id__":15},"_spriteFrame":{"__uuid__":"9bLRuqQ/JH15BQnQhuPzff"},"_sizeMode":2,"_isTrimmedMode":false}],"_contentSize":{"__type__":"cc.Size","width":133,"height":133}},{"__type__":"cc.Node","_name":"loading-quan","_parent":{"__id__":15},"_components":[{"__type__":"cc.Sprite","node":{"__id__":16},"_spriteFrame":{"__uuid__":"dcHEl4Ke1EObLyR8XLF3Dw"},"_sizeMode":2,"_isTrimmedMode":false}],"_contentSize":{"__type__":"cc.Size","width":133,"height":133}},{"__type__":"cc.Node","_name":"ToastContent","_parent":{"__id__":2},"_contentSize":{"__type__":"cc.Size","width":750,"height":1334}}],{"__type__":"cc.SpriteFrame","content":{"name":"bar","texture":"eb4ob1sNRPt70xstspnZmk","rect":[0,0,720,26],"offset":[0,0],"originalSize":[720,26]}},{"__type__":"cc.SpriteFrame","content":{"name":"loading-logo","texture":"fauZBJX2tOwIrvidsawcX+","rect":[29,35,79,55],"offset":[2,4],"originalSize":[133,133]}},{"__type__":"cc.SpriteFrame","content":{"name":"diban1","texture":"91r5OLUARHBLrhCqDGsMlh","rect":[0,0,75,75],"offset":[0,0],"originalSize":[75,75],"capInsets":[15,15,17,17]}},{"__type__":"cc.SpriteFrame","content":{"name":"loading-quan","texture":"653TOwZzBJuKvE93CyDRjX","rect":[8,6,103,119],"offset":[-7,1],"originalSize":[133,133]}}]