[1,["37gxfNeFpPVInO26P/NLHt@46540"],["root","node","data","_mesh"],[["cc.Node",["_name","_prefab","_children","_parent","_components","_lrot","_euler"],2,4,2,1,9,5,5],["cc.Mesh",["_native","_hash","_struct"],1,11],["cc.Prefab",[],3],["cc.PrefabInfo",["fileId","instance","targetOverrides","nestedPrefabInstanceRoots","root","asset"],-1,1,1],["cc.MeshRenderer",["_materials","node","__prefab","bakeSettings","_mesh"],2,1,4,4,6],["cc.CompPrefabInfo",["fileId"],2],["cc.ModelBakeSettings",[],3]],[[3,0,1,2,3,4,5,5],[1,0,1,2,3],[2,1],[0,0,2,1,2],[0,0,3,4,1,5,6,2],[4,0,1,2,3,4,2],[5,0,2],[6,1]],[[[[1,".bin",1996486999,[{"primitives":[{"primitiveMode":7,"vertexBundelIndices":[0],"indexView":{"offset":6144,"length":1440,"count":360,"stride":4}}],"vertexBundles":[{"view":{"offset":0,"length":6144,"count":96,"stride":64},"attributes":[{"name":"a_position","format":32,"isNormalized":false},{"name":"a_normal","format":32,"isNormalized":false},{"name":"a_texCoord","format":21,"isNormalized":false},{"name":"a_tangent","format":44,"isNormalized":false},{"name":"a_color","format":44,"isNormalized":false}]}]},"minPosition",8,[1,-0.07772264629602432,-0.10683098435401917,0],"maxPosition",8,[1,0.07772264629602432,0.10683098435401917,0.11203541606664658]]],-1],0,0,[],[],[]],[[[2],[3,"CubeGlow_001",[-2],[0,"29Dh3P4dJV4aahoJ6kRKmc",null,null,null,-1,0]],[4,"Box001",1,[[5,[null],-3,[6,"a81f9G+TxUvrxXN4rQclvp"],[7],0]],[0,"e1INB2MOFSb7RZ0bfUg6uS",null,null,null,1,0],[3,-0.7071067811865476,0,0,0.7071067811865476],[1,-90.00000000000003,0,0]]],0,[0,0,1,0,-1,2,0,1,2,0,2,1,3],[0],[3],[0]]]]
