[1,["7czvegN3FAl7pXdKOrxyXR@883e3","7czvegN3FAl7pXdKOrxyXR@caa5f","1brw/JvvpFnIvdrxpFCgMZ"],["root","node","data","_mesh","_effectAsset"],[["cc.Prefab",[],3],["cc.Node",["_name","_components","_prefab","_lscale"],2,9,4,5],["cc.MeshRenderer",["node","__prefab","_materials","bakeSettings","_mesh"],3,1,4,3,4,6],["cc.CompPrefabInfo",["fileId"],2],["cc.ModelBakeSettings",[],3],["cc.PrefabInfo",["fileId","instance","targetOverrides","nestedPrefabInstanceRoots","root","asset"],-1,1,1],["cc.Material",["_name","_states","_defines","_props"],0,12],["cc.Mesh",["_native","_hash","_struct"],1,11]],[[0,1],[1,0,1,2,3,2],[2,0,1,2,3,4,1],[3,0,2],[4,1],[5,0,1,2,3,4,5,5],[6,0,1,2,3,4],[7,0,1,2,3]],[[[[0],[1,"Crown",[[2,-2,[3,"20Q5CuOmlfWYweJU7bZWd2"],[0],[4],1]],[5,"26ZPQmZbNcPqX/uGjSvIh8",null,null,null,-1,0],[1,0.3886820077896118,0.3886820077896118,0.3886820077896118]]],0,[0,0,1,0,1,1,0,2,1,2],[0,0],[-1,3],[0,1]],[[[6,"14 - Default",[{"rasterizerState":{},"blendState":{"targets":[{}]},"depthStencilState":{}}],[{}],[[[{"metallic":0.4000000059604645,"roughness":0.7071067690849304},"albedoScale",8,[1,0.5882353186607361,0.5882353186607361,0.5882353186607361]]],11]]],0,0,[0],[4],[2]],[[[7,".bin",758180742,[{"primitives":[{"primitiveMode":7,"vertexBundelIndices":[0],"indexView":{"offset":16128,"length":5184,"count":1296,"stride":4}}],"vertexBundles":[{"view":{"offset":0,"length":16128,"count":336,"stride":48},"attributes":[{"name":"a_position","format":32,"isNormalized":false},{"name":"a_normal","format":32,"isNormalized":false},{"name":"a_texCoord","format":21,"isNormalized":false},{"name":"a_tangent","format":44,"isNormalized":false}]}]},"minPosition",8,[1,-0.46963202953338623,0.011421608738601208,-0.46963202953338623],"maxPosition",8,[1,0.46963202953338623,0.5607476234436035,0.46963202953338623]]],-1],0,0,[],[],[]]]]
