[1,["1brw/JvvpFnIvdrxpFCgMZ"],["_effectAsset"],[["cc.Material",["_name","_techIdx","_defines","_states","_props"],0,12,12]],[[0,0,1,2,3,4,4]],[[0,"mat_hyaline","1",[{},{},{}],[[{"rasterizerState":{"cullMode":0},"depthStencilState":{},"blendState":{"targets":[{}]}},[{"rasterizerState":{},"depthStencilState":{}},"blendState",11,[{"targets":[{}]},"blendColor",8,[4,1405141194]]],{"rasterizerState":{},"depthStencilState":{},"blendState":{"targets":[{}]}}],0,11,0],[[[{"roughness":0.8,"metallic":0.6},"mainColor",8,[4,1157627903]],{},{}],11,0,0]]],0,0,[0],[0],[0]]
