[{"__type__":"cc.SpriteFrame","content":{"name":"41","texture":"5dZ6jkr0ROIIj9LSWlxQNz","rect":[520,580,104,145],"offset":[0,0],"originalSize":[104,145]}},{"__type__":"cc.SpriteFrame","content":{"name":"4","texture":"5dZ6jkr0ROIIj9LSWlxQNz","rect":[416,0,104,145],"offset":[0,0],"originalSize":[104,145]}},{"__type__":"cc.SpriteFrame","content":{"name":"50","texture":"9dVTt/SVhFN4+ZQruyu5Fs","rect":[520,725,104,145],"offset":[0,0],"originalSize":[104,145]}},{"__type__":"cc.SpriteFrame","content":{"name":"1","texture":"54AHHyGzJJEbrUjidyaSmZ","rect":[104,0,104,145],"offset":[0,0],"originalSize":[104,145]}},{"__type__":"cc.SpriteFrame","content":{"name":"44","texture":"54AHHyGzJJEbrUjidyaSmZ","rect":[832,580,104,145],"offset":[0,0],"originalSize":[104,145]}},{"__type__":"cc.SpriteFrame","content":{"name":"31","texture":"54AHHyGzJJEbrUjidyaSmZ","rect":[416,435,104,145],"offset":[0,0],"originalSize":[104,145]}},{"__type__":"cc.SpriteFrame","content":{"name":"15","texture":"9dVTt/SVhFN4+ZQruyu5Fs","rect":[624,145,104,145],"offset":[0,0],"originalSize":[104,145]}},{"__type__":"cc.SpriteFrame","content":{"name":"40","texture":"54AHHyGzJJEbrUjidyaSmZ","rect":[416,580,104,145],"offset":[0,0],"originalSize":[104,145]}},{"__type__":"cc.SpriteFrame","content":{"name":"4","texture":"54AHHyGzJJEbrUjidyaSmZ","rect":[416,0,104,145],"offset":[0,0],"originalSize":[104,145]}},{"__type__":"cc.SpriteFrame","content":{"name":"25","texture":"54AHHyGzJJEbrUjidyaSmZ","rect":[728,290,104,145],"offset":[0,0],"originalSize":[104,145]}},{"__type__":"cc.SpriteFrame","content":{"name":"51","texture":"aalnHw1W1NbqLF4YpZVPTA","rect":[624,725,104,145],"offset":[0,0],"originalSize":[104,145]}},{"__type__":"cc.SpriteFrame","content":{"name":"40","texture":"9dVTt/SVhFN4+ZQruyu5Fs","rect":[416,580,104,145],"offset":[0,0],"originalSize":[104,145]}},{"__type__":"cc.SpriteFrame","content":{"name":"29","texture":"5dZ6jkr0ROIIj9LSWlxQNz","rect":[208,435,104,145],"offset":[0,0],"originalSize":[104,145]}},{"__type__":"cc.SpriteFrame","content":{"name":"27","texture":"54AHHyGzJJEbrUjidyaSmZ","rect":[0,435,104,145],"offset":[0,0],"originalSize":[104,145]}},{"__type__":"cc.SpriteFrame","content":{"name":"23","texture":"aalnHw1W1NbqLF4YpZVPTA","rect":[520,290,104,145],"offset":[0,0],"originalSize":[104,145]}},{"__type__":"cc.SpriteFrame","content":{"name":"34","texture":"54AHHyGzJJEbrUjidyaSmZ","rect":[728,435,104,145],"offset":[0,0],"originalSize":[104,145]}},{"__type__":"cc.SpriteFrame","content":{"name":"34","texture":"aalnHw1W1NbqLF4YpZVPTA","rect":[728,435,104,145],"offset":[0,0],"originalSize":[104,145]}},{"__type__":"cc.SpriteFrame","content":{"name":"44","texture":"aalnHw1W1NbqLF4YpZVPTA","rect":[832,580,104,145],"offset":[0,0],"originalSize":[104,145]}},{"__type__":"cc.SpriteFrame","content":{"name":"9","texture":"9dVTt/SVhFN4+ZQruyu5Fs","rect":[0,145,104,145],"offset":[0,0],"originalSize":[104,145]}},{"__type__":"cc.SpriteFrame","content":{"name":"40","texture":"5dZ6jkr0ROIIj9LSWlxQNz","rect":[416,580,104,145],"offset":[0,0],"originalSize":[104,145]}},{"__type__":"cc.SpriteFrame","content":{"name":"37","texture":"adzh+Dz2ZB/5USIcC9uqKF","rect":[104,580,104,145],"offset":[0,0],"originalSize":[104,145]}},{"__type__":"cc.SpriteFrame","content":{"name":"36","texture":"9dVTt/SVhFN4+ZQruyu5Fs","rect":[0,580,104,145],"offset":[0,0],"originalSize":[104,145]}},{"__type__":"cc.SpriteFrame","content":{"name":"15","texture":"aalnHw1W1NbqLF4YpZVPTA","rect":[624,145,104,145],"offset":[0,0],"originalSize":[104,145]}},{"__type__":"cc.SpriteAtlas","_name":"pokers5.plist","_spriteFrames":{"0":{"__uuid__":"447xZ+8SlLpoFWm5A2TwpY"},"1":{"__uuid__":"5blz5rmBVKz4x0kcjgjXBA"},"2":{"__uuid__":"e9aesdSKlO5ZY6Nn/2g6KC"},"3":{"__uuid__":"b8mHWYE4xNFpT1sqVxEb0I"},"4":{"__uuid__":"c4RaJ0Zl5I1ZuiNsGBy86b"},"5":{"__uuid__":"37aoi9K4tJmLx1va3OvQHb"},"6":{"__uuid__":"73iix8+3FOpKnhrqFH34RZ"},"7":{"__uuid__":"83zZnwPoJL3KoIvOv2dpXR"},"8":{"__uuid__":"5a29LO+1NFU5LIvZ1sBxPz"},"9":{"__uuid__":"faF7uW+clBeKAkWgM9aJ3B"},"10":{"__uuid__":"9d3RA1Gq1JgZmNTqBhGR1s"},"11":{"__uuid__":"cdbOSzC2VBDYdqWOtEFFak"},"12":{"__uuid__":"81og8vQOZOaYv+X7TYYk+o"},"13":{"__uuid__":"ad5w1oi3hGsZAO0NRci4pm"},"14":{"__uuid__":"d0Ye/fOUNAKp4xVAOjvPUB"},"15":{"__uuid__":"1dKLY45WpOgqfr1fo8BcDC"},"16":{"__uuid__":"b45RZI70NF4aKD2yEQoCj0"},"17":{"__uuid__":"5c3+h6gZRNjJDdvWekYoqH"},"18":{"__uuid__":"2eWRlUufZHFq+YCOT3m0lS"},"19":{"__uuid__":"87iHQP/whCW4RnUseTqWlL"},"20":{"__uuid__":"e4kC/zxTFASbv8dTL5Tjyf"},"21":{"__uuid__":"b8ZzzVBtVO6pHzUNJTj+10"},"22":{"__uuid__":"9fwY7cEelL5KMkQm98NKP8"},"23":{"__uuid__":"0e7n/i0DRJKIRw6EdN2DNy"},"24":{"__uuid__":"efJuEbv8NEb4I92MZ+jr1n"},"25":{"__uuid__":"9a16vbKBxMbr8Vo37ryR/C"},"26":{"__uuid__":"cdWVk1EdVN64losvJsarZr"},"27":{"__uuid__":"deQN2FeOpIQoiJ9BhVFNpl"},"28":{"__uuid__":"cbXWPZzZtHzIu6maRW+50b"},"29":{"__uuid__":"ffLAPYc2xGcoc8qi3Iem9X"},"30":{"__uuid__":"918JiRaF1NNLMfkpPhMNi/"},"31":{"__uuid__":"42viSLJw5I7IjRg58cMt2Y"},"32":{"__uuid__":"21cgMkMhBPBqphgSuwLhjZ"},"33":{"__uuid__":"9bXeM3V0pP0Zu9yNaZCL5a"},"34":{"__uuid__":"14CEcbt81MLIjnNGPXSszf"},"35":{"__uuid__":"4f1JlTxPZDV4siOP7t+1qv"},"36":{"__uuid__":"e4Tb0xGkBAloI8bEoMmBoe"},"37":{"__uuid__":"f8XDaWQLVGxZNGj3RqERGH"},"38":{"__uuid__":"c8OqL0xGBMG4tF3p7nCRh9"},"39":{"__uuid__":"f6q165GQJNCa2O6NNKbm1H"},"40":{"__uuid__":"88lsizZ0hNo5pbVFoHMTYG"},"41":{"__uuid__":"47ejcPvsxIGbZO7nCLX8Bw"},"42":{"__uuid__":"7bigo20W5Ac7sPRlSREJT1"},"43":{"__uuid__":"900HZRV4NL2KZmrklNpXXH"},"44":{"__uuid__":"15mLt0fw1On7/jmk0M1wI+"},"45":{"__uuid__":"bdJ71+6WBClqjzC9Rwbyz2"},"46":{"__uuid__":"97oKxoT69EBL099Qsm4eis"},"47":{"__uuid__":"34nO8/sqlIFrKnLyXUgP6W"},"48":{"__uuid__":"edhEi8wApHQbGCcJgkMyPq"},"49":{"__uuid__":"a7kpRm9AtCCIdJg4Q1nkZv"},"50":{"__uuid__":"3cSeoCibRM6ZH9GULEe0YT"},"51":{"__uuid__":"09jNzqsQFKsIZ6a44Au6wd"},"bg":{"__uuid__":"7dnyTorzxPD61dvpkO7oe7"}}},{"__type__":"cc.SpriteFrame","content":{"name":"44","texture":"9dVTt/SVhFN4+ZQruyu5Fs","rect":[832,580,104,145],"offset":[0,0],"originalSize":[104,145]}},{"__type__":"cc.SpriteFrame","content":{"name":"15","texture":"54AHHyGzJJEbrUjidyaSmZ","rect":[624,145,104,145],"offset":[0,0],"originalSize":[104,145]}},{"__type__":"cc.SpriteFrame","content":{"name":"29","texture":"adzh+Dz2ZB/5USIcC9uqKF","rect":[208,435,104,145],"offset":[0,0],"originalSize":[104,145]}},{"__type__":"cc.SpriteFrame","content":{"name":"32","texture":"aalnHw1W1NbqLF4YpZVPTA","rect":[520,435,104,145],"offset":[0,0],"originalSize":[104,145]}},{"__type__":"cc.SpriteFrame","content":{"name":"43","texture":"9dVTt/SVhFN4+ZQruyu5Fs","rect":[728,580,104,145],"offset":[0,0],"originalSize":[104,145]}},{"__type__":"cc.SpriteFrame","content":{"name":"28","texture":"9dVTt/SVhFN4+ZQruyu5Fs","rect":[104,435,104,145],"offset":[0,0],"originalSize":[104,145]}},{"__type__":"cc.SpriteFrame","content":{"name":"28","texture":"adzh+Dz2ZB/5USIcC9uqKF","rect":[104,435,104,145],"offset":[0,0],"originalSize":[104,145]}},{"__type__":"cc.SpriteFrame","content":{"name":"30","texture":"54AHHyGzJJEbrUjidyaSmZ","rect":[312,435,104,145],"offset":[0,0],"originalSize":[104,145]}},{"__type__":"cc.SpriteFrame","content":{"name":"31","texture":"9dVTt/SVhFN4+ZQruyu5Fs","rect":[416,435,104,145],"offset":[0,0],"originalSize":[104,145]}},{"__type__":"cc.SpriteFrame","content":{"name":"50","texture":"5dZ6jkr0ROIIj9LSWlxQNz","rect":[520,725,104,145],"offset":[0,0],"originalSize":[104,145]}},{"__type__":"cc.SpriteAtlas","_name":"pokers2.plist","_spriteFrames":{"0":{"__uuid__":"8fkCWOZBtKJ50whwk63tSO"},"1":{"__uuid__":"d2lZ4/1FxHNoDQ4H353zXC"},"2":{"__uuid__":"71HRnFy9hFIK8+C2M2j9HD"},"3":{"__uuid__":"5bOMB47mVNFZlTH889L3Dw"},"4":{"__uuid__":"53JKa7a6BIQ4oJwPNlxMks"},"5":{"__uuid__":"b5zqqRYhNFzYlFO7t5k/X1"},"6":{"__uuid__":"9ftgws6z5In7mIq7FauBoy"},"7":{"__uuid__":"aawlex/1dH7YtruKr6injR"},"8":{"__uuid__":"7enZrktk9BBpBFc3F13kqZ"},"9":{"__uuid__":"16tCwg+F9B9JjYbh7035WF"},"10":{"__uuid__":"efTwcPKAVLoIzR6GZN41w5"},"11":{"__uuid__":"d4YEcWB5JKALx4N+1iDMyp"},"12":{"__uuid__":"ccRnizxtJKZaZ4y2okeLOC"},"13":{"__uuid__":"b9W66pgvRDtaeVYuqtHwXx"},"14":{"__uuid__":"e3yaL6d35BgoyiPP507cbO"},"15":{"__uuid__":"06z2RJe7BCgr9hCpmEGXYB"},"16":{"__uuid__":"fdE3Hrp3FMWpoO1UQPq26h"},"17":{"__uuid__":"a9mDRdqc1DE6iNuZy+jwiD"},"18":{"__uuid__":"65tHF+bLtAtbrvCqSQoY7D"},"19":{"__uuid__":"c1ySPoNGNLUrcsKrz4a0yS"},"20":{"__uuid__":"81bsFE9slP9ph+8Um+xYgN"},"21":{"__uuid__":"9diKPyA4VJLqZIy+N/cJNZ"},"22":{"__uuid__":"b3xmKh1GVFbphcfn15DNL7"},"23":{"__uuid__":"e2GzGZp1RELomH8b9/EFE1"},"24":{"__uuid__":"79w2MnPktITLxcp9TCJqpL"},"25":{"__uuid__":"349JqQh0ZKLp6/gnpz0ZXO"},"26":{"__uuid__":"7eYFOwraRGQZ9059UCCYI4"},"27":{"__uuid__":"c97L4YbkpGxo2U/K7reMD2"},"28":{"__uuid__":"25iBTwV7JEiq1w68Efvec3"},"29":{"__uuid__":"bb8L1be/dE/bYSB7Qb1ouE"},"30":{"__uuid__":"c8A8H4xs5O6LozrvmS6tlK"},"31":{"__uuid__":"29wpLwOddPrYaeRJBi5JBu"},"32":{"__uuid__":"43szbSK7ZBs7mtr3SGDj+4"},"33":{"__uuid__":"4ff8Jy/MRNCqPaU5CS2qYt"},"34":{"__uuid__":"b6/4m3/dtNJqfmqoRUclZf"},"35":{"__uuid__":"74TWMHSwtL6J/xd3RYbVcF"},"36":{"__uuid__":"1cX1hho3xO4o4P05DzD4Dx"},"37":{"__uuid__":"8f8VBNtDZK2rd6c8aWhQjX"},"38":{"__uuid__":"99cxmzW11KYK6TEAZxXbe2"},"39":{"__uuid__":"8cVZp1W3BHS5tZDexdAKqF"},"40":{"__uuid__":"0cVno8UCJGxK0XjqYedbir"},"41":{"__uuid__":"73L65qRdlPcbBZF965josU"},"42":{"__uuid__":"d0JEd1e9dP8JewYqq+FQ8q"},"43":{"__uuid__":"222w0DfOxDE5asIqowr/GQ"},"44":{"__uuid__":"1e/zsgUtpKQJBt6rs8RY/p"},"45":{"__uuid__":"50s6AAF3JAXImV8hF4KcBu"},"46":{"__uuid__":"72VryIPclNsoa4DR614vWL"},"47":{"__uuid__":"5flk+u08xMvpTDYHnrxs09"},"48":{"__uuid__":"a9RQyxIJtAH48ojFQke0/A"},"49":{"__uuid__":"8fgprgBy1PTpYm6d9rsYJP"},"50":{"__uuid__":"01Bakw1rZEvr18OwFdWAUn"},"51":{"__uuid__":"67B9PoR9xEi6kZpYPMItRS"},"bg":{"__uuid__":"9fMn03pFJE3q83VBsHtJMQ"}}},{"__type__":"cc.SpriteFrame","content":{"name":"18","texture":"aalnHw1W1NbqLF4YpZVPTA","rect":[0,290,104,145],"offset":[0,0],"originalSize":[104,145]}},{"__type__":"cc.SpriteFrame","content":{"name":"29","texture":"54AHHyGzJJEbrUjidyaSmZ","rect":[208,435,104,145],"offset":[0,0],"originalSize":[104,145]}},{"__type__":"cc.SpriteFrame","content":{"name":"39","texture":"5dZ6jkr0ROIIj9LSWlxQNz","rect":[312,580,104,145],"offset":[0,0],"originalSize":[104,145]}},{"__type__":"cc.SpriteFrame","content":{"name":"16","texture":"adzh+Dz2ZB/5USIcC9uqKF","rect":[728,145,104,145],"offset":[0,0],"originalSize":[104,145]}},{"__type__":"cc.SpriteFrame","content":{"name":"27","texture":"adzh+Dz2ZB/5USIcC9uqKF","rect":[0,435,104,145],"offset":[0,0],"originalSize":[104,145]}},{"__type__":"cc.SpriteFrame","content":{"name":"26","texture":"adzh+Dz2ZB/5USIcC9uqKF","rect":[832,290,104,145],"offset":[0,0],"originalSize":[104,145]}},{"__type__":"cc.SpriteFrame","content":{"name":"47","texture":"aalnHw1W1NbqLF4YpZVPTA","rect":[208,725,104,145],"offset":[0,0],"originalSize":[104,145]}},{"__type__":"cc.SpriteFrame","content":{"name":"25","texture":"9dVTt/SVhFN4+ZQruyu5Fs","rect":[728,290,104,145],"offset":[0,0],"originalSize":[104,145]}},{"__type__":"cc.SpriteFrame","content":{"name":"6","texture":"54AHHyGzJJEbrUjidyaSmZ","rect":[624,0,104,145],"offset":[0,0],"originalSize":[104,145]}},{"__type__":"cc.SpriteFrame","content":{"name":"5","texture":"aalnHw1W1NbqLF4YpZVPTA","rect":[520,0,104,145],"offset":[0,0],"originalSize":[104,145]}},{"__type__":"cc.SpriteFrame","content":{"name":"14","texture":"adzh+Dz2ZB/5USIcC9uqKF","rect":[520,145,104,145],"offset":[0,0],"originalSize":[104,145]}},{"__type__":"cc.SpriteFrame","content":{"name":"31","texture":"adzh+Dz2ZB/5USIcC9uqKF","rect":[416,435,104,145],"offset":[0,0],"originalSize":[104,145]}},{"__type__":"cc.SpriteFrame","content":{"name":"36","texture":"5dZ6jkr0ROIIj9LSWlxQNz","rect":[0,580,104,145],"offset":[0,0],"originalSize":[104,145]}},{"__type__":"cc.SpriteFrame","content":{"name":"42","texture":"54AHHyGzJJEbrUjidyaSmZ","rect":[624,580,104,145],"offset":[0,0],"originalSize":[104,145]}},{"__type__":"cc.SpriteFrame","content":{"name":"18","texture":"adzh+Dz2ZB/5USIcC9uqKF","rect":[0,290,104,145],"offset":[0,0],"originalSize":[104,145]}},{"__type__":"cc.SpriteFrame","content":{"name":"1","texture":"adzh+Dz2ZB/5USIcC9uqKF","rect":[104,0,104,145],"offset":[0,0],"originalSize":[104,145]}},{"__type__":"cc.SpriteFrame","content":{"name":"13","texture":"54AHHyGzJJEbrUjidyaSmZ","rect":[416,145,104,145],"offset":[0,0],"originalSize":[104,145]}},{"__type__":"cc.SpriteFrame","content":{"name":"50","texture":"aalnHw1W1NbqLF4YpZVPTA","rect":[520,725,104,145],"offset":[0,0],"originalSize":[104,145]}},{"__type__":"cc.SpriteFrame","content":{"name":"2","texture":"adzh+Dz2ZB/5USIcC9uqKF","rect":[208,0,104,145],"offset":[0,0],"originalSize":[104,145]}},{"__type__":"cc.SpriteFrame","content":{"name":"38","texture":"adzh+Dz2ZB/5USIcC9uqKF","rect":[208,580,104,145],"offset":[0,0],"originalSize":[104,145]}},{"__type__":"cc.SpriteFrame","content":{"name":"51","texture":"5dZ6jkr0ROIIj9LSWlxQNz","rect":[624,725,104,145],"offset":[0,0],"originalSize":[104,145]}},{"__type__":"cc.SpriteFrame","content":{"name":"24","texture":"54AHHyGzJJEbrUjidyaSmZ","rect":[624,290,104,145],"offset":[0,0],"originalSize":[104,145]}},{"__type__":"cc.SpriteFrame","content":{"name":"26","texture":"54AHHyGzJJEbrUjidyaSmZ","rect":[832,290,104,145],"offset":[0,0],"originalSize":[104,145]}},{"__type__":"cc.SpriteFrame","content":{"name":"31","texture":"aalnHw1W1NbqLF4YpZVPTA","rect":[416,435,104,145],"offset":[0,0],"originalSize":[104,145]}},{"__type__":"cc.SpriteFrame","content":{"name":"32","texture":"9dVTt/SVhFN4+ZQruyu5Fs","rect":[520,435,104,145],"offset":[0,0],"originalSize":[104,145]}},{"__type__":"cc.SpriteFrame","content":{"name":"18","texture":"5dZ6jkr0ROIIj9LSWlxQNz","rect":[0,290,104,145],"offset":[0,0],"originalSize":[104,145]}},{"__type__":"cc.SpriteFrame","content":{"name":"0","texture":"aalnHw1W1NbqLF4YpZVPTA","rect":[0,0,104,145],"offset":[0,0],"originalSize":[104,145]}},{"__type__":"cc.SpriteFrame","content":{"name":"11","texture":"adzh+Dz2ZB/5USIcC9uqKF","rect":[208,145,104,145],"offset":[0,0],"originalSize":[104,145]}},{"__type__":"cc.SpriteFrame","content":{"name":"46","texture":"5dZ6jkr0ROIIj9LSWlxQNz","rect":[104,725,104,145],"offset":[0,0],"originalSize":[104,145]}},{"__type__":"cc.SpriteFrame","content":{"name":"41","texture":"aalnHw1W1NbqLF4YpZVPTA","rect":[520,580,104,145],"offset":[0,0],"originalSize":[104,145]}},{"__type__":"cc.SpriteFrame","content":{"name":"3","texture":"5dZ6jkr0ROIIj9LSWlxQNz","rect":[312,0,104,145],"offset":[0,0],"originalSize":[104,145]}},{"__type__":"cc.SpriteFrame","content":{"name":"19","texture":"adzh+Dz2ZB/5USIcC9uqKF","rect":[104,290,104,145],"offset":[0,0],"originalSize":[104,145]}},{"__type__":"cc.SpriteFrame","content":{"name":"bg","texture":"54AHHyGzJJEbrUjidyaSmZ","rect":[728,725,104,145],"offset":[0,0],"originalSize":[104,145]}},{"__type__":"cc.SpriteFrame","content":{"name":"11","texture":"5dZ6jkr0ROIIj9LSWlxQNz","rect":[208,145,104,145],"offset":[0,0],"originalSize":[104,145]}},{"__type__":"cc.SpriteFrame","content":{"name":"44","texture":"5dZ6jkr0ROIIj9LSWlxQNz","rect":[832,580,104,145],"offset":[0,0],"originalSize":[104,145]}},{"__type__":"cc.SpriteFrame","content":{"name":"9","texture":"54AHHyGzJJEbrUjidyaSmZ","rect":[0,145,104,145],"offset":[0,0],"originalSize":[104,145]}},{"__type__":"cc.SpriteFrame","content":{"name":"33","texture":"9dVTt/SVhFN4+ZQruyu5Fs","rect":[624,435,104,145],"offset":[0,0],"originalSize":[104,145]}},{"__type__":"cc.SpriteFrame","content":{"name":"35","texture":"aalnHw1W1NbqLF4YpZVPTA","rect":[832,435,104,145],"offset":[0,0],"originalSize":[104,145]}},{"__type__":"cc.SpriteFrame","content":{"name":"45","texture":"9dVTt/SVhFN4+ZQruyu5Fs","rect":[0,725,104,145],"offset":[0,0],"originalSize":[104,145]}},{"__type__":"cc.SpriteFrame","content":{"name":"17","texture":"54AHHyGzJJEbrUjidyaSmZ","rect":[832,145,104,145],"offset":[0,0],"originalSize":[104,145]}},{"__type__":"cc.SpriteFrame","content":{"name":"12","texture":"adzh+Dz2ZB/5USIcC9uqKF","rect":[312,145,104,145],"offset":[0,0],"originalSize":[104,145]}},{"__type__":"cc.SpriteFrame","content":{"name":"4","texture":"9dVTt/SVhFN4+ZQruyu5Fs","rect":[416,0,104,145],"offset":[0,0],"originalSize":[104,145]}},{"__type__":"cc.SpriteFrame","content":{"name":"6","texture":"adzh+Dz2ZB/5USIcC9uqKF","rect":[624,0,104,145],"offset":[0,0],"originalSize":[104,145]}},{"__type__":"cc.SpriteFrame","content":{"name":"15","texture":"adzh+Dz2ZB/5USIcC9uqKF","rect":[624,145,104,145],"offset":[0,0],"originalSize":[104,145]}},{"__type__":"cc.SpriteFrame","content":{"name":"13","texture":"5dZ6jkr0ROIIj9LSWlxQNz","rect":[416,145,104,145],"offset":[0,0],"originalSize":[104,145]}},{"__type__":"cc.SpriteFrame","content":{"name":"42","texture":"adzh+Dz2ZB/5USIcC9uqKF","rect":[624,580,104,145],"offset":[0,0],"originalSize":[104,145]}},{"__type__":"cc.SpriteFrame","content":{"name":"34","texture":"adzh+Dz2ZB/5USIcC9uqKF","rect":[728,435,104,145],"offset":[0,0],"originalSize":[104,145]}},{"__type__":"cc.SpriteFrame","content":{"name":"49","texture":"adzh+Dz2ZB/5USIcC9uqKF","rect":[416,725,104,145],"offset":[0,0],"originalSize":[104,145]}},{"__type__":"cc.SpriteFrame","content":{"name":"43","texture":"adzh+Dz2ZB/5USIcC9uqKF","rect":[728,580,104,145],"offset":[0,0],"originalSize":[104,145]}},{"__type__":"cc.SpriteFrame","content":{"name":"39","texture":"54AHHyGzJJEbrUjidyaSmZ","rect":[312,580,104,145],"offset":[0,0],"originalSize":[104,145]}},{"__type__":"cc.SpriteFrame","content":{"name":"19","texture":"5dZ6jkr0ROIIj9LSWlxQNz","rect":[104,290,104,145],"offset":[0,0],"originalSize":[104,145]}},{"__type__":"cc.SpriteFrame","content":{"name":"10","texture":"adzh+Dz2ZB/5USIcC9uqKF","rect":[104,145,104,145],"offset":[0,0],"originalSize":[104,145]}},{"__type__":"cc.SpriteFrame","content":{"name":"8","texture":"aalnHw1W1NbqLF4YpZVPTA","rect":[832,0,104,145],"offset":[0,0],"originalSize":[104,145]}},{"__type__":"cc.SpriteFrame","content":{"name":"3","texture":"9dVTt/SVhFN4+ZQruyu5Fs","rect":[312,0,104,145],"offset":[0,0],"originalSize":[104,145]}},{"__type__":"cc.SpriteFrame","content":{"name":"1","texture":"aalnHw1W1NbqLF4YpZVPTA","rect":[104,0,104,145],"offset":[0,0],"originalSize":[104,145]}},{"__type__":"cc.SpriteFrame","content":{"name":"25","texture":"adzh+Dz2ZB/5USIcC9uqKF","rect":[728,290,104,145],"offset":[0,0],"originalSize":[104,145]}},{"__type__":"cc.SpriteFrame","content":{"name":"22","texture":"5dZ6jkr0ROIIj9LSWlxQNz","rect":[416,290,104,145],"offset":[0,0],"originalSize":[104,145]}},{"__type__":"cc.SpriteFrame","content":{"name":"46","texture":"54AHHyGzJJEbrUjidyaSmZ","rect":[104,725,104,145],"offset":[0,0],"originalSize":[104,145]}},{"__type__":"cc.SpriteFrame","content":{"name":"17","texture":"aalnHw1W1NbqLF4YpZVPTA","rect":[832,145,104,145],"offset":[0,0],"originalSize":[104,145]}},{"__type__":"cc.SpriteFrame","content":{"name":"35","texture":"adzh+Dz2ZB/5USIcC9uqKF","rect":[832,435,104,145],"offset":[0,0],"originalSize":[104,145]}},{"__type__":"cc.SpriteFrame","content":{"name":"47","texture":"9dVTt/SVhFN4+ZQruyu5Fs","rect":[208,725,104,145],"offset":[0,0],"originalSize":[104,145]}},{"__type__":"cc.SpriteFrame","content":{"name":"12","texture":"5dZ6jkr0ROIIj9LSWlxQNz","rect":[312,145,104,145],"offset":[0,0],"originalSize":[104,145]}},{"__type__":"cc.SpriteFrame","content":{"name":"3","texture":"adzh+Dz2ZB/5USIcC9uqKF","rect":[312,0,104,145],"offset":[0,0],"originalSize":[104,145]}},{"__type__":"cc.SpriteFrame","content":{"name":"18","texture":"9dVTt/SVhFN4+ZQruyu5Fs","rect":[0,290,104,145],"offset":[0,0],"originalSize":[104,145]}},{"__type__":"cc.SpriteFrame","content":{"name":"33","texture":"5dZ6jkr0ROIIj9LSWlxQNz","rect":[624,435,104,145],"offset":[0,0],"originalSize":[104,145]}},{"__type__":"cc.SpriteFrame","content":{"name":"51","texture":"9dVTt/SVhFN4+ZQruyu5Fs","rect":[624,725,104,145],"offset":[0,0],"originalSize":[104,145]}},{"__type__":"cc.SpriteFrame","content":{"name":"41","texture":"54AHHyGzJJEbrUjidyaSmZ","rect":[520,580,104,145],"offset":[0,0],"originalSize":[104,145]}},{"__type__":"cc.SpriteFrame","content":{"name":"7","texture":"54AHHyGzJJEbrUjidyaSmZ","rect":[728,0,104,145],"offset":[0,0],"originalSize":[104,145]}},{"__type__":"cc.SpriteFrame","content":{"name":"32","texture":"54AHHyGzJJEbrUjidyaSmZ","rect":[520,435,104,145],"offset":[0,0],"originalSize":[104,145]}},{"__type__":"cc.SpriteFrame","content":{"name":"22","texture":"54AHHyGzJJEbrUjidyaSmZ","rect":[416,290,104,145],"offset":[0,0],"originalSize":[104,145]}},{"__type__":"cc.SpriteFrame","content":{"name":"13","texture":"adzh+Dz2ZB/5USIcC9uqKF","rect":[416,145,104,145],"offset":[0,0],"originalSize":[104,145]}},{"__type__":"cc.SpriteFrame","content":{"name":"8","texture":"54AHHyGzJJEbrUjidyaSmZ","rect":[832,0,104,145],"offset":[0,0],"originalSize":[104,145]}},{"__type__":"cc.SpriteFrame","content":{"name":"47","texture":"54AHHyGzJJEbrUjidyaSmZ","rect":[208,725,104,145],"offset":[0,0],"originalSize":[104,145]}},[{"__type__":"cc.Prefab","_name":"cardItem","data":{"__id__":1},"asyncLoadAssets":null},{"__type__":"cc.Node","_name":"cardItem","_components":[{"__type__":"cc.Sprite","node":{"__id__":1},"_spriteFrame":{"__uuid__":"72KWen1lNBCZFfq6fvqvmc"}},{"__type__":"f7a72oQp1FHi7AA8KAv06o/","node":{"__id__":1},"poksers1":{"__uuid__":"a8a4zAUsFJVoCUtDhuwmNx"},"poksers2":{"__uuid__":"2eOUu4R3BKpY2UlTvl577x"},"poksers3":{"__uuid__":"d5qbBJEJhPubieHM077N4R"},"poksers4":{"__uuid__":"78ks6qSgBGZIoymhhCn5rM"},"poksers5":{"__uuid__":"1eArWj9lFKc7M42hIOFtP0"}}],"_prefab":{"__type__":"cc.PrefabInfo","root":{"__id__":1},"asset":{"__uuid__":"70lWJdpKNHK5uasJ9yLlRA"},"fileId":"47Dv40N45Fmojg5cPBVA/G"},"_contentSize":{"__type__":"cc.Size","width":104,"height":145}}],{"__type__":"cc.SpriteFrame","content":{"name":"38","texture":"5dZ6jkr0ROIIj9LSWlxQNz","rect":[208,580,104,145],"offset":[0,0],"originalSize":[104,145]}},{"__type__":"cc.SpriteFrame","content":{"name":"12","texture":"54AHHyGzJJEbrUjidyaSmZ","rect":[312,145,104,145],"offset":[0,0],"originalSize":[104,145]}},{"__type__":"cc.SpriteFrame","content":{"name":"2","texture":"9dVTt/SVhFN4+ZQruyu5Fs","rect":[208,0,104,145],"offset":[0,0],"originalSize":[104,145]}},{"__type__":"cc.SpriteFrame","content":{"name":"45","texture":"54AHHyGzJJEbrUjidyaSmZ","rect":[0,725,104,145],"offset":[0,0],"originalSize":[104,145]}},{"__type__":"cc.SpriteFrame","content":{"name":"bg","texture":"adzh+Dz2ZB/5USIcC9uqKF","rect":[728,725,104,145],"offset":[0,0],"originalSize":[104,145]}},{"__type__":"cc.SpriteFrame","content":{"name":"46","texture":"9dVTt/SVhFN4+ZQruyu5Fs","rect":[104,725,104,145],"offset":[0,0],"originalSize":[104,145]}},{"__type__":"cc.SpriteFrame","content":{"name":"31","texture":"5dZ6jkr0ROIIj9LSWlxQNz","rect":[416,435,104,145],"offset":[0,0],"originalSize":[104,145]}},{"__type__":"cc.SpriteFrame","content":{"name":"36","texture":"54AHHyGzJJEbrUjidyaSmZ","rect":[0,580,104,145],"offset":[0,0],"originalSize":[104,145]}},{"__type__":"cc.SpriteFrame","content":{"name":"41","texture":"9dVTt/SVhFN4+ZQruyu5Fs","rect":[520,580,104,145],"offset":[0,0],"originalSize":[104,145]}},{"__type__":"cc.SpriteFrame","content":{"name":"6","texture":"aalnHw1W1NbqLF4YpZVPTA","rect":[624,0,104,145],"offset":[0,0],"originalSize":[104,145]}},{"__type__":"cc.SpriteFrame","content":{"name":"35","texture":"9dVTt/SVhFN4+ZQruyu5Fs","rect":[832,435,104,145],"offset":[0,0],"originalSize":[104,145]}},{"__type__":"cc.SpriteFrame","content":{"name":"10","texture":"5dZ6jkr0ROIIj9LSWlxQNz","rect":[104,145,104,145],"offset":[0,0],"originalSize":[104,145]}},{"__type__":"cc.SpriteFrame","content":{"name":"17","texture":"5dZ6jkr0ROIIj9LSWlxQNz","rect":[832,145,104,145],"offset":[0,0],"originalSize":[104,145]}},{"__type__":"cc.SpriteAtlas","_name":"pokers4.plist","_spriteFrames":{"0":{"__uuid__":"b0TKYLj6tIhZdjMVOkrhyM"},"1":{"__uuid__":"82J1IEWHtEs7eV1nxK9ZVt"},"2":{"__uuid__":"a4DjQ5LXBIa53aQS5fTHKF"},"3":{"__uuid__":"49Jiaa5iNDt7zm3L7ooQUU"},"4":{"__uuid__":"007DrpOjFKq7F2L9KTZe+B"},"5":{"__uuid__":"86ScTBMMhBbIQ5v4CUDgzG"},"6":{"__uuid__":"fcTl4FVL1Mz4xS7liecO/2"},"7":{"__uuid__":"a5nFxeaUZAJICyaw6QBCSd"},"8":{"__uuid__":"91W+MiHEJNqaVjHESzPUyT"},"9":{"__uuid__":"d0p6YYHB5OXZP7yeEhsIq4"},"10":{"__uuid__":"74ftJTmUxLrJuVcAVgnTcb"},"11":{"__uuid__":"4c+5QUhE5KZ7d7f0DVQMdm"},"12":{"__uuid__":"60wHWNai9AZJOAICwRXANQ"},"13":{"__uuid__":"54hCzOSpZCuLtOw8jyATFw"},"14":{"__uuid__":"dbC+IKcNtNLr1dt2rBuknr"},"15":{"__uuid__":"bfuZYpDiFHiL0pviZSgQ22"},"16":{"__uuid__":"87XqVNuu5DC4kq3TM1EGDG"},"17":{"__uuid__":"74w/EnYD5LUZpCWdx/YPj9"},"18":{"__uuid__":"44yniaK9BGw7WA/Li3nk++"},"19":{"__uuid__":"59YeN9d/NCp4gIoQQfyOfU"},"20":{"__uuid__":"aasxRc64xJw68ezPrL01cF"},"21":{"__uuid__":"f5UlUch8xPfZRWR2VM80L1"},"22":{"__uuid__":"5cJMT4wZJAx418XFg26tGC"},"23":{"__uuid__":"838bxhjxRGvZd1fyGJ+oZE"},"24":{"__uuid__":"e54Qy69utFrp1k3b9IuRcN"},"25":{"__uuid__":"e5xTaBCpVB3Y8VzZDJQGi3"},"26":{"__uuid__":"8fYNwDD+5FD7yq6HqGFpeo"},"27":{"__uuid__":"91xQWrfkRNU6LxEy5BqoU+"},"28":{"__uuid__":"8fVJO/VNhJ5a6yHej4rgJC"},"29":{"__uuid__":"0ds+vke7pCN5IrQjVK6sgp"},"30":{"__uuid__":"f02dxim6JK963DZy8Tc6Hq"},"31":{"__uuid__":"72ltVSEX1LPb/ibLwZb9WQ"},"32":{"__uuid__":"daqjyPFgRMEKFOwdgEjfF1"},"33":{"__uuid__":"65zXWBLPZFJZQOznZKS2wy"},"34":{"__uuid__":"acyiAARflETak5tll8dX25"},"35":{"__uuid__":"c9qXc6VXNDn42PqpzU11UL"},"36":{"__uuid__":"394QwE7tBDwrDJMzElP8WU"},"37":{"__uuid__":"eacHGTzPhN+ZgzDqz4hUfK"},"38":{"__uuid__":"70yhO0l7ZO163DMpzaV+Ls"},"39":{"__uuid__":"2fg0I3f01AbLlMyFvuEABT"},"40":{"__uuid__":"17Q4m8gVBM8LLpII1LAHGl"},"41":{"__uuid__":"00xX0NCvNDj6YZppBrxdW8"},"42":{"__uuid__":"9algKOTAJIwpF6OnnXVYai"},"43":{"__uuid__":"edZGxXBSJJfLnPLfX+Y+Jd"},"44":{"__uuid__":"4ez4OGpqZCoKF7fYaotgkz"},"45":{"__uuid__":"c4MZ2ZqxZLN6KZ8lnoVoM5"},"46":{"__uuid__":"46vXJGtUJPVatbuDDIBzVh"},"47":{"__uuid__":"f3fevLlJxMY6y9rbFOYv0Y"},"48":{"__uuid__":"a82HEvBpJAnZA/WNmnwIg2"},"49":{"__uuid__":"81wmfjDr1Ed7iFtRA42KGy"},"50":{"__uuid__":"2a0kXvs1VGDpSyIhkS9vXV"},"51":{"__uuid__":"40pbLJhxFA6I5pCG158LFm"},"bg":{"__uuid__":"f3Had80fdGFY/I9J6ZqbhD"}}},{"__type__":"cc.SpriteFrame","content":{"name":"24","texture":"9dVTt/SVhFN4+ZQruyu5Fs","rect":[624,290,104,145],"offset":[0,0],"originalSize":[104,145]}},{"__type__":"cc.SpriteFrame","content":{"name":"51","texture":"54AHHyGzJJEbrUjidyaSmZ","rect":[624,725,104,145],"offset":[0,0],"originalSize":[104,145]}},{"__type__":"cc.SpriteFrame","content":{"name":"42","texture":"aalnHw1W1NbqLF4YpZVPTA","rect":[624,580,104,145],"offset":[0,0],"originalSize":[104,145]}},{"__type__":"cc.SpriteFrame","content":{"name":"bg","texture":"aalnHw1W1NbqLF4YpZVPTA","rect":[728,725,104,145],"offset":[0,0],"originalSize":[104,145]}},{"__type__":"cc.SpriteFrame","content":{"name":"45","texture":"adzh+Dz2ZB/5USIcC9uqKF","rect":[0,725,104,145],"offset":[0,0],"originalSize":[104,145]}},{"__type__":"cc.SpriteFrame","content":{"name":"26","texture":"9dVTt/SVhFN4+ZQruyu5Fs","rect":[832,290,104,145],"offset":[0,0],"originalSize":[104,145]}},{"__type__":"cc.SpriteFrame","content":{"name":"8","texture":"9dVTt/SVhFN4+ZQruyu5Fs","rect":[832,0,104,145],"offset":[0,0],"originalSize":[104,145]}},{"__type__":"cc.SpriteFrame","content":{"name":"20","texture":"9dVTt/SVhFN4+ZQruyu5Fs","rect":[208,290,104,145],"offset":[0,0],"originalSize":[104,145]}},{"__type__":"cc.SpriteFrame","content":{"name":"12","texture":"aalnHw1W1NbqLF4YpZVPTA","rect":[312,145,104,145],"offset":[0,0],"originalSize":[104,145]}},{"__type__":"cc.SpriteFrame","content":{"name":"49","texture":"5dZ6jkr0ROIIj9LSWlxQNz","rect":[416,725,104,145],"offset":[0,0],"originalSize":[104,145]}},{"__type__":"cc.SpriteFrame","content":{"name":"1","texture":"5dZ6jkr0ROIIj9LSWlxQNz","rect":[104,0,104,145],"offset":[0,0],"originalSize":[104,145]}},{"__type__":"cc.SpriteFrame","content":{"name":"35","texture":"54AHHyGzJJEbrUjidyaSmZ","rect":[832,435,104,145],"offset":[0,0],"originalSize":[104,145]}},{"__type__":"cc.SpriteFrame","content":{"name":"7","texture":"aalnHw1W1NbqLF4YpZVPTA","rect":[728,0,104,145],"offset":[0,0],"originalSize":[104,145]}},{"__type__":"cc.SpriteFrame","content":{"name":"23","texture":"5dZ6jkr0ROIIj9LSWlxQNz","rect":[520,290,104,145],"offset":[0,0],"originalSize":[104,145]}},{"__type__":"cc.SpriteFrame","content":{"name":"5","texture":"54AHHyGzJJEbrUjidyaSmZ","rect":[520,0,104,145],"offset":[0,0],"originalSize":[104,145]}},{"__type__":"cc.SpriteFrame","content":{"name":"5","texture":"5dZ6jkr0ROIIj9LSWlxQNz","rect":[520,0,104,145],"offset":[0,0],"originalSize":[104,145]}},{"__type__":"cc.SpriteFrame","content":{"name":"16","texture":"5dZ6jkr0ROIIj9LSWlxQNz","rect":[728,145,104,145],"offset":[0,0],"originalSize":[104,145]}},{"__type__":"cc.SpriteFrame","content":{"name":"19","texture":"aalnHw1W1NbqLF4YpZVPTA","rect":[104,290,104,145],"offset":[0,0],"originalSize":[104,145]}},{"__type__":"cc.SpriteFrame","content":{"name":"9","texture":"adzh+Dz2ZB/5USIcC9uqKF","rect":[0,145,104,145],"offset":[0,0],"originalSize":[104,145]}},{"__type__":"cc.SpriteFrame","content":{"name":"40","texture":"aalnHw1W1NbqLF4YpZVPTA","rect":[416,580,104,145],"offset":[0,0],"originalSize":[104,145]}},{"__type__":"cc.SpriteFrame","content":{"name":"21","texture":"54AHHyGzJJEbrUjidyaSmZ","rect":[312,290,104,145],"offset":[0,0],"originalSize":[104,145]}},{"__type__":"cc.SpriteFrame","content":{"name":"14","texture":"54AHHyGzJJEbrUjidyaSmZ","rect":[520,145,104,145],"offset":[0,0],"originalSize":[104,145]}},{"__type__":"cc.SpriteFrame","content":{"name":"24","texture":"adzh+Dz2ZB/5USIcC9uqKF","rect":[624,290,104,145],"offset":[0,0],"originalSize":[104,145]}},{"__type__":"cc.SpriteFrame","content":{"name":"39","texture":"9dVTt/SVhFN4+ZQruyu5Fs","rect":[312,580,104,145],"offset":[0,0],"originalSize":[104,145]}},{"__type__":"cc.SpriteFrame","content":{"name":"10","texture":"54AHHyGzJJEbrUjidyaSmZ","rect":[104,145,104,145],"offset":[0,0],"originalSize":[104,145]}},{"__type__":"cc.SpriteFrame","content":{"name":"23","texture":"54AHHyGzJJEbrUjidyaSmZ","rect":[520,290,104,145],"offset":[0,0],"originalSize":[104,145]}},{"__type__":"cc.SpriteFrame","content":{"name":"46","texture":"adzh+Dz2ZB/5USIcC9uqKF","rect":[104,725,104,145],"offset":[0,0],"originalSize":[104,145]}},{"__type__":"cc.SpriteFrame","content":{"name":"28","texture":"5dZ6jkr0ROIIj9LSWlxQNz","rect":[104,435,104,145],"offset":[0,0],"originalSize":[104,145]}},{"__type__":"cc.SpriteFrame","content":{"name":"26","texture":"5dZ6jkr0ROIIj9LSWlxQNz","rect":[832,290,104,145],"offset":[0,0],"originalSize":[104,145]}},{"__type__":"cc.SpriteFrame","content":{"name":"49","texture":"9dVTt/SVhFN4+ZQruyu5Fs","rect":[416,725,104,145],"offset":[0,0],"originalSize":[104,145]}},{"__type__":"cc.SpriteFrame","content":{"name":"0","texture":"9dVTt/SVhFN4+ZQruyu5Fs","rect":[0,0,104,145],"offset":[0,0],"originalSize":[104,145]}},{"__type__":"cc.SpriteFrame","content":{"name":"37","texture":"9dVTt/SVhFN4+ZQruyu5Fs","rect":[104,580,104,145],"offset":[0,0],"originalSize":[104,145]}},{"__type__":"cc.SpriteFrame","content":{"name":"43","texture":"aalnHw1W1NbqLF4YpZVPTA","rect":[728,580,104,145],"offset":[0,0],"originalSize":[104,145]}},{"__type__":"cc.SpriteFrame","content":{"name":"8","texture":"5dZ6jkr0ROIIj9LSWlxQNz","rect":[832,0,104,145],"offset":[0,0],"originalSize":[104,145]}},{"__type__":"cc.SpriteFrame","content":{"name":"27","texture":"5dZ6jkr0ROIIj9LSWlxQNz","rect":[0,435,104,145],"offset":[0,0],"originalSize":[104,145]}},{"__type__":"cc.SpriteFrame","content":{"name":"30","texture":"aalnHw1W1NbqLF4YpZVPTA","rect":[312,435,104,145],"offset":[0,0],"originalSize":[104,145]}},{"__type__":"cc.SpriteFrame","content":{"name":"0","texture":"54AHHyGzJJEbrUjidyaSmZ","rect":[0,0,104,145],"offset":[0,0],"originalSize":[104,145]}},{"__type__":"cc.SpriteFrame","content":{"name":"28","texture":"54AHHyGzJJEbrUjidyaSmZ","rect":[104,435,104,145],"offset":[0,0],"originalSize":[104,145]}},{"__type__":"cc.SpriteFrame","content":{"name":"43","texture":"54AHHyGzJJEbrUjidyaSmZ","rect":[728,580,104,145],"offset":[0,0],"originalSize":[104,145]}},{"__type__":"cc.SpriteFrame","content":{"name":"46","texture":"aalnHw1W1NbqLF4YpZVPTA","rect":[104,725,104,145],"offset":[0,0],"originalSize":[104,145]}},{"__type__":"cc.SpriteFrame","content":{"name":"17","texture":"adzh+Dz2ZB/5USIcC9uqKF","rect":[832,145,104,145],"offset":[0,0],"originalSize":[104,145]}},{"__type__":"cc.SpriteFrame","content":{"name":"38","texture":"9dVTt/SVhFN4+ZQruyu5Fs","rect":[208,580,104,145],"offset":[0,0],"originalSize":[104,145]}},{"__type__":"cc.SpriteFrame","content":{"name":"39","texture":"adzh+Dz2ZB/5USIcC9uqKF","rect":[312,580,104,145],"offset":[0,0],"originalSize":[104,145]}},{"__type__":"cc.SpriteFrame","content":{"name":"42","texture":"5dZ6jkr0ROIIj9LSWlxQNz","rect":[624,580,104,145],"offset":[0,0],"originalSize":[104,145]}},{"__type__":"cc.SpriteFrame","content":{"name":"25","texture":"aalnHw1W1NbqLF4YpZVPTA","rect":[728,290,104,145],"offset":[0,0],"originalSize":[104,145]}},{"__type__":"cc.SpriteFrame","content":{"name":"33","texture":"aalnHw1W1NbqLF4YpZVPTA","rect":[624,435,104,145],"offset":[0,0],"originalSize":[104,145]}},{"__type__":"cc.SpriteFrame","content":{"name":"21","texture":"9dVTt/SVhFN4+ZQruyu5Fs","rect":[312,290,104,145],"offset":[0,0],"originalSize":[104,145]}},{"__type__":"cc.SpriteFrame","content":{"name":"10","texture":"aalnHw1W1NbqLF4YpZVPTA","rect":[104,145,104,145],"offset":[0,0],"originalSize":[104,145]}},{"__type__":"cc.SpriteFrame","content":{"name":"33","texture":"54AHHyGzJJEbrUjidyaSmZ","rect":[624,435,104,145],"offset":[0,0],"originalSize":[104,145]}},{"__type__":"cc.SpriteFrame","content":{"name":"bg","texture":"9dVTt/SVhFN4+ZQruyu5Fs","rect":[728,725,104,145],"offset":[0,0],"originalSize":[104,145]}},{"__type__":"cc.SpriteFrame","content":{"name":"6","texture":"9dVTt/SVhFN4+ZQruyu5Fs","rect":[624,0,104,145],"offset":[0,0],"originalSize":[104,145]}},{"__type__":"cc.SpriteFrame","content":{"name":"22","texture":"aalnHw1W1NbqLF4YpZVPTA","rect":[416,290,104,145],"offset":[0,0],"originalSize":[104,145]}},{"__type__":"cc.SpriteFrame","content":{"name":"47","texture":"adzh+Dz2ZB/5USIcC9uqKF","rect":[208,725,104,145],"offset":[0,0],"originalSize":[104,145]}},{"__type__":"cc.SpriteFrame","content":{"name":"48","texture":"adzh+Dz2ZB/5USIcC9uqKF","rect":[312,725,104,145],"offset":[0,0],"originalSize":[104,145]}},{"__type__":"cc.SpriteFrame","content":{"name":"2","texture":"5dZ6jkr0ROIIj9LSWlxQNz","rect":[208,0,104,145],"offset":[0,0],"originalSize":[104,145]}},{"__type__":"cc.SpriteFrame","content":{"name":"7","texture":"5dZ6jkr0ROIIj9LSWlxQNz","rect":[728,0,104,145],"offset":[0,0],"originalSize":[104,145]}},{"__type__":"cc.SpriteFrame","content":{"name":"36","texture":"adzh+Dz2ZB/5USIcC9uqKF","rect":[0,580,104,145],"offset":[0,0],"originalSize":[104,145]}},{"__type__":"cc.SpriteFrame","content":{"name":"49","texture":"54AHHyGzJJEbrUjidyaSmZ","rect":[416,725,104,145],"offset":[0,0],"originalSize":[104,145]}},{"__type__":"cc.SpriteFrame","content":{"name":"40","texture":"adzh+Dz2ZB/5USIcC9uqKF","rect":[416,580,104,145],"offset":[0,0],"originalSize":[104,145]}},{"__type__":"cc.SpriteFrame","content":{"name":"49","texture":"aalnHw1W1NbqLF4YpZVPTA","rect":[416,725,104,145],"offset":[0,0],"originalSize":[104,145]}},{"__type__":"cc.SpriteAtlas","_name":"pokers1.plist","_spriteFrames":{"0":{"__uuid__":"e3mXZZuDdDdINsllzPuqGD"},"1":{"__uuid__":"3cEgYo+MVH07ghS3Vvp69V"},"2":{"__uuid__":"3cv6M+ptVAIoLDPGN3M0E0"},"3":{"__uuid__":"61zwphNtBHwZtBiPAqdSrR"},"4":{"__uuid__":"b7xnZ/c9FMqLecyPQy+nmc"},"5":{"__uuid__":"dak5Xi189Bt7ISmYKjMfpI"},"6":{"__uuid__":"54SrwW6jZIwrdqyad5HlFb"},"7":{"__uuid__":"d9DzEyo+pF0qA5N6q3+miD"},"8":{"__uuid__":"b3tel1tiBCW7PlLx351bn1"},"9":{"__uuid__":"88TPAuLxZLJq9deXuWl1Su"},"10":{"__uuid__":"59dp8YYhpKk5rI7APTktAA"},"11":{"__uuid__":"46SOeCOBJG8Ia+DGOadgBo"},"12":{"__uuid__":"52yhwjk3VAO5HvUxkkSVOj"},"13":{"__uuid__":"6dZfE0RXFHbp4fhyabyite"},"14":{"__uuid__":"37r5CHL6pK15V0j7oDyagI"},"15":{"__uuid__":"54bEfqgxZDLJQXEaodufgH"},"16":{"__uuid__":"30uTcoQnpJZoSZATNZ7bhk"},"17":{"__uuid__":"97z0ujyLdG+bw41DsGwi+x"},"18":{"__uuid__":"3aoPInHhFAyrEqF3bf1rz2"},"19":{"__uuid__":"49ofeeA75Ee4UcaTHkGqRX"},"20":{"__uuid__":"e0UN0ktOpKiYYFWBHQBVhO"},"21":{"__uuid__":"d8Ovuwq2tDSr/rjOgerVxl"},"22":{"__uuid__":"eczoZ53alLA5+JhJoxiCY4"},"23":{"__uuid__":"fcY3K3kpdNM6jH5ltznLTE"},"24":{"__uuid__":"8cBEEu3OFFl4hVCyOn4ASr"},"25":{"__uuid__":"5cAj5MF2ZJmbJG4AJxa5vj"},"26":{"__uuid__":"34jeuouqBNLKG30B7OaAU4"},"27":{"__uuid__":"31kA89bDlKBIjiHCwU6VXD"},"28":{"__uuid__":"259AjvMehI1ohB/NroCL8j"},"29":{"__uuid__":"21BDmB8BBKu6XcPQBd9/xD"},"30":{"__uuid__":"e7j9NlF6hG7YWvOw6mEbI4"},"31":{"__uuid__":"370CLf5dZEJI6+51he4HRR"},"32":{"__uuid__":"c9PfWEb1JDZZyp5OL2ivrE"},"33":{"__uuid__":"eay2mO/9hMMJebtimZm1Ec"},"34":{"__uuid__":"56zChPpbpAK6db10gejU+W"},"35":{"__uuid__":"5fh08SdplIRqmO5TpWy0Uj"},"36":{"__uuid__":"a53yEnNRhApJyJ8hIWabWx"},"37":{"__uuid__":"19RpuDEo1Nuqq/iRKNABAK"},"38":{"__uuid__":"3c3Am+eLVJg7zZu7MpFzEN"},"39":{"__uuid__":"9aVuI5eBxKgroQDBqACYEP"},"40":{"__uuid__":"a7St4ScYhIYZH6yy87V/pX"},"41":{"__uuid__":"d6GTzR7w1DN7Ak4MV/AHzu"},"42":{"__uuid__":"56k/g1agVOa4jC8yYGOSyy"},"43":{"__uuid__":"59QEhB8a5Dg7ajv/09SMCH"},"44":{"__uuid__":"c7u1BfB9JG17ru8hNeyvYM"},"45":{"__uuid__":"7dx75AIwxFHLdUQlDctWo7"},"46":{"__uuid__":"8fGx73CiNKM6MpK9RMM7PN"},"47":{"__uuid__":"a0htJ9widFB66BBxbLB0lo"},"48":{"__uuid__":"a3KXxUbyBJC7WMuI/15/f6"},"49":{"__uuid__":"568ZquU6hFIpAXinn35PZa"},"50":{"__uuid__":"c1TQzRIs9FY7S/fpyoSEkB"},"51":{"__uuid__":"eaSF7cCyhO577faLdESqOL"},"bg":{"__uuid__":"72KWen1lNBCZFfq6fvqvmc"}}},{"__type__":"cc.SpriteFrame","content":{"name":"48","texture":"5dZ6jkr0ROIIj9LSWlxQNz","rect":[312,725,104,145],"offset":[0,0],"originalSize":[104,145]}},{"__type__":"cc.SpriteFrame","content":{"name":"48","texture":"9dVTt/SVhFN4+ZQruyu5Fs","rect":[312,725,104,145],"offset":[0,0],"originalSize":[104,145]}},{"__type__":"cc.SpriteFrame","content":{"name":"50","texture":"54AHHyGzJJEbrUjidyaSmZ","rect":[520,725,104,145],"offset":[0,0],"originalSize":[104,145]}},{"__type__":"cc.SpriteFrame","content":{"name":"17","texture":"9dVTt/SVhFN4+ZQruyu5Fs","rect":[832,145,104,145],"offset":[0,0],"originalSize":[104,145]}},{"__type__":"cc.SpriteFrame","content":{"name":"20","texture":"5dZ6jkr0ROIIj9LSWlxQNz","rect":[208,290,104,145],"offset":[0,0],"originalSize":[104,145]}},{"__type__":"cc.SpriteFrame","content":{"name":"7","texture":"9dVTt/SVhFN4+ZQruyu5Fs","rect":[728,0,104,145],"offset":[0,0],"originalSize":[104,145]}},{"__type__":"cc.SpriteFrame","content":{"name":"34","texture":"5dZ6jkr0ROIIj9LSWlxQNz","rect":[728,435,104,145],"offset":[0,0],"originalSize":[104,145]}},{"__type__":"cc.SpriteFrame","content":{"name":"13","texture":"aalnHw1W1NbqLF4YpZVPTA","rect":[416,145,104,145],"offset":[0,0],"originalSize":[104,145]}},{"__type__":"cc.SpriteFrame","content":{"name":"0","texture":"5dZ6jkr0ROIIj9LSWlxQNz","rect":[0,0,104,145],"offset":[0,0],"originalSize":[104,145]}},{"__type__":"cc.SpriteFrame","content":{"name":"8","texture":"adzh+Dz2ZB/5USIcC9uqKF","rect":[832,0,104,145],"offset":[0,0],"originalSize":[104,145]}},{"__type__":"cc.SpriteFrame","content":{"name":"22","texture":"9dVTt/SVhFN4+ZQruyu5Fs","rect":[416,290,104,145],"offset":[0,0],"originalSize":[104,145]}},{"__type__":"cc.SpriteFrame","content":{"name":"16","texture":"aalnHw1W1NbqLF4YpZVPTA","rect":[728,145,104,145],"offset":[0,0],"originalSize":[104,145]}},{"__type__":"cc.SpriteFrame","content":{"name":"37","texture":"54AHHyGzJJEbrUjidyaSmZ","rect":[104,580,104,145],"offset":[0,0],"originalSize":[104,145]}},{"__type__":"cc.SpriteFrame","content":{"name":"18","texture":"54AHHyGzJJEbrUjidyaSmZ","rect":[0,290,104,145],"offset":[0,0],"originalSize":[104,145]}},{"__type__":"cc.SpriteFrame","content":{"name":"5","texture":"9dVTt/SVhFN4+ZQruyu5Fs","rect":[520,0,104,145],"offset":[0,0],"originalSize":[104,145]}},{"__type__":"cc.SpriteFrame","content":{"name":"34","texture":"9dVTt/SVhFN4+ZQruyu5Fs","rect":[728,435,104,145],"offset":[0,0],"originalSize":[104,145]}},{"__type__":"cc.SpriteFrame","content":{"name":"4","texture":"adzh+Dz2ZB/5USIcC9uqKF","rect":[416,0,104,145],"offset":[0,0],"originalSize":[104,145]}},{"__type__":"cc.SpriteFrame","content":{"name":"21","texture":"aalnHw1W1NbqLF4YpZVPTA","rect":[312,290,104,145],"offset":[0,0],"originalSize":[104,145]}},{"__type__":"cc.SpriteFrame","content":{"name":"3","texture":"aalnHw1W1NbqLF4YpZVPTA","rect":[312,0,104,145],"offset":[0,0],"originalSize":[104,145]}},{"__type__":"cc.SpriteFrame","content":{"name":"13","texture":"9dVTt/SVhFN4+ZQruyu5Fs","rect":[416,145,104,145],"offset":[0,0],"originalSize":[104,145]}},{"__type__":"cc.SpriteFrame","content":{"name":"29","texture":"9dVTt/SVhFN4+ZQruyu5Fs","rect":[208,435,104,145],"offset":[0,0],"originalSize":[104,145]}},{"__type__":"cc.SpriteFrame","content":{"name":"45","texture":"aalnHw1W1NbqLF4YpZVPTA","rect":[0,725,104,145],"offset":[0,0],"originalSize":[104,145]}},{"__type__":"cc.SpriteFrame","content":{"name":"15","texture":"5dZ6jkr0ROIIj9LSWlxQNz","rect":[624,145,104,145],"offset":[0,0],"originalSize":[104,145]}},{"__type__":"cc.SpriteFrame","content":{"name":"16","texture":"54AHHyGzJJEbrUjidyaSmZ","rect":[728,145,104,145],"offset":[0,0],"originalSize":[104,145]}},{"__type__":"cc.SpriteFrame","content":{"name":"50","texture":"adzh+Dz2ZB/5USIcC9uqKF","rect":[520,725,104,145],"offset":[0,0],"originalSize":[104,145]}},{"__type__":"cc.SpriteFrame","content":{"name":"19","texture":"9dVTt/SVhFN4+ZQruyu5Fs","rect":[104,290,104,145],"offset":[0,0],"originalSize":[104,145]}},{"__type__":"cc.SpriteFrame","content":{"name":"45","texture":"5dZ6jkr0ROIIj9LSWlxQNz","rect":[0,725,104,145],"offset":[0,0],"originalSize":[104,145]}},{"__type__":"cc.SpriteFrame","content":{"name":"4","texture":"aalnHw1W1NbqLF4YpZVPTA","rect":[416,0,104,145],"offset":[0,0],"originalSize":[104,145]}},{"__type__":"cc.SpriteFrame","content":{"name":"44","texture":"adzh+Dz2ZB/5USIcC9uqKF","rect":[832,580,104,145],"offset":[0,0],"originalSize":[104,145]}},{"__type__":"cc.SpriteFrame","content":{"name":"30","texture":"9dVTt/SVhFN4+ZQruyu5Fs","rect":[312,435,104,145],"offset":[0,0],"originalSize":[104,145]}},{"__type__":"cc.SpriteFrame","content":{"name":"38","texture":"aalnHw1W1NbqLF4YpZVPTA","rect":[208,580,104,145],"offset":[0,0],"originalSize":[104,145]}},{"__type__":"cc.SpriteFrame","content":{"name":"32","texture":"adzh+Dz2ZB/5USIcC9uqKF","rect":[520,435,104,145],"offset":[0,0],"originalSize":[104,145]}},{"__type__":"cc.SpriteFrame","content":{"name":"35","texture":"5dZ6jkr0ROIIj9LSWlxQNz","rect":[832,435,104,145],"offset":[0,0],"originalSize":[104,145]}},{"__type__":"cc.SpriteFrame","content":{"name":"27","texture":"9dVTt/SVhFN4+ZQruyu5Fs","rect":[0,435,104,145],"offset":[0,0],"originalSize":[104,145]}},{"__type__":"cc.SpriteFrame","content":{"name":"28","texture":"aalnHw1W1NbqLF4YpZVPTA","rect":[104,435,104,145],"offset":[0,0],"originalSize":[104,145]}},{"__type__":"cc.SpriteFrame","content":{"name":"12","texture":"9dVTt/SVhFN4+ZQruyu5Fs","rect":[312,145,104,145],"offset":[0,0],"originalSize":[104,145]}},{"__type__":"cc.SpriteFrame","content":{"name":"26","texture":"aalnHw1W1NbqLF4YpZVPTA","rect":[832,290,104,145],"offset":[0,0],"originalSize":[104,145]}},{"__type__":"cc.SpriteFrame","content":{"name":"11","texture":"aalnHw1W1NbqLF4YpZVPTA","rect":[208,145,104,145],"offset":[0,0],"originalSize":[104,145]}},{"__type__":"cc.SpriteFrame","content":{"name":"42","texture":"9dVTt/SVhFN4+ZQruyu5Fs","rect":[624,580,104,145],"offset":[0,0],"originalSize":[104,145]}},{"__type__":"cc.SpriteFrame","content":{"name":"14","texture":"aalnHw1W1NbqLF4YpZVPTA","rect":[520,145,104,145],"offset":[0,0],"originalSize":[104,145]}},{"__type__":"cc.SpriteFrame","content":{"name":"9","texture":"5dZ6jkr0ROIIj9LSWlxQNz","rect":[0,145,104,145],"offset":[0,0],"originalSize":[104,145]}},{"__type__":"cc.SpriteFrame","content":{"name":"1","texture":"9dVTt/SVhFN4+ZQruyu5Fs","rect":[104,0,104,145],"offset":[0,0],"originalSize":[104,145]}},{"__type__":"cc.SpriteFrame","content":{"name":"11","texture":"9dVTt/SVhFN4+ZQruyu5Fs","rect":[208,145,104,145],"offset":[0,0],"originalSize":[104,145]}},{"__type__":"cc.SpriteAtlas","_name":"pokers3.plist","_spriteFrames":{"0":{"__uuid__":"92eHZVLaZLkIcpSPWfPnFy"},"1":{"__uuid__":"02jog3BVJAf5MyPWDbTuTL"},"2":{"__uuid__":"f4QDTIss5G1pMK0jLd+63X"},"3":{"__uuid__":"e2XUFReClGiJpXR/NetAzV"},"4":{"__uuid__":"075gYB6/ZBnJ0HluHGmdYw"},"5":{"__uuid__":"84HgHbJKJJWLqT6WmKyhH4"},"6":{"__uuid__":"36aEmvJJpJuqs24cBtBaiu"},"7":{"__uuid__":"6baU0MjmpF7LAy/Z0QctNh"},"8":{"__uuid__":"6f/Tp8fe5BLLvOl6ZujLg4"},"9":{"__uuid__":"4e1sslyoxGO4iXP5DswsZE"},"10":{"__uuid__":"8dMWJYMJ9JuLRIZEU56Fpa"},"11":{"__uuid__":"e9lIeBx4dMlZyIHOmxe6jp"},"12":{"__uuid__":"703wkOmHdFn6XvI/9JaXQN"},"13":{"__uuid__":"3cGLD4+oRBTrZvLHUnafkL"},"14":{"__uuid__":"8ai5zbJtFEA75GqJay0lfY"},"15":{"__uuid__":"1fq4SE0U5NNY7Tr8KUcacn"},"16":{"__uuid__":"bfxmNYG9hGJYFIMfrbWem2"},"17":{"__uuid__":"51dn95gRFDCouIUPTQGOst"},"18":{"__uuid__":"b5ybaPVUZJU61O+rsCIpHu"},"19":{"__uuid__":"e51aIv+VZPlIMBRBjb3LR+"},"20":{"__uuid__":"f9bNJTgMVHIJxRshYPLfWD"},"21":{"__uuid__":"88+dhr95BNIZoWiGUZqFM1"},"22":{"__uuid__":"6cuIIU6r9GUaDAqNNr5DwS"},"23":{"__uuid__":"8djx6lJXRNu5c2HKghKEWY"},"24":{"__uuid__":"40t7P+zy9BmKjdc0i3xkSD"},"25":{"__uuid__":"08zhhHLLFE6aWLJdWVdO6y"},"26":{"__uuid__":"41i2Rrr9tMCYXhQNdB15Xx"},"27":{"__uuid__":"0eoyfpZ6NFBqQmhhoG8gU1"},"28":{"__uuid__":"95w3k0JMRI5Y1zJcBzmEfh"},"29":{"__uuid__":"2e3VIFaclG4Icyhp9qMLPl"},"30":{"__uuid__":"26JZ9s8spCsqBRthfzjqSX"},"31":{"__uuid__":"06wEp03AtDvLNdIrfVdT2Y"},"32":{"__uuid__":"6bcL33KFBBQ4MjMU9zaZxu"},"33":{"__uuid__":"9fBVLLj/VBK4P1C4ApI69V"},"34":{"__uuid__":"10KdsVk8hEHLzp/U1dibEF"},"35":{"__uuid__":"82V28yzuFHBohyFERRjR1F"},"36":{"__uuid__":"7227h7W8NLIqRZM/eG1Po2"},"37":{"__uuid__":"b5pUG54mlJEJHHP53gTmB5"},"38":{"__uuid__":"e5TWPBYV1MHLxIAUt2GI3l"},"39":{"__uuid__":"59SeqcMF9AXK9P2Kb4NkqP"},"40":{"__uuid__":"07IgYy5hFCVaR+kkmBZrOL"},"41":{"__uuid__":"6aiPVRBmNJ0qlcvRDqvUU3"},"42":{"__uuid__":"3amSlo49pEubReN8Iy4J47"},"43":{"__uuid__":"97V60PEctI1avak/7fK2ft"},"44":{"__uuid__":"03u7sTvkRCsoVPXnytmtz+"},"45":{"__uuid__":"712kwVPa5K1rlfxVDdIgfQ"},"46":{"__uuid__":"5cd1ej3DxFrLpIkIRwvbbd"},"47":{"__uuid__":"70XF+UwPRJ2b5w27rPtXC0"},"48":{"__uuid__":"e9UFZY6hdC8YxQq1KcjY9S"},"49":{"__uuid__":"a6QACEf4xEYK1OdEA/tR1J"},"50":{"__uuid__":"a9YAfDpBZNYqOSA/pKfIP3"},"51":{"__uuid__":"7adKeQY9hCha0j9ey2RQgu"},"bg":{"__uuid__":"4c4Q/ieBpPloDrwCljQsPx"}}},{"__type__":"cc.SpriteFrame","content":{"name":"41","texture":"adzh+Dz2ZB/5USIcC9uqKF","rect":[520,580,104,145],"offset":[0,0],"originalSize":[104,145]}},{"__type__":"cc.SpriteFrame","content":{"name":"21","texture":"adzh+Dz2ZB/5USIcC9uqKF","rect":[312,290,104,145],"offset":[0,0],"originalSize":[104,145]}},{"__type__":"cc.SpriteFrame","content":{"name":"7","texture":"adzh+Dz2ZB/5USIcC9uqKF","rect":[728,0,104,145],"offset":[0,0],"originalSize":[104,145]}},{"__type__":"cc.SpriteFrame","content":{"name":"5","texture":"adzh+Dz2ZB/5USIcC9uqKF","rect":[520,0,104,145],"offset":[0,0],"originalSize":[104,145]}},{"__type__":"cc.SpriteFrame","content":{"name":"32","texture":"5dZ6jkr0ROIIj9LSWlxQNz","rect":[520,435,104,145],"offset":[0,0],"originalSize":[104,145]}},{"__type__":"cc.SpriteFrame","content":{"name":"14","texture":"5dZ6jkr0ROIIj9LSWlxQNz","rect":[520,145,104,145],"offset":[0,0],"originalSize":[104,145]}},{"__type__":"cc.SpriteFrame","content":{"name":"27","texture":"aalnHw1W1NbqLF4YpZVPTA","rect":[0,435,104,145],"offset":[0,0],"originalSize":[104,145]}},{"__type__":"cc.SpriteFrame","content":{"name":"20","texture":"adzh+Dz2ZB/5USIcC9uqKF","rect":[208,290,104,145],"offset":[0,0],"originalSize":[104,145]}},{"__type__":"cc.SpriteFrame","content":{"name":"23","texture":"9dVTt/SVhFN4+ZQruyu5Fs","rect":[520,290,104,145],"offset":[0,0],"originalSize":[104,145]}},{"__type__":"cc.SpriteFrame","content":{"name":"3","texture":"54AHHyGzJJEbrUjidyaSmZ","rect":[312,0,104,145],"offset":[0,0],"originalSize":[104,145]}},{"__type__":"cc.SpriteFrame","content":{"name":"0","texture":"adzh+Dz2ZB/5USIcC9uqKF","rect":[0,0,104,145],"offset":[0,0],"originalSize":[104,145]}},{"__type__":"cc.SpriteFrame","content":{"name":"14","texture":"9dVTt/SVhFN4+ZQruyu5Fs","rect":[520,145,104,145],"offset":[0,0],"originalSize":[104,145]}},{"__type__":"cc.SpriteFrame","content":{"name":"36","texture":"aalnHw1W1NbqLF4YpZVPTA","rect":[0,580,104,145],"offset":[0,0],"originalSize":[104,145]}},{"__type__":"cc.SpriteFrame","content":{"name":"20","texture":"aalnHw1W1NbqLF4YpZVPTA","rect":[208,290,104,145],"offset":[0,0],"originalSize":[104,145]}},{"__type__":"cc.SpriteFrame","content":{"name":"38","texture":"54AHHyGzJJEbrUjidyaSmZ","rect":[208,580,104,145],"offset":[0,0],"originalSize":[104,145]}},{"__type__":"cc.SpriteFrame","content":{"name":"25","texture":"5dZ6jkr0ROIIj9LSWlxQNz","rect":[728,290,104,145],"offset":[0,0],"originalSize":[104,145]}},{"__type__":"cc.SpriteFrame","content":{"name":"19","texture":"54AHHyGzJJEbrUjidyaSmZ","rect":[104,290,104,145],"offset":[0,0],"originalSize":[104,145]}},{"__type__":"cc.SpriteFrame","content":{"name":"24","texture":"5dZ6jkr0ROIIj9LSWlxQNz","rect":[624,290,104,145],"offset":[0,0],"originalSize":[104,145]}},{"__type__":"cc.SpriteFrame","content":{"name":"30","texture":"adzh+Dz2ZB/5USIcC9uqKF","rect":[312,435,104,145],"offset":[0,0],"originalSize":[104,145]}},{"__type__":"cc.SpriteFrame","content":{"name":"48","texture":"54AHHyGzJJEbrUjidyaSmZ","rect":[312,725,104,145],"offset":[0,0],"originalSize":[104,145]}},{"__type__":"cc.SpriteFrame","content":{"name":"2","texture":"aalnHw1W1NbqLF4YpZVPTA","rect":[208,0,104,145],"offset":[0,0],"originalSize":[104,145]}},{"__type__":"cc.SpriteFrame","content":{"name":"11","texture":"54AHHyGzJJEbrUjidyaSmZ","rect":[208,145,104,145],"offset":[0,0],"originalSize":[104,145]}},{"__type__":"cc.SpriteFrame","content":{"name":"51","texture":"adzh+Dz2ZB/5USIcC9uqKF","rect":[624,725,104,145],"offset":[0,0],"originalSize":[104,145]}},{"__type__":"cc.SpriteFrame","content":{"name":"37","texture":"5dZ6jkr0ROIIj9LSWlxQNz","rect":[104,580,104,145],"offset":[0,0],"originalSize":[104,145]}},{"__type__":"cc.SpriteFrame","content":{"name":"33","texture":"adzh+Dz2ZB/5USIcC9uqKF","rect":[624,435,104,145],"offset":[0,0],"originalSize":[104,145]}},{"__type__":"cc.SpriteFrame","content":{"name":"22","texture":"adzh+Dz2ZB/5USIcC9uqKF","rect":[416,290,104,145],"offset":[0,0],"originalSize":[104,145]}},{"__type__":"cc.SpriteFrame","content":{"name":"43","texture":"5dZ6jkr0ROIIj9LSWlxQNz","rect":[728,580,104,145],"offset":[0,0],"originalSize":[104,145]}},{"__type__":"cc.SpriteFrame","content":{"name":"48","texture":"aalnHw1W1NbqLF4YpZVPTA","rect":[312,725,104,145],"offset":[0,0],"originalSize":[104,145]}},{"__type__":"cc.SpriteFrame","content":{"name":"24","texture":"aalnHw1W1NbqLF4YpZVPTA","rect":[624,290,104,145],"offset":[0,0],"originalSize":[104,145]}},{"__type__":"cc.SpriteFrame","content":{"name":"10","texture":"9dVTt/SVhFN4+ZQruyu5Fs","rect":[104,145,104,145],"offset":[0,0],"originalSize":[104,145]}},{"__type__":"cc.SpriteFrame","content":{"name":"30","texture":"5dZ6jkr0ROIIj9LSWlxQNz","rect":[312,435,104,145],"offset":[0,0],"originalSize":[104,145]}},{"__type__":"cc.SpriteFrame","content":{"name":"bg","texture":"5dZ6jkr0ROIIj9LSWlxQNz","rect":[728,725,104,145],"offset":[0,0],"originalSize":[104,145]}},{"__type__":"cc.SpriteFrame","content":{"name":"47","texture":"5dZ6jkr0ROIIj9LSWlxQNz","rect":[208,725,104,145],"offset":[0,0],"originalSize":[104,145]}},{"__type__":"cc.SpriteFrame","content":{"name":"2","texture":"54AHHyGzJJEbrUjidyaSmZ","rect":[208,0,104,145],"offset":[0,0],"originalSize":[104,145]}},{"__type__":"cc.SpriteFrame","content":{"name":"21","texture":"5dZ6jkr0ROIIj9LSWlxQNz","rect":[312,290,104,145],"offset":[0,0],"originalSize":[104,145]}},{"__type__":"cc.SpriteFrame","content":{"name":"39","texture":"aalnHw1W1NbqLF4YpZVPTA","rect":[312,580,104,145],"offset":[0,0],"originalSize":[104,145]}},{"__type__":"cc.SpriteFrame","content":{"name":"37","texture":"aalnHw1W1NbqLF4YpZVPTA","rect":[104,580,104,145],"offset":[0,0],"originalSize":[104,145]}},{"__type__":"cc.SpriteFrame","content":{"name":"20","texture":"54AHHyGzJJEbrUjidyaSmZ","rect":[208,290,104,145],"offset":[0,0],"originalSize":[104,145]}},{"__type__":"cc.SpriteFrame","content":{"name":"9","texture":"aalnHw1W1NbqLF4YpZVPTA","rect":[0,145,104,145],"offset":[0,0],"originalSize":[104,145]}},{"__type__":"cc.SpriteFrame","content":{"name":"6","texture":"5dZ6jkr0ROIIj9LSWlxQNz","rect":[624,0,104,145],"offset":[0,0],"originalSize":[104,145]}},{"__type__":"cc.SpriteFrame","content":{"name":"23","texture":"adzh+Dz2ZB/5USIcC9uqKF","rect":[520,290,104,145],"offset":[0,0],"originalSize":[104,145]}},{"__type__":"cc.SpriteFrame","content":{"name":"16","texture":"9dVTt/SVhFN4+ZQruyu5Fs","rect":[728,145,104,145],"offset":[0,0],"originalSize":[104,145]}},{"__type__":"cc.SpriteFrame","content":{"name":"29","texture":"aalnHw1W1NbqLF4YpZVPTA","rect":[208,435,104,145],"offset":[0,0],"originalSize":[104,145]}}]