[{"__type__":"cc.SpriteFrame","content":{"name":"cm_tk","texture":"1acJPSbSJBTIJnjhLGat7s","rect":[0,0,676,994],"offset":[0,0],"originalSize":[676,994]}},{"__type__":"cc.SpriteFrame","content":{"name":"pic_cm_xz","texture":"94FqX1gRdDLK/1zP9ea9jf","rect":[0,0,216,97],"offset":[0,0],"originalSize":[216,97]}},{"__type__":"cc.SpriteFrame","content":{"name":"btn3","texture":"0dEKtVsvVIXZeJ8lXA/XYV","rect":[0,0,256,83],"offset":[0,0],"originalSize":[256,83]}},{"__type__":"cc.SpriteFrame","content":{"name":"close","texture":"30Mb1h1W5B5Yy6QdHcaz4z","rect":[0,0,43,44],"offset":[0,0],"originalSize":[43,44]}},{"__type__":"cc.SpriteFrame","content":{"name":"default_sprite_splash","texture":"02delMVqdBD70a/HSD99FK","rect":[0,0,2,2],"offset":[0,0],"originalSize":[2,2]}},{"__type__":"cc.SpriteFrame","content":{"name":"itembg","texture":"afpe/RjMdHMa0fM3KKYmoA","rect":[0,0,50,50],"offset":[0,0],"originalSize":[50,50],"capInsets":[13,13,14,13]}},{"__type__":"cc.SpriteFrame","content":{"name":"pic_cm_btdk","texture":"2fyhdWidRHzpWXHm3mA5gh","rect":[0,0,120,90],"offset":[0,0],"originalSize":[120,90],"capInsets":[44,0,45,0]}},[{"__type__":"cc.Prefab","_name":"AddUpNode","data":{"__id__":1},"asyncLoadAssets":null},{"__type__":"cc.Node","_name":"AddUpNode","_children":[{"__id__":2},{"__id__":3}],"_components":[{"__type__":"cc.Widget","node":{"__id__":1},"_alignFlags":45,"_originalWidth":750,"_originalHeight":1334},{"__type__":"878843fTa5Bd5rSKQxkVLo2","node":{"__id__":1}}],"_prefab":{"__type__":"cc.PrefabInfo","root":{"__id__":1},"asset":{"__uuid__":"fbM/qha1JAt5bjd4v04Ofi"},"fileId":"8eWFe0kkdBC7nqKxcJRpDj"},"_contentSize":{"__type__":"cc.Size","width":750,"height":1334},"_position":{"__type__":"cc.Vec2","x":375,"y":667}},{"__type__":"cc.Node","_name":"bg","_parent":{"__id__":1},"_components":[{"__type__":"cc.Sprite","node":{"__id__":2},"_spriteFrame":{"__uuid__":"a2MjXRFdtLlYQ5ouAFv/+R"},"_sizeMode":0},{"__type__":"cc.Widget","node":{"__id__":2},"_alignFlags":45,"_originalWidth":750,"_originalHeight":1334},{"__type__":"cc.Button","node":{"__id__":2}}],"_prefab":{"__type__":"cc.PrefabInfo","root":{"__id__":1},"asset":{"__uuid__":"fbM/qha1JAt5bjd4v04Ofi"},"fileId":"b8y97HNDNIV523Fp+sozlA"},"_opacity":180,"_color":{"__type__":"cc.Color"},"_contentSize":{"__type__":"cc.Size","width":750,"height":1334}},{"__type__":"cc.Node","_name":"content","_parent":{"__id__":1},"_children":[{"__id__":4},{"__id__":5},{"__id__":24},{"__id__":43},{"__id__":59},{"__id__":61},{"__id__":72}],"_components":[{"__type__":"cc.Sprite","node":{"__id__":3},"_spriteFrame":{"__uuid__":"3dZtmJDvNMC5KbnbGJKFf+"}},{"__type__":"cc.Button","node":{"__id__":3}}],"_prefab":{"__type__":"cc.PrefabInfo","root":{"__id__":1},"asset":{"__uuid__":"fbM/qha1JAt5bjd4v04Ofi"},"fileId":"ebR2v28sVPNZKyFRkzKN4z"},"_contentSize":{"__type__":"cc.Size","width":676,"height":994}},{"__type__":"cc.Node","_name":"title","_parent":{"__id__":3},"_components":[{"__type__":"cc.Label","node":{"__id__":4},"_useOriginalSize":false,"_fontSize":48,"_lineHeight":56,"_N$string":"统计信息","_N$horizontalAlign":1,"_N$verticalAlign":1}],"_prefab":{"__type__":"cc.PrefabInfo","root":{"__id__":1},"asset":{"__uuid__":"fbM/qha1JAt5bjd4v04Ofi"},"fileId":"d5e4DqNg5NJZ+gsRONAD0T"},"_contentSize":{"__type__":"cc.Size","width":192,"height":56},"_position":{"__type__":"cc.Vec2","y":452}},{"__type__":"cc.Node","_name":"yzplayout","_parent":{"__id__":3},"_children":[{"__id__":6},{"__id__":9},{"__id__":12},{"__id__":15},{"__id__":18},{"__id__":21}],"_components":[{"__type__":"cc.Layout","node":{"__id__":5},"_layoutSize":{"__type__":"cc.Size","width":640,"height":590},"_resize":1,"_N$layoutType":2,"_N$paddingTop":10,"_N$spacingY":20}],"_prefab":{"__type__":"cc.PrefabInfo","root":{"__id__":1},"asset":{"__uuid__":"fbM/qha1JAt5bjd4v04Ofi"},"fileId":"77V1hAHnNKDJq8daGmcRH+"},"_contentSize":{"__type__":"cc.Size","width":640,"height":590},"_position":{"__type__":"cc.Vec2","y":-23}},{"__type__":"cc.Node","_name":"itemnode","_parent":{"__id__":5},"_children":[{"__id__":7},{"__id__":8}],"_components":[{"__type__":"cc.Sprite","node":{"__id__":6},"_spriteFrame":{"__uuid__":"c14/hH0JpPUpNV08oVFdoU"},"_type":1,"_sizeMode":0}],"_prefab":{"__type__":"cc.PrefabInfo","root":{"__id__":1},"asset":{"__uuid__":"fbM/qha1JAt5bjd4v04Ofi"},"fileId":"c6+CtOr6FNn4adpEYT0FoZ"},"_contentSize":{"__type__":"cc.Size","width":630,"height":80},"_position":{"__type__":"cc.Vec2","y":245}},{"__type__":"cc.Node","_name":"name","_parent":{"__id__":6},"_components":[{"__type__":"cc.Label","node":{"__id__":7},"_fontSize":32,"_lineHeight":50,"_N$string":"牌局总数","_N$horizontalAlign":1,"_N$verticalAlign":1}],"_prefab":{"__type__":"cc.PrefabInfo","root":{"__id__":1},"asset":{"__uuid__":"fbM/qha1JAt5bjd4v04Ofi"},"fileId":"c0bigPoJdKd7beVhrj/hBh"},"_anchorPoint":{"__type__":"cc.Vec2","y":0.5},"_contentSize":{"__type__":"cc.Size","width":128,"height":50},"_position":{"__type__":"cc.Vec2","x":-290}},{"__type__":"cc.Node","_name":"num","_parent":{"__id__":6},"_components":[{"__type__":"cc.Label","node":{"__id__":8},"_fontSize":32,"_lineHeight":50,"_N$string":"0","_N$horizontalAlign":1,"_N$verticalAlign":1}],"_prefab":{"__type__":"cc.PrefabInfo","root":{"__id__":1},"asset":{"__uuid__":"fbM/qha1JAt5bjd4v04Ofi"},"fileId":"c9Rw0DubxNz7uZMLy181e8"},"_anchorPoint":{"__type__":"cc.Vec2","x":1,"y":0.5},"_contentSize":{"__type__":"cc.Size","width":17.8,"height":50},"_position":{"__type__":"cc.Vec2","x":285}},{"__type__":"cc.Node","_name":"itemnode","_parent":{"__id__":5},"_children":[{"__id__":10},{"__id__":11}],"_components":[{"__type__":"cc.Sprite","node":{"__id__":9},"_spriteFrame":{"__uuid__":"c14/hH0JpPUpNV08oVFdoU"},"_type":1,"_sizeMode":0}],"_prefab":{"__type__":"cc.PrefabInfo","root":{"__id__":1},"asset":{"__uuid__":"fbM/qha1JAt5bjd4v04Ofi"},"fileId":"81zAdFPV5Lvq+tP6vOhv7A"},"_contentSize":{"__type__":"cc.Size","width":630,"height":80},"_position":{"__type__":"cc.Vec2","y":145}},{"__type__":"cc.Node","_name":"name","_parent":{"__id__":9},"_components":[{"__type__":"cc.Label","node":{"__id__":10},"_fontSize":32,"_lineHeight":50,"_N$string":"成功牌局","_N$horizontalAlign":1,"_N$verticalAlign":1}],"_prefab":{"__type__":"cc.PrefabInfo","root":{"__id__":1},"asset":{"__uuid__":"fbM/qha1JAt5bjd4v04Ofi"},"fileId":"e23dHheatI4pYwtcmZTm19"},"_anchorPoint":{"__type__":"cc.Vec2","y":0.5},"_contentSize":{"__type__":"cc.Size","width":128,"height":50},"_position":{"__type__":"cc.Vec2","x":-290}},{"__type__":"cc.Node","_name":"num","_parent":{"__id__":9},"_components":[{"__type__":"cc.Label","node":{"__id__":11},"_fontSize":32,"_lineHeight":50,"_N$string":"0","_N$horizontalAlign":1,"_N$verticalAlign":1}],"_prefab":{"__type__":"cc.PrefabInfo","root":{"__id__":1},"asset":{"__uuid__":"fbM/qha1JAt5bjd4v04Ofi"},"fileId":"78Vibp95lP8pmtn1NTU1vJ"},"_anchorPoint":{"__type__":"cc.Vec2","x":1,"y":0.5},"_contentSize":{"__type__":"cc.Size","width":17.8,"height":50},"_position":{"__type__":"cc.Vec2","x":285}},{"__type__":"cc.Node","_name":"itemnode","_parent":{"__id__":5},"_children":[{"__id__":13},{"__id__":14}],"_components":[{"__type__":"cc.Sprite","node":{"__id__":12},"_spriteFrame":{"__uuid__":"c14/hH0JpPUpNV08oVFdoU"},"_type":1,"_sizeMode":0}],"_prefab":{"__type__":"cc.PrefabInfo","root":{"__id__":1},"asset":{"__uuid__":"fbM/qha1JAt5bjd4v04Ofi"},"fileId":"7ePRifeDlCYawRiVZWpmS2"},"_contentSize":{"__type__":"cc.Size","width":630,"height":80},"_position":{"__type__":"cc.Vec2","y":45}},{"__type__":"cc.Node","_name":"name","_parent":{"__id__":12},"_components":[{"__type__":"cc.Label","node":{"__id__":13},"_fontSize":32,"_lineHeight":50,"_N$string":"最高分","_N$horizontalAlign":1,"_N$verticalAlign":1}],"_prefab":{"__type__":"cc.PrefabInfo","root":{"__id__":1},"asset":{"__uuid__":"fbM/qha1JAt5bjd4v04Ofi"},"fileId":"9fSRg9jBlI/5qOPBc5JPqh"},"_anchorPoint":{"__type__":"cc.Vec2","y":0.5},"_contentSize":{"__type__":"cc.Size","width":96,"height":50},"_position":{"__type__":"cc.Vec2","x":-290}},{"__type__":"cc.Node","_name":"num","_parent":{"__id__":12},"_components":[{"__type__":"cc.Label","node":{"__id__":14},"_fontSize":32,"_lineHeight":50,"_N$string":"0","_N$horizontalAlign":1,"_N$verticalAlign":1}],"_prefab":{"__type__":"cc.PrefabInfo","root":{"__id__":1},"asset":{"__uuid__":"fbM/qha1JAt5bjd4v04Ofi"},"fileId":"e4rSsno2RIfb1lRz4uQt+m"},"_anchorPoint":{"__type__":"cc.Vec2","x":1,"y":0.5},"_contentSize":{"__type__":"cc.Size","width":17.8,"height":50},"_position":{"__type__":"cc.Vec2","x":285}},{"__type__":"cc.Node","_name":"itemnode","_parent":{"__id__":5},"_children":[{"__id__":16},{"__id__":17}],"_components":[{"__type__":"cc.Sprite","node":{"__id__":15},"_spriteFrame":{"__uuid__":"c14/hH0JpPUpNV08oVFdoU"},"_type":1,"_sizeMode":0}],"_prefab":{"__type__":"cc.PrefabInfo","root":{"__id__":1},"asset":{"__uuid__":"fbM/qha1JAt5bjd4v04Ofi"},"fileId":"c6WW+VuXNB1Ks1o5ozQ7l2"},"_contentSize":{"__type__":"cc.Size","width":630,"height":80},"_position":{"__type__":"cc.Vec2","y":-55}},{"__type__":"cc.Node","_name":"name","_parent":{"__id__":15},"_components":[{"__type__":"cc.Label","node":{"__id__":16},"_fontSize":32,"_lineHeight":50,"_N$string":"最少成功移动","_N$horizontalAlign":1,"_N$verticalAlign":1}],"_prefab":{"__type__":"cc.PrefabInfo","root":{"__id__":1},"asset":{"__uuid__":"fbM/qha1JAt5bjd4v04Ofi"},"fileId":"b2bK6WmXlMuLaWal5NCtpc"},"_anchorPoint":{"__type__":"cc.Vec2","y":0.5},"_contentSize":{"__type__":"cc.Size","width":192,"height":50},"_position":{"__type__":"cc.Vec2","x":-290}},{"__type__":"cc.Node","_name":"num","_parent":{"__id__":15},"_components":[{"__type__":"cc.Label","node":{"__id__":17},"_fontSize":32,"_lineHeight":50,"_N$string":"0","_N$horizontalAlign":1,"_N$verticalAlign":1}],"_prefab":{"__type__":"cc.PrefabInfo","root":{"__id__":1},"asset":{"__uuid__":"fbM/qha1JAt5bjd4v04Ofi"},"fileId":"f6j4uTAixFp4b5+n64Ofjq"},"_anchorPoint":{"__type__":"cc.Vec2","x":1,"y":0.5},"_contentSize":{"__type__":"cc.Size","width":17.8,"height":50},"_position":{"__type__":"cc.Vec2","x":285}},{"__type__":"cc.Node","_name":"itemnode","_parent":{"__id__":5},"_children":[{"__id__":19},{"__id__":20}],"_components":[{"__type__":"cc.Sprite","node":{"__id__":18},"_spriteFrame":{"__uuid__":"c14/hH0JpPUpNV08oVFdoU"},"_type":1,"_sizeMode":0}],"_prefab":{"__type__":"cc.PrefabInfo","root":{"__id__":1},"asset":{"__uuid__":"fbM/qha1JAt5bjd4v04Ofi"},"fileId":"adDYfqMVVBBaG31MMGvSuf"},"_contentSize":{"__type__":"cc.Size","width":630,"height":80},"_position":{"__type__":"cc.Vec2","y":-155}},{"__type__":"cc.Node","_name":"name","_parent":{"__id__":18},"_components":[{"__type__":"cc.Label","node":{"__id__":19},"_fontSize":32,"_lineHeight":50,"_N$string":"最短成功时间","_N$horizontalAlign":1,"_N$verticalAlign":1}],"_prefab":{"__type__":"cc.PrefabInfo","root":{"__id__":1},"asset":{"__uuid__":"fbM/qha1JAt5bjd4v04Ofi"},"fileId":"84l2PnCzhMe517Yz7Vxqzt"},"_anchorPoint":{"__type__":"cc.Vec2","y":0.5},"_contentSize":{"__type__":"cc.Size","width":192,"height":50},"_position":{"__type__":"cc.Vec2","x":-290}},{"__type__":"cc.Node","_name":"num","_parent":{"__id__":18},"_components":[{"__type__":"cc.Label","node":{"__id__":20},"_fontSize":32,"_lineHeight":50,"_N$string":"0","_N$horizontalAlign":1,"_N$verticalAlign":1}],"_prefab":{"__type__":"cc.PrefabInfo","root":{"__id__":1},"asset":{"__uuid__":"fbM/qha1JAt5bjd4v04Ofi"},"fileId":"91iib0sqtDIJV0MdLStmUa"},"_anchorPoint":{"__type__":"cc.Vec2","x":1,"y":0.5},"_contentSize":{"__type__":"cc.Size","width":17.8,"height":50},"_position":{"__type__":"cc.Vec2","x":285}},{"__type__":"cc.Node","_name":"itemnode","_parent":{"__id__":5},"_children":[{"__id__":22},{"__id__":23}],"_components":[{"__type__":"cc.Sprite","node":{"__id__":21},"_spriteFrame":{"__uuid__":"c14/hH0JpPUpNV08oVFdoU"},"_type":1,"_sizeMode":0}],"_prefab":{"__type__":"cc.PrefabInfo","root":{"__id__":1},"asset":{"__uuid__":"fbM/qha1JAt5bjd4v04Ofi"},"fileId":"3f8H9fd1lBaqUKTL36cvkO"},"_contentSize":{"__type__":"cc.Size","width":630,"height":80},"_position":{"__type__":"cc.Vec2","y":-255}},{"__type__":"cc.Node","_name":"name","_parent":{"__id__":21},"_components":[{"__type__":"cc.Label","node":{"__id__":22},"_fontSize":38,"_lineHeight":50,"_N$string":"总时间","_N$horizontalAlign":1,"_N$verticalAlign":1}],"_prefab":{"__type__":"cc.PrefabInfo","root":{"__id__":1},"asset":{"__uuid__":"fbM/qha1JAt5bjd4v04Ofi"},"fileId":"aeUaCkEs9DAJ92FFAR/+vM"},"_anchorPoint":{"__type__":"cc.Vec2","y":0.5},"_contentSize":{"__type__":"cc.Size","width":114,"height":50},"_position":{"__type__":"cc.Vec2","x":-290}},{"__type__":"cc.Node","_name":"num","_parent":{"__id__":21},"_components":[{"__type__":"cc.Label","node":{"__id__":23},"_fontSize":32,"_lineHeight":50,"_N$string":"0","_N$horizontalAlign":1,"_N$verticalAlign":1}],"_prefab":{"__type__":"cc.PrefabInfo","root":{"__id__":1},"asset":{"__uuid__":"fbM/qha1JAt5bjd4v04Ofi"},"fileId":"86kOS7mJ5LEa/PvGKS2ZLZ"},"_anchorPoint":{"__type__":"cc.Vec2","x":1,"y":0.5},"_contentSize":{"__type__":"cc.Size","width":17.8,"height":50},"_position":{"__type__":"cc.Vec2","x":285}},{"__type__":"cc.Node","_name":"szplayout","_parent":{"__id__":3},"_children":[{"__id__":25},{"__id__":28},{"__id__":31},{"__id__":34},{"__id__":37},{"__id__":40}],"_active":false,"_components":[{"__type__":"cc.Layout","node":{"__id__":24},"_layoutSize":{"__type__":"cc.Size","width":640,"height":590},"_resize":1,"_N$layoutType":2,"_N$paddingTop":10,"_N$spacingY":20}],"_prefab":{"__type__":"cc.PrefabInfo","root":{"__id__":1},"asset":{"__uuid__":"fbM/qha1JAt5bjd4v04Ofi"},"fileId":"57kSCajftHC50hpSfq093w"},"_contentSize":{"__type__":"cc.Size","width":640,"height":590},"_position":{"__type__":"cc.Vec2","y":-23}},{"__type__":"cc.Node","_name":"itemnode","_parent":{"__id__":24},"_children":[{"__id__":26},{"__id__":27}],"_components":[{"__type__":"cc.Sprite","node":{"__id__":25},"_spriteFrame":{"__uuid__":"c14/hH0JpPUpNV08oVFdoU"},"_type":1,"_sizeMode":0}],"_prefab":{"__type__":"cc.PrefabInfo","root":{"__id__":1},"asset":{"__uuid__":"fbM/qha1JAt5bjd4v04Ofi"},"fileId":"53b98J+2hB44/HSsJvfHT5"},"_contentSize":{"__type__":"cc.Size","width":630,"height":80},"_position":{"__type__":"cc.Vec2","y":245}},{"__type__":"cc.Node","_name":"name","_parent":{"__id__":25},"_components":[{"__type__":"cc.Label","node":{"__id__":26},"_fontSize":32,"_lineHeight":50,"_N$string":"牌局总数","_N$horizontalAlign":1,"_N$verticalAlign":1}],"_prefab":{"__type__":"cc.PrefabInfo","root":{"__id__":1},"asset":{"__uuid__":"fbM/qha1JAt5bjd4v04Ofi"},"fileId":"c00ovviHxEmbIisRfHwRcX"},"_anchorPoint":{"__type__":"cc.Vec2","y":0.5},"_contentSize":{"__type__":"cc.Size","width":152,"height":50},"_position":{"__type__":"cc.Vec2","x":-290}},{"__type__":"cc.Node","_name":"num","_parent":{"__id__":25},"_components":[{"__type__":"cc.Label","node":{"__id__":27},"_fontSize":32,"_lineHeight":50,"_N$string":"0","_N$horizontalAlign":1,"_N$verticalAlign":1}],"_prefab":{"__type__":"cc.PrefabInfo","root":{"__id__":1},"asset":{"__uuid__":"fbM/qha1JAt5bjd4v04Ofi"},"fileId":"3apxIcjBVMPojhY4Ou6MMU"},"_anchorPoint":{"__type__":"cc.Vec2","x":1,"y":0.5},"_contentSize":{"__type__":"cc.Size","width":17.8,"height":50},"_position":{"__type__":"cc.Vec2","x":285}},{"__type__":"cc.Node","_name":"itemnode","_parent":{"__id__":24},"_children":[{"__id__":29},{"__id__":30}],"_components":[{"__type__":"cc.Sprite","node":{"__id__":28},"_spriteFrame":{"__uuid__":"c14/hH0JpPUpNV08oVFdoU"},"_type":1,"_sizeMode":0}],"_prefab":{"__type__":"cc.PrefabInfo","root":{"__id__":1},"asset":{"__uuid__":"fbM/qha1JAt5bjd4v04Ofi"},"fileId":"dc+BCSkXxFwZ8hDxlXmzIH"},"_contentSize":{"__type__":"cc.Size","width":630,"height":80},"_position":{"__type__":"cc.Vec2","y":145}},{"__type__":"cc.Node","_name":"name","_parent":{"__id__":28},"_components":[{"__type__":"cc.Label","node":{"__id__":29},"_fontSize":32,"_lineHeight":50,"_N$string":"成功牌局","_N$horizontalAlign":1,"_N$verticalAlign":1}],"_prefab":{"__type__":"cc.PrefabInfo","root":{"__id__":1},"asset":{"__uuid__":"fbM/qha1JAt5bjd4v04Ofi"},"fileId":"cb/v31X1tHob5pqrBEkGt2"},"_anchorPoint":{"__type__":"cc.Vec2","y":0.5},"_contentSize":{"__type__":"cc.Size","width":152,"height":50},"_position":{"__type__":"cc.Vec2","x":-290}},{"__type__":"cc.Node","_name":"num","_parent":{"__id__":28},"_components":[{"__type__":"cc.Label","node":{"__id__":30},"_fontSize":32,"_lineHeight":50,"_N$string":"0","_N$horizontalAlign":1,"_N$verticalAlign":1}],"_prefab":{"__type__":"cc.PrefabInfo","root":{"__id__":1},"asset":{"__uuid__":"fbM/qha1JAt5bjd4v04Ofi"},"fileId":"644SaUEQRCzoRWkTmSFFjy"},"_anchorPoint":{"__type__":"cc.Vec2","x":1,"y":0.5},"_contentSize":{"__type__":"cc.Size","width":17.8,"height":50},"_position":{"__type__":"cc.Vec2","x":285}},{"__type__":"cc.Node","_name":"itemnode","_parent":{"__id__":24},"_children":[{"__id__":32},{"__id__":33}],"_components":[{"__type__":"cc.Sprite","node":{"__id__":31},"_spriteFrame":{"__uuid__":"c14/hH0JpPUpNV08oVFdoU"},"_type":1,"_sizeMode":0}],"_prefab":{"__type__":"cc.PrefabInfo","root":{"__id__":1},"asset":{"__uuid__":"fbM/qha1JAt5bjd4v04Ofi"},"fileId":"32OerRhrtLAL4djpCMsVLI"},"_contentSize":{"__type__":"cc.Size","width":630,"height":80},"_position":{"__type__":"cc.Vec2","y":45}},{"__type__":"cc.Node","_name":"name","_parent":{"__id__":31},"_components":[{"__type__":"cc.Label","node":{"__id__":32},"_fontSize":32,"_lineHeight":50,"_N$string":"最高分","_N$horizontalAlign":1,"_N$verticalAlign":1}],"_prefab":{"__type__":"cc.PrefabInfo","root":{"__id__":1},"asset":{"__uuid__":"fbM/qha1JAt5bjd4v04Ofi"},"fileId":"ef3D+uKtVJardrdeBJMeMT"},"_anchorPoint":{"__type__":"cc.Vec2","y":0.5},"_contentSize":{"__type__":"cc.Size","width":114,"height":50},"_position":{"__type__":"cc.Vec2","x":-290}},{"__type__":"cc.Node","_name":"num","_parent":{"__id__":31},"_components":[{"__type__":"cc.Label","node":{"__id__":33},"_fontSize":32,"_lineHeight":50,"_N$string":"0","_N$horizontalAlign":1,"_N$verticalAlign":1}],"_prefab":{"__type__":"cc.PrefabInfo","root":{"__id__":1},"asset":{"__uuid__":"fbM/qha1JAt5bjd4v04Ofi"},"fileId":"91y4T81+NM5LWRYhuKIc0U"},"_anchorPoint":{"__type__":"cc.Vec2","x":1,"y":0.5},"_contentSize":{"__type__":"cc.Size","width":17.8,"height":50},"_position":{"__type__":"cc.Vec2","x":285}},{"__type__":"cc.Node","_name":"itemnode","_parent":{"__id__":24},"_children":[{"__id__":35},{"__id__":36}],"_components":[{"__type__":"cc.Sprite","node":{"__id__":34},"_spriteFrame":{"__uuid__":"c14/hH0JpPUpNV08oVFdoU"},"_type":1,"_sizeMode":0}],"_prefab":{"__type__":"cc.PrefabInfo","root":{"__id__":1},"asset":{"__uuid__":"fbM/qha1JAt5bjd4v04Ofi"},"fileId":"efUGWhck9FYaw/B3VF4j5/"},"_contentSize":{"__type__":"cc.Size","width":630,"height":80},"_position":{"__type__":"cc.Vec2","y":-55}},{"__type__":"cc.Node","_name":"name","_parent":{"__id__":34},"_components":[{"__type__":"cc.Label","node":{"__id__":35},"_fontSize":32,"_lineHeight":50,"_N$string":"最少成功移动","_N$horizontalAlign":1,"_N$verticalAlign":1}],"_prefab":{"__type__":"cc.PrefabInfo","root":{"__id__":1},"asset":{"__uuid__":"fbM/qha1JAt5bjd4v04Ofi"},"fileId":"99XLbE1X1NyqCscnmpyUsg"},"_anchorPoint":{"__type__":"cc.Vec2","y":0.5},"_contentSize":{"__type__":"cc.Size","width":228,"height":50},"_position":{"__type__":"cc.Vec2","x":-290}},{"__type__":"cc.Node","_name":"num","_parent":{"__id__":34},"_components":[{"__type__":"cc.Label","node":{"__id__":36},"_fontSize":32,"_lineHeight":50,"_N$string":"0","_N$horizontalAlign":1,"_N$verticalAlign":1}],"_prefab":{"__type__":"cc.PrefabInfo","root":{"__id__":1},"asset":{"__uuid__":"fbM/qha1JAt5bjd4v04Ofi"},"fileId":"99Wdew8MVKx617M171+Qir"},"_anchorPoint":{"__type__":"cc.Vec2","x":1,"y":0.5},"_contentSize":{"__type__":"cc.Size","width":17.8,"height":50},"_position":{"__type__":"cc.Vec2","x":285}},{"__type__":"cc.Node","_name":"itemnode","_parent":{"__id__":24},"_children":[{"__id__":38},{"__id__":39}],"_components":[{"__type__":"cc.Sprite","node":{"__id__":37},"_spriteFrame":{"__uuid__":"c14/hH0JpPUpNV08oVFdoU"},"_type":1,"_sizeMode":0}],"_prefab":{"__type__":"cc.PrefabInfo","root":{"__id__":1},"asset":{"__uuid__":"fbM/qha1JAt5bjd4v04Ofi"},"fileId":"f1x/Rev8JMmZMqNJ2ePOHc"},"_contentSize":{"__type__":"cc.Size","width":630,"height":80},"_position":{"__type__":"cc.Vec2","y":-155}},{"__type__":"cc.Node","_name":"name","_parent":{"__id__":37},"_components":[{"__type__":"cc.Label","node":{"__id__":38},"_fontSize":32,"_lineHeight":50,"_N$string":"最短成功时间","_N$horizontalAlign":1,"_N$verticalAlign":1}],"_prefab":{"__type__":"cc.PrefabInfo","root":{"__id__":1},"asset":{"__uuid__":"fbM/qha1JAt5bjd4v04Ofi"},"fileId":"9aKjkZOsBGsr7uVe07cEhn"},"_anchorPoint":{"__type__":"cc.Vec2","y":0.5},"_contentSize":{"__type__":"cc.Size","width":228,"height":50},"_position":{"__type__":"cc.Vec2","x":-290}},{"__type__":"cc.Node","_name":"num","_parent":{"__id__":37},"_components":[{"__type__":"cc.Label","node":{"__id__":39},"_fontSize":32,"_lineHeight":50,"_N$string":"0","_N$horizontalAlign":1,"_N$verticalAlign":1}],"_prefab":{"__type__":"cc.PrefabInfo","root":{"__id__":1},"asset":{"__uuid__":"fbM/qha1JAt5bjd4v04Ofi"},"fileId":"c0ctjUT4hD7ahYHdh7c5Bc"},"_anchorPoint":{"__type__":"cc.Vec2","x":1,"y":0.5},"_contentSize":{"__type__":"cc.Size","width":17.8,"height":50},"_position":{"__type__":"cc.Vec2","x":285}},{"__type__":"cc.Node","_name":"itemnode","_parent":{"__id__":24},"_children":[{"__id__":41},{"__id__":42}],"_components":[{"__type__":"cc.Sprite","node":{"__id__":40},"_spriteFrame":{"__uuid__":"c14/hH0JpPUpNV08oVFdoU"},"_type":1,"_sizeMode":0}],"_prefab":{"__type__":"cc.PrefabInfo","root":{"__id__":1},"asset":{"__uuid__":"fbM/qha1JAt5bjd4v04Ofi"},"fileId":"8fikKEMwtCGZofTtxMunwX"},"_contentSize":{"__type__":"cc.Size","width":630,"height":80},"_position":{"__type__":"cc.Vec2","y":-255}},{"__type__":"cc.Node","_name":"name","_parent":{"__id__":40},"_components":[{"__type__":"cc.Label","node":{"__id__":41},"_fontSize":32,"_lineHeight":50,"_N$string":"总时间","_N$horizontalAlign":1,"_N$verticalAlign":1}],"_prefab":{"__type__":"cc.PrefabInfo","root":{"__id__":1},"asset":{"__uuid__":"fbM/qha1JAt5bjd4v04Ofi"},"fileId":"6cLNYP3CFBu66SHzW9N4Sr"},"_anchorPoint":{"__type__":"cc.Vec2","y":0.5},"_contentSize":{"__type__":"cc.Size","width":114,"height":50},"_position":{"__type__":"cc.Vec2","x":-290}},{"__type__":"cc.Node","_name":"num","_parent":{"__id__":40},"_components":[{"__type__":"cc.Label","node":{"__id__":42},"_fontSize":32,"_lineHeight":50,"_N$string":"0","_N$horizontalAlign":1,"_N$verticalAlign":1}],"_prefab":{"__type__":"cc.PrefabInfo","root":{"__id__":1},"asset":{"__uuid__":"fbM/qha1JAt5bjd4v04Ofi"},"fileId":"8eKLN17HRAq6Hlycd96USb"},"_anchorPoint":{"__type__":"cc.Vec2","x":1,"y":0.5},"_contentSize":{"__type__":"cc.Size","width":17.8,"height":50},"_position":{"__type__":"cc.Vec2","x":285}},{"__type__":"cc.Node","_name":"wjslayout","_parent":{"__id__":3},"_children":[{"__id__":44},{"__id__":47},{"__id__":50},{"__id__":53},{"__id__":56}],"_active":false,"_components":[{"__type__":"cc.Layout","node":{"__id__":43},"_layoutSize":{"__type__":"cc.Size","width":640,"height":490},"_resize":1,"_N$layoutType":2,"_N$paddingTop":10,"_N$spacingY":20}],"_prefab":{"__type__":"cc.PrefabInfo","root":{"__id__":1},"asset":{"__uuid__":"fbM/qha1JAt5bjd4v04Ofi"},"fileId":"68KnfdhTJHoqmlx2eGbVF1"},"_contentSize":{"__type__":"cc.Size","width":640,"height":490},"_position":{"__type__":"cc.Vec2","y":-23}},{"__type__":"cc.Node","_name":"itemnode","_parent":{"__id__":43},"_children":[{"__id__":45},{"__id__":46}],"_components":[{"__type__":"cc.Sprite","node":{"__id__":44},"_spriteFrame":{"__uuid__":"c14/hH0JpPUpNV08oVFdoU"},"_type":1,"_sizeMode":0}],"_prefab":{"__type__":"cc.PrefabInfo","root":{"__id__":1},"asset":{"__uuid__":"fbM/qha1JAt5bjd4v04Ofi"},"fileId":"09YXyrVbpC3bVVe8/V27Hd"},"_contentSize":{"__type__":"cc.Size","width":630,"height":80},"_position":{"__type__":"cc.Vec2","y":195}},{"__type__":"cc.Node","_name":"name","_parent":{"__id__":44},"_components":[{"__type__":"cc.Label","node":{"__id__":45},"_fontSize":32,"_lineHeight":50,"_N$string":"牌局总数","_N$horizontalAlign":1,"_N$verticalAlign":1}],"_prefab":{"__type__":"cc.PrefabInfo","root":{"__id__":1},"asset":{"__uuid__":"fbM/qha1JAt5bjd4v04Ofi"},"fileId":"b2z9mmWIlGPbBQovhYMEAA"},"_anchorPoint":{"__type__":"cc.Vec2","y":0.5},"_contentSize":{"__type__":"cc.Size","width":152,"height":50},"_position":{"__type__":"cc.Vec2","x":-290}},{"__type__":"cc.Node","_name":"num","_parent":{"__id__":44},"_components":[{"__type__":"cc.Label","node":{"__id__":46},"_fontSize":32,"_lineHeight":50,"_N$string":"0","_N$horizontalAlign":1,"_N$verticalAlign":1}],"_prefab":{"__type__":"cc.PrefabInfo","root":{"__id__":1},"asset":{"__uuid__":"fbM/qha1JAt5bjd4v04Ofi"},"fileId":"aeJQdJ0hhNzZpHF3xv/yWk"},"_anchorPoint":{"__type__":"cc.Vec2","x":1,"y":0.5},"_contentSize":{"__type__":"cc.Size","width":17.8,"height":50},"_position":{"__type__":"cc.Vec2","x":285}},{"__type__":"cc.Node","_name":"itemnode","_parent":{"__id__":43},"_children":[{"__id__":48},{"__id__":49}],"_components":[{"__type__":"cc.Sprite","node":{"__id__":47},"_spriteFrame":{"__uuid__":"c14/hH0JpPUpNV08oVFdoU"},"_type":1,"_sizeMode":0}],"_prefab":{"__type__":"cc.PrefabInfo","root":{"__id__":1},"asset":{"__uuid__":"fbM/qha1JAt5bjd4v04Ofi"},"fileId":"6b6+b7XbFFdYHR/iF4A1Gy"},"_contentSize":{"__type__":"cc.Size","width":630,"height":80},"_position":{"__type__":"cc.Vec2","y":95}},{"__type__":"cc.Node","_name":"name","_parent":{"__id__":47},"_components":[{"__type__":"cc.Label","node":{"__id__":48},"_fontSize":32,"_lineHeight":50,"_N$string":"成功牌局","_N$horizontalAlign":1,"_N$verticalAlign":1}],"_prefab":{"__type__":"cc.PrefabInfo","root":{"__id__":1},"asset":{"__uuid__":"fbM/qha1JAt5bjd4v04Ofi"},"fileId":"5dXelgv29G05pigVWqhvJK"},"_anchorPoint":{"__type__":"cc.Vec2","y":0.5},"_contentSize":{"__type__":"cc.Size","width":152,"height":50},"_position":{"__type__":"cc.Vec2","x":-290}},{"__type__":"cc.Node","_name":"num","_parent":{"__id__":47},"_components":[{"__type__":"cc.Label","node":{"__id__":49},"_fontSize":32,"_lineHeight":50,"_N$string":"0","_N$horizontalAlign":1,"_N$verticalAlign":1}],"_prefab":{"__type__":"cc.PrefabInfo","root":{"__id__":1},"asset":{"__uuid__":"fbM/qha1JAt5bjd4v04Ofi"},"fileId":"23cr4OHPxCYIzezYx0ofLz"},"_anchorPoint":{"__type__":"cc.Vec2","x":1,"y":0.5},"_contentSize":{"__type__":"cc.Size","width":17.8,"height":50},"_position":{"__type__":"cc.Vec2","x":285}},{"__type__":"cc.Node","_name":"itemnode","_parent":{"__id__":43},"_children":[{"__id__":51},{"__id__":52}],"_components":[{"__type__":"cc.Sprite","node":{"__id__":50},"_spriteFrame":{"__uuid__":"c14/hH0JpPUpNV08oVFdoU"},"_type":1,"_sizeMode":0}],"_prefab":{"__type__":"cc.PrefabInfo","root":{"__id__":1},"asset":{"__uuid__":"fbM/qha1JAt5bjd4v04Ofi"},"fileId":"c9C35FNv9LL5gKY4sJE0Ab"},"_contentSize":{"__type__":"cc.Size","width":630,"height":80},"_position":{"__type__":"cc.Vec2","y":-5}},{"__type__":"cc.Node","_name":"name","_parent":{"__id__":50},"_components":[{"__type__":"cc.Label","node":{"__id__":51},"_fontSize":32,"_lineHeight":50,"_N$string":"支出总计","_N$horizontalAlign":1,"_N$verticalAlign":1}],"_prefab":{"__type__":"cc.PrefabInfo","root":{"__id__":1},"asset":{"__uuid__":"fbM/qha1JAt5bjd4v04Ofi"},"fileId":"73oK3FBQJAeZqOdYa4KuC/"},"_anchorPoint":{"__type__":"cc.Vec2","y":0.5},"_contentSize":{"__type__":"cc.Size","width":152,"height":50},"_position":{"__type__":"cc.Vec2","x":-290}},{"__type__":"cc.Node","_name":"num","_parent":{"__id__":50},"_components":[{"__type__":"cc.Label","node":{"__id__":52},"_fontSize":32,"_lineHeight":50,"_N$string":"0","_N$horizontalAlign":1,"_N$verticalAlign":1}],"_prefab":{"__type__":"cc.PrefabInfo","root":{"__id__":1},"asset":{"__uuid__":"fbM/qha1JAt5bjd4v04Ofi"},"fileId":"8c935HZ29DC7Y64Ix57pYr"},"_anchorPoint":{"__type__":"cc.Vec2","x":1,"y":0.5},"_contentSize":{"__type__":"cc.Size","width":17.8,"height":50},"_position":{"__type__":"cc.Vec2","x":285}},{"__type__":"cc.Node","_name":"itemnode","_parent":{"__id__":43},"_children":[{"__id__":54},{"__id__":55}],"_components":[{"__type__":"cc.Sprite","node":{"__id__":53},"_spriteFrame":{"__uuid__":"c14/hH0JpPUpNV08oVFdoU"},"_type":1,"_sizeMode":0}],"_prefab":{"__type__":"cc.PrefabInfo","root":{"__id__":1},"asset":{"__uuid__":"fbM/qha1JAt5bjd4v04Ofi"},"fileId":"9dHMd+GjBJ0bCxx6oZS5qD"},"_contentSize":{"__type__":"cc.Size","width":630,"height":80},"_position":{"__type__":"cc.Vec2","y":-105}},{"__type__":"cc.Node","_name":"name","_parent":{"__id__":53},"_components":[{"__type__":"cc.Label","node":{"__id__":54},"_fontSize":32,"_lineHeight":50,"_N$string":"收入总计","_N$horizontalAlign":1,"_N$verticalAlign":1}],"_prefab":{"__type__":"cc.PrefabInfo","root":{"__id__":1},"asset":{"__uuid__":"fbM/qha1JAt5bjd4v04Ofi"},"fileId":"42ngHaEPVGdZV17ACNaxMU"},"_anchorPoint":{"__type__":"cc.Vec2","y":0.5},"_contentSize":{"__type__":"cc.Size","width":152,"height":50},"_position":{"__type__":"cc.Vec2","x":-290}},{"__type__":"cc.Node","_name":"num","_parent":{"__id__":53},"_components":[{"__type__":"cc.Label","node":{"__id__":55},"_fontSize":32,"_lineHeight":50,"_N$string":"0","_N$horizontalAlign":1,"_N$verticalAlign":1}],"_prefab":{"__type__":"cc.PrefabInfo","root":{"__id__":1},"asset":{"__uuid__":"fbM/qha1JAt5bjd4v04Ofi"},"fileId":"6bNwm429tBh5fo44sYbS3w"},"_anchorPoint":{"__type__":"cc.Vec2","x":1,"y":0.5},"_contentSize":{"__type__":"cc.Size","width":17.8,"height":50},"_position":{"__type__":"cc.Vec2","x":285}},{"__type__":"cc.Node","_name":"itemnode","_parent":{"__id__":43},"_children":[{"__id__":57},{"__id__":58}],"_components":[{"__type__":"cc.Sprite","node":{"__id__":56},"_spriteFrame":{"__uuid__":"c14/hH0JpPUpNV08oVFdoU"},"_type":1,"_sizeMode":0}],"_prefab":{"__type__":"cc.PrefabInfo","root":{"__id__":1},"asset":{"__uuid__":"fbM/qha1JAt5bjd4v04Ofi"},"fileId":"039PlfRZ5FpqbeOtB+Jk4G"},"_contentSize":{"__type__":"cc.Size","width":630,"height":80},"_position":{"__type__":"cc.Vec2","y":-205}},{"__type__":"cc.Node","_name":"name","_parent":{"__id__":56},"_components":[{"__type__":"cc.Label","node":{"__id__":57},"_fontSize":32,"_lineHeight":50,"_N$string":"累计最高金额","_N$horizontalAlign":1,"_N$verticalAlign":1}],"_prefab":{"__type__":"cc.PrefabInfo","root":{"__id__":1},"asset":{"__uuid__":"fbM/qha1JAt5bjd4v04Ofi"},"fileId":"27VXqRNd5Ah7W70GxHXbtj"},"_anchorPoint":{"__type__":"cc.Vec2","y":0.5},"_contentSize":{"__type__":"cc.Size","width":228,"height":50},"_position":{"__type__":"cc.Vec2","x":-290}},{"__type__":"cc.Node","_name":"num","_parent":{"__id__":56},"_components":[{"__type__":"cc.Label","node":{"__id__":58},"_fontSize":32,"_lineHeight":50,"_N$string":"0","_N$horizontalAlign":1,"_N$verticalAlign":1}],"_prefab":{"__type__":"cc.PrefabInfo","root":{"__id__":1},"asset":{"__uuid__":"fbM/qha1JAt5bjd4v04Ofi"},"fileId":"69Km9RHoFKJqAFDH0R0Wqq"},"_anchorPoint":{"__type__":"cc.Vec2","x":1,"y":0.5},"_contentSize":{"__type__":"cc.Size","width":17.8,"height":50},"_position":{"__type__":"cc.Vec2","x":285}},{"__type__":"cc.Node","_name":"resetbtn","_parent":{"__id__":3},"_children":[{"__id__":60}],"_components":[{"__type__":"cc.Sprite","node":{"__id__":59},"_spriteFrame":{"__uuid__":"82yWuQ5x1OFJLZ/aatlo/R"}},{"__type__":"cc.Button","node":{"__id__":59},"transition":3,"zoomScale":0.8}],"_prefab":{"__type__":"cc.PrefabInfo","root":{"__id__":1},"asset":{"__uuid__":"fbM/qha1JAt5bjd4v04Ofi"},"fileId":"9c9BnlHMNGApOtdkCsj1i4"},"_contentSize":{"__type__":"cc.Size","width":256,"height":83},"_position":{"__type__":"cc.Vec2","y":-405}},{"__type__":"cc.Node","_name":"New Label","_parent":{"__id__":59},"_components":[{"__type__":"cc.Label","node":{"__id__":60},"_useOriginalSize":false,"_fontSize":42,"_lineHeight":50,"_N$string":"重置","_N$horizontalAlign":1,"_N$verticalAlign":1}],"_prefab":{"__type__":"cc.PrefabInfo","root":{"__id__":1},"asset":{"__uuid__":"fbM/qha1JAt5bjd4v04Ofi"},"fileId":"9bLqQONMdPPZ9OHDKe2BwO"},"_contentSize":{"__type__":"cc.Size","width":84,"height":50}},{"__type__":"cc.Node","_name":"groupnode","_parent":{"__id__":3},"_children":[{"__id__":62},{"__id__":63},{"__id__":66},{"__id__":69}],"_prefab":{"__type__":"cc.PrefabInfo","root":{"__id__":1},"asset":{"__uuid__":"fbM/qha1JAt5bjd4v04Ofi"},"fileId":"64kdaSFgxALpz+ZlbJIC2C"},"_contentSize":{"__type__":"cc.Size","width":640,"height":60},"_position":{"__type__":"cc.Vec2","y":322}},{"__type__":"cc.Node","_name":"pic_cm_btdk.9","_parent":{"__id__":61},"_components":[{"__type__":"cc.Sprite","node":{"__id__":62},"_spriteFrame":{"__uuid__":"c77BY33nhFlIme4oVlv3h4"},"_type":1,"_sizeMode":0}],"_prefab":{"__type__":"cc.PrefabInfo","root":{"__id__":1},"asset":{"__uuid__":"fbM/qha1JAt5bjd4v04Ofi"},"fileId":"9dX4q/pWZNu7k/dMcOmi2P"},"_contentSize":{"__type__":"cc.Size","width":640,"height":90}},{"__type__":"cc.Node","_name":"ocardbtn","_parent":{"__id__":61},"_children":[{"__id__":64},{"__id__":65}],"_components":[{"__type__":"cc.Button","node":{"__id__":63}}],"_prefab":{"__type__":"cc.PrefabInfo","root":{"__id__":1},"asset":{"__uuid__":"fbM/qha1JAt5bjd4v04Ofi"},"fileId":"4e3pxtcv1HV7DtKNZZ1h8+"},"_contentSize":{"__type__":"cc.Size","width":198,"height":60},"_position":{"__type__":"cc.Vec2","x":-210}},{"__type__":"cc.Node","_name":"itembg_1","_parent":{"__id__":63},"_components":[{"__type__":"cc.Sprite","node":{"__id__":64},"_spriteFrame":{"__uuid__":"68yihG83NEVJDzBzaQPZ7B"},"_sizeMode":2}],"_prefab":{"__type__":"cc.PrefabInfo","root":{"__id__":1},"asset":{"__uuid__":"fbM/qha1JAt5bjd4v04Ofi"},"fileId":"37knL0r6pP7LVC0kvEBVGy"},"_contentSize":{"__type__":"cc.Size","width":216,"height":97}},{"__type__":"cc.Node","_name":"New Label","_parent":{"__id__":63},"_components":[{"__type__":"cc.Label","node":{"__id__":65},"_useOriginalSize":false,"_fontSize":32,"_lineHeight":42,"_N$string":"1张牌","_N$horizontalAlign":1,"_N$verticalAlign":1}],"_prefab":{"__type__":"cc.PrefabInfo","root":{"__id__":1},"asset":{"__uuid__":"fbM/qha1JAt5bjd4v04Ofi"},"fileId":"91kRLmYipNGKmm+3QskvGX"},"_contentSize":{"__type__":"cc.Size","width":81.8,"height":42}},{"__type__":"cc.Node","_name":"tcardbtn","_parent":{"__id__":61},"_children":[{"__id__":67},{"__id__":68}],"_components":[{"__type__":"cc.Button","node":{"__id__":66}}],"_prefab":{"__type__":"cc.PrefabInfo","root":{"__id__":1},"asset":{"__uuid__":"fbM/qha1JAt5bjd4v04Ofi"},"fileId":"0d6lILe3RGx4BAuciP+or7"},"_contentSize":{"__type__":"cc.Size","width":198,"height":60}},{"__type__":"cc.Node","_name":"itembg_1","_parent":{"__id__":66},"_active":false,"_components":[{"__type__":"cc.Sprite","node":{"__id__":67},"_spriteFrame":{"__uuid__":"68yihG83NEVJDzBzaQPZ7B"}}],"_prefab":{"__type__":"cc.PrefabInfo","root":{"__id__":1},"asset":{"__uuid__":"fbM/qha1JAt5bjd4v04Ofi"},"fileId":"746mY8xjJI86MeCB1jyaMX"},"_contentSize":{"__type__":"cc.Size","width":216,"height":97}},{"__type__":"cc.Node","_name":"New Label","_parent":{"__id__":66},"_components":[{"__type__":"cc.Label","node":{"__id__":68},"_useOriginalSize":false,"_fontSize":32,"_lineHeight":42,"_N$string":"3张牌","_N$horizontalAlign":1,"_N$verticalAlign":1}],"_prefab":{"__type__":"cc.PrefabInfo","root":{"__id__":1},"asset":{"__uuid__":"fbM/qha1JAt5bjd4v04Ofi"},"fileId":"b6g2G9UJ5KXJSFHGL62v85"},"_contentSize":{"__type__":"cc.Size","width":81.8,"height":42}},{"__type__":"cc.Node","_name":"wjsbtn","_parent":{"__id__":61},"_children":[{"__id__":70},{"__id__":71}],"_components":[{"__type__":"cc.Button","node":{"__id__":69}}],"_prefab":{"__type__":"cc.PrefabInfo","root":{"__id__":1},"asset":{"__uuid__":"fbM/qha1JAt5bjd4v04Ofi"},"fileId":"dfo2lTWYZAu51QO2Hy7DWy"},"_contentSize":{"__type__":"cc.Size","width":198,"height":60},"_position":{"__type__":"cc.Vec2","x":210}},{"__type__":"cc.Node","_name":"itembg_1","_parent":{"__id__":69},"_active":false,"_components":[{"__type__":"cc.Sprite","node":{"__id__":70},"_spriteFrame":{"__uuid__":"68yihG83NEVJDzBzaQPZ7B"}}],"_prefab":{"__type__":"cc.PrefabInfo","root":{"__id__":1},"asset":{"__uuid__":"fbM/qha1JAt5bjd4v04Ofi"},"fileId":"fdkOB20FZAw6Hz33DLTZP/"},"_contentSize":{"__type__":"cc.Size","width":216,"height":97}},{"__type__":"cc.Node","_name":"New Label","_parent":{"__id__":69},"_components":[{"__type__":"cc.Label","node":{"__id__":71},"_useOriginalSize":false,"_fontSize":32,"_lineHeight":42,"_N$string":"维加斯","_N$horizontalAlign":1,"_N$verticalAlign":1}],"_prefab":{"__type__":"cc.PrefabInfo","root":{"__id__":1},"asset":{"__uuid__":"fbM/qha1JAt5bjd4v04Ofi"},"fileId":"ba3IFIEo9B9q1u4Wn2z/oq"},"_contentSize":{"__type__":"cc.Size","width":96,"height":42}},{"__type__":"cc.Node","_name":"closebtn","_parent":{"__id__":3},"_children":[{"__id__":73}],"_components":[{"__type__":"cc.Button","node":{"__id__":72},"transition":3,"zoomScale":0.8}],"_prefab":{"__type__":"cc.PrefabInfo","root":{"__id__":1},"asset":{"__uuid__":"fbM/qha1JAt5bjd4v04Ofi"},"fileId":"adahOzMYJBxaCQ6eVCrJBg"},"_contentSize":{"__type__":"cc.Size","width":80,"height":80},"_position":{"__type__":"cc.Vec2","x":299,"y":455}},{"__type__":"cc.Node","_name":"close","_parent":{"__id__":72},"_components":[{"__type__":"cc.Sprite","node":{"__id__":73},"_spriteFrame":{"__uuid__":"8e/XDr911FmKK06jMb9shz"}}],"_prefab":{"__type__":"cc.PrefabInfo","root":{"__id__":1},"asset":{"__uuid__":"fbM/qha1JAt5bjd4v04Ofi"},"fileId":"a9U3jDGOxPOJ4A/AqiVQRI"},"_contentSize":{"__type__":"cc.Size","width":43,"height":44}}]]