[[{"__type__":"cc.Prefab","_name":"PrivacyNode","data":{"__id__":1},"asyncLoadAssets":null},{"__type__":"cc.Node","_name":"PrivacyNode","_children":[{"__id__":2},{"__id__":3},{"__id__":4}],"_components":[{"__type__":"cc.Widget","node":{"__id__":1},"_alignFlags":45,"_originalWidth":750,"_originalHeight":1334},{"__type__":"adbaa9G1cFOQrLfeGw33QFV","node":{"__id__":1}}],"_prefab":{"__type__":"cc.PrefabInfo","root":{"__id__":1},"asset":{"__uuid__":"54d6ZU96pMM45cPkJJwUaT"},"fileId":"8eWFe0kkdBC7nqKxcJRpDj"},"_contentSize":{"__type__":"cc.Size","width":750,"height":1334},"_position":{"__type__":"cc.Vec2","x":375,"y":667}},{"__type__":"cc.Node","_name":"bg","_parent":{"__id__":1},"_components":[{"__type__":"cc.Sprite","node":{"__id__":2},"_spriteFrame":{"__uuid__":"a2MjXRFdtLlYQ5ouAFv/+R"},"_sizeMode":0},{"__type__":"cc.Widget","node":{"__id__":2},"_alignFlags":45,"_originalWidth":750,"_originalHeight":1334},{"__type__":"cc.Button","node":{"__id__":2}}],"_prefab":{"__type__":"cc.PrefabInfo","root":{"__id__":1},"asset":{"__uuid__":"54d6ZU96pMM45cPkJJwUaT"},"fileId":"b8y97HNDNIV523Fp+sozlA"},"_opacity":180,"_color":{"__type__":"cc.Color"},"_contentSize":{"__type__":"cc.Size","width":750,"height":1334}},{"__type__":"cc.Node","_name":"webview","_parent":{"__id__":1},"_components":[{"__type__":"cc.WebView","node":{"__id__":3},"_useOriginalSize":false,"_url":"https://www.block669.com/Privacy_Solitaire.html"}],"_prefab":{"__type__":"cc.PrefabInfo","root":{"__id__":1},"asset":{"__uuid__":"54d6ZU96pMM45cPkJJwUaT"},"fileId":"f9R/ps2nVBJKiJe6nHIU2p"},"_contentSize":{"__type__":"cc.Size","width":750,"height":1234},"_position":{"__type__":"cc.Vec2","y":-47}},{"__type__":"cc.Node","_name":"closebtn","_parent":{"__id__":1},"_children":[{"__id__":5}],"_components":[{"__type__":"cc.Button","node":{"__id__":4},"transition":3,"zoomScale":0.8}],"_prefab":{"__type__":"cc.PrefabInfo","root":{"__id__":1},"asset":{"__uuid__":"54d6ZU96pMM45cPkJJwUaT"},"fileId":"afgJpHFxdPmZl4hhFHMBGm"},"_contentSize":{"__type__":"cc.Size","width":100,"height":100},"_position":{"__type__":"cc.Vec2","x":-316,"y":604}},{"__type__":"cc.Node","_name":"close","_parent":{"__id__":4},"_components":[{"__type__":"cc.Sprite","node":{"__id__":5},"_spriteFrame":{"__uuid__":"8e/XDr911FmKK06jMb9shz"}}],"_prefab":{"__type__":"cc.PrefabInfo","root":{"__id__":1},"asset":{"__uuid__":"54d6ZU96pMM45cPkJJwUaT"},"fileId":"7fdMATD9NPW6nyp+Kfw/zH"},"_contentSize":{"__type__":"cc.Size","width":43,"height":44}}],{"__type__":"cc.SpriteFrame","content":{"name":"close","texture":"30Mb1h1W5B5Yy6QdHcaz4z","rect":[0,0,43,44],"offset":[0,0],"originalSize":[43,44]}},{"__type__":"cc.SpriteFrame","content":{"name":"default_sprite_splash","texture":"02delMVqdBD70a/HSD99FK","rect":[0,0,2,2],"offset":[0,0],"originalSize":[2,2]}}]