[1,["fd1EcjvqFAJ7KwuhVW2gZO@6c48a","9bIKUUbMNJ3rIWtrhjBGJJ"],["normalMap","_effectAsset"],[["cc.Material",["_name","_states","_defines","_props"],0,12]],[[0,0,1,2,3,4]],[[0,"mat_ground-2",[{"rasterizerState":{},"depthStencilState":{},"blendState":{"targets":[{}]}},{"rasterizerState":{},"depthStencilState":{},"blendState":{"targets":[{}]}},{"rasterizerState":{},"depthStencilState":{},"blendState":{"targets":[{}]}},{"rasterizerState":{},"depthStencilState":{},"blendState":{"targets":[{}]}}],[{},{"USE_NORMAL_MAP":true,"BASE_COLOR_MAP_AS_SHADE_MAP_1":true,"BASE_COLOR_MAP_AS_SHADE_MAP_2":true},{},{}],[[{"lineWidth":30},[{"baseFeather":0.5,"shadeStep":0.61},"mainColor",8,[4,4290149473],"shadeColor1",8,[4,4294967295],"shadeColor2",8,[4,4288059030],"specular",8,[4,16777215],"normalMap",6,0],{},{}],0,11,0,0]]],0,0,[0,0],[0,1],[0,1]]
