[1,0,0,[["cc.JsonAsset",["_name","json"],1]],[[0,0,1,3]],[[0,"TableEggDiskConfig",[{"level":1,"name":"1级展台","money":50},{"level":2,"name":"2级展台","money":150},{"level":3,"name":"3级展台","money":500},{"level":4,"name":"4级展台","money":1000},{"level":5,"name":"5级展台","money":1500},{"level":6,"name":"6级展台","money":3000},{"level":7,"name":"7级展台","money":750},{"level":8,"name":"8级展台","money":4000},{"level":9,"name":"9级展台","money":8000},{"level":10,"name":"10级展台","money":12000},{"level":11,"name":"11级展台","money":16000},{"level":12,"name":"12级展台","money":20000},{"level":13,"name":"13级展台","money":1000},{"level":14,"name":"14级展台","money":7000},{"level":15,"name":"15级展台","money":15000},{"level":16,"name":"16级展台","money":22000},{"level":17,"name":"17级展台","money":30000},{"level":18,"name":"18级展台","money":50000}]]],0,0,[],[],[]]
